fold,nearest_similarity,nearest_same_original_recording,retrieval_activated_at_selected_threshold
1,0.99481237,True,False
2,0.99481237,True,False
5,0.9961934,False,True
3,0.9968177,False,True
5,0.9954569,False,True
1,0.9975132,True,True
1,0.9968424,False,True
2,0.9975132,True,True
4,0.99706715,True,True
4,0.99634266,False,True
3,0.99706715,True,True
5,0.99587286,False,True
2,0.9964349,False,True
4,0.99739224,True,True
2,0.9968424,False,True
1,0.99739224,True,True
2,0.99505496,False,False
4,0.9943896,False,False
3,0.99313533,False,False
2,0.9913114,False,False
3,0.97402763,True,False
4,0.9533597,False,False
4,0.97402763,True,False
1,0.98648727,True,False
1,0.9769592,False,False
5,0.98648727,True,False
2,0.98466635,True,False
1,0.97696507,False,False
5,0.98466635,True,False
5,0.92560434,True,False
4,0.886601,False,False
2,0.92560434,True,False
4,0.8501256,False,False
4,0.81852174,False,False
2,0.91785955,True,False
1,0.6422831,True,False
4,0.91785955,True,False
2,0.9052658,True,False
2,0.6720303,True,False
1,0.9052658,True,False
1,0.91454923,True,False
2,0.62550026,False,False
4,0.91454923,True,False
3,0.62618333,False,False
5,0.9419907,True,False
4,0.9419907,True,False
3,0.5988587,True,False
2,0.63756394,False,False
5,0.69486094,False,False
4,0.90375155,True,False
5,0.62550026,False,False
5,0.90375155,True,False
1,0.9880723,False,False
5,0.98633224,False,False
2,0.9891406,True,False
3,0.99158156,False,False
5,0.9891406,True,False
3,0.9909917,False,False
5,0.9915402,False,False
1,0.9918731,False,False
5,0.9930624,False,False
3,0.9922949,False,False
4,0.9939412,False,False
3,0.99162513,False,False
2,0.9929844,False,False
5,0.99417675,False,False
1,0.99139196,False,False
3,0.9931697,True,False
3,0.99417675,False,False
5,0.9931697,True,False
1,0.991039,False,False
1,0.9930624,False,False
1,0.98885584,False,False
4,0.98970926,False,False
1,0.8858503,False,False
1,0.85869956,False,False
3,0.8901657,False,False
4,0.8567824,False,False
3,0.850801,False,False
1,0.9360299,True,False
4,0.8054737,False,False
4,0.9360299,True,False
1,0.8798976,False,False
4,0.8827802,False,False
2,0.910389,False,False
2,0.9652605,False,False
2,0.97151196,False,False
4,0.9747982,False,False
1,0.9717993,False,False
2,0.9785381,False,False
4,0.97384495,False,False
4,0.97631,False,False
1,0.97564304,False,False
1,0.9731786,False,False
5,0.97730017,False,False
3,0.9779887,False,False
3,0.9776989,False,False
3,0.9808831,False,False
2,0.9817405,False,False
4,0.9808831,False,False
3,0.97859657,False,False
4,0.9817405,False,False
5,0.97564304,False,False
5,0.97859657,False,False
2,0.9727982,False,False
3,0.9733988,False,False
4,0.9882862,False,False
5,0.98214483,False,False
2,0.9808228,False,False
3,0.9923605,False,False
1,0.9885652,False,False
2,0.99009496,False,False
4,0.9923605,False,False
4,0.98851264,False,False
2,0.9896945,False,False
5,0.99146867,False,False
4,0.9885652,False,False
4,0.99009496,False,False
3,0.987261,False,False
2,0.98102534,False,False
1,0.983366,False,False
5,0.9610048,False,False
1,0.9680201,False,False
5,0.9800327,True,False
2,0.9800327,True,False
1,0.9829621,True,False
3,0.9680201,False,False
3,0.9829621,True,False
1,0.9592694,False,False
1,0.9618455,False,False
4,0.98405206,True,False
3,0.98405206,True,False
3,0.90667933,True,False
5,0.8091768,False,False
5,0.90667933,True,False
3,0.9073001,True,False
1,0.7963413,False,False
1,0.9073001,True,False
2,0.91963387,False,False
5,0.8970239,True,False
4,0.93802005,False,False
1,0.8993106,False,False
3,0.894322,True,False
5,0.8497453,False,False
4,0.84361774,False,False
5,0.93802005,False,False
5,0.8993106,False,False
2,0.92241395,True,False
2,0.8497453,False,False
3,0.92241395,True,False
2,0.8522966,False,False
5,0.81961423,False,False
2,0.77317303,False,False
2,0.7998982,False,False
3,0.83583856,False,False
1,0.93810135,True,False
2,0.79334044,False,False
5,0.93810135,True,False
4,0.90562177,False,False
2,0.8297112,False,False
5,0.99309933,False,False
5,0.9601866,False,False
1,0.9933989,False,False
2,0.99309933,False,False
5,0.9933989,False,False
4,0.990636,False,False
5,0.9640624,False,False
3,0.9572245,True,False
3,0.87027645,False,False
4,0.9572245,True,False
3,0.9450269,False,False
3,0.7994159,False,False
4,0.70778775,False,False
5,0.7125411,True,False
1,0.86916244,True,False
2,0.86916244,True,False
3,0.756667,False,False
1,0.7527605,False,False
3,0.93436116,False,False
3,0.8818226,False,False
4,0.98243916,False,False
4,0.9667275,False,False
2,0.9267023,False,False
4,0.9470585,False,False
5,0.9575797,False,False
4,0.97782624,False,False
4,0.97544384,False,False
2,0.967324,False,False
1,0.9460261,False,False
5,0.93621093,True,False
3,0.9838915,True,False
5,0.91457856,False,False
5,0.9838915,True,False
4,0.9898319,True,False
5,0.98250043,False,False
2,0.9898319,True,False
2,0.96851575,False,False
3,0.9796642,False,False
2,0.98243916,False,False
5,0.98896646,True,False
1,0.9793942,False,False
2,0.98896646,True,False
5,0.9821901,True,False
2,0.97266275,False,False
3,0.9821901,True,False
1,0.992034,False,False
4,0.9844588,False,False
1,0.98393166,False,False
4,0.9813202,False,False
3,0.9758262,False,False
4,0.9697987,False,False
4,0.9922287,False,False
1,0.9872127,False,False
5,0.98854744,False,False
3,0.99342984,True,False
2,0.9884759,False,False
2,0.99342984,True,False
1,0.9897925,False,False
2,0.9834752,False,False
3,0.9624399,False,False
4,0.9504163,False,False
3,0.9446697,False,False
4,0.9774979,False,False
1,0.97923994,False,False
1,0.97134924,False,False
4,0.93988734,False,False
2,0.9694396,True,False
2,0.93241215,False,False
3,0.8472789,False,False
2,0.9729051,True,False
3,0.96985745,False,False
1,0.973583,False,False
3,0.9929786,True,False
5,0.98131806,False,False
1,0.9929786,True,False
2,0.99265385,True,False
2,0.9761019,False,False
1,0.99265385,True,False
3,0.93180907,False,False
4,0.9277039,False,False
5,0.9354911,False,False
1,0.9298782,False,False
2,0.91404235,False,False
1,0.901873,False,False
3,0.95637846,True,False
3,0.89336073,False,False
2,0.95637846,True,False
4,0.9880878,True,False
1,0.95512843,False,False
1,0.9880878,True,False
5,0.9965706,False,True
3,0.99285066,False,False
3,0.99201626,True,False
1,0.9796052,False,False
2,0.99201626,True,False
4,0.9854563,False,False
1,0.98590136,False,False
4,0.93241215,False,False
3,0.84908295,False,False
1,0.99613833,False,True
1,0.99693596,False,True
3,0.99697274,False,True
5,0.9972703,False,True
5,0.99708694,True,True
2,0.9972703,False,True
2,0.99708694,True,True
3,0.99796367,True,True
1,0.99796367,True,True
3,0.9962275,True,True
2,0.9919318,False,False
4,0.9962275,True,True
1,0.9820328,True,False
1,0.93896407,False,False
3,0.9820328,True,False
3,0.9243666,False,False
5,0.9281424,True,False
1,0.87730086,False,False
2,0.9281424,True,False
3,0.9664783,False,False
3,0.927009,False,False
1,0.9489747,False,False
5,0.9664783,False,False
5,0.927009,False,False
1,0.91093385,True,False
5,0.9938115,True,False
3,0.98293984,False,False
4,0.9938115,True,False
1,0.93311036,False,False
4,0.9688144,True,False
3,0.9688144,True,False
1,0.9805203,True,False
1,0.96913505,False,False
2,0.9805203,True,False
5,0.9941281,True,False
5,0.98721236,False,False
2,0.9941281,True,False
1,0.9957113,True,True
5,0.9957113,True,True
5,0.9034444,False,False
2,0.77004266,False,False
5,0.93296385,False,False
4,0.9249294,False,False
4,0.81653774,False,False
4,0.857656,False,False
1,0.95120734,False,False
4,0.9729556,False,False
1,0.9522789,False,False
3,0.89851886,False,False
2,0.9447438,True,False
1,0.99711275,False,True
5,0.9969331,False,True
3,0.9809235,False,False
3,0.99590313,True,True
5,0.99590313,True,True
4,0.8650414,False,False
5,0.92310184,False,False
5,0.99820894,False,True
3,0.99858236,False,True
1,0.9991922,False,True
3,0.9991922,False,True
2,0.99858236,False,True
4,0.99820876,False,True
3,0.9367409,False,False
4,0.91720575,False,False
4,0.9220165,True,False
3,0.9460261,False,False
4,0.9360435,False,False
2,0.9565701,False,False
1,0.870838,False,False
2,0.932933,False,False
5,0.9662008,True,False
4,0.9735023,False,False
2,0.9796642,False,False
2,0.993183,True,False
5,0.9901097,False,False
4,0.993183,True,False
5,0.9235803,False,False
4,0.91978073,False,False
3,0.95668447,False,False
2,0.9684223,False,False
5,0.9847076,False,False
1,0.9888824,False,False
5,0.98752224,False,False
3,0.9848499,False,False
5,0.98334897,False,False
3,0.9269663,False,False
5,0.9404648,False,False
4,0.9518828,False,False
4,0.95202935,False,False
2,0.9862703,False,False
1,0.9812541,False,False
2,0.98247296,False,False
2,0.9834332,False,False
4,0.9715115,False,False
3,0.94453144,False,False
5,0.96774644,False,False
4,0.94012153,False,False
2,0.9739205,False,False
5,0.94890046,False,False
5,0.9582567,True,False
1,0.8358754,False,False
1,0.9372576,False,False
5,0.94553655,False,False
2,0.99800473,True,True
4,0.9828111,False,False
5,0.99800473,True,True
1,0.93397915,False,False
5,0.916764,False,False
2,0.9827546,True,False
2,0.91301215,False,False
3,0.9827546,True,False
5,0.9460633,False,False
5,0.96019685,False,False
5,0.9726339,False,False
2,0.94900495,False,False
5,0.97107416,False,False
3,0.98912525,False,False
2,0.99233645,True,False
4,0.94298244,False,False
4,0.99233645,True,False
5,0.90515906,False,False
5,0.913797,False,False
1,0.93683517,False,False
1,0.94460154,False,False
4,0.9533684,False,False
5,0.9574454,False,False
1,0.94264805,False,False
5,0.9248661,False,False
1,0.985303,True,False
1,0.93734443,False,False
4,0.985303,True,False
2,0.9846937,True,False
1,0.9071257,False,False
3,0.9846937,True,False
3,0.95440507,False,False
2,0.95194435,False,False
3,0.992842,True,False
3,0.969991,True,False
5,0.992842,True,False
3,0.9891865,True,False
1,0.9891865,True,False
3,0.98833954,True,False
3,0.9915745,True,False
2,0.9560756,False,False
1,0.9915745,True,False
2,0.9943416,True,False
4,0.9560756,False,False
4,0.9943416,True,False
2,0.97762746,True,False
3,0.8775204,False,False
5,0.97762746,True,False
2,0.9941418,True,False
3,0.9769322,False,False
3,0.9941418,True,False
1,0.91788113,False,False
5,0.87043977,False,False
2,0.9946271,True,False
2,0.9901097,False,False
3,0.9946271,True,False
4,0.994697,True,False
3,0.9875507,False,False
5,0.994697,True,False
1,0.99667305,True,True
2,0.9914494,False,False
4,0.99667305,True,True
2,0.9561119,True,False
5,0.9561119,True,False
1,0.97121316,False,False
1,0.9650646,False,False
3,0.7961202,False,False
1,0.9989033,True,True
3,0.99425626,False,False
5,0.9989033,True,True
4,0.9957893,True,True
4,0.9554107,False,False
3,0.9957893,True,True
4,0.982089,False,False
4,0.9927808,True,False
3,0.977482,False,False
1,0.9927808,True,False
4,0.9740596,False,False
1,0.99118245,True,False
2,0.94298244,False,False
4,0.99118245,True,False
4,0.9923425,True,False
5,0.9769322,False,False
5,0.9923425,True,False
4,0.9496807,True,False
4,0.85195166,False,False
3,0.9496807,True,False
3,0.99047005,True,False
1,0.9535536,True,False
5,0.99047005,True,False
5,0.9870143,True,False
5,0.95691967,False,False
3,0.9870143,True,False
1,0.9490031,True,False
3,0.74036604,False,False
2,0.9490031,True,False
3,0.94850147,True,False
1,0.871289,False,False
2,0.94850147,True,False
4,0.96626526,False,False
2,0.97393435,False,False
5,0.9913151,True,False
2,0.9913151,True,False
1,0.9987502,True,True
5,0.99425626,False,False
5,0.9987502,True,True
3,0.98067886,True,False
3,0.9307542,False,False
2,0.98067886,True,False
3,0.92222655,False,False
1,0.909149,False,False
4,0.9952271,False,False
4,0.9930631,False,False
4,0.9916265,False,False
1,0.99093145,False,False
5,0.99510896,False,False
1,0.9921789,False,False
1,0.98249537,True,False
1,0.95738745,False,False
2,0.98249537,True,False
4,0.97331715,False,False
4,0.97906584,False,False
5,0.95750374,False,False
3,0.96330655,False,False
4,0.99779713,True,True
5,0.962967,False,False
5,0.99779713,True,True
1,0.9748264,False,False
5,0.983608,False,False
4,0.93049735,False,False
3,0.9002147,False,False
4,0.987966,True,False
4,0.943873,True,False
1,0.987966,True,False
2,0.98864233,True,False
2,0.9605614,False,False
3,0.98864233,True,False
2,0.9859709,True,False
3,0.95691967,False,False
4,0.9859709,True,False
4,0.9887872,True,False
1,0.9887872,True,False
3,0.92895985,False,False
1,0.9118594,False,False
3,0.91179574,False,False
2,0.99430835,False,False
2,0.9964043,True,True
5,0.9875507,False,False
3,0.9964043,True,True
2,0.9935771,False,False
1,0.9947701,False,False
2,0.99661404,True,True
2,0.98442316,False,False
5,0.99661404,True,True
5,0.99543786,True,True
2,0.99543786,True,True
5,0.9950303,True,False
4,0.98066986,False,False
2,0.9950303,True,False
5,0.9326091,False,False
2,0.9809778,True,False
3,0.9809778,True,False
1,0.96943426,True,False
2,0.96943426,True,False
3,0.9815103,True,False
3,0.9211097,False,False
4,0.9815103,True,False
4,0.9750897,False,False
4,0.94216275,False,False
4,0.96158266,False,False
1,0.9922403,True,False
2,0.9922403,True,False
1,0.9157663,False,False
5,0.9322907,False,False
1,0.9278511,False,False
2,0.98727,True,False
4,0.98727,True,False
1,0.9999999,False,True
5,0.99999756,False,True
3,0.984268,False,False
2,0.99440444,True,False
3,0.99440444,True,False
3,0.94971335,True,False
5,0.88730055,False,False
5,0.94971335,True,False
5,0.79493654,False,False
2,0.99734765,False,True
4,0.99635744,False,True
1,0.99594873,True,True
2,0.9933812,True,False
2,0.9968604,True,True
5,0.9968604,True,True
1,0.9967297,False,True
2,0.9969739,False,True
4,0.9964475,True,True
3,0.974966,False,False
5,0.9414555,False,False
4,0.95834494,True,False
2,0.7261524,False,False
3,0.96034867,False,False
4,0.9828582,False,False
3,0.9827976,False,False
4,0.97473776,True,False
1,0.97473776,True,False
5,0.9655441,False,False
5,0.91450036,False,False
2,0.93596005,True,False
3,0.94291556,True,False
1,0.94291556,True,False
2,0.9731116,True,False
3,0.93322045,True,False
1,0.9731116,True,False
1,0.698989,False,False
1,0.9619702,True,False
3,0.8707508,False,False
5,0.9619702,True,False
3,0.9521923,False,False
3,0.879538,False,False
1,0.941836,True,False
2,0.98225605,False,False
4,0.9718186,False,False
2,0.974966,False,False
5,0.9999999,False,True
3,0.99999756,False,True
3,0.97712594,True,False
4,0.9818282,False,False
5,0.95261484,True,False
4,0.9205488,True,False
2,0.95261484,True,False
2,0.95244944,False,False
2,0.9050254,False,False
3,0.9460082,True,False
3,0.9321685,True,False
2,0.9338082,True,False
5,0.9338082,True,False
1,0.99734765,False,True
4,0.9969739,False,True
5,0.99583364,True,True
3,0.98225605,False,False
1,0.9830312,True,False
5,0.9830312,True,False
5,0.9596613,True,False
1,0.9818282,False,False
5,0.8300264,False,False
1,0.9655441,False,False
3,0.89639306,False,False
1,0.9643152,True,False
3,0.9534489,False,False
4,0.9643152,True,False
3,0.92885244,True,False
4,0.8283794,True,False
1,0.92885244,True,False
1,0.9749164,False,False
2,0.97748053,False,False
3,0.9718963,True,False
1,0.9830009,True,False
5,0.9830009,True,False
4,0.9908705,True,False
5,0.99393606,True,False
4,0.99393606,True,False
5,0.9725231,True,False
3,0.95962936,False,False
1,0.9725231,True,False
2,0.9712248,False,False
3,0.96280587,False,False
4,0.92955196,True,False
1,0.9374881,True,False
4,0.9374881,True,False
2,0.9443105,True,False
5,0.9443105,True,False
1,0.96607256,False,False
2,0.9528167,False,False
1,0.9047371,False,False
2,0.9469316,False,False
5,0.9780986,False,False
2,0.98174274,True,False
5,0.98174274,True,False
4,0.9863307,False,False
3,0.9863157,True,False
1,0.97571963,False,False
1,0.9619777,True,False
4,0.8964875,False,False
3,0.9619777,True,False
4,0.9753486,True,False
2,0.9753486,True,False
5,0.90712166,True,False
1,0.90712166,True,False
2,0.9668746,False,False
3,0.9601805,False,False
1,0.9752497,True,False
4,0.9549012,True,False
2,0.9752497,True,False
4,0.9129052,False,False
4,0.97514784,True,False
3,0.9852258,True,False
5,0.9852258,True,False
3,0.9702704,False,False
5,0.9627016,True,False
2,0.96826255,False,False
3,0.9600167,True,False
2,0.9434386,True,False
5,0.9434386,True,False
1,0.940755,True,False
4,0.940755,True,False
2,0.9565096,True,False
1,0.9565096,True,False
2,0.94941145,True,False
2,0.9047371,False,False
5,0.94941145,True,False
2,0.9927972,True,False
5,0.94310284,True,False
5,0.9927972,True,False
1,0.93778694,True,False
1,0.8676716,False,False
5,0.93778694,True,False
1,0.98800164,True,False
4,0.98800164,True,False
1,0.9634789,True,False
3,0.9634789,True,False
5,0.9763179,True,False
5,0.97748053,False,False
3,0.9763179,True,False
4,0.9756822,False,False
4,0.9301475,False,False
4,0.8608799,False,False
2,0.8892903,True,False
4,0.8892903,True,False
2,0.95387876,False,False
2,0.9118471,True,False
5,0.9118471,True,False
5,0.97923344,True,False
2,0.97923344,True,False
4,0.95999616,False,False
1,0.9415542,True,False
5,0.9846467,True,False
3,0.961351,False,False
2,0.9846467,True,False
4,0.94654953,False,False
4,0.9441094,False,False
4,0.9581425,False,False
3,0.9804301,True,False
2,0.9804301,True,False
4,0.9517548,True,False
1,0.88903546,True,False
1,0.9517548,True,False
3,0.93039346,True,False
5,0.9070655,True,False
4,0.93039346,True,False
3,0.95725596,True,False
1,0.9382913,True,False
4,0.95725596,True,False
3,0.9729556,False,False
4,0.9598833,False,False
3,0.9445332,False,False
2,0.94472194,True,False
4,0.8040345,True,False
1,0.94472194,True,False
1,0.97230345,False,False
2,0.87035894,False,False
4,0.968629,True,False
5,0.8829408,False,False
4,0.97785157,True,False
3,0.8370322,False,False
3,0.97785157,True,False
3,0.9860737,False,False
4,0.930547,False,False
4,0.9870658,False,False
4,0.9956856,True,True
4,0.99366605,False,False
5,0.9956856,True,True
5,0.9735086,True,False
3,0.94024664,False,False
4,0.9735086,True,False
5,0.9503643,False,False
4,0.9016209,False,False
5,0.97823656,True,False
3,0.93896407,False,False
4,0.97823656,True,False
2,0.8554282,False,False
2,0.77565527,False,False
1,0.98029244,True,False
1,0.9716623,False,False
5,0.98029244,True,False
5,0.96148574,False,False
4,0.9601601,False,False
1,0.9016209,False,False
1,0.93427014,True,False
1,0.86788654,False,False
2,0.93427014,True,False
2,0.95255095,False,False
2,0.9514227,False,False
3,0.96913666,False,False
4,0.94024664,False,False
1,0.9684355,True,False
2,0.9754106,False,False
2,0.9351193,False,False
4,0.9345003,True,False
2,0.9936907,True,False
1,0.98997104,False,False
5,0.9936907,True,False
1,0.95574576,True,False
4,0.95255095,False,False
4,0.95574576,True,False
5,0.9796249,False,False
5,0.984475,False,False
5,0.9860737,False,False
1,0.9870658,False,False
2,0.9104897,False,False
2,0.9334816,False,False
4,0.82585615,False,False
1,0.94198835,False,False
1,0.8326456,False,False
2,0.89591825,True,False
4,0.9881307,False,False
1,0.9876485,False,False
4,0.9791538,False,False
1,0.9874358,False,False
4,0.93067026,False,False
3,0.8756373,False,False
4,0.90927655,False,False
1,0.99233985,False,False
4,0.9929058,False,False
4,0.9578147,False,False
5,0.98511195,False,False
1,0.97943664,False,False
4,0.94978094,False,False
3,0.98511195,False,False
2,0.97943664,False,False
2,0.97303826,True,False
3,0.8843479,False,False
5,0.97303826,True,False
1,0.9632541,True,False
3,0.9343387,False,False
3,0.9632541,True,False
2,0.97513354,False,False
5,0.96301734,False,False
2,0.9162617,False,False
4,0.9067037,True,False
2,0.99373704,False,False
5,0.98750466,False,False
5,0.98122287,False,False
5,0.98845613,False,False
2,0.9935642,False,False
3,0.9903307,False,False
1,0.96301734,False,False
3,0.9753207,False,False
2,0.9210154,False,False
5,0.9964418,False,True
1,0.99688447,False,True
1,0.9921269,False,False
1,0.9910102,False,False
4,0.99639857,False,True
2,0.9935197,False,False
4,0.99233985,False,False
5,0.9929058,False,False
3,0.93516475,False,False
1,0.9706361,False,False
5,0.99373704,False,False
3,0.98750466,False,False
2,0.99105763,False,False
1,0.88511664,False,False
2,0.9574713,False,False
3,0.9247086,False,False
3,0.9578147,False,False
5,0.9628944,False,False
1,0.9825984,False,False
1,0.989133,False,False
5,0.9894767,False,False
5,0.97293675,True,False
3,0.8940687,False,False
2,0.97293675,True,False
1,0.8148569,False,False
4,0.8104192,False,False
4,0.81301814,False,False
5,0.95192635,False,False
5,0.91665894,False,False
2,0.9889717,False,False
3,0.97513354,False,False
3,0.97046787,False,False
5,0.99578214,True,True
2,0.99578214,True,True
1,0.9615008,False,False
5,0.9753207,False,False
2,0.92336,False,False
3,0.99105763,False,False
3,0.91221005,False,False
1,0.92426276,False,False
3,0.93067026,False,False
1,0.8756373,False,False
3,0.90927655,False,False
5,0.99663144,True,True
3,0.99149334,False,False
4,0.99663144,True,True
4,0.9917773,True,False
2,0.9855365,False,False
3,0.9917773,True,False
3,0.8321812,False,False
1,0.7553579,False,False
3,0.8148569,False,False
3,0.93345094,False,False
5,0.9368329,False,False
2,0.92792577,True,False
3,0.98990023,False,False
3,0.9952533,False,False
2,0.9922694,False,False
4,0.907712,False,False
5,0.9301982,False,False
5,0.9889717,False,False
2,0.996526,False,True
4,0.9947095,False,False
5,0.97954917,False,False
2,0.9571284,False,False
4,0.9720243,False,False
2,0.9910102,False,False
1,0.996526,False,True
2,0.9947095,False,False
4,0.9875571,False,False
1,0.94116694,False,False
4,0.97788733,False,False
5,0.9596424,False,False
5,0.9963818,False,True
2,0.9593558,False,False
2,0.99678874,False,True
3,0.9973306,False,True
3,0.9963818,False,True
1,0.9807979,False,False
1,0.9959214,False,True
4,0.99884015,True,True
1,0.99678874,False,True
5,0.99884015,True,True
2,0.99149334,False,False
1,0.99479824,False,False
4,0.978446,True,False
3,0.9495845,False,False
3,0.978446,True,False
5,0.87883544,False,False
3,0.9265772,False,False
3,0.98756933,False,False
4,0.9812987,False,False
5,0.98109496,True,False
5,0.98756933,False,False
3,0.9812987,False,False
1,0.9035379,True,False
3,0.9141695,False,False
2,0.91562545,False,False
1,0.96219903,True,False
3,0.96219903,True,False
3,0.9594715,False,False
2,0.886211,False,False
1,0.96877724,False,False
3,0.97091985,False,False
4,0.96375495,False,False
5,0.9454444,True,False
2,0.8784687,False,False
2,0.9454444,True,False
4,0.9982882,False,True
4,0.9994103,False,True
4,0.9983376,False,True
3,0.9975227,False,True
2,0.99634886,False,True
4,0.99897134,False,True
2,0.9994103,False,True
4,0.99888265,False,True
3,0.99897134,False,True
5,0.9991036,False,True
2,0.99888265,False,True
3,0.9985227,False,True
5,0.9983913,False,True
3,0.9980549,False,True
3,0.99946654,False,True
3,0.99959993,False,True
3,0.998153,True,True
2,0.99787015,False,True
4,0.99959993,False,True
3,0.9988024,False,True
2,0.9970586,False,True
5,0.9983871,True,True
1,0.9988024,False,True
2,0.9983871,True,True
3,0.95413315,True,False
2,0.95413315,True,False
1,0.9820161,False,False
5,0.93291986,False,False
5,0.95915025,False,False
1,0.9386847,False,False
1,0.9765241,False,False
4,0.98201936,False,False
2,0.9765241,False,False
5,0.98201936,False,False
2,0.97495,False,False
4,0.97924495,False,False
5,0.9844514,False,False
2,0.9845121,False,False
4,0.9796984,False,False
2,0.9844514,False,False
3,0.9845121,False,False
5,0.9862282,False,False
5,0.9840046,False,False
4,0.975798,False,False
5,0.9690575,False,False
4,0.9642671,False,False
1,0.9862282,False,False
5,0.9820161,False,False
4,0.97890985,False,False
4,0.99680734,False,True
4,0.99618655,False,True
2,0.99686617,False,True
1,0.9929947,False,False
3,0.99618655,False,True
2,0.9919788,False,False
3,0.9929947,False,False
3,0.9952201,False,False
1,0.99238634,False,False
2,0.9857789,False,False
5,0.9661253,False,False
3,0.9878089,False,False
5,0.9718594,False,False
4,0.98694396,True,False
4,0.9946915,False,False
5,0.98934495,False,False
3,0.99680734,False,True
1,0.99686617,False,True
3,0.98956835,True,False
1,0.98978794,False,False
1,0.98956835,True,False
2,0.98688924,True,False
3,0.9946915,False,False
3,0.98934495,False,False
1,0.9844662,True,False
5,0.9844662,True,False
4,0.99959826,False,True
4,0.99973893,False,True
4,0.9997042,False,True
3,0.999769,False,True
1,0.99751425,False,True
4,0.9981333,False,True
4,0.9974224,False,True
3,0.99971604,False,True
2,0.9997024,False,True
2,0.999621,False,True
5,0.9997014,False,True
2,0.9997718,False,True
2,0.9996793,False,True
5,0.99971604,False,True
5,0.99965155,False,True
1,0.99972486,False,True
4,0.9996793,False,True
1,0.9997014,False,True
1,0.9997718,False,True
5,0.9959608,False,True
1,0.99618745,False,True
1,0.9996024,False,True
3,0.9997487,False,True
3,0.9997042,False,True
2,0.9831153,False,False
2,0.98076713,False,False
3,0.99457633,False,False
4,0.9742012,False,False
5,0.9899705,False,False
1,0.99457633,False,False
1,0.9899705,False,False
5,0.9074081,False,False
4,0.91162837,False,False
1,0.9612645,False,False
1,0.9628949,False,False
1,0.9956237,False,True
1,0.9909648,False,False
3,0.9924848,False,False
3,0.9962144,False,True
4,0.9909648,False,False
2,0.9962144,False,True
2,0.9924848,False,False
2,0.9628949,False,False
3,0.99375606,False,False
1,0.99375606,False,False
2,0.9803556,False,False
5,0.9882915,False,False
1,0.987022,False,False
1,0.9882915,False,False
2,0.987022,False,False
5,0.96721524,False,False
5,0.96332866,False,False
4,0.9576601,False,False
2,0.9584094,False,False
1,0.9576601,False,False
4,0.9209968,False,False
5,0.9584094,False,False
5,0.9447969,True,False
5,0.8862592,False,False
4,0.9581593,False,False
4,0.98829246,False,False
4,0.9667694,False,False
3,0.97923493,False,False
5,0.98829246,False,False
5,0.9667694,False,False
2,0.97923493,False,False
1,0.9959121,False,True
5,0.9968633,False,True
1,0.994679,False,False
2,0.99685353,False,True
1,0.9958984,False,True
4,0.99339277,True,False
4,0.9893539,True,False
2,0.99339277,True,False
5,0.9961357,False,True
3,0.99999696,False,True
5,0.9961381,False,True
2,0.99999696,False,True
3,0.993787,False,False
3,0.99685353,False,True
1,0.9968633,False,True
4,0.98313814,False,False
2,0.9801515,False,False
1,0.9835983,False,False
5,0.98313814,False,False
1,0.9801515,False,False
4,0.9835983,False,False
1,0.7393206,False,False
5,0.69920504,False,False
1,0.68908894,False,False
1,0.93665844,True,False
2,0.6950672,False,False
5,0.93665844,True,False
1,0.99321765,True,False
4,0.96748847,False,False
3,0.99321765,True,False
4,0.99244803,True,False
1,0.99244803,True,False
3,0.98662996,True,False
3,0.9444562,False,False
4,0.98662996,True,False
5,0.9711094,True,False
3,0.9711094,True,False
4,0.94366837,True,False
2,0.77452487,False,False
3,0.94366837,True,False
5,0.94436944,True,False
4,0.69920504,False,False
3,0.94436944,True,False
1,0.7700583,False,False
5,0.9770726,True,False
1,0.9770726,True,False
3,0.9274623,False,False
2,0.88839465,False,False
3,0.8712325,False,False
5,0.9539932,False,False
1,0.94008946,False,False
3,0.94008946,False,False
1,0.9908085,True,False
2,0.9598001,False,False
2,0.9908085,True,False
5,0.9914307,True,False
5,0.9698299,False,False
2,0.9914307,True,False
4,0.9182719,False,False
4,0.91972256,False,False
3,0.96683866,False,False
5,0.95697397,False,False
5,0.9559034,False,False
5,0.97886646,True,False
4,0.9409338,False,False
3,0.97886646,True,False
4,0.95563996,False,False
2,0.95923537,False,False
2,0.9807935,False,False
5,0.9797766,False,False
2,0.98025984,False,False
5,0.9906595,False,False
5,0.99340355,False,False
5,0.97435075,True,False
4,0.8019308,False,False
4,0.97435075,True,False
5,0.82101107,False,False
4,0.78612554,False,False
5,0.9735909,True,False
1,0.7987983,False,False
3,0.9735909,True,False
1,0.73946935,False,False
2,0.78273773,False,False
4,0.86220884,True,False
5,0.6122451,False,False
1,0.86220884,True,False
3,0.72560334,False,False
1,0.80136055,False,False
3,0.73716176,False,False
5,0.9840475,True,False
4,0.8614676,False,False
2,0.9840475,True,False
5,0.9910493,True,False
4,0.96566546,False,False
1,0.9910493,True,False
1,0.9704908,False,False
5,0.9674866,False,False
1,0.96228284,False,False
4,0.9918051,True,False
2,0.9918051,True,False
3,0.9797237,True,False
4,0.97730064,True,False
1,0.9797237,True,False
1,0.9789852,True,False
2,0.9789852,True,False
3,0.80468035,False,False
2,0.7596403,False,False
4,0.9630326,False,False
3,0.99180496,True,False
1,0.99180496,True,False
5,0.8635627,False,False
5,0.8429955,False,False
3,0.99784374,True,True
2,0.9868051,False,False
5,0.99784374,True,True
5,0.9968945,True,True
3,0.9813974,False,False
1,0.9968945,True,True
3,0.9021433,False,False
3,0.900831,False,False
3,0.8851083,False,False
4,0.87459505,False,False
4,0.8552246,False,False
3,0.99206465,True,False
1,0.99206465,True,False
1,0.9550842,True,False
1,0.8013465,True,False
5,0.9550842,True,False
5,0.9890741,True,False
2,0.9298278,True,False
1,0.9890741,True,False
3,0.99832916,True,True
2,0.98547125,True,False
2,0.99832916,True,True
2,0.99688953,True,True
4,0.97281325,False,False
1,0.99688953,True,True
2,0.98284924,True,False
5,0.8552246,False,False
3,0.98284924,True,False
2,0.9908887,False,False
2,0.9900107,False,False
1,0.98467016,False,False
4,0.9859208,False,False
1,0.97892606,True,False
3,0.8329529,False,False
3,0.97892606,True,False
1,0.9922773,True,False
1,0.93033653,False,False
5,0.9922773,True,False
3,0.99251187,True,False
4,0.99251187,True,False
1,0.99352133,False,False
5,0.9974253,False,True
1,0.9975163,False,True
4,0.8299153,False,False
4,0.8144139,False,False
2,0.8329529,False,False
4,0.7796304,False,False
2,0.9914411,True,False
2,0.9532496,False,False
5,0.9914411,True,False
2,0.9917443,True,False
4,0.9551304,False,False
5,0.9917443,True,False
3,0.9974253,False,True
5,0.9975163,False,True
1,0.99091697,True,False
5,0.9779489,False,False
2,0.99091697,True,False
2,0.963943,False,False
1,0.96221435,False,False
2,0.9724095,False,False
4,0.96838063,False,False
4,0.98337835,False,False
1,0.99829996,True,True
3,0.9880889,False,False
3,0.99829996,True,True
4,0.9661256,True,False
2,0.88088703,True,False
2,0.9661256,True,False
4,0.99779695,True,True
4,0.9915342,False,False
2,0.99779695,True,True
3,0.99326015,True,False
2,0.9483335,False,False
5,0.99326015,True,False
4,0.909994,False,False
5,0.90455276,False,False
4,0.8605363,False,False
4,0.99340355,False,False
3,0.9906595,False,False
2,0.76026773,False,False
3,0.72623855,False,False
2,0.98162127,False,False
1,0.98113585,False,False
4,0.8217738,False,False
2,0.8268809,False,False
3,0.9604788,True,False
3,0.77582645,False,False
1,0.9604788,True,False
4,0.9901143,True,False
4,0.97196513,True,False
1,0.9901143,True,False
4,0.89988047,False,False
4,0.92365515,False,False
5,0.93779165,False,False
1,0.9550951,False,False
5,0.9479025,False,False
3,0.94925606,False,False
2,0.9550951,False,False
3,0.9479025,False,False
5,0.9686713,True,False
3,0.9686713,True,False
5,0.9814523,True,False
5,0.95048916,False,False
2,0.9814523,True,False
2,0.9730659,True,False
3,0.9336684,True,False
4,0.9730659,True,False
3,0.97256094,True,False
5,0.9189947,True,False
5,0.97256094,True,False
4,0.99317753,True,False
1,0.9554589,False,False
3,0.99317753,True,False
5,1.0000004,False,True
4,0.9938536,False,False
2,0.9938536,False,False
3,1.0000004,False,True
5,0.9907003,True,False
2,0.9639847,False,False
3,0.9907003,True,False
2,0.90926653,False,False
1,0.9708259,False,False
2,0.9748844,False,False
5,0.97492695,False,False
1,0.9765452,False,False
3,0.9151596,False,False
5,0.8914257,False,False
1,0.98455465,True,False
4,0.95860404,False,False
2,0.98455465,True,False
1,0.9958232,True,True
5,0.9940766,False,False
4,0.9958232,True,True
1,0.9987339,True,True
3,0.9987339,True,True
5,0.99285924,False,False
1,0.9868231,True,False
2,0.9868231,True,False
4,0.9927099,True,False
4,0.95703703,False,False
1,0.9927099,True,False
2,0.98293984,False,False
3,0.9837517,False,False
1,0.9701067,False,False
3,0.95703703,False,False
2,0.99254215,True,False
4,0.97091836,False,False
3,0.99254215,True,False
4,0.99686,True,True
4,0.9899981,False,False
3,0.99686,True,True
3,0.9804214,False,False
2,0.982485,True,False
3,0.95048916,False,False
4,0.982485,True,False
1,0.98746544,True,False
4,0.96431154,False,False
4,0.98746544,True,False
2,0.9667751,False,False
1,0.9083321,False,False
1,0.9867752,True,False
4,0.9247939,False,False
5,0.9867752,True,False
4,0.8741607,False,False
2,0.99714005,True,True
2,0.9920977,False,False
1,0.99714005,True,True
4,0.9165107,True,False
3,0.80766046,False,False
3,0.9165107,True,False
4,0.9535445,True,False
2,0.9535445,True,False
5,0.99193215,True,False
3,0.99014175,True,False
4,0.99193215,True,False
5,0.9629742,False,False
3,0.93954307,False,False
5,0.97444594,False,False
3,0.9796485,False,False
1,0.9879527,True,False
2,0.9554589,False,False
2,0.9879527,True,False
5,0.9954653,True,True
5,0.97818315,False,False
2,0.9954653,True,True
5,0.863675,False,False
5,0.8544408,False,False
2,0.98491156,True,False
5,0.9123259,False,False
5,0.98491156,True,False
3,0.9968734,True,True
5,0.9808508,False,False
1,0.9968734,True,True
1,0.95085907,False,False
5,0.9562091,False,False
4,0.99336845,False,False
1,0.993536,False,False
4,0.99258834,False,False
2,0.9953739,True,True
2,0.9800002,False,False
3,0.9953739,True,True
2,0.94648886,False,False
1,0.9405774,False,False
2,0.95182073,False,False
2,0.86721325,False,False
2,0.95840675,True,False
3,0.8989752,False,False
5,0.95840675,True,False
1,0.973455,True,False
5,0.95131594,False,False
2,0.973455,True,False
1,0.97252387,True,False
2,0.95131594,False,False
5,0.97252387,True,False
4,0.98804796,True,False
5,0.90774375,False,False
1,0.98804796,True,False
5,0.9896146,True,False
1,0.97243595,False,False
2,0.9896146,True,False
1,0.98835707,True,False
5,0.9548404,False,False
3,0.98835707,True,False
4,0.9730978,False,False
3,0.9712702,False,False
3,0.9533814,False,False
4,0.9804214,False,False
1,0.99331117,True,False
1,0.98721486,False,False
2,0.99331117,True,False
3,0.98344857,True,False
2,0.98344857,True,False
3,0.97864866,True,False
5,0.9519691,False,False
5,0.97864866,True,False
2,0.97923374,True,False
3,0.96431154,False,False
5,0.97923374,True,False
3,0.9817481,True,False
4,0.9817481,True,False
1,0.9181279,False,False
1,0.8913287,False,False
1,0.97492695,False,False
3,0.9765452,False,False
1,0.96690667,False,False
2,0.9902861,True,False
1,0.9712702,False,False
1,0.9902861,True,False
4,0.9470272,False,False
4,0.98004645,True,False
4,0.91757727,False,False
2,0.98004645,True,False
4,0.9943973,True,False
5,0.93954307,False,False
3,0.9943973,True,False
1,0.981027,True,False
3,0.981027,True,False
3,0.8592269,False,False
3,0.8957087,False,False
2,0.9937912,False,False
4,0.9916047,False,False
5,0.8977971,False,False
2,0.92461324,False,False
1,0.97225165,True,False
1,0.92461324,False,False
4,0.97225165,True,False
4,0.9915147,False,False
4,0.98617554,False,False
2,0.8733227,True,False
4,0.906472,True,False
2,0.906472,True,False
2,0.9878644,False,False
4,0.9752014,False,False
4,0.99070483,True,False
5,0.9607874,False,False
1,0.99070483,True,False
5,0.98117924,False,False
3,0.9535975,False,False
1,0.9652,True,False
4,0.9976988,True,True
4,0.9829357,False,False
1,0.9976988,True,True
1,0.98971355,False,False
2,0.9800974,False,False
1,0.9842564,False,False
3,0.9953173,True,True
1,0.98113954,False,False
4,0.9953173,True,True
2,0.9914023,True,False
3,0.9626549,False,False
1,0.9914023,True,False
5,0.9938097,False,False
1,0.99217683,False,False
5,0.99213135,False,False
1,0.994863,False,False
5,0.99330664,False,False
1,0.9935968,False,False
1,0.96933514,False,False
5,0.9357697,False,False
5,0.96593624,True,False
2,0.99650544,False,True
1,0.9959801,False,True
3,0.99643165,True,True
3,0.9961388,True,True
5,0.9961388,True,True
2,0.9915164,True,False
3,0.98088473,False,False
5,0.9915164,True,False
1,0.99539936,True,True
1,0.97369,False,False
3,0.99539936,True,True
1,0.937703,False,False
5,0.9602901,False,False
2,0.9974152,True,True
1,0.98849916,False,False
4,0.9974152,True,True
5,0.9969955,True,True
3,0.9808508,False,False
4,0.9969955,True,True
2,0.99718565,True,True
3,0.98725605,False,False
3,0.99718565,True,True
2,0.9884739,False,False
4,0.9829859,True,False
3,0.96216226,False,False
3,0.9829859,True,False
5,0.9803299,True,False
3,0.9444554,False,False
1,0.9803299,True,False
3,0.9345984,False,False
3,0.9460257,False,False
2,0.9916047,False,False
4,0.9937912,False,False
5,0.9960656,True,True
2,0.9960656,True,True
4,0.99413437,True,False
2,0.97369,False,False
5,0.99413437,True,False
5,0.99028265,False,False
3,0.9864252,False,False
3,0.9794283,False,False
2,0.96925914,False,False
3,0.9710332,False,False
2,0.9484488,False,False
3,0.87893975,False,False
4,0.99649066,True,True
3,0.99649066,True,True
3,0.99508035,True,False
5,0.9742435,False,False
2,0.99508035,True,False
2,0.99713933,True,True
4,0.9812635,False,False
1,0.99713933,True,True
4,0.9954442,True,True
5,0.9692261,False,False
5,0.9954442,True,True
1,0.9647185,False,False
4,0.9559776,False,False
4,0.9681375,False,False
1,0.9896476,False,False
4,0.9898617,False,False
3,0.974247,False,False
2,0.97000355,False,False
1,0.9975011,True,True
4,0.9975011,True,True
4,0.99574125,True,True
1,0.99574125,True,True
5,0.93199426,False,False
3,0.9864433,True,False
2,0.97189784,False,False
4,0.9864433,True,False
3,0.9881216,False,False
1,0.9851382,False,False
1,0.96175003,False,False
5,0.9297756,False,False
2,0.9970674,True,True
3,0.9970674,True,True
2,0.99337584,True,False
4,0.9607874,False,False
3,0.99337584,True,False
3,0.9898163,True,False
4,0.859856,False,False
4,0.9898163,True,False
4,0.99004346,False,False
4,0.9872083,False,False
2,0.9746301,True,False
4,0.8797462,False,False
5,0.9746301,True,False
1,0.98818225,False,False
2,0.9830952,False,False
2,0.99285924,False,False
5,0.9910298,False,False
2,0.9927666,False,False
2,0.9474681,False,False
1,0.9597033,False,False
3,0.9637896,False,False
3,0.9707845,False,False
5,0.9680903,False,False
1,0.9896476,True,False
4,0.9697134,False,False
5,0.9896476,True,False
2,0.91970253,False,False
5,0.9552214,False,False
4,0.9534738,False,False
2,0.94025856,False,False
4,0.9552214,False,False
3,0.77112335,False,False
5,0.9677238,True,False
2,0.9332704,False,False
3,0.9677238,True,False
2,0.9877435,False,False
2,0.98418176,False,False
5,0.99293196,True,False
4,0.98962057,False,False
1,0.99293196,True,False
2,0.9908272,True,False
4,0.98131806,False,False
3,0.9908272,True,False
3,0.9684953,False,False
1,0.9982226,True,True
4,0.9922895,False,False
5,0.9982226,True,True
2,0.8577296,False,False
1,0.9893549,True,False
2,0.97136974,True,False
5,0.9893549,True,False
4,0.82732016,False,False
3,0.72183025,False,False
5,0.98861533,True,False
1,0.98861533,True,False
5,0.95860404,False,False
1,0.95774674,False,False
5,0.97967654,True,False
1,0.932747,False,False
2,0.97967654,True,False
4,0.9681684,False,False
5,0.9512253,False,False
1,0.96455896,True,False
5,0.97097975,True,False
4,0.97097975,True,False
5,0.9919463,True,False
3,0.9919463,True,False
1,0.73584235,False,False
4,0.8576774,False,False
1,0.8320428,False,False
2,0.9829865,True,False
3,0.8451432,False,False
5,0.9829865,True,False
4,0.93975496,True,False
1,0.93975496,True,False
1,0.91801775,True,False
5,0.91801775,True,False
4,0.99413973,True,False
2,0.9982675,True,True
3,0.9982675,True,True
4,0.9950218,True,False
3,0.9919529,True,False
3,0.9950218,True,False
4,0.99772453,True,True
5,0.99772453,True,True
4,0.95645696,True,False
1,0.8863122,False,False
2,0.95645696,True,False
4,0.85303557,True,False
2,0.8945644,True,False
4,0.8945644,True,False
2,0.9609846,True,False
4,0.9414447,True,False
4,0.9609846,True,False
2,0.969266,False,False
5,0.91082484,True,False
3,0.9625554,False,False
4,0.93437445,True,False
5,0.93437445,True,False
5,0.7987968,False,False
2,0.99683326,True,True
5,0.99683326,True,True
2,0.98522544,True,False
4,0.94602436,True,False
5,0.98522544,True,False
1,0.94030523,False,False
1,0.93526506,False,False
1,0.9364068,False,False
5,0.9892727,True,False
3,0.97562,True,False
2,0.9892727,True,False
5,0.9891987,True,False
2,0.98380136,True,False
1,0.9891987,True,False
3,0.9675132,False,False
3,0.93865025,False,False
1,0.97907037,True,False
2,0.97907037,True,False
1,0.97526324,False,False
4,0.989022,True,False
2,0.989022,True,False
3,0.58177286,False,False
3,0.9999944,False,True
3,0.9833466,False,False
4,0.9918677,False,False
3,0.9421694,False,False
2,0.95770353,False,False
5,0.72775954,True,False
3,0.73464924,False,False
5,0.95104146,True,False
2,0.9510416,True,False
2,0.8524171,False,False
5,0.9795989,True,False
3,0.93553805,True,False
2,0.97959894,True,False
5,0.9462769,True,False
4,0.9561945,True,False
5,0.9561945,True,False
5,0.98571444,True,False
3,0.98571444,True,False
4,0.9951341,False,False
3,0.99220496,True,False
1,0.9897909,False,False
1,0.9932698,False,False
5,0.98784554,True,False
3,0.9886464,True,False
2,0.9886464,True,False
5,0.9528381,True,False
1,0.9694704,True,False
5,0.9740833,False,False
3,0.78168696,False,False
3,0.77536356,False,False
4,0.978786,False,False
3,0.9705766,True,False
3,0.9763263,True,False
1,0.99520093,True,False
3,0.99520093,True,False
3,0.82371193,False,False
4,0.7934848,True,False
3,0.7934848,True,False
2,0.7999518,False,False
5,0.9602809,True,False
4,0.8699214,True,False
2,0.9602809,True,False
5,0.94039184,True,False
4,0.94039184,True,False
3,0.95197296,True,False
5,0.88019276,True,False
1,0.95197296,True,False
2,0.9905207,True,False
3,0.99431014,True,False
5,0.99431014,True,False
3,0.9861217,False,False
2,0.9922513,False,False
5,0.99173915,False,False
2,0.9830574,True,False
4,0.8251737,False,False
4,0.9830574,True,False
4,0.989046,True,False
1,0.85536873,True,False
5,0.989046,True,False
1,0.9784155,False,False
1,0.55836505,False,False
2,0.70914936,False,False
1,0.5458511,False,False
2,0.6430943,False,False
1,0.93062395,False,False
4,0.9264049,False,False
2,0.982586,False,False
5,0.9889805,True,False
1,0.984303,True,False
1,0.9889805,True,False
2,0.99331635,False,False
2,0.9980386,True,True
1,0.9980386,True,True
1,0.9779083,True,False
4,0.9130933,True,False
2,0.9779083,True,False
3,0.6869775,False,False
3,0.9829279,True,False
2,0.9829279,True,False
1,0.9780637,True,False
3,0.9087054,False,False
4,0.9780637,True,False
3,0.999826,False,True
1,0.99709326,True,True
5,0.99709326,True,True
3,0.9566292,False,False
4,0.9675732,False,False
1,0.94509596,False,False
4,0.9532536,False,False
3,0.7228453,False,False
5,0.9887525,True,False
4,0.9947479,True,False
1,0.9947479,True,False
2,0.981931,True,False
4,0.9919722,True,False
3,0.9919722,True,False
1,0.8469683,True,False
5,0.9283801,True,False
1,0.92838013,True,False
2,0.9724263,True,False
5,0.9862987,True,False
4,0.9862987,True,False
4,0.9414388,False,False
1,0.995976,True,True
4,0.995976,True,True
5,0.99118805,True,False
1,0.99118805,True,False
4,0.9982126,True,True
1,0.9897098,False,False
1,0.9982126,True,True
2,0.9927062,True,False
4,0.9927062,True,False
5,0.99527526,True,False
4,0.99527526,True,False
4,0.9334272,True,False
5,0.9334272,True,False
5,0.99300945,True,False
1,0.9829565,True,False
1,0.99300945,True,False
2,0.973936,True,False
3,0.97812504,True,False
5,0.97812504,True,False
1,0.9085094,True,False
2,0.94010097,True,False
3,0.94010097,True,False
2,0.9940343,False,False
5,0.98965275,True,False
2,0.98965275,True,False
3,0.9999713,False,True
5,0.9918883,False,False
2,0.9963472,False,True
5,0.79393613,False,False
3,0.95324755,False,False
3,0.9722835,False,False
5,0.99255025,True,False
3,0.99255025,True,False
5,0.991171,False,False
2,0.9907104,False,False
4,0.99021864,True,False
2,0.9691781,False,False
5,0.9657725,False,False
4,0.97056925,True,False
5,0.96788555,False,False
1,0.97056925,True,False
1,0.9957723,True,True
4,0.99100745,False,False
3,0.9957723,True,True
4,0.9366391,True,False
2,0.94918764,False,False
4,0.9329841,False,False
5,0.98142755,False,False
4,0.9834752,False,False
3,0.987791,False,False
1,0.98358715,False,False
3,0.98516095,True,False
1,0.98516095,True,False
4,0.9882984,False,False
1,0.6590967,True,False
3,0.80997497,False,False
3,0.8700925,False,False
3,0.9947939,True,False
5,0.99142444,False,False
2,0.9947939,True,False
5,0.984385,True,False
1,0.984385,True,False
4,0.9884425,True,False
3,0.9603442,False,False
2,0.9884425,True,False
1,0.96414745,False,False
3,0.8706163,True,False
4,0.874053,False,False
5,0.88443935,False,False
5,0.9882984,False,False
3,0.9895841,False,False
2,0.9879087,False,False
3,0.99366605,False,False
2,0.9657223,True,False
3,0.9501051,False,False
4,0.9657223,True,False
5,0.9949015,True,False
3,0.9837359,False,False
2,0.9949015,True,False
3,0.9848769,False,False
5,0.9790248,False,False
2,0.96747035,False,False
2,0.9710613,False,False
2,0.98952734,False,False
2,0.9842996,False,False
4,0.9681463,True,False
5,0.9227985,False,False
3,0.9681463,True,False
1,0.9906404,False,False
4,0.99142444,False,False
1,0.98803,False,False
3,0.98879683,False,False
2,0.9848505,False,False
5,0.98525274,True,False
1,0.99898404,False,True
1,0.9903089,False,False
1,0.9909556,False,False
2,0.9763055,False,False
1,0.99999356,False,True
5,0.98844767,True,False
4,0.98952734,False,False
4,0.98844767,True,False
3,0.8771603,False,False
2,0.88360333,False,False
1,0.87743926,False,False
4,0.9362397,False,False
4,0.7929312,True,False
1,0.82218826,False,False
1,0.99279773,True,False
2,0.9506651,False,False
3,0.99279773,True,False
4,0.9861075,True,False
4,0.9189769,False,False
5,0.9861075,True,False
5,0.93110406,False,False
2,0.91312754,False,False
2,0.9973127,True,True
4,0.9703095,False,False
1,0.9973127,True,True
3,0.9928106,True,False
5,0.9928106,True,False
5,0.98789936,False,False
4,0.9852352,False,False
5,0.9871576,False,False
4,0.99898404,False,True
1,0.98886967,False,False
1,0.99096274,True,False
3,0.99999356,False,True
4,0.9962654,True,True
1,0.9896178,False,False
1,0.9962654,True,True
2,0.9870811,False,False
1,0.9641595,True,False
5,0.93718106,False,False
5,0.9641595,True,False
5,0.9493649,False,False
2,0.9379754,False,False
2,0.99409795,True,False
1,0.9907104,False,False
5,0.99409795,True,False
1,0.97768015,True,False
3,0.93898165,False,False
2,0.97768015,True,False
5,0.9905279,False,False
3,0.9878702,False,False
4,0.9897526,True,False
1,0.9768611,False,False
4,0.9063522,True,False
4,0.846575,False,False
5,0.9063522,True,False
5,0.9930005,False,False
2,0.99055517,False,False
5,0.9916265,False,False
2,0.9849374,True,False
1,0.9672382,False,False
4,0.9849374,True,False
3,0.98872113,False,False
1,0.9863653,False,False
5,0.9819431,True,False
1,0.9819431,True,False
3,0.93077934,False,False
2,0.92666405,True,False
3,0.9272979,False,False
4,0.92038083,False,False
3,0.98716134,False,False
3,0.98870635,False,False
1,0.9842479,True,False
4,0.9857743,False,False
2,0.9842479,True,False
3,0.9816182,False,False
2,0.98590136,False,False
3,0.979264,False,False
2,0.9766116,False,False
3,0.98463356,False,False
2,0.9854563,False,False
2,0.9801242,False,False
1,0.98444295,False,False
2,0.979264,False,False
4,0.9681576,False,False
4,0.97227,False,False
3,0.9784561,True,False
2,0.9648719,False,False
5,0.9784561,True,False
4,0.9863733,True,False
2,0.96229094,False,False
1,0.9863733,True,False
4,0.92687464,False,False
5,0.5583937,False,False
3,0.9539187,True,False
1,0.74153125,True,False
1,0.9539187,True,False
3,0.9931319,False,False
2,0.99267644,False,False
5,0.98753345,False,False
1,0.9799508,False,False
5,0.9914786,True,False
5,0.99131465,False,False
1,0.9914786,True,False
2,0.9678569,False,False
4,0.9643761,False,False
4,0.9953442,True,True
5,0.9931319,False,False
1,0.9953442,True,True
4,0.9596068,False,False
4,0.94047356,False,False
5,0.9770981,True,False
3,0.8120374,False,False
2,0.9770981,True,False
4,0.98654747,True,False
2,0.95512843,False,False
3,0.98654747,True,False
5,0.9895522,True,False
2,0.9570251,False,False
3,0.9895522,True,False
2,0.98498285,True,False
4,0.98498285,True,False
4,0.9416821,False,False
3,0.9627254,False,False
5,0.9217222,False,False
1,0.83185786,False,False
3,0.8857386,True,False
2,0.9933342,False,False
2,0.990965,False,False
2,0.9541321,False,False
5,0.9363817,False,False
2,0.99985147,False,True
5,0.9955715,False,True
4,0.9994247,False,True
1,0.99985147,False,True
2,0.9994247,False,True
2,0.9903808,False,False
1,0.9844135,True,False
2,0.95463157,True,False
2,0.9844135,True,False
2,0.7653501,False,False
4,0.74399716,False,False
1,0.9815812,False,False
1,0.969074,False,False
4,0.9728079,False,False
4,0.9851382,False,False
2,0.9881216,False,False
4,0.96770626,True,False
1,0.9216263,False,False
5,0.96770626,True,False
1,0.99398375,False,False
3,0.9899981,False,False
2,0.970519,False,False
4,0.9692589,False,False
4,0.95884407,False,False
5,0.993536,False,False
4,0.9897562,False,False
1,0.57079333,False,False
1,0.634202,False,False
1,0.5902357,False,False
5,0.9967122,False,True
2,0.9938667,True,False
1,0.9566837,False,False
5,0.9938667,True,False
3,0.9862145,False,False
4,0.97942203,False,False
5,0.9855013,True,False
1,0.9964948,True,True
1,0.9874002,False,False
5,0.9964948,True,True
2,0.9888173,True,False
5,0.97616595,False,False
3,0.9888173,True,False
1,0.9904788,True,False
1,0.9874525,False,False
5,0.9904788,True,False
4,0.9601383,True,False
1,0.9206226,True,False
5,0.9601383,True,False
3,0.89406693,False,False
4,0.89794016,False,False
2,0.97702014,False,False
1,0.98322207,False,False
3,0.9347036,False,False
3,0.948757,False,False
5,0.99471587,False,False
4,0.9941719,False,False
4,0.9870994,False,False
4,0.98493814,False,False
4,0.9837706,False,False
5,0.9973581,True,True
3,0.991845,False,False
2,0.9973581,True,True
4,0.9955715,False,True
3,0.99456835,False,False
3,0.97407633,False,False
2,0.9642231,False,False
3,0.97162485,False,False
5,0.990895,False,False
1,0.9873694,False,False
1,0.9863369,False,False
3,0.9882834,False,False
1,0.98781526,False,False
2,0.99572873,True,True
3,0.9937996,False,False
5,0.99572873,True,True
3,0.98535734,False,False
5,0.9940731,False,False
4,0.9942973,False,False
1,0.993957,False,False
1,0.9923675,False,False
5,0.9972204,True,True
2,0.9937996,False,False
3,0.9972204,True,True
3,0.98816085,False,False
5,0.9794974,False,False
3,0.9876694,False,False
1,0.9959804,False,True
5,0.99282515,False,False
4,0.9877435,False,False
2,0.9894462,False,False
1,0.97391826,False,False
5,0.9414238,False,False
2,0.9576213,True,False
5,0.9737653,True,False
4,0.9737653,True,False
3,0.8507989,False,False
2,0.979456,True,False
4,0.94819117,False,False
1,0.979456,True,False
4,0.9307164,True,False
5,0.9307164,True,False
5,0.9861746,True,False
2,0.9861746,True,False
1,0.9954732,True,True
5,0.9880445,False,False
4,0.9954732,True,True
2,0.9939952,True,False
2,0.98721486,False,False
3,0.9939952,True,False
5,0.83388555,False,False
3,0.89307183,False,False
4,0.99370635,True,False
3,0.9967122,False,True
1,0.99370635,True,False
3,0.99063826,True,False
1,0.9883219,False,False
5,0.99063826,True,False
4,0.9924601,False,False
5,0.9882125,False,False
4,0.991699,False,False
3,0.9918679,False,False
2,0.9940731,False,False
3,0.99396396,False,False
4,0.9955816,False,True
1,0.9945824,False,False
5,0.9955816,False,True
3,0.9947244,False,False
2,0.9884589,False,False
3,0.97985196,False,False
3,0.99081457,True,False
2,0.9814184,False,False
2,0.99081457,True,False
2,0.96324503,True,False
4,0.96324503,True,False
1,0.97833717,False,False
5,0.9920981,True,False
1,0.9914031,False,False
1,0.9920981,True,False
2,0.9942973,False,False
3,0.9925997,False,False
2,0.9913256,True,False
3,0.9914031,False,False
4,0.9913256,True,False
2,0.989349,True,False
4,0.98716134,False,False
1,0.989349,True,False
5,0.9830022,False,False
4,0.9883064,False,False
5,0.99052894,False,False
5,0.98798424,False,False
2,0.99453735,True,False
1,0.9924601,False,False
3,0.99453735,True,False
1,0.95396733,True,False
3,0.88332975,False,False
3,0.95396733,True,False
5,0.98632336,False,False
5,0.9887494,False,False
4,0.9406758,False,False
3,0.8517511,False,False
1,0.91437125,False,False
4,0.86678314,False,False
4,0.9016366,False,False
4,0.92582655,False,False
3,0.9315164,False,False
2,0.8186133,False,False
2,0.866179,False,False
2,0.9633044,True,False
2,0.8577877,True,False
4,0.9633044,True,False
1,0.87710917,False,False
2,0.8975752,False,False
1,0.90232396,False,False
2,0.7222134,False,False
2,0.7687259,False,False
5,0.93411195,True,False
2,0.93411195,True,False
3,0.88966477,False,False
5,0.88667977,False,False
5,0.9382154,False,False
1,0.9565672,True,False
2,0.9382154,False,False
4,0.9565672,True,False
2,0.90536004,False,False
1,0.923414,False,False
5,0.96280515,True,False
2,0.7552467,False,False
3,0.96280515,True,False
2,0.9618013,True,False
3,0.78032964,True,False
1,0.9618013,True,False
4,0.9869318,True,False
3,0.9869318,True,False
3,0.9695187,True,False
4,0.7934999,True,False
2,0.9695187,True,False
3,0.9899844,True,False
5,0.9848357,False,False
1,0.9899844,True,False
4,0.9872123,True,False
3,0.97534686,False,False
1,0.9872123,True,False
1,0.73076355,False,False
1,0.7111033,False,False
1,0.9912839,True,False
3,0.9558239,False,False
3,0.9912839,True,False
5,0.74238116,False,False
1,0.85559684,False,False
1,0.74112093,False,False
4,0.6206794,False,False
5,0.80583644,True,False
4,0.7138069,False,False
4,0.80583644,True,False
5,0.8892416,True,False
2,0.72623855,False,False
4,0.8892416,True,False
4,0.84983975,True,False
3,0.871208,False,False
5,0.9814789,True,False
1,0.96155286,False,False
1,0.9814789,True,False
2,0.9847076,False,False
2,0.982631,False,False
5,0.98433125,True,False
3,0.98433125,True,False
2,0.931147,False,False
1,0.923915,False,False
4,0.9705584,False,False
3,0.98332787,False,False
4,0.9774934,False,False
4,0.9471633,False,False
2,0.95152116,False,False
4,0.9512713,False,False
1,0.9859283,True,False
3,0.901126,False,False
5,0.9859283,True,False
3,0.91551614,False,False
3,0.9107332,False,False
5,0.9830676,True,False
3,0.88149536,False,False
1,0.9830676,True,False
1,0.8358896,False,False
1,0.836166,False,False
3,0.9853626,True,False
3,0.8522216,True,False
2,0.9853626,True,False
3,0.9914846,True,False
2,0.74111176,True,False
2,0.9914846,True,False
1,0.98771125,False,False
5,0.98432404,False,False
5,0.98290455,False,False
4,0.7753214,True,False
3,0.7753214,True,False
3,0.89565414,False,False
1,0.91014063,False,False
4,0.9629427,False,False
1,0.9567603,False,False
4,0.95370543,True,False
5,0.9629427,False,False
3,0.9567603,False,False
4,0.93990856,True,False
5,0.817596,False,False
3,0.93990856,True,False
4,0.91987824,False,False
4,0.94347227,False,False
3,0.9741663,True,False
1,0.9656259,False,False
2,0.9741663,True,False
4,0.9787438,True,False
4,0.94618607,False,False
5,0.9787438,True,False
5,0.9809724,True,False
4,0.91608715,True,False
1,0.9809724,True,False
1,0.7649321,True,False
4,0.7900293,True,False
1,0.7900293,True,False
2,0.5716884,True,False
1,0.8133013,False,False
5,0.62580717,False,False
5,0.8614676,False,False
5,0.6021796,False,False
5,0.92189753,False,False
1,0.91522855,True,False
4,0.82907283,True,False
3,0.91522855,True,False
2,0.738752,False,False
2,0.88649875,True,False
4,0.88649875,True,False
4,0.983951,True,False
3,0.93262744,True,False
3,0.983951,True,False
1,0.9098042,True,False
4,0.929806,True,False
1,0.929806,True,False
5,0.9183291,False,False
3,0.9257796,False,False
5,0.91846615,False,False
5,0.91279423,False,False
2,0.9601876,True,False
1,0.9601876,True,False
5,0.9754604,True,False
4,0.9376302,False,False
2,0.9754604,True,False
2,0.97052836,True,False
3,0.9157971,False,False
1,0.97052836,True,False
1,0.9375158,False,False
2,0.92599094,False,False
1,0.9663113,True,False
3,0.9663113,True,False
3,0.9761593,True,False
4,0.961015,False,False
1,0.9761593,True,False
4,0.9745216,True,False
5,0.9114549,False,False
5,0.9745216,True,False
5,0.9736169,True,False
4,0.9444741,False,False
3,0.9736169,True,False
5,0.8601496,False,False
2,0.8531877,True,False
5,0.9257796,False,False
5,0.89215136,False,False
3,0.91279423,False,False
2,0.8679756,True,False
3,0.9119125,False,False
1,0.9572205,True,False
5,0.8877297,False,False
2,0.9572205,True,False
2,0.9667201,True,False
2,0.8689587,True,False
3,0.9667201,True,False
5,0.95933574,False,False
2,0.948234,False,False
5,0.96882945,False,False
2,0.934659,False,False
5,0.92582,False,False
4,0.9489452,False,False
4,0.91700584,False,False
4,0.9157971,False,False
2,0.9953433,True,True
1,0.96690005,False,False
1,0.9953433,True,True
3,0.98850447,True,False
2,0.98850447,True,False
4,0.9926863,True,False
1,0.9926863,True,False
3,0.8582822,False,False
3,0.9505795,False,False
3,0.9615643,False,False
5,0.9809706,True,False
3,0.9784944,True,False
4,0.9809706,True,False
5,0.98651534,True,False
5,0.9249209,False,False
1,0.98651534,True,False
3,0.9705157,True,False
5,0.9705157,True,False
3,0.9868071,True,False
2,0.9868071,True,False
5,0.9020131,False,False
2,0.931057,False,False
2,0.9141413,False,False
1,0.92028856,False,False
2,0.8726608,False,False
4,0.807886,False,False
5,0.7480168,True,False
4,0.7738382,False,False
2,0.9757067,True,False
1,0.9757067,True,False
5,0.9676073,True,False
2,0.7574938,False,False
3,0.9889494,True,False
2,0.9889494,True,False
2,0.99651784,True,True
3,0.99651784,True,True
3,0.9431441,True,False
5,0.9431441,True,False
1,0.92262393,False,False
1,0.9172397,False,False
1,0.8867597,False,False
3,0.94567204,True,False
1,0.94567204,True,False
2,0.72342443,False,False
1,0.7972634,False,False
1,0.9576339,True,False
4,0.9256238,False,False
5,0.9576339,True,False
1,0.8877727,False,False
2,0.7778909,False,False
4,0.98759353,True,False
4,0.94072473,False,False
5,0.98759353,True,False
1,0.9217562,False,False
2,0.87633157,False,False
2,0.9885348,True,False
3,0.9885348,True,False
1,0.9705968,False,False
3,0.9698552,False,False
1,0.9756519,False,False
5,0.98841023,False,False
5,0.9866952,False,False
2,0.94626,True,False
2,0.787771,True,False
3,0.94626,True,False
3,0.8261358,False,False
5,0.8804678,False,False
2,0.9870527,True,False
4,0.9870527,True,False
1,0.99137485,True,False
2,0.99137485,True,False
3,0.9946108,True,False
1,0.93603265,False,False
5,0.9946108,True,False
1,0.96101975,False,False
4,0.9505795,False,False
4,0.98746574,True,False
4,0.8229244,False,False
5,0.98746574,True,False
4,0.9899523,True,False
5,0.97543275,False,False
3,0.9899523,True,False
4,0.9776847,True,False
5,0.97386396,True,False
2,0.9776847,True,False
3,0.98698884,True,False
2,0.9755298,True,False
5,0.98698884,True,False
3,0.9932192,True,False
1,0.9932192,True,False
5,0.97996354,True,False
3,0.97996354,True,False
2,0.9619953,False,False
2,0.9582547,False,False
3,0.97523075,True,False
5,0.97523075,True,False
4,0.9961784,True,True
5,0.9961784,True,True
1,0.99436224,True,False
3,0.9189873,False,False
4,0.99436224,True,False
1,0.9647465,True,False
2,0.9647465,True,False
5,0.97847736,True,False
4,0.9119796,True,False
4,0.97847736,True,False
2,0.99345887,True,False
1,0.99345887,True,False
3,0.99338806,True,False
5,0.9735848,False,False
1,0.99338806,True,False
4,0.9198523,False,False
4,0.9292287,False,False
2,0.9824008,False,False
5,0.97878414,False,False
4,0.9898131,True,False
2,0.94500655,False,False
2,0.9898131,True,False
4,0.9546731,False,False
2,0.9757961,True,False
1,0.9757961,True,False
5,0.9799053,True,False
5,0.9319531,False,False
2,0.9799053,True,False
4,0.98841333,True,False
4,0.87494546,True,False
3,0.98841333,True,False
1,0.99270093,True,False
2,0.99270093,True,False
3,0.99087197,False,False
4,0.9934155,True,False
1,0.9934155,True,False
3,0.9969451,True,True
5,0.991609,True,False
1,0.9969451,True,True
4,0.9902691,True,False
3,0.9506624,False,False
3,0.9902691,True,False
4,0.96390694,False,False
3,0.9556859,True,False
2,0.7940149,False,False
1,0.9556859,True,False
4,0.92995244,True,False
5,0.78918636,False,False
3,0.92995244,True,False
1,0.99072874,True,False
1,0.9835789,True,False
5,0.99072874,True,False
5,0.9471862,False,False
4,0.98299956,False,False
2,0.99161875,True,False
3,0.9842572,True,False
5,0.99161875,True,False
2,0.9239444,True,False
5,0.7062913,True,False
1,0.9239444,True,False
3,0.9496563,True,False
1,0.9496563,True,False
5,0.9654053,True,False
3,0.9256238,False,False
3,0.9654053,True,False
4,0.9625915,True,False
1,0.93363786,False,False
1,0.9625915,True,False
2,0.99638593,True,True
3,0.9956915,True,True
5,0.99638593,True,True
5,0.9723372,False,False
4,0.9225653,False,False
4,0.8142683,False,False
4,0.8499985,False,False
1,0.9781355,True,False
4,0.93577206,False,False
5,0.9781355,True,False
4,0.96365356,True,False
4,0.7584352,False,False
2,0.96365356,True,False
3,0.9762843,True,False
4,0.93505406,False,False
2,0.9762843,True,False
4,0.9895853,True,False
3,0.9895853,True,False
3,0.9893284,True,False
5,0.9817568,True,False
5,0.9893284,True,False
4,0.9798037,False,False
5,0.9812051,False,False
5,0.9940318,True,False
1,0.99849343,True,True
5,0.99849343,True,True
3,0.99894977,True,True
5,0.99894977,True,True
4,0.96296006,True,False
2,0.96296006,True,False
2,0.9937953,True,False
2,0.99662757,True,True
3,0.99662757,True,True
2,0.842419,False,False
3,0.8331538,False,False
2,0.82754916,False,False
1,0.9749479,True,False
3,0.88209313,True,False
3,0.9749479,True,False
4,0.9925879,True,False
4,0.97482955,True,False
2,0.9925879,True,False
5,0.9822525,True,False
4,0.9822525,True,False
3,0.8452737,True,False
1,0.6620232,True,False
1,0.8452737,True,False
3,0.94840646,True,False
4,0.94840646,True,False
3,0.98680234,True,False
5,0.9895781,True,False
2,0.9895781,True,False
5,0.86358464,False,False
2,0.83913946,False,False
5,0.9714023,True,False
3,0.9714023,True,False
3,0.8931347,False,False
3,0.9886362,True,False
3,0.98378474,True,False
5,0.9886362,True,False
1,0.9518318,True,False
5,0.92397183,True,False
4,0.9518318,True,False
2,0.99293375,True,False
4,0.99293375,True,False
3,0.92587405,False,False
5,0.7601992,False,False
3,0.8760626,True,False
2,0.90909576,True,False
3,0.90909576,True,False
2,0.96581435,True,False
2,0.88093734,True,False
5,0.96581435,True,False
2,0.93765366,True,False
3,0.93765366,True,False
1,0.94286025,True,False
1,0.866063,False,False
3,0.94286025,True,False
1,0.99290836,True,False
4,0.99559593,True,True
2,0.99559593,True,True
2,0.97800016,True,False
4,0.97800016,True,False
4,0.84946156,True,False
5,0.84946156,True,False
3,0.9791393,True,False
1,0.972371,True,False
2,0.9791393,True,False
1,0.93959904,True,False
1,0.8326644,True,False
5,0.93959904,True,False
2,0.9914772,True,False
4,0.9901449,True,False
5,0.9914772,True,False
1,0.95357573,True,False
4,0.95357573,True,False
2,0.74153435,False,False
2,0.8012432,False,False
4,0.9355022,True,False
4,0.95439184,True,False
1,0.95439184,True,False
5,0.8671006,True,False
2,0.8671006,True,False
1,0.98510146,True,False
2,0.98510146,True,False
4,0.98208,True,False
1,0.937881,True,False
1,0.98208,True,False
2,0.9732064,True,False
1,0.9732064,True,False
2,0.97633743,True,False
1,0.9406601,True,False
1,0.97633743,True,False
4,0.99184597,True,False
1,0.99184597,True,False
4,0.9183573,True,False
5,0.9183573,True,False
1,0.77331936,True,False
2,0.8181598,True,False
1,0.8181598,True,False
2,0.6010764,False,False
3,0.68225336,False,False
2,0.69384336,False,False
2,0.9045509,False,False
2,0.9248508,False,False
4,0.99438596,True,False
3,0.9766719,True,False
2,0.99438596,True,False
3,0.9912634,True,False
1,0.9912634,True,False
4,0.99534994,True,True
4,0.97875065,True,False
5,0.99534994,True,True
2,0.92582524,True,False
1,0.92582524,True,False
2,0.93742776,True,False
3,0.7072402,False,False
3,0.93742776,True,False
4,0.9614009,True,False
5,0.8639703,True,False
3,0.9614009,True,False
5,0.9652337,True,False
1,0.9652337,True,False
3,0.9613395,True,False
5,0.9613395,True,False
3,0.928447,True,False
3,0.8652663,False,False
5,0.928447,True,False
2,0.9175577,True,False
5,0.8666669,False,False
1,0.9175577,True,False
1,0.8652663,False,False
2,0.8645582,False,False
5,0.9445569,True,False
4,0.9445569,True,False
5,0.9342811,True,False
4,0.9342811,True,False
4,0.90322345,True,False
5,0.8293538,True,False
1,0.90322345,True,False
5,0.9746628,False,False
5,0.9780757,False,False
5,0.7653997,True,False
2,0.842937,False,False
5,0.7830956,True,False
1,0.84413034,False,False
1,0.86347055,False,False
5,0.99698454,True,True
1,0.98648316,True,False
4,0.99698454,True,True
5,0.94998276,True,False
1,0.94998276,True,False
4,0.97787434,True,False
3,0.97787434,True,False
1,0.97236073,True,False
4,0.975106,True,False
1,0.975106,True,False
3,0.9923512,True,False
4,0.9923512,True,False
5,0.97573304,True,False
1,0.94594514,True,False
4,0.97573304,True,False
4,0.99115944,True,False
4,0.9701896,True,False
3,0.99115944,True,False
3,0.98816025,True,False
2,0.98816025,True,False
4,0.9348416,True,False
1,0.8417078,True,False
2,0.9348416,True,False
3,0.9766094,True,False
5,0.9766094,True,False
3,0.95667297,True,False
4,0.9962008,True,True
3,0.9962008,True,True
4,0.97560906,False,False
1,0.9713251,True,False
1,0.8384839,True,False
4,0.9713251,True,False
2,0.93411505,True,False
1,0.96811485,True,False
3,0.96811485,True,False
5,0.8882022,True,False
1,0.8882022,True,False
1,0.9774028,True,False
4,0.9672531,True,False
2,0.9774028,True,False
1,0.5357779,False,False
5,0.9784155,False,False
1,0.5870575,True,False
3,0.94773126,True,False
3,0.70859003,True,False
2,0.94773126,True,False
5,0.55406934,False,False
5,0.6309023,False,False
4,0.999826,False,True
5,0.99703,False,True
4,0.96539617,True,False
2,0.8321982,True,False
1,0.96539617,True,False
3,0.9932698,False,False
2,0.9897909,False,False
2,0.9921042,True,False
5,0.9628495,False,False
5,0.9842217,True,False
1,0.9842217,True,False
5,0.9887266,True,False
3,0.9887266,True,False
4,0.9999713,False,True
2,0.9959992,True,True
3,0.98660326,False,False
5,0.986141,True,False
1,0.98973095,True,False
5,0.9966481,True,True
3,0.9966481,True,True
4,0.9218168,False,False
1,0.9036658,True,False
4,0.9036658,True,False
3,0.983869,True,False
1,0.9922513,False,False
2,0.99173915,False,False
5,0.9940343,False,False
2,0.96741533,True,False
5,0.982586,False,False
2,0.9705571,True,False
2,0.89977914,True,False
1,0.89977914,True,False
1,0.84424174,False,False
4,0.9078057,False,False
1,0.85785866,True,False
5,0.9899167,True,False
5,0.98621976,True,False
1,0.9899167,True,False
4,0.78490156,False,False
3,0.6702086,True,False
3,0.9741688,True,False
4,0.9236479,True,False
2,0.9741688,True,False
5,0.8213303,True,False
4,0.8213303,True,False
4,0.9852365,True,False
5,0.9985117,True,True
1,0.9985117,True,True
1,0.9796945,True,False
5,0.93756473,False,False
4,0.9796945,True,False
5,0.978786,False,False
5,0.9746535,False,False
5,0.9739265,False,False
2,0.98317015,True,False
2,0.94650954,True,False
3,0.98317015,True,False
4,0.99358165,True,False
1,0.98391974,True,False
2,0.99358165,True,False
4,0.9865952,True,False
2,0.93652046,True,False
2,0.9865952,True,False
3,0.9840584,True,False
1,0.9840584,True,False
5,0.9884154,True,False
1,0.9884154,True,False
3,0.9791713,True,False
1,0.9868374,True,False
5,0.9868374,True,False
4,0.96676266,True,False
3,0.8061966,False,False
1,0.96676266,True,False
5,0.9920504,True,False
2,0.9920504,True,False
1,0.9471993,True,False
5,0.832582,True,False
3,0.9471993,True,False
4,0.99712443,True,True
2,0.99712443,True,True
5,0.95321214,True,False
3,0.90022004,True,False
2,0.95321214,True,False
4,0.918448,False,False
3,0.99331635,False,False
4,0.9986197,True,True
3,0.9986197,True,True
2,0.9833466,False,False
1,0.9918677,False,False
3,0.9488077,True,False
1,0.95225936,True,False
1,0.9060413,True,False
4,0.95225936,True,False
2,0.9695692,True,False
5,0.9695692,True,False
1,0.9482688,True,False
3,0.9482688,True,False
3,0.5824737,True,False
4,0.9999944,False,True
3,0.6922815,True,False
4,0.97782177,False,False
4,0.95917666,False,False
1,0.9934387,True,False
3,0.9934387,True,False
1,0.9716387,False,False
3,0.96668446,True,False
4,0.96298075,False,False
3,0.9532939,True,False
1,0.9770919,True,False
4,0.9770919,True,False
3,0.9834418,False,False
2,0.9683435,False,False
2,0.94384944,False,False
4,0.9866725,False,False
5,0.9834418,False,False
2,0.99802816,True,True
1,0.99802816,True,True
4,0.9791316,True,False
2,0.9791316,True,False
4,0.9909559,True,False
5,0.98500156,True,False
5,0.9909559,True,False
2,0.99533176,True,True
3,0.9944204,True,False
1,0.99533176,True,True
3,0.9991348,True,True
2,0.9991348,True,True
2,0.989778,True,False
3,0.989778,True,False
5,0.9940809,True,False
2,0.9850904,True,False
1,0.9940809,True,False
5,0.97724265,False,False
2,0.98421705,False,False
4,0.9843104,True,False
3,0.9843104,True,False
5,0.76934344,True,False
3,0.97724265,False,False
4,0.98421705,False,False
3,0.993379,True,False
1,0.978487,True,False
2,0.993379,True,False
4,0.9835632,True,False
2,0.9835632,True,False
2,0.9760361,True,False
4,0.95821005,True,False
3,0.9760361,True,False
4,0.98615456,True,False
3,0.96830344,True,False
3,0.98615456,True,False
4,0.9891146,True,False
3,0.97788155,True,False
5,0.9891146,True,False
4,0.9756489,True,False
2,0.9856569,True,False
5,0.9856569,True,False
1,0.98455906,True,False
5,0.97392607,True,False
5,0.98455906,True,False
2,0.9691154,False,False
4,0.9632479,True,False
5,0.8563019,False,False
3,0.97313684,True,False
5,0.97313684,True,False
2,0.85571945,False,False
2,0.8553463,False,False
1,0.9276469,True,False
3,0.9440525,True,False
1,0.9440525,True,False
1,0.95634496,True,False
3,0.9166337,False,False
4,0.95634496,True,False
3,0.9972707,True,True
2,0.9972707,True,True
1,0.9973389,True,True
3,0.9955548,True,True
2,0.9973389,True,True
5,0.99718595,True,True
4,0.99718595,True,True
2,0.9702857,True,False
2,0.9216136,True,False
5,0.9702857,True,False
2,0.96256715,False,False
2,0.9698574,False,False
2,0.9659696,False,False
3,0.78594667,True,False
3,0.8897989,False,False
5,0.83364904,False,False
1,0.92079556,False,False
2,0.9610285,True,False
4,0.9610285,True,False
2,0.9187937,True,False
3,0.9187937,True,False
2,0.87161386,False,False
3,0.97674817,True,False
4,0.97674817,True,False
1,0.9928411,True,False
1,0.98571783,True,False
5,0.9928411,True,False
3,0.98456156,True,False
5,0.97008026,True,False
2,0.98456156,True,False
5,0.8862096,True,False
4,0.7245373,True,False
3,0.8862096,True,False
4,0.8756435,False,False
4,0.86861277,False,False
4,0.9260679,False,False
4,0.981786,True,False
4,0.9710897,True,False
3,0.981786,True,False
2,0.9791022,True,False
5,0.9791022,True,False
5,0.9347242,False,False
4,0.8029142,False,False
3,0.9670143,True,False
1,0.97319084,True,False
3,0.97319084,True,False
4,0.9819114,True,False
3,0.9819114,True,False
3,0.9051236,False,False
3,0.91027325,False,False
4,0.88797975,True,False
1,0.7988008,False,False
3,0.88797975,True,False
5,0.9606204,True,False
1,0.9018133,True,False
1,0.9606204,True,False
2,0.97072065,True,False
5,0.97072065,True,False
2,0.84639966,True,False
2,0.9059501,False,False
3,0.9047114,False,False
5,0.67215,False,False
5,0.74374294,False,False
5,0.71258205,False,False
2,0.9904227,True,False
1,0.97938883,True,False
1,0.9904227,True,False
2,0.94228745,True,False
4,0.76215124,True,False
4,0.94228745,True,False
4,0.48517823,True,False
3,0.7680612,False,False
4,0.92722166,True,False
5,0.9371799,False,False
3,0.97684294,True,False
5,0.97684294,True,False
5,0.9307935,False,False
4,0.90944225,False,False
5,0.9307095,False,False
5,0.99262106,True,False
3,0.99262106,True,False
5,0.9899357,True,False
2,0.98663175,True,False
1,0.98638487,True,False
3,0.98663175,True,False
3,0.8830716,True,False
2,0.912649,True,False
3,0.912649,True,False
1,0.9965199,True,True
5,0.9965199,True,True
4,0.7055296,True,False
1,0.7055296,True,False
3,0.9771963,True,False
2,0.9771963,True,False
5,0.80663365,False,False
4,0.9651909,True,False
1,0.94173616,True,False
2,0.9651909,True,False
5,0.8187367,False,False
2,0.82399696,False,False
3,0.932951,False,False
3,0.9420837,False,False
1,0.9564135,True,False
4,0.9602877,False,False
1,0.80199695,False,False
1,0.78922063,False,False
1,0.98122483,True,False
1,0.986081,True,False
4,0.986081,True,False
4,0.9534292,True,False
5,0.9577838,True,False
2,0.9577838,True,False
1,0.96155584,True,False
1,0.90862346,True,False
4,0.96155584,True,False
2,0.96127653,True,False
5,0.96127653,True,False
5,0.9794849,True,False
1,0.9794849,True,False
1,0.98513794,True,False
4,0.98513794,True,False
1,0.9093598,True,False
5,0.9093598,True,False
4,0.9591328,True,False
4,0.9140216,True,False
3,0.9591328,True,False
5,0.78470504,False,False
4,0.94334793,True,False
2,0.88597167,True,False
3,0.94334793,True,False
4,0.9825045,True,False
1,0.9825045,True,False
1,0.9789674,True,False
4,0.95361626,True,False
5,0.9114026,True,False
3,0.95361626,True,False
1,0.99323344,True,False
4,0.99223983,True,False
5,0.99323344,True,False
2,0.98977125,True,False
5,0.98977125,True,False
3,0.98387396,True,False
4,0.98387396,True,False
2,0.98234785,True,False
4,0.98234785,True,False
2,0.9542695,True,False
2,0.90604573,True,False
3,0.9542695,True,False
2,0.9736856,False,False
5,0.9533684,False,False
1,0.9935689,True,False
3,0.9935689,True,False
1,0.9201908,False,False
1,0.9207307,False,False
2,0.9083583,True,False
5,0.9059501,False,False
4,0.9083583,True,False
3,0.93772036,True,False
1,0.93772036,True,False
5,0.9339316,True,False
1,0.8844154,True,False
2,0.7680612,False,False
3,0.8844154,True,False
2,0.84219325,False,False
4,0.97866535,True,False
5,0.9882699,True,False
2,0.9882699,True,False
4,0.9261888,True,False
1,0.9261888,True,False
5,0.97191095,True,False
3,0.8977637,True,False
1,0.97191095,True,False
1,0.9147987,False,False
4,0.92201436,False,False
1,0.90068644,False,False
3,0.7772589,False,False
5,0.7189248,False,False
3,0.987628,False,False
3,0.97938895,False,False
2,0.99033964,False,False
3,0.98866767,False,False
2,0.9892224,False,False
5,0.980795,False,False
3,0.9891231,False,False
1,0.98721236,False,False
3,0.9847073,False,False
5,0.9918034,False,False
3,0.9856552,False,False
5,0.94761074,False,False
1,0.9154396,False,False
1,0.52729064,False,False
1,0.5486523,False,False
4,0.97189105,False,False
4,0.9585501,False,False
4,0.9940063,True,False
2,0.9787088,False,False
1,0.9940063,True,False
2,0.98333275,True,False
3,0.97257006,False,False
1,0.9898645,False,False
5,0.9806148,True,False
3,0.9123259,False,False
3,0.9806148,True,False
5,0.9269663,False,False
3,0.9377771,False,False
3,0.9961896,True,True
4,0.98602843,False,False
4,0.9961896,True,True
4,0.98784196,True,False
4,0.9250789,False,False
5,0.98784196,True,False
3,0.99501574,True,False
2,0.98866767,False,False
4,0.99501574,True,False
3,0.8462016,False,False
3,0.99754524,True,True
2,0.99421394,False,False
1,0.99754524,True,True
5,0.94529057,True,False
5,0.8797278,False,False
3,0.94529057,True,False
2,0.99307185,True,False
4,0.99307185,True,False
5,0.99551266,True,True
4,0.9859292,False,False
2,0.99551266,True,True
4,0.98852754,True,False
1,0.9762299,False,False
3,0.98852754,True,False
2,0.9948787,True,False
3,0.9834378,False,False
4,0.9948787,True,False
3,0.9958801,True,True
5,0.98752356,False,False
4,0.9958801,True,True
3,0.9892224,False,False
1,0.9821299,False,False
2,0.98836255,True,False
2,0.8141914,False,False
4,0.8504833,False,False
5,0.9665253,False,False
1,0.95890474,False,False
5,0.9600233,False,False
2,0.9807035,False,False
4,0.9779422,False,False
4,0.99596024,True,True
1,0.99596024,True,True
3,0.9911778,True,False
4,0.97384936,False,False
5,0.9911778,True,False
1,0.91229,False,False
3,0.838536,False,False
1,0.8707057,False,False
1,0.9742023,False,False
4,0.95603186,False,False
5,0.99462557,True,False
2,0.99462557,True,False
1,0.98333836,True,False
4,0.8519491,False,False
3,0.98333836,True,False
1,0.98501384,False,False
3,0.97855806,False,False
2,0.9948606,False,False
5,0.9897789,False,False
2,0.9905727,False,False
4,0.9833046,False,False
4,0.9959737,True,True
5,0.9959737,True,True
4,0.9631479,True,False
5,0.9631479,True,False
3,0.89284945,False,False
5,0.75936735,False,False
2,0.9925807,True,False
1,0.9889909,False,False
5,0.9925807,True,False
1,0.99357617,True,False
4,0.99357617,True,False
2,0.99062943,False,False
2,0.9301012,True,False
1,0.7154204,False,False
3,0.9301012,True,False
1,0.9940157,True,False
3,0.97849584,False,False
5,0.9940157,True,False
1,0.9913471,True,False
5,0.9828537,False,False
5,0.9913471,True,False
1,0.9852483,True,False
4,0.96581244,True,False
2,0.9852483,True,False
5,0.995414,True,True
2,0.99033093,True,False
3,0.995414,True,True
2,0.97249675,False,False
2,0.89044714,False,False
3,0.8741818,False,False
2,0.8574269,False,False
5,0.9788252,True,False
2,0.92636436,False,False
4,0.9788252,True,False
5,0.984358,False,False
3,0.97702014,False,False
1,0.791413,False,False
2,0.98147327,False,False
2,0.9785303,False,False
2,0.98162484,False,False
5,0.85426694,False,False
1,0.9914215,False,False
1,0.9923395,False,False
1,0.9895572,False,False
4,0.94476664,False,False
2,0.94387424,False,False
1,0.93190426,True,False
4,0.89392346,False,False
5,0.93190426,True,False
3,0.78239703,False,False
4,0.94193715,False,False
4,0.92210174,False,False
3,0.93837714,False,False
1,0.9543923,True,False
1,0.7954359,True,False
2,0.9543923,True,False
2,0.9587688,True,False
3,0.9672094,True,False
2,0.9672094,True,False
5,0.97589004,True,False
3,0.96420276,False,False
2,0.97589004,True,False
5,0.7242795,True,False
2,0.7242795,True,False
1,0.9799079,False,False
1,0.9629362,False,False
5,0.7536023,True,False
2,0.7536023,True,False
5,0.90099996,False,False
4,0.8713834,False,False
4,0.9007015,False,False
5,0.9422951,False,False
4,0.84750175,False,False
4,0.98400617,True,False
4,0.95059043,False,False
3,0.98400617,True,False
2,0.9533055,False,False
2,0.876536,False,False
5,0.96945107,True,False
1,0.8646877,False,False
1,0.96945107,True,False
5,0.8235105,True,False
4,0.8235105,True,False
4,0.9750056,True,False
3,0.9750056,True,False
5,0.97473836,True,False
5,0.98239154,False,False
4,0.9819802,True,False
2,0.9732511,False,False
2,0.9917171,True,False
3,0.9917171,True,False
1,0.9158138,False,False
5,0.9070844,False,False
4,0.9850867,True,False
5,0.96546173,False,False
1,0.9850867,True,False
1,0.96184826,True,False
5,0.7274379,False,False
4,0.96184826,True,False
4,0.9716724,True,False
2,0.92091244,False,False
1,0.9716724,True,False
3,0.8428246,False,False
3,0.8015829,False,False
4,0.9813987,True,False
5,0.9813987,True,False
4,0.89479935,True,False
4,0.7965025,True,False
5,0.89479935,True,False
1,0.9607314,True,False
4,0.7192311,False,False
2,0.9607314,True,False
2,0.97922933,True,False
3,0.86335146,False,False
4,0.97922933,True,False
2,0.98244107,True,False
5,0.92530054,True,False
5,0.98244107,True,False
5,0.9441651,False,False
3,0.9446385,True,False
3,0.7704032,False,False
5,0.9446385,True,False
5,0.98285586,True,False
1,0.98285586,True,False
4,0.77873015,False,False
1,0.8218624,False,False
4,0.78943276,False,False
5,0.9761887,True,False
1,0.8000491,False,False
1,0.9761887,True,False
3,0.98179495,True,False
1,0.98179495,True,False
4,0.9691762,False,False
4,0.97732747,True,False
2,0.8491245,False,False
5,0.97732747,True,False
3,0.9692986,True,False
5,0.85587174,False,False
4,0.9692986,True,False
3,0.98412704,True,False
2,0.98412704,True,False
4,0.93573576,True,False
2,0.93573576,True,False
3,0.941895,True,False
2,0.6825543,False,False
1,0.941895,True,False
2,0.97060764,False,False
3,0.96196574,False,False
1,0.97397715,True,False
3,0.9060034,False,False
5,0.97397715,True,False
3,0.9421103,False,False
2,0.92855984,False,False
1,0.9670429,False,False
1,0.9701564,False,False
5,0.9864067,True,False
5,0.9588721,False,False
4,0.9864067,True,False
2,0.9701564,False,False
2,0.9884431,True,False
4,0.95707256,False,False
3,0.9884431,True,False
2,0.9769446,False,False
1,0.9917618,True,False
1,0.9698122,False,False
3,0.9917618,True,False
5,0.95437795,False,False
4,0.93954504,False,False
4,0.9859122,True,False
4,0.9372618,False,False
1,0.9859122,True,False
2,0.96068543,False,False
2,0.9643947,False,False
5,0.7477099,False,False
5,0.79684615,False,False
1,0.8596934,False,False
3,0.96110153,True,False
3,0.8236611,False,False
2,0.96110153,True,False
1,0.9836946,True,False
3,0.9836946,True,False
1,0.9784359,True,False
2,0.92116714,False,False
3,0.9784359,True,False
5,0.98680186,True,False
1,0.97043115,False,False
1,0.98680186,True,False
2,0.9800481,True,False
4,0.9447866,True,False
5,0.9800481,True,False
4,0.8218624,False,False
4,0.78668207,False,False
2,0.6959993,True,False
1,0.7398765,True,False
2,0.7398765,True,False
4,0.93642014,False,False
2,0.9335367,False,False
1,0.9078409,False,False
5,0.91342866,False,False
1,0.90435904,False,False
1,0.89777946,False,False
3,0.73060644,False,False
5,0.96861625,True,False
2,0.6552016,False,False
4,0.9686163,True,False
5,0.9603294,True,False
2,0.9603294,True,False
5,0.89481723,False,False
3,0.9041334,False,False
5,0.90015966,False,False
2,0.9628556,True,False
5,0.89821625,False,False
3,0.9628556,True,False
1,0.9379071,True,False
3,0.85271174,True,False
3,0.9379071,True,False
1,0.90575284,False,False
5,0.86153704,True,False
3,0.86153704,True,False
4,0.9793614,True,False
3,0.9793614,True,False
3,0.95961726,True,False
1,0.918252,True,False
5,0.95961726,True,False
2,0.8725313,True,False
1,0.88113236,False,False
4,0.8725313,True,False
2,0.7957923,False,False
2,0.8019428,False,False
3,0.9773427,True,False
2,0.9773427,True,False
2,0.9947107,True,False
2,0.9930117,True,False
1,0.9947107,True,False
3,0.97254133,True,False
5,0.855706,False,False
2,0.97254133,True,False
3,0.96884656,True,False
4,0.9406393,True,False
4,0.96884656,True,False
3,0.7304342,False,False
5,0.6598389,True,False
4,0.97010976,True,False
5,0.97010976,True,False
3,0.9735023,False,False
1,0.93595195,False,False
1,0.9664015,True,False
2,0.98817885,True,False
4,0.98817885,True,False
4,0.9149109,True,False
5,0.9149109,True,False
4,0.81216305,False,False
1,0.83389974,False,False
3,0.92148226,True,False
2,0.92148226,True,False
3,0.8218609,False,False
1,0.8734691,False,False
1,0.89613247,False,False
5,0.9028903,False,False
2,0.8728713,False,False
4,0.9459046,True,False
4,0.9346011,False,False
3,0.9459046,True,False
2,0.697466,False,False
2,0.7035805,False,False
5,0.6227474,True,False
3,0.8667353,False,False
4,0.79872,False,False
2,0.9965644,True,True
2,0.9883151,False,False
3,0.9965644,True,True
3,0.9695045,True,False
1,0.9974264,True,True
5,0.9974264,True,True
3,0.93358326,True,False
5,0.93358326,True,False
5,0.84809244,True,False
5,0.91595125,True,False
2,0.91595125,True,False
5,0.99529546,True,False
1,0.9952955,True,False
3,0.9751901,False,False
3,0.9584693,False,False
3,0.95807135,False,False
4,0.9291401,True,False
1,0.9828776,True,False
5,0.9828775,True,False
5,0.98385,False,False
5,0.98831517,False,False
3,0.972757,True,False
4,0.954497,False,False
2,0.972757,True,False
5,0.87549347,False,False
3,0.9277281,True,False
5,0.9277281,True,False
5,0.95450616,True,False
3,0.98622966,True,False
1,0.98622954,True,False
1,0.9320105,True,False
4,0.91191447,True,False
4,0.9320105,True,False
3,0.81111044,False,False
3,0.78731924,False,False
2,0.983799,False,False
2,0.9735353,False,False
4,0.8855606,False,False
2,0.9722835,False,False
4,0.96585673,False,False
3,0.9761467,True,False
4,0.9761467,True,False
5,0.9058128,False,False
2,0.98859143,True,False
4,0.98737055,True,False
4,0.98859143,True,False
5,0.9154749,False,False
2,0.96585673,False,False
1,0.9930334,True,False
1,0.98921824,True,False
4,0.9930334,True,False
3,0.84091014,True,False
4,0.9328227,False,False
4,0.9529779,True,False
1,0.9529779,True,False
2,0.97331536,False,False
4,0.9729213,False,False
3,0.96572566,False,False
1,0.9668846,True,False
1,0.9892189,True,False
5,0.9892189,True,False
5,0.95681506,True,False
5,0.95497274,True,False
1,0.95681506,True,False
1,0.99818623,True,True
1,0.997437,True,True
4,0.99818623,True,True
3,0.9492562,False,False
5,0.9922063,True,False
3,0.9922063,True,False
3,0.9969288,True,True
5,0.9969288,True,True
2,0.94985867,True,False
5,0.94985867,True,False
5,0.92959094,False,False
4,0.92214453,True,False
5,0.92214435,True,False
1,0.9998465,True,True
1,0.99951667,True,True
2,0.9998465,True,True
1,0.9356792,True,False
1,0.9813961,True,False
2,0.9813961,True,False
4,0.90383685,True,False
1,0.90383685,True,False
3,0.7675719,False,False
2,0.8363905,True,False
1,0.8363905,True,False
5,0.9449856,False,False
1,0.7433287,False,False
5,0.9584991,False,False
4,0.9695689,True,False
3,0.9695689,True,False
2,0.8652323,True,False
1,0.90579677,False,False
2,0.8303847,True,False
1,0.7147033,False,False
1,0.8303848,True,False
2,0.91981786,True,False
2,0.9302232,True,False
3,0.9302233,True,False
4,0.978979,False,False
1,0.9893306,True,False
5,0.9986906,True,True
2,0.9986906,True,True
1,0.92591333,False,False
5,0.9480474,True,False
4,0.9480473,True,False
2,0.99331367,True,False
3,0.9865325,True,False
3,0.99331367,True,False
1,0.8942082,False,False
4,0.8796804,True,False
4,0.9348662,True,False
3,0.94598365,True,False
4,0.94598365,True,False
1,0.8801502,False,False
2,0.8186999,True,False
4,0.84589326,True,False
5,0.91456234,True,False
1,0.9661044,True,False
2,0.9661044,True,False
2,0.8576906,False,False
2,0.87459505,False,False
2,0.9794915,True,False
2,0.99535096,True,True
4,0.99535096,True,True
5,0.86111295,False,False
4,0.81963634,False,False
4,0.82863027,True,False
3,0.98601365,True,False
4,0.9975499,True,True
2,0.9975499,True,True
3,0.9967804,True,True
5,0.9869056,True,False
4,0.9967804,True,True
4,0.9137021,True,False
1,0.9137021,True,False
3,0.9856544,True,False
3,0.9497655,False,False
4,0.9856544,True,False
3,0.9623967,True,False
3,0.84943944,True,False
5,0.9623967,True,False
3,0.95717275,False,False
2,0.9601805,False,False
3,0.9577507,False,False
2,0.96175635,False,False
5,0.9318924,True,False
4,0.6961521,False,False
1,0.86400276,True,False
2,0.89406693,True,False
1,0.89406693,True,False
2,0.96911323,True,False
1,0.8810786,False,False
5,0.96911323,True,False
4,0.95559025,True,False
5,0.98378205,True,False
4,0.98378205,True,False
2,0.95614326,False,False
2,0.9509728,False,False
1,0.9935312,True,False
3,0.99923706,True,True
4,0.99923706,True,True
3,0.95447075,True,False
2,0.95447075,True,False
5,0.93634456,False,False
4,0.98786247,True,False
5,0.98786247,True,False
3,0.6209794,False,False
5,0.9297213,False,False
1,0.92679095,False,False
1,0.98881197,True,False
1,0.9751053,False,False
3,0.98881197,True,False
2,0.8970334,False,False
1,0.7466084,False,False
4,0.8698175,True,False
2,0.95381725,True,False
2,0.92462766,False,False
1,0.9637951,False,False
1,0.9259665,False,False
3,0.92388594,False,False
2,0.91433233,False,False
3,0.90017295,True,False
4,0.91882396,False,False
3,0.9500728,False,False
4,0.99413896,False,False
3,0.9894308,False,False
4,0.99048203,False,False
1,0.97503436,True,False
5,0.95660055,False,False
3,0.97503436,True,False
2,0.8517464,False,False
1,0.9112724,False,False
4,0.7921771,False,False
4,0.7455921,False,False
2,0.9641552,False,False
4,0.94433856,False,False
5,0.9731751,False,False
1,0.9801882,False,False
4,0.97857934,False,False
4,0.9783499,False,False
4,0.9783684,False,False
2,0.92140806,False,False
3,0.9891412,False,False
3,0.9857651,False,False
1,0.9894462,False,False
1,0.9877677,False,False
1,0.99033964,False,False
5,0.94235986,False,False
2,0.9350971,False,False
5,0.933869,False,False
4,0.9483869,False,False
3,0.98330224,True,False
1,0.9442069,False,False
1,0.98330224,True,False
2,0.9344807,False,False
1,0.9311831,False,False
2,0.81985956,False,False
2,0.96938443,False,False
2,0.9637951,False,False
1,0.96570635,False,False
2,0.97057855,False,False
1,0.97288966,False,False
5,0.9809036,False,False
5,0.94002295,False,False
5,0.97046787,False,False
5,0.9957726,False,True
4,0.9965687,False,True
1,0.9952822,False,False
2,0.9957726,False,True
1,0.9965687,False,True
3,0.9952724,False,False
5,0.970078,False,False
1,0.9775129,False,False
3,0.96664286,False,False
5,0.98742056,False,False
3,0.9951652,False,False
4,0.9952822,False,False
3,0.9390404,False,False
2,0.96985745,False,False
4,0.9760728,False,False
4,0.95057046,False,False
5,0.9534927,False,False
2,0.9672942,True,False
1,0.9672942,True,False
5,0.92687464,False,False
5,0.9387269,False,False
2,0.9760674,True,False
5,0.9591997,False,False
4,0.9760674,True,False
5,0.9503708,False,False
3,0.89360636,False,False
5,0.9810697,True,False
3,0.95875025,False,False
4,0.9810697,True,False
2,0.9894308,False,False
2,0.99413896,False,False
4,0.91722715,False,False
1,0.9281229,True,False
4,0.9422966,True,False
1,0.9710093,False,False
1,0.9482112,True,False
5,0.7906583,False,False
5,0.9482112,True,False
3,0.9657265,True,False
5,0.94148177,False,False
2,0.9657265,True,False
5,0.89954823,False,False
3,0.95730364,True,False
4,0.9073566,False,False
2,0.95730364,True,False
5,0.9217416,False,False
5,0.93343073,False,False
3,0.9594953,True,False
1,0.9593252,True,False
1,0.9594953,True,False
1,0.94040215,False,False
1,0.9117976,False,False
5,0.97119856,True,False
4,0.93740535,False,False
4,0.97119856,True,False
5,0.99735403,False,True
5,0.9927324,False,False
4,0.9828429,True,False
2,0.95886296,False,False
5,0.9828429,True,False
4,0.9002838,False,False
4,0.8629074,False,False
3,0.8992751,True,False
5,0.9667275,False,False
5,0.9267023,False,False
2,0.9589793,True,False
3,0.9866606,True,False
2,0.9866606,True,False
1,0.9516387,False,False
3,0.94902724,False,False
2,0.9574642,False,False
4,0.9591997,False,False
5,0.96019346,False,False
5,0.9487625,True,False
2,0.932197,True,False
2,0.9487625,True,False
3,0.940505,False,False
1,0.9604646,False,False
3,0.9504204,False,False
1,0.8460287,False,False
1,0.91615343,False,False
1,0.9220338,False,False
3,0.96970814,True,False
1,0.96970814,True,False
3,0.94341046,True,False
1,0.6782735,False,False
1,0.7246579,False,False
4,0.72335166,False,False
4,0.9438053,False,False
2,0.9185654,False,False
2,0.9731004,True,False
4,0.93580776,True,False
3,0.9731004,True,False
4,0.88911337,True,False
2,0.88911337,True,False
4,0.8846859,False,False
5,0.95103157,True,False
3,0.9178064,False,False
4,0.95103157,True,False
5,0.90140325,False,False
3,0.9018793,False,False
2,0.9736268,True,False
5,0.9736268,True,False
4,0.762032,False,False
5,0.85429126,False,False
5,0.948431,False,False
2,0.9525598,False,False
4,0.7922479,False,False
2,0.820044,False,False
4,0.8101026,False,False
1,0.820044,False,False
2,0.9773004,False,False
3,0.9700887,False,False
3,0.97664094,True,False
2,0.9560275,False,False
3,0.9486818,True,False
1,0.976253,False,False
5,0.9630219,False,False
3,0.97055393,False,False
3,0.976253,False,False
2,0.92527556,False,False
3,0.94148177,False,False
3,0.73794335,False,False
4,0.82934,False,False
3,0.8060051,False,False
3,0.93183863,True,False
1,0.93183863,True,False
3,0.9799265,True,False
4,0.9799265,True,False
5,0.95946956,True,False
2,0.8447917,False,False
4,0.95946956,True,False
3,0.97452056,True,False
4,0.97452056,True,False
4,0.9291621,False,False
4,0.94404286,False,False
4,0.9326621,False,False
1,0.9365283,False,False
3,0.9189472,True,False
5,0.9189472,True,False
4,0.938366,True,False
2,0.938366,True,False
4,0.90648955,True,False
5,0.90648955,True,False
3,0.9435638,True,False
1,0.8867803,True,False
1,0.9435638,True,False
4,0.9225118,True,False
5,0.9541554,False,False
4,0.9482298,False,False
3,0.9762711,True,False
1,0.90379226,False,False
1,0.9762711,True,False
5,0.9708923,True,False
2,0.9708923,True,False
3,0.9492793,True,False
1,0.9492793,True,False
2,0.9857924,True,False
4,0.9857924,True,False
1,0.71119785,False,False
5,0.75142074,False,False
1,0.9848458,True,False
2,0.9368363,False,False
5,0.9848458,True,False
5,0.960009,True,False
1,0.77266586,False,False
3,0.960009,True,False
5,0.9761168,True,False
2,0.9761168,True,False
2,0.80401003,True,False
1,0.80401003,True,False
5,0.98080397,True,False
3,0.98080397,True,False
5,0.82570314,False,False
4,0.96747035,False,False
5,0.9720536,False,False
5,0.9784074,True,False
5,0.93483543,False,False
1,0.9784074,True,False
5,0.98414695,True,False
3,0.95039254,False,False
1,0.98414695,True,False
2,0.9554977,True,False
4,0.93329954,False,False
1,0.9554977,True,False
4,0.9184036,False,False
2,0.89220864,False,False
2,0.9021586,False,False
2,0.96779025,True,False
3,0.9001714,False,False
4,0.96779025,True,False
1,0.9293994,True,False
2,0.9293994,True,False
1,0.91722715,False,False
4,0.88554627,True,False
3,0.88554627,True,False
2,0.9657233,True,False
4,0.94817936,True,False
5,0.9657233,True,False
4,0.97583497,False,False
5,0.9809978,False,False
4,0.9752283,True,False
1,0.91933733,False,False
2,0.9752283,True,False
2,0.96380734,False,False
5,0.95185673,False,False
5,0.9541218,True,False
1,0.9686607,True,False
5,0.9686607,True,False
4,0.95030326,False,False
4,0.95185673,False,False
4,0.9475256,False,False
2,0.97647315,True,False
3,0.9541554,False,False
1,0.97647315,True,False
1,0.9760878,True,False
3,0.9760878,True,False
5,0.9224547,False,False
3,0.90773165,False,False
4,0.9607184,True,False
5,0.90346074,False,False
5,0.9607184,True,False
2,0.9283513,False,False
5,0.92863667,False,False
2,0.92718077,False,False
5,0.9444337,True,False
1,0.8739712,False,False
2,0.9444337,True,False
2,0.9467169,False,False
5,0.8640245,False,False
4,0.96340674,True,False
5,0.9399026,False,False
2,0.96340674,True,False
3,0.880093,False,False
5,0.8788339,False,False
3,0.90568876,False,False
1,0.9014523,True,False
3,0.80376244,False,False
3,0.9014523,True,False
4,0.9142486,True,False
2,0.9142486,True,False
1,0.94053876,True,False
3,0.95020103,True,False
1,0.95020103,True,False
4,0.8642032,True,False
1,0.7831527,True,False
3,0.8642032,True,False
5,0.95686734,True,False
1,0.9108211,True,False
4,0.95686734,True,False
3,0.7318243,False,False
3,0.76918447,False,False
3,0.74180573,False,False
4,0.97419095,True,False
3,0.94365275,False,False
2,0.97419095,True,False
2,0.8941215,True,False
2,0.70520246,False,False
1,0.8941215,True,False
4,0.91392064,True,False
2,0.91392064,True,False
1,0.9827969,True,False
2,0.9827969,True,False
3,0.88029635,True,False
5,0.8884814,True,False
3,0.8884814,True,False
1,0.9980489,True,True
4,0.99918735,True,True
5,0.99918735,True,True
2,0.624319,False,False
2,0.5205164,False,False
3,0.9844804,False,False
2,0.9886674,False,False
2,0.96943957,True,False
2,0.9844804,False,False
3,0.9886674,False,False
2,0.97338194,False,False
5,0.9947135,True,False
1,0.99635565,True,True
3,0.99635565,True,True
2,0.9019486,False,False
4,0.904613,False,False
1,0.8700239,False,False
1,0.9709627,True,False
3,0.9640534,True,False
5,0.9709627,True,False
2,0.9888046,True,False
1,0.9888046,True,False
1,0.988192,True,False
1,0.95126164,True,False
1,0.9192669,False,False
4,0.95126164,True,False
3,0.97502995,True,False
3,0.94040215,False,False
2,0.97502995,True,False
4,0.68124765,False,False
4,0.7780529,False,False
4,0.74339503,False,False
3,0.9809978,False,False
3,0.97583497,False,False
1,0.97462344,False,False
5,0.9563625,False,False
4,0.9538854,False,False
3,0.9326621,False,False
5,0.94404286,False,False
3,0.89371014,False,False
5,0.9064417,False,False
3,0.9294512,True,False
1,0.8380945,False,False
2,0.9999967,False,True
2,0.95390594,True,False
5,0.90989715,True,False
4,0.95390594,True,False
4,0.9374336,False,False
5,0.83796334,False,False
3,0.9613838,False,False
3,0.9676598,False,False
3,0.96092224,False,False
3,0.97547007,False,False
4,0.96746445,False,False
3,0.978102,True,False
5,0.978102,True,False
2,0.97214234,True,False
3,0.9706768,False,False
1,0.97214234,True,False
1,0.97036064,False,False
3,0.966635,False,False
1,0.9645835,False,False
2,0.9761591,False,False
3,0.96265733,False,False
2,0.95884717,False,False
2,0.98791337,False,False
4,0.99582434,False,True
3,0.99706995,False,True
3,0.9832314,True,False
1,0.9643873,True,False
1,0.9832314,True,False
2,0.96559006,True,False
3,0.96559006,True,False
1,0.8481082,False,False
1,0.8684344,False,False
1,0.9622113,True,False
5,0.9622113,True,False
4,0.9687538,True,False
2,0.9687538,True,False
4,0.9524522,False,False
4,0.97273684,False,False
5,0.8739712,False,False
4,0.9762099,False,False
5,0.9633697,True,False
2,0.9633697,True,False
1,0.97273684,False,False
5,0.87593603,False,False
4,0.96569026,True,False
1,0.9001235,False,False
5,0.96569026,True,False
4,0.96228814,True,False
5,0.96228814,True,False
3,0.9028159,False,False
1,0.88841105,False,False
3,0.9767169,True,False
3,0.9410342,False,False
5,0.9767169,True,False
3,0.9612007,True,False
4,0.9612007,True,False
5,0.91705096,False,False
1,0.8965906,False,False
1,0.9530406,True,False
3,0.96321446,False,False
3,0.9530406,True,False
3,0.9947281,True,False
5,0.97189784,False,False
2,0.9947281,True,False
4,0.95528305,False,False
3,0.9178102,False,False
2,0.9844247,True,False
2,0.85282934,False,False
3,0.9844247,True,False
3,0.8179008,False,False
2,0.8631746,False,False
2,0.90644,False,False
4,0.8638004,False,False
1,0.86780643,False,False
4,0.8945887,False,False
1,0.88582975,False,False
1,0.8945887,False,False
4,0.89728045,False,False
5,0.88923645,False,False
1,0.88644105,True,False
3,0.8631746,False,False
2,0.8706928,False,False
1,0.87407565,False,False
2,0.96624565,False,False
3,0.98153806,False,False
2,0.97890466,False,False
1,0.9624564,False,False
5,0.97645473,False,False
4,0.96624565,False,False
1,0.98153806,False,False
1,0.97890466,False,False
2,0.9534931,False,False
4,0.9468087,False,False
4,0.9270046,False,False
3,0.9681897,True,False
5,0.9388461,False,False
5,0.9681897,True,False
1,0.838119,True,False
4,0.9999967,False,True
1,0.9483217,True,False
2,0.9483217,True,False
2,0.98238534,True,False
3,0.9624908,True,False
1,0.98238534,True,False
5,0.9545771,True,False
5,0.9449316,True,False
1,0.9545771,True,False
4,0.9733572,True,False
5,0.95940614,True,False
3,0.9733572,True,False
5,0.9893651,True,False
5,0.97920924,True,False
3,0.9893651,True,False
2,0.9675642,False,False
1,0.96942043,False,False
5,0.97547007,False,False
2,0.96942043,False,False
3,0.95785844,True,False
2,0.96470386,False,False
5,0.96746445,False,False
1,0.98791337,False,False
4,0.9744658,False,False
1,0.97618926,False,False
4,0.98597753,True,False
3,0.98597753,True,False
2,0.9891975,False,False
2,0.9816066,False,False
2,0.9930037,False,False
2,0.99501085,False,False
3,0.99582434,False,True
2,0.99706995,False,True
5,0.97865844,False,False
5,0.9602614,False,False
5,0.9891975,False,False
1,0.9571072,True,False
2,0.9571072,True,False
1,0.9489065,False,False
4,0.8481082,False,False
4,0.86452544,False,False
5,0.9612892,False,False
1,0.9762099,False,False
1,0.95962566,False,False
4,0.96321446,False,False
4,0.94661355,False,False
1,0.9410342,False,False
4,0.93786895,False,False
5,0.9580965,True,False
2,0.9225718,False,False
3,0.9580965,True,False
5,0.9721458,True,False
5,0.9391164,False,False
4,0.9721458,True,False
2,0.89071923,True,False
4,0.8920311,False,False
5,0.89728045,False,False
4,0.88127095,True,False
4,0.89031994,False,False
3,0.88943684,False,False
3,0.8920311,False,False
1,0.88943684,False,False
4,0.79424554,False,False
5,0.84048676,False,False
4,0.8108485,False,False
2,0.9003263,False,False
5,0.88582975,False,False
2,0.8831242,False,False
2,0.87407565,False,False
4,0.92729175,False,False
5,0.8925413,False,False
4,0.930444,False,False
1,0.9684937,True,False
3,0.9684937,True,False
3,0.9532043,True,False
5,0.9001235,False,False
2,0.9532043,True,False
4,0.9701164,True,False
2,0.9706768,False,False
5,0.9712963,False,False
4,0.99652636,False,True
4,0.995171,False,False
3,0.9563616,True,False
5,0.78847307,False,False
2,0.9563616,True,False
2,0.9724937,True,False
3,0.9724937,True,False
1,0.99844384,True,True
5,0.98544043,True,False
5,0.99844384,True,True
2,0.97266376,False,False
2,0.98207855,False,False
1,0.8706928,False,False
1,0.8079968,False,False
1,0.94846314,True,False
4,0.78169155,False,False
3,0.94846314,True,False
2,0.99608314,True,True
1,0.99608314,True,True
3,0.86375684,False,False
3,0.8261838,False,False
3,0.78701043,False,False
4,0.9966294,True,True
3,0.9966294,True,True
2,0.9962278,True,True
5,0.98632544,False,False
4,0.9962278,True,True
4,0.9994749,True,True
3,0.9990009,True,True
3,0.9994749,True,True
1,0.97329915,True,False
4,0.86225086,False,False
5,0.97329915,True,False
4,0.9985024,True,True
5,0.99857485,True,True
4,0.99857485,True,True
3,0.99563766,True,True
1,0.99447393,False,False
2,0.99563766,True,True
2,0.99886835,False,True
3,0.9880662,True,False
5,0.9997258,False,True
3,0.99442625,True,False
5,0.95853174,True,False
1,0.99442625,True,False
5,0.8111253,False,False
1,0.7031525,False,False
2,0.9988818,True,True
4,0.9997258,False,True
1,0.9573488,True,False
4,0.9604646,False,False
2,0.9573488,True,False
1,0.999485,True,True
3,0.9971895,True,True
4,0.999485,True,True
1,0.9981835,True,True
5,0.9944297,True,False
2,0.9981835,True,True
1,0.9656998,True,False
5,0.9656998,True,False
2,0.991459,True,False
3,0.93561006,True,False
5,0.991459,True,False
1,0.99135983,True,False
5,0.9279398,True,False
3,0.99135983,True,False
5,0.99667054,False,True
2,0.9959263,True,True
2,0.9075886,True,False
3,0.9075886,True,False
3,0.9400332,True,False
4,0.81861264,False,False
5,0.9400332,True,False
2,0.98430854,True,False
2,0.96502984,False,False
3,0.98430854,True,False
3,0.9878841,True,False
5,0.9393904,False,False
5,0.9878841,True,False
2,0.9395523,False,False
3,0.9862665,True,False
1,0.8585483,True,False
5,0.9862665,True,False
1,0.92131424,True,False
4,0.6667323,False,False
5,0.92131424,True,False
5,0.9679267,False,False
3,0.9735172,False,False
4,0.92228186,False,False
5,0.9094467,False,False
1,0.8019308,False,False
4,0.9459294,False,False
5,0.96091187,False,False
2,0.9952268,False,False
2,0.99478567,False,False
2,0.97337735,True,False
1,0.97337735,True,False
5,0.9636478,True,False
2,0.8951488,False,False
4,0.9636478,True,False
5,0.9993645,True,True
1,0.9967908,True,True
3,0.9993645,True,True
1,0.95455885,True,False
3,0.95455885,True,False
3,0.99947727,True,True
1,0.99639106,True,True
1,0.99947727,True,True
2,0.9629668,True,False
3,0.820386,False,False
5,0.9629668,True,False
3,0.999514,True,True
2,0.999514,True,True
5,0.9290089,True,False
4,0.66213435,False,False
3,0.9290089,True,False
5,0.9775099,True,False
4,0.9775099,True,False
2,0.8696668,True,False
4,0.8696668,True,False
1,0.9984201,True,True
5,0.9984201,True,True
2,0.90915847,False,False
1,0.92333055,False,False
2,0.91794145,False,False
1,0.9590527,True,False
3,0.9590527,True,False
5,0.9346306,False,False
5,0.89764434,False,False
5,0.9899818,True,False
3,0.9899818,True,False
2,0.9832896,True,False
3,0.8687169,False,False
1,0.9832896,True,False
1,0.83139473,False,False
2,0.9869522,False,False
4,0.97143906,False,False
1,0.86191416,True,False
3,0.86191416,True,False
4,0.8878768,False,False
3,0.88383925,False,False
4,0.9009023,False,False
5,0.97524804,True,False
2,0.97524804,True,False
4,0.9698739,True,False
1,0.9698739,True,False
4,0.9816867,True,False
2,0.8583988,False,False
2,0.9816867,True,False
1,0.932739,False,False
2,0.90997916,False,False
4,0.83598423,False,False
4,0.9591801,True,False
2,0.7020955,False,False
3,0.9591801,True,False
5,0.9919065,True,False
5,0.9520941,False,False
1,0.9919065,True,False
3,0.990076,True,False
4,0.87116694,False,False
5,0.990076,True,False
4,0.8865821,False,False
1,0.8575544,False,False
4,0.99699485,True,True
3,0.99699485,True,True
2,0.97280854,False,False
4,0.96259457,False,False
1,0.9678213,True,False
4,0.97010446,True,False
4,0.8021084,False,False
5,0.97010446,True,False
3,0.96601343,False,False
1,0.9325231,False,False
4,0.9752146,False,False
4,0.97237027,True,False
1,0.8940687,False,False
2,0.97237027,True,False
2,0.9643329,True,False
4,0.8044169,False,False
1,0.9643329,True,False
1,0.96937263,True,False
4,0.875669,False,False
2,0.96937263,True,False
1,0.9057426,False,False
5,0.7818767,False,False
1,0.97810054,True,False
5,0.97810054,True,False
3,0.9448744,False,False
2,0.8623167,False,False
3,0.9124274,False,False
2,0.93823135,False,False
2,0.91677845,False,False
5,0.8288075,False,False
5,0.8720232,False,False
4,0.92649066,True,False
3,0.9479573,True,False
4,0.9479573,True,False
5,0.9054902,False,False
5,0.902077,False,False
2,0.9532006,True,False
5,0.8913788,False,False
1,0.9532006,True,False
3,0.95789826,True,False
5,0.83180255,False,False
2,0.95789826,True,False
1,0.9526683,True,False
2,0.9526683,True,False
1,0.60799766,False,False
3,0.6487333,True,False
1,0.6487333,True,False
5,0.966486,False,False
5,0.95096713,False,False
5,0.95927393,False,False
5,0.85769755,True,False
1,0.8720232,False,False
1,0.9074342,True,False
3,0.66887885,False,False
4,0.9074342,True,False
5,0.97666514,True,False
1,0.9296505,True,False
2,0.97666514,True,False
2,0.96355146,True,False
4,0.8296877,False,False
4,0.96355146,True,False
2,0.9953246,False,True
4,0.98027146,True,False
3,0.9690373,True,False
5,0.98027146,True,False
1,0.9207895,True,False
2,0.81848073,False,False
4,0.9207895,True,False
5,0.99194807,True,False
3,0.9767995,False,False
3,0.99194807,True,False
3,0.9828855,True,False
4,0.9828855,True,False
1,0.9359522,True,False
3,0.843447,False,False
4,0.9359522,True,False
3,0.9555621,False,False
4,0.9196566,False,False
5,0.97360194,True,False
3,0.86347634,False,False
4,0.97360194,True,False
2,0.8913788,False,False
1,0.9321939,False,False
3,0.9786302,True,False
2,0.9786302,True,False
3,0.9681622,True,False
2,0.84223354,True,False
1,0.8149047,False,False
5,0.84223354,True,False
3,0.9089807,False,False
1,0.9685004,False,False
1,0.8738461,False,False
5,0.96254027,True,False
5,0.97882575,True,False
4,0.9607827,True,False
2,0.97882575,True,False
1,0.9895247,True,False
4,0.9895247,True,False
5,0.9963263,True,True
1,0.9963263,True,True
2,0.97718155,True,False
4,0.97718155,True,False
5,0.9904557,True,False
2,0.9904557,True,False
5,0.98501563,True,False
4,0.80450296,False,False
4,0.9860897,True,False
1,0.8814626,False,False
1,0.9860897,True,False
4,0.9772064,True,False
1,0.78068304,False,False
2,0.9772064,True,False
1,0.9345306,True,False
3,0.80504376,False,False
4,0.9345306,True,False
2,0.9475539,True,False
4,0.8295383,False,False
1,0.9475539,True,False
3,0.947489,True,False
3,0.7534725,False,False
2,0.947489,True,False
2,0.9487442,False,False
2,0.8890382,False,False
1,0.912168,True,False
4,0.9594463,False,False
3,0.9512453,False,False
1,0.9801047,True,False
1,0.8732253,False,False
4,0.9801047,True,False
4,0.98220086,True,False
4,0.94082165,True,False
5,0.98220086,True,False
4,0.7552903,False,False
5,0.6849952,False,False
5,0.9946632,True,False
3,0.9946632,True,False
1,0.9594463,False,False
2,0.9512453,False,False
1,0.89743173,True,False
4,0.89743173,True,False
5,0.98914623,True,False
2,0.95839363,False,False
3,0.98914623,True,False
2,0.995602,True,True
5,0.98187065,False,False
5,0.995602,True,True
1,0.7985784,True,False
5,0.7985784,True,False
3,0.7851312,True,False
1,0.98587865,False,False
3,0.9835405,False,False
3,0.9890338,True,False
5,0.9890338,True,False
4,0.71831405,False,False
4,0.64744216,False,False
4,0.9616294,True,False
5,0.9616294,True,False
5,0.92627466,True,False
1,0.92627466,True,False
3,0.90356785,False,False
2,0.9201628,False,False
5,0.92238295,True,False
4,0.91134554,True,False
2,0.92238295,True,False
3,0.74527764,False,False
1,0.8993746,False,False
4,0.94755185,True,False
2,0.8783808,True,False
3,0.94755185,True,False
3,0.91937613,False,False
4,0.9728175,True,False
3,0.8942652,False,False
1,0.9728175,True,False
3,0.8437925,False,False
4,0.8329177,False,False
2,0.757154,False,False
3,0.8241832,False,False
4,0.9904051,True,False
3,0.9871437,True,False
2,0.9904051,True,False
1,0.97476286,True,False
4,0.9708656,True,False
2,0.97476286,True,False
5,0.99135745,True,False
4,0.971796,False,False
2,0.99135745,True,False
3,0.99012,False,False
3,0.98187065,False,False
1,0.98074543,True,False
3,0.98074543,True,False
5,0.90966177,True,False
2,0.81317496,False,False
2,0.90966177,True,False
2,0.83387655,False,False
2,0.72097224,False,False
1,0.8822458,True,False
5,0.8822458,True,False
1,0.75450236,False,False
2,0.76016134,False,False
1,0.73726606,False,False
1,0.91562015,True,False
1,0.71867985,True,False
3,0.91562015,True,False
4,0.512189,False,False
2,0.89664733,False,False
4,0.8891808,False,False
5,0.967135,True,False
4,0.967135,True,False
1,0.83481586,False,False
1,0.82419056,False,False
3,0.70881635,True,False
2,0.83352244,False,False
1,0.719925,False,False
5,0.9367269,True,False
3,0.9367269,True,False
5,0.9114146,True,False
1,0.9667321,True,False
5,0.9667321,True,False
4,0.80056244,False,False
1,0.9222473,True,False
1,0.89770555,True,False
2,0.9222473,True,False
5,0.70531994,False,False
2,0.83410627,False,False
4,0.9513707,False,False
4,0.93990624,False,False
1,0.9902333,True,False
5,0.9902333,True,False
3,0.99010855,True,False
1,0.9513707,False,False
1,0.93544096,False,False
2,0.95573723,True,False
3,0.95573723,True,False
2,0.94263077,True,False
2,0.94179046,False,False
2,0.96974206,False,False
2,0.9531491,False,False
4,0.9721168,True,False
3,0.96974206,False,False
1,0.9721168,True,False
5,0.95532584,False,False
2,0.89524037,False,False
3,0.92054987,True,False
3,0.95532584,False,False
3,0.88346064,False,False
2,0.9021263,False,False
3,0.9094792,False,False
3,0.91429025,True,False
4,0.9094792,False,False
1,0.91429025,True,False
5,0.87601674,False,False
5,0.9278127,False,False
1,0.86531067,False,False
3,0.97083354,True,False
4,0.932368,True,False
5,0.97083354,True,False
2,0.98011404,False,False
2,0.9835589,False,False
3,0.9783673,False,False
5,0.97652066,True,False
4,0.9938824,True,False
1,0.9938824,True,False
4,0.99338126,True,False
1,0.9899443,True,False
5,0.9899443,True,False
3,0.9875206,True,False
3,0.99103254,True,False
4,0.99103254,True,False
3,0.9930729,True,False
5,0.9930729,True,False
4,0.99453604,True,False
5,0.99405515,True,False
2,0.99453604,True,False
4,0.9809942,True,False
4,0.95394063,True,False
5,0.9809942,True,False
4,0.9757616,False,False
4,0.97807825,False,False
5,0.9378872,True,False
5,0.9359845,False,False
1,0.9378872,True,False
4,0.96461606,True,False
5,0.96461606,True,False
4,0.9536866,False,False
5,0.92747414,False,False
5,0.94651115,False,False
1,0.9838556,True,False
1,0.96952474,True,False
4,0.9838556,True,False
3,0.85433567,True,False
1,0.8879716,False,False
4,0.8625068,False,False
3,0.8494085,False,False
3,0.8879716,False,False
3,0.8625068,False,False
3,0.9347231,False,False
2,0.8441825,False,False
1,0.9145124,False,False
5,0.89863324,False,False
2,0.9322442,False,False
2,0.9263731,False,False
2,0.86103356,False,False
4,0.9145124,False,False
3,0.89863324,False,False
5,0.8624182,False,False
1,0.9322442,False,False
4,0.9347231,False,False
2,0.99453986,False,False
4,0.99507785,False,False
3,0.9953145,False,False
4,0.9953145,False,False
5,0.99705744,False,True
1,0.9959257,False,True
4,0.9939344,False,False
4,0.99705744,False,True
3,0.9959257,False,True
2,0.9835709,True,False
3,0.9835709,True,False
2,0.8991554,True,False
5,0.8991554,True,False
4,0.8374281,False,False
4,0.8283515,False,False
3,0.922714,True,False
3,0.8582157,False,False
1,0.922714,True,False
3,0.9155302,True,False
1,0.9238509,False,False
1,0.9155302,True,False
5,0.94641966,True,False
5,0.8861532,True,False
2,0.94641966,True,False
1,0.8848479,False,False
5,0.9238509,False,False
1,0.8283515,False,False
3,0.8649586,False,False
4,0.91141695,False,False
3,0.84058285,False,False
3,0.7555472,False,False
3,0.7312435,False,False
5,0.8324157,False,False
2,0.9541473,False,False
2,0.8798244,False,False
4,0.8358738,False,False
3,0.93925744,False,False
2,0.9530171,False,False
5,0.91874826,False,False
4,0.8282355,False,False
4,0.78708655,False,False
5,0.9541474,False,False
4,0.9055943,False,False
1,0.7996475,False,False
4,0.82277334,False,False
1,0.83834666,False,False
5,0.8282355,False,False
2,0.8257933,True,False
2,0.83583736,False,False
3,0.896492,False,False
5,0.8556621,False,False
2,0.93925744,False,False
1,0.9530168,False,False
2,0.91874826,False,False
5,0.896492,False,False
2,0.8556621,False,False
1,0.9215827,False,False
2,0.88918096,False,False
1,0.9055943,False,False
1,0.9346994,False,False
3,0.91141695,False,False
4,0.8389225,False,False
2,0.8924682,True,False
5,0.8924682,True,False
2,0.8649586,False,False
2,0.90193313,False,False
2,0.8025707,False,False
5,0.9308956,False,False
3,0.8734328,False,False
5,0.91123015,False,False
1,0.97243416,True,False
3,0.9218552,False,False
5,0.97243416,True,False
2,0.96718043,True,False
4,0.96718043,True,False
1,0.95231855,True,False
4,0.84128076,False,False
5,0.95231855,True,False
2,0.95932627,True,False
3,0.867506,False,False
5,0.95932627,True,False
4,0.91418815,False,False
4,0.8506327,False,False
5,0.94653404,False,False
5,0.8576669,False,False
1,0.9348448,True,False
4,0.8786647,False,False
5,0.9348448,True,False
1,0.7721438,True,False
4,0.7721438,True,False
2,0.90209544,True,False
4,0.80811584,True,False
3,0.90209544,True,False
1,0.89573085,True,False
2,0.8288499,False,False
2,0.89573085,True,False
1,0.718034,False,False
1,0.7612079,False,False
3,0.718034,False,False
3,0.81646955,False,False
1,0.91390264,True,False
3,0.91390264,True,False
5,0.68810135,True,False
4,0.7869521,False,False
5,0.78690714,False,False
5,0.9605796,False,False
5,0.9365518,False,False
5,0.9340386,False,False
3,0.9685003,False,False
2,0.98713493,False,False
1,0.9773149,False,False
2,0.9824189,False,False
2,0.959829,False,False
2,0.9359274,False,False
5,0.9600864,False,False
3,0.94010067,False,False
4,0.95687616,True,False
2,0.96604896,True,False
1,0.94010067,False,False
5,0.96604896,True,False
4,0.9343399,False,False
3,0.9148356,False,False
1,0.96916085,False,False
2,0.9504893,False,False
5,0.9553946,True,False
2,0.961204,False,False
3,0.9265202,False,False
3,0.9466722,True,False
5,0.9681064,False,False
3,0.94599444,False,False
3,0.96245056,True,False
1,0.9687271,False,False
4,0.95194936,False,False
4,0.94455856,True,False
4,0.96916085,False,False
3,0.95194936,False,False
4,0.9533679,False,False
5,0.8870928,False,False
2,0.968644,True,False
5,0.97530603,False,False
1,0.968644,True,False
3,0.86901206,False,False
4,0.73754644,False,False
2,0.94487894,False,False
2,0.9044436,False,False
2,0.9023964,False,False
5,0.87174404,True,False
4,0.88332045,False,False
4,0.87174404,True,False
3,0.8456825,False,False
2,0.88332045,False,False
3,0.85670656,True,False
2,0.87075233,False,False
3,0.9123307,False,False
3,0.90296304,False,False
3,0.9959308,True,True
2,0.9959308,True,True
4,0.94103086,True,False
5,0.88656867,False,False
1,0.94103086,True,False
4,0.8960822,False,False
4,0.9334509,False,False
1,0.9681629,False,False
5,0.95141125,False,False
1,0.93755734,False,False
4,0.92397743,False,False
5,0.8641332,False,False
3,0.8957553,True,False
2,0.92104113,False,False
1,0.9211672,False,False
2,0.9118037,False,False
1,0.8528875,False,False
1,0.8621204,False,False
2,0.89725137,False,False
5,0.9241029,False,False
2,0.9217344,False,False
5,0.960516,False,False
2,0.9730927,False,False
1,0.9957772,True,True
2,0.98247737,False,False
3,0.9957772,True,True
5,0.9742539,True,False
1,0.9319967,False,False
1,0.9742539,True,False
3,0.9766939,True,False
4,0.84460765,False,False
4,0.9766939,True,False
5,0.94997215,True,False
4,0.94997215,True,False
4,0.8545649,False,False
4,0.9149561,True,False
3,0.9149561,True,False
2,0.9873754,False,False
5,0.9044482,False,False
1,0.91351235,False,False
1,0.86093086,True,False
5,0.6906706,True,False
2,0.86093086,True,False
1,0.9439317,True,False
3,0.6802795,False,False
5,0.9439317,True,False
3,0.95497715,True,False
1,0.95497715,True,False
3,0.79747224,False,False
3,0.84397984,False,False
4,0.99406075,True,False
3,0.99289113,False,False
5,0.99406075,True,False
2,0.9078412,False,False
1,0.9797088,False,False
4,0.9797088,False,False
1,0.97969705,True,False
4,0.96965396,True,False
3,0.9262178,True,False
5,0.96965396,True,False
4,0.9291724,True,False
2,0.79246914,False,False
3,0.9291724,True,False
1,0.9415582,True,False
2,0.9082738,False,False
4,0.9415582,True,False
1,0.90293217,False,False
1,0.92009825,False,False
2,0.79876375,True,False
5,0.8005506,False,False
3,0.79876375,True,False
1,0.78381157,False,False
1,0.7645154,False,False
5,0.96064234,True,False
3,0.9076938,False,False
3,0.96064246,True,False
5,0.99745816,True,True
4,0.9974584,True,True
2,0.97684944,False,False
4,0.9894126,True,False
2,0.99209523,True,False
4,0.99209523,True,False
2,0.9552069,True,False
1,0.80806893,False,False
3,0.9552069,True,False
5,0.9877438,False,False
3,0.97784084,False,False
5,0.9808408,False,False
4,0.9935997,True,False
2,0.9605681,False,False
1,0.9935997,True,False
2,0.86574817,False,False
5,0.7620061,False,False
1,0.84152335,False,False
4,0.88148165,False,False
