Original ID,Original Dataset File Name,Variant,Class ID,Class Name,fallback_prediction,nearest_train_label,nearest_similarity,nearest_same_original_recording,retrieval_activated,hybrid_prediction,hybrid_correct
1_10101,1_10101.wav,pitch_down_2,1,Fire,Fire,Fire,0.9781413,False,False,Fire,True
1_10105,1_10105.wav,pitch_up_2,1,Fire,Fire,Fire,0.99749494,True,True,Fire,True
1_10107,1_10107.wav,pitch_up_2,1,Fire,Fire,Fire,0.99619365,True,True,Fire,True
1_10108,1_10108.wav,original,1,Fire,Fire,Fire,0.99626637,True,True,Fire,True
1_10113,1_10113.wav,pitch_down_2,1,Fire,Fire,Fire,0.7766377,False,False,Fire,True
1_10117,1_10117.wav,original,1,Fire,Fire,Rain,0.77633977,False,False,Fire,True
1_10117,1_10117.wav,pitch_up_2,1,Fire,Fire,Thunderstorm,0.69590425,False,False,Fire,True
1_10118,1_10118.wav,pitch_down_2,1,Fire,Fire,Wind,0.71082693,False,False,Fire,True
1_10119,1_10119.wav,original,1,Fire,Fire,Fire,0.91368234,True,False,Fire,True
1_10120,1_10120.wav,original,1,Fire,Fire,Fire,0.93243057,True,False,Fire,True
1_10120,1_10120.wav,pitch_down_2,1,Fire,Fire,Fire,0.67571914,True,False,Fire,True
1_10122,1_10122.wav,original,1,Fire,Fire,Fire,0.9916232,True,False,Fire,True
1_10124,1_10124.wav,pitch_up_2,1,Fire,Fire,Fire,0.99025995,False,False,Fire,True
1_10125,1_10125.wav,pitch_up_2,1,Fire,Fire,Fire,0.9914287,True,False,Fire,True
1_10130,1_10130.wav,original,1,Fire,Fire,Fire,0.990327,False,False,Fire,True
1_10130,1_10130.wav,pitch_down_2,1,Fire,Fire,Fire,0.99174094,False,False,Fire,True
1_10131,1_10131.wav,pitch_up_2,1,Fire,Fire,Fire,0.9611552,True,False,Fire,True
1_10134,1_10134.wav,original,1,Fire,Fire,Fire,0.9756041,True,False,Fire,True
1_10135,1_10135.wav,original,1,Fire,Fire,Fire,0.978534,True,False,Fire,True
1_10135,1_10135.wav,pitch_down_2,1,Fire,Fire,Squirrel,0.91948485,False,False,Fire,True
1_10136,1_10136.wav,pitch_down_2,1,Fire,Fire,Fire,0.9709876,False,False,Fire,True
1_10136,1_10136.wav,pitch_up_2,1,Fire,Fire,Fire,0.9699903,False,False,Fire,True
1_10139,1_10139.wav,pitch_up_2,1,Fire,Fire,Fire,0.9735812,False,False,Fire,True
1_10141,1_10141.wav,pitch_down_2,1,Fire,Fire,Fire,0.98321867,False,False,Fire,True
1_10144,1_10144.wav,original,1,Fire,Fire,Fire,0.9840627,True,False,Fire,True
1_10144,1_10144.wav,pitch_down_2,1,Fire,Fire,Fire,0.9758666,False,False,Fire,True
1_10150,1_10150.wav,pitch_up_2,1,Fire,Fire,Fire,0.98234713,True,False,Fire,True
1_10151,1_10151.wav,pitch_down_2,1,Fire,Fire,Fire,0.969469,False,False,Fire,True
1_10153,1_10153.wav,pitch_down_2,1,Fire,Fire,Fire,0.9719224,False,False,Fire,True
1_10154,1_10154.wav,pitch_down_2,1,Fire,Fire,Fire,0.9748806,False,False,Fire,True
1_10157,1_10157.wav,pitch_down_2,1,Fire,Fire,Fire,0.906296,False,False,Fire,True
1_10159,1_10159.wav,original,1,Fire,Fire,Fire,0.92198664,False,False,Fire,True
1_10160,1_10160.wav,pitch_up_2,1,Fire,Fire,Fire,0.91011924,True,False,Fire,True
1_10162,1_10162.wav,pitch_up_2,1,Fire,Fire,Fire,0.91801625,True,False,Fire,True
1_10163,1_10163.wav,pitch_down_2,1,Fire,Fire,Frog,0.80804706,False,False,Fire,True
1_10163,1_10163.wav,pitch_up_2,1,Fire,Fire,Fire,0.9261792,True,False,Fire,True
1_10164,1_10164.wav,pitch_up_2,1,Fire,Fire,Fire,0.9473318,True,False,Fire,True
1_10166,1_10166.wav,pitch_up_2,1,Fire,Fire,Fire,0.9232987,True,False,Fire,True
1_10168,1_10168.wav,pitch_down_2,1,Fire,Fire,Fire,0.9940432,False,False,Fire,True
1_10169,1_10169.wav,pitch_up_2,1,Fire,Fire,Fire,0.9930631,False,False,Fire,True
1_10171,1_10171.wav,original,1,Fire,Fire,Fire,0.9776013,True,False,Fire,True
1_10171,1_10171.wav,pitch_down_2,1,Fire,Fire,Footsteps,0.93158185,False,False,Fire,True
1_10173,1_10173.wav,pitch_down_2,1,Fire,Fire,Wind,0.77842134,False,False,Fire,True
1_10174,1_10174.wav,pitch_up_2,1,Fire,Fire,Fire,0.88770044,True,False,Fire,True
1_10175,1_10175.wav,pitch_up_2,1,Fire,Fire,Fire,0.9636624,True,False,Fire,True
2_10201,2_10201.wav,pitch_down_2,2,Rain,Rain,Handsaw,0.95751065,False,False,Rain,True
2_10201,2_10201.wav,pitch_up_2,2,Rain,Rain,Rain,0.9818653,True,False,Rain,True
2_10203,2_10203.wav,original,2,Rain,Rain,Wind,0.97300893,False,False,Rain,True
2_10203,2_10203.wav,pitch_up_2,2,Rain,Rain,Wind,0.9562812,False,False,Rain,True
2_10204,2_10204.wav,pitch_down_2,2,Rain,Rain,Rain,0.97927564,False,False,Rain,True
2_10213,2_10213.wav,original,2,Rain,Rain,WaterDrops,0.9926183,False,False,Rain,True
2_10213,2_10213.wav,pitch_up_2,2,Rain,Rain,WaterDrops,0.9871543,False,False,Rain,True
2_10214,2_10214.wav,pitch_up_2,2,Rain,Rain,Rain,0.9929575,True,False,Rain,True
2_10216,2_10216.wav,pitch_up_2,2,Rain,Rain,Rain,0.9963151,True,True,Rain,True
2_10218,2_10218.wav,original,2,Rain,Rain,Rain,0.98356664,True,False,Rain,True
2_10220,2_10220.wav,pitch_up_2,2,Rain,Rain,Rain,0.8777524,True,False,Rain,True
2_10228,2_10228.wav,original,2,Rain,Rain,Rain,0.9972469,True,True,Rain,True
2_10230,2_10230.wav,pitch_up_2,2,Rain,Rain,Rain,0.99401426,True,False,Rain,True
2_10231,2_10231.wav,pitch_up_2,2,Rain,Rain,Rain,0.8742852,True,False,Rain,True
2_10232,2_10232.wav,pitch_up_2,2,Rain,Rain,Rain,0.99786115,True,True,Rain,True
2_10233,2_10233.wav,pitch_up_2,2,Rain,Rain,Rain,0.99813884,True,True,Rain,True
2_10235,2_10235.wav,pitch_down_2,2,Rain,Rain,Rain,0.9958719,False,True,Rain,True
2_10238,2_10238.wav,original,2,Rain,Rain,Rain,0.91653967,True,False,Rain,True
2_10238,2_10238.wav,pitch_down_2,2,Rain,Rain,Rain,0.85380316,False,False,Rain,True
2_10243,2_10243.wav,pitch_down_2,2,Rain,Rain,Insect,0.8277972,False,False,Rain,True
2_10243,2_10243.wav,pitch_up_2,2,Rain,Rain,Rain,0.8998859,True,False,Rain,True
2_10244,2_10244.wav,pitch_down_2,2,Rain,Rain,Rain,0.90447634,False,False,Rain,True
2_10247,2_10247.wav,pitch_down_2,2,Rain,Rain,Rain,0.9906629,False,False,Rain,True
2_10248,2_10248.wav,pitch_up_2,2,Rain,Rain,Rain,0.93094504,True,False,Rain,True
2_10249,2_10249.wav,pitch_up_2,2,Rain,Rain,Rain,0.9554964,True,False,Rain,True
2_10250,2_10250.wav,original,2,Rain,Rain,Silence,0.93057454,False,False,Rain,True
2_10251,2_10251.wav,original,2,Rain,Rain,Rain,0.9855812,True,False,Rain,True
2_10253,2_10253.wav,pitch_up_2,2,Rain,Rain,Rain,0.99809897,True,True,Rain,True
2_10254,2_10254.wav,original,2,Rain,Rain,Rain,0.99348646,True,False,Rain,True
2_10254,2_10254.wav,pitch_down_2,2,Rain,Rain,VehicleEngine,0.97435623,False,False,Rain,True
2_10255,2_10255.wav,pitch_down_2,2,Rain,Rain,Rain,0.9878977,False,False,Rain,True
2_10256,2_10256.wav,pitch_up_2,2,Rain,Rain,Wind,0.9024688,False,False,Rain,True
2_10260,2_10260.wav,original,2,Rain,Rain,Rain,0.9552971,True,False,Rain,True
2_10262,2_10262.wav,pitch_down_2,2,Rain,Rain,Wind,0.9188688,False,False,Rain,True
2_10263,2_10263.wav,original,2,Rain,Rain,Rain,0.97435784,False,False,Rain,True
2_10263,2_10263.wav,pitch_up_2,2,Rain,Rain,Rain,0.98652303,False,False,Rain,True
2_10265,2_10265.wav,pitch_up_2,2,Rain,Rain,Rain,0.9862944,True,False,Rain,True
2_10266,2_10266.wav,pitch_up_2,2,Rain,Rain,Rain,0.9863005,True,False,Rain,True
2_10267,2_10267.wav,original,2,Rain,Rain,Rain,0.9876937,True,False,Rain,True
2_10269,2_10269.wav,original,2,Rain,Rain,Rain,0.97722447,True,False,Rain,True
2_10270,2_10270.wav,original,2,Rain,Rain,Wind,0.9755089,False,False,Rain,True
2_10272,2_10272.wav,pitch_up_2,2,Rain,Rain,Rain,0.9923327,True,False,Rain,True
2_10273,2_10273.wav,pitch_down_2,2,Rain,Rain,Rain,0.95416874,True,False,Rain,True
2_10273,2_10273.wav,pitch_up_2,2,Rain,Rain,Rain,0.9823161,True,False,Rain,True
2_10274,2_10274.wav,pitch_up_2,2,Rain,Rain,Rain,0.97570014,True,False,Rain,True
3_10301,3_10301.wav,original,3,Thunderstorm,Thunderstorm,Thunderstorm,0.9791719,True,False,Thunderstorm,True
3_10301,3_10301.wav,pitch_down_2,3,Thunderstorm,Thunderstorm,Chainsaw,0.8423039,False,False,Thunderstorm,True
3_10302,3_10302.wav,original,3,Thunderstorm,Thunderstorm,Thunderstorm,0.98905385,True,False,Thunderstorm,True
3_10304,3_10304.wav,original,3,Thunderstorm,Thunderstorm,Thunderstorm,0.9956567,True,True,Thunderstorm,True
3_10306,3_10306.wav,original,3,Thunderstorm,Thunderstorm,Thunderstorm,0.9913478,True,False,Thunderstorm,True
3_10308,3_10308.wav,pitch_down_2,3,Thunderstorm,Thunderstorm,Thunderstorm,0.9826582,False,False,Thunderstorm,True
3_10308,3_10308.wav,pitch_up_2,3,Thunderstorm,Thunderstorm,Thunderstorm,0.99679005,True,True,Thunderstorm,True
3_10310,3_10310.wav,pitch_down_2,3,Thunderstorm,Thunderstorm,Thunderstorm,0.94830203,True,False,Thunderstorm,True
3_10311,3_10311.wav,pitch_up_2,3,Thunderstorm,Thunderstorm,Thunderstorm,0.98629886,True,False,Thunderstorm,True
3_10312,3_10312.wav,original,3,Thunderstorm,Thunderstorm,Thunderstorm,0.9936496,True,False,Thunderstorm,True
3_10313,3_10313.wav,pitch_up_2,3,Thunderstorm,Thunderstorm,Thunderstorm,0.9896537,True,False,Thunderstorm,True
3_10316,3_10316.wav,pitch_down_2,3,Thunderstorm,Thunderstorm,Fire,0.92113787,False,False,Thunderstorm,True
3_10323,3_10323.wav,pitch_up_2,3,Thunderstorm,Thunderstorm,Thunderstorm,0.958101,True,False,Thunderstorm,True
3_10327,3_10327.wav,pitch_down_2,3,Thunderstorm,Thunderstorm,Silence,0.9455415,False,False,Thunderstorm,True
3_10328,3_10328.wav,pitch_up_2,3,Thunderstorm,Thunderstorm,Thunderstorm,0.99707264,True,True,Thunderstorm,True
3_10329,3_10329.wav,original,3,Thunderstorm,Thunderstorm,Thunderstorm,0.89616805,True,False,Thunderstorm,True
3_10329,3_10329.wav,pitch_down_2,3,Thunderstorm,Thunderstorm,Firework,0.88072646,False,False,Thunderstorm,True
3_10332,3_10332.wav,original,3,Thunderstorm,Thunderstorm,Helicopter,0.9901302,False,False,Thunderstorm,True
3_10332,3_10332.wav,pitch_up_2,3,Thunderstorm,Thunderstorm,Helicopter,0.9849491,False,False,Thunderstorm,True
3_10334,3_10334.wav,original,3,Thunderstorm,Thunderstorm,Thunderstorm,0.9845096,True,False,Thunderstorm,True
3_10334,3_10334.wav,pitch_down_2,3,Thunderstorm,Thunderstorm,Rain,0.9608503,False,False,Thunderstorm,True
3_10342,3_10342.wav,original,3,Thunderstorm,Thunderstorm,Thunderstorm,0.9963719,True,True,Thunderstorm,True
3_10343,3_10343.wav,pitch_down_2,3,Thunderstorm,Thunderstorm,Speaking,0.9660795,False,False,Thunderstorm,True
3_10346,3_10346.wav,pitch_up_2,3,Thunderstorm,Thunderstorm,Thunderstorm,0.9906338,True,False,Thunderstorm,True
3_10347,3_10347.wav,pitch_down_2,3,Thunderstorm,Thunderstorm,Thunderstorm,0.99685687,False,True,Thunderstorm,True
3_10348,3_10348.wav,pitch_up_2,3,Thunderstorm,Thunderstorm,Thunderstorm,0.9978145,True,True,Thunderstorm,True
3_10349,3_10349.wav,pitch_up_2,3,Thunderstorm,Thunderstorm,Thunderstorm,0.9975933,True,True,Thunderstorm,True
3_10351,3_10351.wav,pitch_down_2,3,Thunderstorm,Thunderstorm,VehicleEngine,0.97895753,False,False,Thunderstorm,True
3_10352,3_10352.wav,original,3,Thunderstorm,Thunderstorm,Thunderstorm,0.9961123,True,True,Thunderstorm,True
3_10354,3_10354.wav,original,3,Thunderstorm,Thunderstorm,Thunderstorm,0.9971087,True,True,Thunderstorm,True
3_10355,3_10355.wav,original,3,Thunderstorm,Thunderstorm,Thunderstorm,0.9802144,True,False,Thunderstorm,True
3_10359,3_10359.wav,pitch_down_2,3,Thunderstorm,Thunderstorm,Helicopter,0.9578047,False,False,Thunderstorm,True
3_10360,3_10360.wav,original,3,Thunderstorm,Thunderstorm,Thunderstorm,0.9095984,False,False,Thunderstorm,True
3_10360,3_10360.wav,pitch_down_2,3,Thunderstorm,Thunderstorm,Thunderstorm,0.90911204,False,False,Thunderstorm,True
3_10360,3_10360.wav,pitch_up_2,3,Thunderstorm,Thunderstorm,Thunderstorm,0.902145,False,False,Thunderstorm,True
3_10362,3_10362.wav,pitch_down_2,3,Thunderstorm,Thunderstorm,Thunderstorm,0.9904235,False,False,Thunderstorm,True
3_10362,3_10362.wav,pitch_up_2,3,Thunderstorm,Thunderstorm,Thunderstorm,0.9968319,True,True,Thunderstorm,True
3_10364,3_10364.wav,original,3,Thunderstorm,Thunderstorm,Thunderstorm,0.9987138,True,True,Thunderstorm,True
3_10366,3_10366.wav,pitch_down_2,3,Thunderstorm,Thunderstorm,Thunderstorm,0.9836513,False,False,Thunderstorm,True
3_10368,3_10368.wav,pitch_down_2,3,Thunderstorm,Thunderstorm,Thunderstorm,0.9563129,False,False,Thunderstorm,True
3_10368,3_10368.wav,pitch_up_2,3,Thunderstorm,Thunderstorm,Thunderstorm,0.9874554,True,False,Thunderstorm,True
3_10369,3_10369.wav,pitch_down_2,3,Thunderstorm,Thunderstorm,Thunderstorm,0.8505508,False,False,Thunderstorm,True
3_10370,3_10370.wav,original,3,Thunderstorm,Thunderstorm,Thunderstorm,0.98726434,True,False,Thunderstorm,True
3_10373,3_10373.wav,pitch_down_2,3,Thunderstorm,Thunderstorm,Thunderstorm,0.9721334,True,False,Thunderstorm,True
3_10375,3_10375.wav,pitch_down_2,3,Thunderstorm,Thunderstorm,Thunderstorm,0.9619844,False,False,Thunderstorm,True
4_10402,4_10402.wav,pitch_down_2,4,WaterDrops,WaterDrops,WaterDrops,0.99745005,True,True,WaterDrops,True
4_10404,4_10404.wav,original,4,WaterDrops,WaterDrops,WaterDrops,0.9640086,True,False,WaterDrops,True
4_10404,4_10404.wav,pitch_down_2,4,WaterDrops,WaterDrops,BirdChirping,0.83641326,False,False,WaterDrops,True
4_10409,4_10409.wav,pitch_down_2,4,WaterDrops,WaterDrops,Whistling,0.83193946,False,False,WaterDrops,True
4_10409,4_10409.wav,pitch_up_2,4,WaterDrops,WaterDrops,WaterDrops,0.9423859,True,False,WaterDrops,True
4_10410,4_10410.wav,original,4,WaterDrops,WaterDrops,WaterDrops,0.9958886,True,True,WaterDrops,True
4_10410,4_10410.wav,pitch_up_2,4,WaterDrops,WaterDrops,WaterDrops,0.9958713,True,True,WaterDrops,True
4_10411,4_10411.wav,pitch_up_2,4,WaterDrops,WaterDrops,WaterDrops,0.99434423,True,False,WaterDrops,True
4_10412,4_10412.wav,pitch_down_2,4,WaterDrops,WaterDrops,WaterDrops,0.9460926,True,False,WaterDrops,True
4_10414,4_10414.wav,pitch_down_2,4,WaterDrops,WaterDrops,WaterDrops,0.9360878,True,False,WaterDrops,True
4_10416,4_10416.wav,original,4,WaterDrops,WaterDrops,WaterDrops,0.9592276,True,False,WaterDrops,True
4_10416,4_10416.wav,pitch_down_2,4,WaterDrops,WaterDrops,WaterDrops,0.8835628,True,False,WaterDrops,True
4_10419,4_10419.wav,pitch_down_2,4,WaterDrops,WaterDrops,WaterDrops,0.9824375,True,False,WaterDrops,True
4_10420,4_10420.wav,pitch_down_2,4,WaterDrops,WaterDrops,WaterDrops,0.97725856,False,False,WaterDrops,True
4_10420,4_10420.wav,pitch_up_2,4,WaterDrops,WaterDrops,WaterDrops,0.9628192,False,False,WaterDrops,True
4_10421,4_10421.wav,pitch_up_2,4,WaterDrops,WaterDrops,WaterDrops,0.99999905,False,True,WaterDrops,True
4_10422,4_10422.wav,pitch_down_2,4,WaterDrops,WaterDrops,WaterDrops,0.9813752,False,False,WaterDrops,True
4_10428,4_10428.wav,original,4,WaterDrops,WaterDrops,WaterDrops,0.9889704,False,False,WaterDrops,True
4_10429,4_10429.wav,original,4,WaterDrops,WaterDrops,WaterDrops,0.91323066,True,False,WaterDrops,True
4_10429,4_10429.wav,pitch_down_2,4,WaterDrops,WaterDrops,WaterDrops,0.8376342,False,False,WaterDrops,True
4_10430,4_10430.wav,pitch_up_2,4,WaterDrops,WaterDrops,WaterDrops,0.9249956,True,False,WaterDrops,True
4_10434,4_10434.wav,pitch_down_2,4,WaterDrops,WaterDrops,WaterDrops,0.9625478,False,False,WaterDrops,True
4_10437,4_10437.wav,original,4,WaterDrops,WaterDrops,WaterDrops,0.9758561,True,False,WaterDrops,True
4_10439,4_10439.wav,original,4,WaterDrops,WaterDrops,WaterDrops,0.99278784,True,False,WaterDrops,True
4_10440,4_10440.wav,original,4,WaterDrops,WaterDrops,WaterDrops,0.974633,True,False,WaterDrops,True
4_10440,4_10440.wav,pitch_down_2,4,WaterDrops,WaterDrops,WaterDrops,0.97097075,False,False,WaterDrops,True
4_10445,4_10445.wav,pitch_down_2,4,WaterDrops,WaterDrops,WaterDrops,0.9647838,True,False,WaterDrops,True
4_10446,4_10446.wav,original,4,WaterDrops,WaterDrops,WaterDrops,0.94878936,True,False,WaterDrops,True
4_10447,4_10447.wav,pitch_up_2,4,WaterDrops,WaterDrops,Clapping,0.97554374,False,False,WaterDrops,True
4_10449,4_10449.wav,original,4,WaterDrops,WaterDrops,WaterDrops,0.9720027,False,False,WaterDrops,True
4_10449,4_10449.wav,pitch_down_2,4,WaterDrops,WaterDrops,WaterDrops,0.8779155,False,False,WaterDrops,True
4_10451,4_10451.wav,pitch_up_2,4,WaterDrops,WaterDrops,WaterDrops,0.9827584,True,False,WaterDrops,True
4_10452,4_10452.wav,pitch_down_2,4,WaterDrops,WaterDrops,WaterDrops,0.974506,True,False,WaterDrops,True
4_10453,4_10453.wav,original,4,WaterDrops,WaterDrops,WaterDrops,0.9915013,True,False,WaterDrops,True
4_10454,4_10454.wav,pitch_down_2,4,WaterDrops,WaterDrops,WaterDrops,0.86792433,True,False,WaterDrops,True
4_10455,4_10455.wav,pitch_down_2,4,WaterDrops,WaterDrops,WaterDrops,0.91904575,True,False,WaterDrops,True
4_10459,4_10459.wav,pitch_up_2,4,WaterDrops,WaterDrops,WaterDrops,0.9778904,True,False,WaterDrops,True
4_10460,4_10460.wav,original,4,WaterDrops,WaterDrops,WaterDrops,0.9909361,True,False,WaterDrops,True
4_10462,4_10462.wav,pitch_up_2,4,WaterDrops,WaterDrops,WaterDrops,0.9766364,True,False,WaterDrops,True
4_10464,4_10464.wav,pitch_down_2,4,WaterDrops,WaterDrops,WaterDrops,0.9541415,True,False,WaterDrops,True
4_10464,4_10464.wav,pitch_up_2,4,WaterDrops,WaterDrops,WaterDrops,0.99336326,True,False,WaterDrops,True
4_10465,4_10465.wav,pitch_down_2,4,WaterDrops,WaterDrops,WaterDrops,0.8519537,True,False,WaterDrops,True
4_10466,4_10466.wav,pitch_down_2,4,WaterDrops,WaterDrops,WaterDrops,0.9631598,True,False,WaterDrops,True
4_10467,4_10467.wav,pitch_up_2,4,WaterDrops,WaterDrops,WaterDrops,0.9765085,True,False,WaterDrops,True
4_10469,4_10469.wav,original,4,WaterDrops,WaterDrops,WaterDrops,0.99145776,True,False,WaterDrops,True
5_10502,5_10502.wav,original,5,Wind,Wind,Wind,0.95011914,False,False,Wind,True
5_10502,5_10502.wav,pitch_up_2,5,Wind,Wind,Wind,0.9280548,False,False,Wind,True
5_10507,5_10507.wav,pitch_up_2,5,Wind,Wind,Wind,0.96631193,True,False,Wind,True
5_10509,5_10509.wav,pitch_down_2,5,Wind,Wind,Insect,0.79560703,False,False,Wind,True
5_10511,5_10511.wav,original,5,Wind,Wind,Wind,0.98805064,False,False,Wind,True
5_10511,5_10511.wav,pitch_up_2,5,Wind,Wind,Wind,0.9884392,False,False,Wind,True
5_10512,5_10512.wav,pitch_up_2,5,Wind,Wind,Wind,0.95260406,True,False,Wind,True
5_10514,5_10514.wav,original,5,Wind,Wind,Wind,0.9488404,False,False,Wind,True
5_10519,5_10519.wav,original,5,Wind,Wind,Wind,0.99191964,True,False,Wind,True
5_10520,5_10520.wav,pitch_down_2,5,Wind,Wind,Wind,0.9929284,False,False,Wind,True
5_10521,5_10521.wav,pitch_down_2,5,Wind,Wind,Fire,0.9144565,False,False,Wind,True
5_10522,5_10522.wav,original,5,Wind,Wind,Wind,0.95009935,False,False,Wind,True
5_10522,5_10522.wav,pitch_up_2,5,Wind,Wind,Wind,0.9270401,False,False,Wind,True
5_10524,5_10524.wav,original,5,Wind,Wind,Wind,0.99567103,True,True,Wind,True
5_10525,5_10525.wav,pitch_up_2,5,Wind,Wind,Wind,0.9840673,False,False,Wind,True
5_10527,5_10527.wav,original,5,Wind,Wind,Wind,0.99311125,False,False,Wind,True
5_10532,5_10532.wav,original,5,Wind,Wind,Wind,0.9599461,False,False,Wind,True
5_10532,5_10532.wav,pitch_down_2,5,Wind,Wind,Wind,0.957241,False,False,Wind,True
5_10537,5_10537.wav,original,5,Wind,Wind,Wind,0.9991894,True,True,Wind,True
5_10538,5_10538.wav,original,5,Wind,Wind,Wind,0.98746574,False,False,Wind,True
5_10538,5_10538.wav,pitch_down_2,5,Wind,Wind,Wind,0.994246,False,False,Wind,True
5_10540,5_10540.wav,original,5,Wind,Wind,Wind,0.98763674,False,False,Wind,True
5_10541,5_10541.wav,original,5,Wind,Wind,Silence,0.9793758,False,False,Wind,True
5_10544,5_10544.wav,pitch_down_2,5,Wind,Wind,Wind,0.9722185,False,False,Wind,True
5_10545,5_10545.wav,pitch_down_2,5,Wind,Wind,Wind,0.9902718,False,False,Wind,True
5_10546,5_10546.wav,original,5,Wind,Wind,Wind,0.9900157,False,False,Wind,True
5_10546,5_10546.wav,pitch_down_2,5,Wind,Wind,Wind,0.9930326,False,False,Wind,True
5_10550,5_10550.wav,pitch_up_2,5,Wind,Wind,Wind,0.97453654,True,False,Wind,True
5_10551,5_10551.wav,pitch_down_2,5,Wind,Wind,Rain,0.9835123,False,False,Wind,True
5_10560,5_10560.wav,pitch_down_2,5,Wind,Wind,Rain,0.808418,False,False,Wind,True
5_10560,5_10560.wav,pitch_up_2,5,Wind,Wind,Wind,0.93044746,True,False,Wind,True
5_10561,5_10561.wav,original,5,Wind,Wind,Wind,0.99469435,False,False,Wind,True
5_10562,5_10562.wav,original,5,Wind,Wind,Wind,0.9929195,False,False,Wind,True
5_10563,5_10563.wav,original,5,Wind,Wind,Wind,0.9845514,False,False,Wind,True
5_10563,5_10563.wav,pitch_up_2,5,Wind,Wind,Wind,0.97686577,False,False,Wind,True
5_10564,5_10564.wav,original,5,Wind,Wind,Wind,0.9873692,True,False,Wind,True
5_10566,5_10566.wav,pitch_up_2,5,Wind,Wind,Wind,0.9814704,True,False,Wind,True
5_10567,5_10567.wav,pitch_up_2,5,Wind,Wind,Wind,0.9850471,True,False,Wind,True
5_10568,5_10568.wav,pitch_down_2,5,Wind,Wind,Wind,0.99289966,False,False,Wind,True
5_10568,5_10568.wav,pitch_up_2,5,Wind,Wind,Wind,0.9936586,False,False,Wind,True
5_10569,5_10569.wav,pitch_down_2,5,Wind,Wind,Wind,0.9792381,False,False,Wind,True
5_10569,5_10569.wav,pitch_up_2,5,Wind,Wind,Wind,0.9743875,False,False,Wind,True
5_10570,5_10570.wav,original,5,Wind,Wind,Wind,0.99818397,False,True,Wind,True
5_10573,5_10573.wav,original,5,Wind,Wind,Wind,0.9976058,True,True,Wind,True
5_10575,5_10575.wav,pitch_up_2,5,Wind,Wind,Wind,0.9367446,True,False,Wind,True
6_10601,6_10601.wav,original,6,Silence,Silence,Silence,0.9827173,False,False,Silence,True
6_10604,6_10604.wav,pitch_down_2,6,Silence,Silence,Silence,0.8005801,False,False,Silence,True
6_10606,6_10606.wav,pitch_down_2,6,Silence,Silence,Silence,0.9189522,False,False,Silence,True
6_10609,6_10609.wav,original,6,Silence,Silence,Silence,0.99884605,True,True,Silence,True
6_10612,6_10612.wav,pitch_down_2,6,Silence,Silence,Silence,0.99867696,False,True,Silence,True
6_10613,6_10613.wav,pitch_down_2,6,Silence,Silence,Silence,0.9996686,False,True,Silence,True
6_10614,6_10614.wav,original,6,Silence,Silence,Silence,0.9995823,False,True,Silence,True
6_10614,6_10614.wav,pitch_down_2,6,Silence,Silence,Silence,0.99969786,False,True,Silence,True
6_10616,6_10616.wav,original,6,Silence,Silence,Silence,0.99849653,True,True,Silence,True
6_10618,6_10618.wav,pitch_down_2,6,Silence,Silence,Fire,0.92401195,False,False,Silence,True
6_10619,6_10619.wav,original,6,Silence,Silence,Silence,0.97191423,False,False,Silence,True
6_10619,6_10619.wav,pitch_up_2,6,Silence,Silence,Silence,0.97662485,False,False,Silence,True
6_10621,6_10621.wav,pitch_up_2,6,Silence,Silence,Silence,0.98209095,False,False,Silence,True
6_10625,6_10625.wav,pitch_up_2,6,Silence,Silence,Silence,0.98663133,False,False,Silence,True
6_10630,6_10630.wav,pitch_up_2,6,Silence,Silence,Silence,0.9930079,False,False,Silence,True
6_10631,6_10631.wav,original,6,Silence,Silence,Silence,0.98652756,True,False,Silence,True
6_10634,6_10634.wav,pitch_down_2,6,Silence,Silence,Silence,0.9980291,False,True,Silence,True
6_10637,6_10637.wav,pitch_down_2,6,Silence,Silence,Silence,0.97899836,False,False,Silence,True
6_10639,6_10639.wav,original,6,Silence,Silence,Silence,0.9997227,False,True,Silence,True
6_10639,6_10639.wav,pitch_up_2,6,Silence,Silence,Silence,0.9997139,False,True,Silence,True
6_10643,6_10643.wav,pitch_down_2,6,Silence,Silence,Silence,0.9997781,False,True,Silence,True
6_10644,6_10644.wav,original,6,Silence,Silence,Silence,0.9997037,False,True,Silence,True
6_10645,6_10645.wav,pitch_up_2,6,Silence,Silence,Silence,0.99958456,False,True,Silence,True
6_10646,6_10646.wav,pitch_down_2,6,Silence,Silence,Silence,0.99703515,False,True,Silence,True
6_10648,6_10648.wav,pitch_down_2,6,Silence,Silence,Silence,0.9576875,False,False,Silence,True
6_10650,6_10650.wav,pitch_down_2,6,Silence,Silence,Silence,0.98631835,False,False,Silence,True
6_10651,6_10651.wav,original,6,Silence,Silence,Silence,0.9720402,True,False,Silence,True
6_10652,6_10652.wav,original,6,Silence,Silence,Silence,0.97821003,False,False,Silence,True
6_10654,6_10654.wav,pitch_up_2,6,Silence,Silence,Silence,0.99404335,False,False,Silence,True
6_10655,6_10655.wav,pitch_down_2,6,Silence,Silence,Silence,0.9886798,False,False,Silence,True
6_10656,6_10656.wav,pitch_up_2,6,Silence,Silence,Silence,0.97506434,False,False,Silence,True
6_10657,6_10657.wav,original,6,Silence,Silence,Silence,0.9951016,False,False,Silence,True
6_10657,6_10657.wav,pitch_up_2,6,Silence,Silence,Silence,0.96028805,False,False,Silence,True
6_10659,6_10659.wav,original,6,Silence,Silence,Silence,0.98969626,False,False,Silence,True
6_10660,6_10660.wav,pitch_up_2,6,Silence,Silence,Silence,0.98582757,False,False,Silence,True
6_10661,6_10661.wav,pitch_down_2,6,Silence,Silence,Silence,0.9483317,False,False,Silence,True
6_10667,6_10667.wav,pitch_up_2,6,Silence,Silence,Insect,0.99787784,False,True,Insect,False
6_10669,6_10669.wav,pitch_down_2,6,Silence,Silence,Silence,0.9962397,False,True,Silence,True
6_10670,6_10670.wav,pitch_down_2,6,Silence,Silence,Silence,0.99626136,False,True,Silence,True
6_10671,6_10671.wav,original,6,Silence,Silence,Silence,0.99232537,True,False,Silence,True
6_10671,6_10671.wav,pitch_down_2,6,Silence,Silence,Silence,0.9930849,False,False,Silence,True
6_10672,6_10672.wav,original,6,Silence,Silence,Silence,0.9954452,False,True,Silence,True
6_10672,6_10672.wav,pitch_down_2,6,Silence,Silence,Silence,0.9965224,False,True,Silence,True
6_10672,6_10672.wav,pitch_up_2,6,Silence,Silence,Silence,0.99551964,False,True,Silence,True
6_10673,6_10673.wav,pitch_up_2,6,Silence,Silence,Insect,0.9969131,False,True,Insect,False
7_10704,7_10704.wav,pitch_down_2,7,TreeFalling,TreeFalling,Rain,0.9636175,False,False,TreeFalling,True
7_10706,7_10706.wav,pitch_down_2,7,TreeFalling,TreeFalling,Wind,0.8217708,False,False,TreeFalling,True
7_10709,7_10709.wav,original,7,TreeFalling,TreeFalling,TreeFalling,0.9682766,True,False,TreeFalling,True
7_10709,7_10709.wav,pitch_down_2,7,TreeFalling,TreeFalling,TreeFalling,0.7540637,False,False,TreeFalling,True
7_10710,7_10710.wav,pitch_down_2,7,TreeFalling,TreeFalling,TreeFalling,0.91418636,False,False,TreeFalling,True
7_10711,7_10711.wav,pitch_up_2,7,TreeFalling,TreeFalling,TreeFalling,0.98272747,True,False,TreeFalling,True
7_10712,7_10712.wav,pitch_down_2,7,TreeFalling,TreeFalling,TreeFalling,0.9125037,False,False,TreeFalling,True
7_10712,7_10712.wav,pitch_up_2,7,TreeFalling,TreeFalling,TreeFalling,0.9813526,True,False,TreeFalling,True
7_10713,7_10713.wav,pitch_up_2,7,TreeFalling,TreeFalling,TreeFalling,0.98604786,True,False,TreeFalling,True
7_10714,7_10714.wav,original,7,TreeFalling,TreeFalling,TreeFalling,0.94532657,False,False,TreeFalling,True
7_10714,7_10714.wav,pitch_up_2,7,TreeFalling,TreeFalling,TreeFalling,0.91015613,False,False,TreeFalling,True
7_10717,7_10717.wav,pitch_up_2,7,TreeFalling,TreeFalling,TreeFalling,0.9440261,True,False,TreeFalling,True
7_10718,7_10718.wav,pitch_up_2,7,TreeFalling,TreeFalling,TreeFalling,0.9869087,True,False,TreeFalling,True
7_10719,7_10719.wav,original,7,TreeFalling,TreeFalling,TreeFalling,0.98385304,True,False,TreeFalling,True
7_10719,7_10719.wav,pitch_down_2,7,TreeFalling,TreeFalling,TreeFalling,0.97343576,False,False,TreeFalling,True
7_10721,7_10721.wav,original,7,TreeFalling,TreeFalling,TreeFalling,0.9918718,True,False,TreeFalling,True
7_10723,7_10723.wav,pitch_up_2,7,TreeFalling,TreeFalling,TreeFalling,0.9937246,True,False,TreeFalling,True
7_10725,7_10725.wav,original,7,TreeFalling,TreeFalling,TreeFalling,0.9676431,True,False,TreeFalling,True
7_10727,7_10727.wav,pitch_up_2,7,TreeFalling,TreeFalling,TreeFalling,0.975108,True,False,TreeFalling,True
7_10733,7_10733.wav,pitch_down_2,7,TreeFalling,TreeFalling,TreeFalling,0.84843904,True,False,TreeFalling,True
7_10735,7_10735.wav,pitch_down_2,7,TreeFalling,TreeFalling,TreeFalling,0.97803,True,False,TreeFalling,True
7_10736,7_10736.wav,pitch_up_2,7,TreeFalling,TreeFalling,TreeFalling,0.9652457,True,False,TreeFalling,True
7_10737,7_10737.wav,original,7,TreeFalling,TreeFalling,Thunderstorm,0.9623065,False,False,TreeFalling,True
7_10737,7_10737.wav,pitch_up_2,7,TreeFalling,TreeFalling,Rain,0.95236367,False,False,TreeFalling,True
7_10738,7_10738.wav,pitch_down_2,7,TreeFalling,TreeFalling,TreeFalling,0.9497293,False,False,TreeFalling,True
7_10739,7_10739.wav,original,7,TreeFalling,TreeFalling,TreeFalling,0.96021783,True,False,TreeFalling,True
7_10743,7_10743.wav,pitch_up_2,7,TreeFalling,TreeFalling,TreeFalling,0.9818443,True,False,TreeFalling,True
7_10744,7_10744.wav,pitch_down_2,7,TreeFalling,TreeFalling,TreeFalling,0.9224303,True,False,TreeFalling,True
7_10750,7_10750.wav,original,7,TreeFalling,TreeFalling,WingFlaping,0.8840971,False,False,TreeFalling,True
7_10750,7_10750.wav,pitch_down_2,7,TreeFalling,TreeFalling,WingFlaping,0.85483086,False,False,TreeFalling,True
7_10750,7_10750.wav,pitch_up_2,7,TreeFalling,TreeFalling,WingFlaping,0.8311993,False,False,TreeFalling,True
7_10751,7_10751.wav,pitch_down_2,7,TreeFalling,TreeFalling,Rain,0.9926203,False,False,TreeFalling,True
7_10752,7_10752.wav,original,7,TreeFalling,TreeFalling,TreeFalling,0.994388,True,False,TreeFalling,True
7_10755,7_10755.wav,pitch_down_2,7,TreeFalling,TreeFalling,TreeFalling,0.98552346,False,False,TreeFalling,True
7_10757,7_10757.wav,pitch_up_2,7,TreeFalling,TreeFalling,TreeFalling,0.9367933,True,False,TreeFalling,True
7_10758,7_10758.wav,original,7,TreeFalling,TreeFalling,TreeFalling,0.9627881,False,False,TreeFalling,True
7_10761,7_10761.wav,original,7,TreeFalling,TreeFalling,TreeFalling,0.99711716,False,True,TreeFalling,True
7_10763,7_10763.wav,original,7,TreeFalling,TreeFalling,TreeFalling,0.9910132,True,False,TreeFalling,True
7_10764,7_10764.wav,original,7,TreeFalling,TreeFalling,TreeFalling,0.99223244,True,False,TreeFalling,True
7_10765,7_10765.wav,original,7,TreeFalling,TreeFalling,TreeFalling,0.9919394,True,False,TreeFalling,True
7_10765,7_10765.wav,pitch_down_2,7,TreeFalling,TreeFalling,Fire,0.98111856,False,False,TreeFalling,True
7_10771,7_10771.wav,original,7,TreeFalling,TreeFalling,TreeFalling,0.9952088,False,False,TreeFalling,True
7_10772,7_10772.wav,pitch_up_2,7,TreeFalling,TreeFalling,TreeFalling,0.8871498,True,False,TreeFalling,True
7_10773,7_10773.wav,original,7,TreeFalling,TreeFalling,TreeFalling,0.9964256,True,True,TreeFalling,True
7_10774,7_10774.wav,pitch_up_2,7,TreeFalling,TreeFalling,TreeFalling,0.9547534,True,False,TreeFalling,True
8_10802,8_10802.wav,pitch_up_2,8,Helicopter,Helicopter,Helicopter,0.97901154,True,False,Helicopter,True
8_10805,8_10805.wav,original,8,Helicopter,Helicopter,Helicopter,0.99341685,True,False,Helicopter,True
8_10810,8_10810.wav,original,8,Helicopter,Helicopter,Helicopter,1.0,False,True,Helicopter,True
8_10811,8_10811.wav,pitch_up_2,8,Helicopter,Helicopter,Helicopter,1.0,False,True,Helicopter,True
8_10813,8_10813.wav,original,8,Helicopter,Helicopter,Helicopter,0.9786612,True,False,Helicopter,True
8_10813,8_10813.wav,pitch_down_2,8,Helicopter,Helicopter,Helicopter,0.93836063,False,False,Helicopter,True
8_10814,8_10814.wav,original,8,Helicopter,Helicopter,Helicopter,0.9932993,True,False,Helicopter,True
8_10815,8_10815.wav,pitch_up_2,8,Helicopter,Helicopter,Helicopter,0.98686486,True,False,Helicopter,True
8_10816,8_10816.wav,pitch_up_2,8,Helicopter,Helicopter,Helicopter,0.98107684,True,False,Helicopter,True
8_10819,8_10819.wav,pitch_down_2,8,Helicopter,Helicopter,Generator,0.9950216,False,False,Helicopter,True
8_10820,8_10820.wav,pitch_down_2,8,Helicopter,Helicopter,Generator,0.9940174,False,False,Helicopter,True
8_10820,8_10820.wav,pitch_up_2,8,Helicopter,Helicopter,Generator,0.9965402,False,True,Generator,False
8_10821,8_10821.wav,pitch_down_2,8,Helicopter,Helicopter,Helicopter,0.93572545,False,False,Helicopter,True
8_10823,8_10823.wav,original,8,Helicopter,Helicopter,Thunderstorm,0.98850226,False,False,Helicopter,True
8_10824,8_10824.wav,pitch_up_2,8,Helicopter,Helicopter,Helicopter,0.9907314,True,False,Helicopter,True
8_10827,8_10827.wav,pitch_down_2,8,Helicopter,Helicopter,Helicopter,0.972986,False,False,Helicopter,True
8_10827,8_10827.wav,pitch_up_2,8,Helicopter,Helicopter,Helicopter,0.9919538,True,False,Helicopter,True
8_10830,8_10830.wav,pitch_up_2,8,Helicopter,Helicopter,Helicopter,0.98182356,True,False,Helicopter,True
8_10831,8_10831.wav,original,8,Helicopter,Thunderstorm,VehicleEngine,0.95738924,False,False,Thunderstorm,False
8_10831,8_10831.wav,pitch_down_2,8,Helicopter,Thunderstorm,Thunderstorm,0.9476728,False,False,Thunderstorm,False
8_10831,8_10831.wav,pitch_up_2,8,Helicopter,Thunderstorm,VehicleEngine,0.9579057,False,False,Thunderstorm,False
8_10833,8_10833.wav,original,8,Helicopter,Helicopter,Helicopter,0.95195735,True,False,Helicopter,True
8_10833,8_10833.wav,pitch_down_2,8,Helicopter,Helicopter,Thunderstorm,0.9032917,False,False,Helicopter,True
8_10836,8_10836.wav,pitch_down_2,8,Helicopter,Helicopter,Helicopter,0.8959171,False,False,Helicopter,True
8_10838,8_10838.wav,pitch_up_2,8,Helicopter,Helicopter,Helicopter,0.9912112,True,False,Helicopter,True
8_10839,8_10839.wav,original,8,Helicopter,Helicopter,Helicopter,0.99249166,True,False,Helicopter,True
8_10842,8_10842.wav,original,8,Helicopter,Helicopter,Helicopter,0.9875699,True,False,Helicopter,True
8_10845,8_10845.wav,original,8,Helicopter,Helicopter,Helicopter,0.9862244,True,False,Helicopter,True
8_10849,8_10849.wav,pitch_down_2,8,Helicopter,Helicopter,Helicopter,0.9297222,False,False,Helicopter,True
8_10849,8_10849.wav,pitch_up_2,8,Helicopter,Helicopter,Helicopter,0.94478977,True,False,Helicopter,True
8_10856,8_10856.wav,pitch_up_2,8,Helicopter,Helicopter,Helicopter,0.985253,True,False,Helicopter,True
8_10857,8_10857.wav,original,8,Helicopter,Helicopter,Helicopter,0.9918451,True,False,Helicopter,True
8_10859,8_10859.wav,pitch_down_2,8,Helicopter,Helicopter,VehicleEngine,0.97280616,False,False,Helicopter,True
8_10862,8_10862.wav,pitch_up_2,8,Helicopter,Helicopter,Helicopter,0.9930984,True,False,Helicopter,True
8_10863,8_10863.wav,original,8,Helicopter,Helicopter,Helicopter,0.97556806,True,False,Helicopter,True
8_10866,8_10866.wav,pitch_down_2,8,Helicopter,VehicleEngine,Generator,0.9054173,False,False,VehicleEngine,False
8_10866,8_10866.wav,pitch_up_2,8,Helicopter,VehicleEngine,Helicopter,0.98491764,True,False,VehicleEngine,False
8_10869,8_10869.wav,original,8,Helicopter,Helicopter,Helicopter,0.9577428,False,False,Helicopter,True
8_10869,8_10869.wav,pitch_down_2,8,Helicopter,Generator,Thunderstorm,0.8915599,False,False,Generator,False
8_10869,8_10869.wav,pitch_up_2,8,Helicopter,VehicleEngine,Helicopter,0.92657304,False,False,VehicleEngine,False
8_10870,8_10870.wav,pitch_down_2,8,Helicopter,Helicopter,Helicopter,0.9436757,True,False,Helicopter,True
8_10871,8_10871.wav,pitch_down_2,8,Helicopter,Helicopter,Helicopter,0.9377534,True,False,Helicopter,True
8_10872,8_10872.wav,pitch_up_2,8,Helicopter,Helicopter,Helicopter,0.9978821,True,True,Helicopter,True
8_10873,8_10873.wav,pitch_up_2,8,Helicopter,Helicopter,Helicopter,0.96951944,True,False,Helicopter,True
8_10875,8_10875.wav,pitch_up_2,8,Helicopter,Helicopter,Helicopter,0.99543977,True,True,Helicopter,True
9_10902,9_10902.wav,pitch_up_2,9,VehicleEngine,VehicleEngine,VehicleEngine,0.9871676,True,False,VehicleEngine,True
9_10903,9_10903.wav,original,9,VehicleEngine,VehicleEngine,Thunderstorm,0.97031933,False,False,VehicleEngine,True
9_10903,9_10903.wav,pitch_down_2,9,VehicleEngine,VehicleEngine,Thunderstorm,0.95472926,False,False,VehicleEngine,True
9_10903,9_10903.wav,pitch_up_2,9,VehicleEngine,VehicleEngine,Thunderstorm,0.95324916,False,False,VehicleEngine,True
9_10914,9_10914.wav,pitch_down_2,9,VehicleEngine,VehicleEngine,Rain,0.996503,False,True,Rain,False
9_10917,9_10917.wav,original,9,VehicleEngine,VehicleEngine,VehicleEngine,0.9946271,True,False,VehicleEngine,True
9_10921,9_10921.wav,original,9,VehicleEngine,VehicleEngine,VehicleEngine,0.9962064,True,True,VehicleEngine,True
9_10921,9_10921.wav,pitch_down_2,9,VehicleEngine,VehicleEngine,VehicleEngine,0.9842653,False,False,VehicleEngine,True
9_10924,9_10924.wav,pitch_up_2,9,VehicleEngine,Generator,VehicleEngine,0.93765306,True,False,Generator,False
9_10925,9_10925.wav,original,9,VehicleEngine,VehicleEngine,Generator,0.99427295,False,False,VehicleEngine,True
9_10926,9_10926.wav,pitch_down_2,9,VehicleEngine,VehicleEngine,Speaking,0.9901676,False,False,VehicleEngine,True
9_10928,9_10928.wav,pitch_up_2,9,VehicleEngine,VehicleEngine,VehicleEngine,0.9971123,True,True,VehicleEngine,True
9_10930,9_10930.wav,pitch_up_2,9,VehicleEngine,VehicleEngine,VehicleEngine,0.994092,True,False,VehicleEngine,True
9_10931,9_10931.wav,pitch_down_2,9,VehicleEngine,VehicleEngine,Wind,0.96933705,False,False,VehicleEngine,True
9_10935,9_10935.wav,original,9,VehicleEngine,VehicleEngine,VehicleEngine,0.99512196,True,False,VehicleEngine,True
9_10935,9_10935.wav,pitch_down_2,9,VehicleEngine,VehicleEngine,VehicleEngine,0.9462851,False,False,VehicleEngine,True
9_10936,9_10936.wav,original,9,VehicleEngine,VehicleEngine,VehicleEngine,0.99449086,True,False,VehicleEngine,True
9_10937,9_10937.wav,pitch_up_2,9,VehicleEngine,VehicleEngine,VehicleEngine,0.99705505,True,True,VehicleEngine,True
9_10938,9_10938.wav,pitch_up_2,9,VehicleEngine,VehicleEngine,VehicleEngine,0.9710064,True,False,VehicleEngine,True
9_10939,9_10939.wav,pitch_down_2,9,VehicleEngine,Generator,Wind,0.9916676,False,False,Generator,False
9_10940,9_10940.wav,pitch_down_2,9,VehicleEngine,VehicleEngine,Rain,0.99190515,False,False,VehicleEngine,True
9_10941,9_10941.wav,pitch_down_2,9,VehicleEngine,VehicleEngine,Generator,0.89434874,False,False,VehicleEngine,True
9_10941,9_10941.wav,pitch_up_2,9,VehicleEngine,VehicleEngine,VehicleEngine,0.9663388,True,False,VehicleEngine,True
9_10943,9_10943.wav,original,9,VehicleEngine,VehicleEngine,VehicleEngine,0.9946353,True,False,VehicleEngine,True
9_10944,9_10944.wav,pitch_up_2,9,VehicleEngine,VehicleEngine,VehicleEngine,0.9882127,True,False,VehicleEngine,True
9_10945,9_10945.wav,pitch_down_2,9,VehicleEngine,VehicleEngine,Generator,0.9933455,False,False,VehicleEngine,True
9_10948,9_10948.wav,pitch_down_2,9,VehicleEngine,VehicleEngine,VehicleEngine,0.9841034,False,False,VehicleEngine,True
9_10950,9_10950.wav,pitch_up_2,9,VehicleEngine,VehicleEngine,VehicleEngine,0.9962497,True,True,VehicleEngine,True
9_10952,9_10952.wav,original,9,VehicleEngine,VehicleEngine,VehicleEngine,0.9877317,True,False,VehicleEngine,True
9_10953,9_10953.wav,pitch_down_2,9,VehicleEngine,VehicleEngine,Speaking,0.96002126,False,False,VehicleEngine,True
9_10954,9_10954.wav,original,9,VehicleEngine,VehicleEngine,VehicleEngine,0.9890917,True,False,VehicleEngine,True
9_10954,9_10954.wav,pitch_down_2,9,VehicleEngine,VehicleEngine,VehicleEngine,0.95450944,False,False,VehicleEngine,True
9_10956,9_10956.wav,original,9,VehicleEngine,VehicleEngine,VehicleEngine,0.9846382,True,False,VehicleEngine,True
9_10958,9_10958.wav,original,9,VehicleEngine,VehicleEngine,Firework,0.8666146,False,False,VehicleEngine,True
9_10958,9_10958.wav,pitch_up_2,9,VehicleEngine,VehicleEngine,Firework,0.8394518,False,False,VehicleEngine,True
9_10960,9_10960.wav,original,9,VehicleEngine,VehicleEngine,VehicleEngine,0.99587023,True,True,VehicleEngine,True
9_10963,9_10963.wav,pitch_down_2,9,VehicleEngine,VehicleEngine,Rain,0.8985833,False,False,VehicleEngine,True
9_10963,9_10963.wav,pitch_up_2,9,VehicleEngine,Speaking,Wind,0.95503664,False,False,Speaking,False
9_10965,9_10965.wav,pitch_down_2,9,VehicleEngine,VehicleEngine,Insect,0.8521836,False,False,VehicleEngine,True
9_10965,9_10965.wav,pitch_up_2,9,VehicleEngine,VehicleEngine,VehicleEngine,0.981226,True,False,VehicleEngine,True
9_10967,9_10967.wav,pitch_up_2,9,VehicleEngine,VehicleEngine,VehicleEngine,0.8756821,True,False,VehicleEngine,True
9_10968,9_10968.wav,pitch_down_2,9,VehicleEngine,VehicleEngine,Helicopter,0.94364446,False,False,VehicleEngine,True
9_10969,9_10969.wav,original,9,VehicleEngine,VehicleEngine,VehicleEngine,0.98814625,True,False,VehicleEngine,True
9_10972,9_10972.wav,pitch_down_2,9,VehicleEngine,VehicleEngine,Generator,0.93644893,False,False,VehicleEngine,True
9_10973,9_10973.wav,pitch_down_2,9,VehicleEngine,VehicleEngine,Lion,0.8794946,False,False,VehicleEngine,True
10_11001,10_11001.wav,original,10,Axe,Axe,Axe,0.96302587,True,False,Axe,True
10_11002,10_11002.wav,pitch_down_2,10,Axe,Axe,Axe,0.9058262,True,False,Axe,True
10_11005,10_11005.wav,original,10,Axe,Axe,Axe,0.9946059,True,False,Axe,True
10_11009,10_11009.wav,pitch_down_2,10,Axe,Axe,Axe,0.96335196,True,False,Axe,True
10_11011,10_11011.wav,original,10,Axe,Axe,Axe,0.9396958,False,False,Axe,True
10_11011,10_11011.wav,pitch_up_2,10,Axe,Axe,Axe,0.90231633,True,False,Axe,True
10_11012,10_11012.wav,original,10,Axe,WoodChop,Axe,0.99108714,True,False,WoodChop,False
10_11016,10_11016.wav,original,10,Axe,Axe,Axe,0.96835756,False,False,Axe,True
10_11016,10_11016.wav,pitch_down_2,10,Axe,Axe,Axe,0.958968,False,False,Axe,True
10_11016,10_11016.wav,pitch_up_2,10,Axe,Axe,Axe,0.95987576,False,False,Axe,True
10_11018,10_11018.wav,pitch_down_2,10,Axe,Axe,Axe,0.9895266,True,False,Axe,True
10_11019,10_11019.wav,original,10,Axe,Axe,Axe,0.9887035,True,False,Axe,True
10_11021,10_11021.wav,pitch_up_2,10,Axe,WoodChop,WoodChop,0.99999785,False,True,WoodChop,False
10_11023,10_11023.wav,pitch_down_2,10,Axe,Axe,Axe,0.97269666,True,False,Axe,True
10_11023,10_11023.wav,pitch_up_2,10,Axe,WoodChop,Axe,0.99041915,True,False,WoodChop,False
10_11024,10_11024.wav,pitch_up_2,10,Axe,WoodChop,Axe,0.94058836,True,False,WoodChop,False
10_11025,10_11025.wav,original,10,Axe,Axe,Axe,0.9798059,True,False,Axe,True
10_11026,10_11026.wav,original,10,Axe,Axe,Axe,0.9801872,True,False,Axe,True
10_11026,10_11026.wav,pitch_down_2,10,Axe,Axe,Axe,0.90252715,True,False,Axe,True
10_11029,10_11029.wav,pitch_down_2,10,Axe,Axe,Axe,0.98767555,True,False,Axe,True
10_11030,10_11030.wav,pitch_down_2,10,Axe,WingFlaping,Axe,0.9977534,True,True,Axe,True
10_11030,10_11030.wav,pitch_up_2,10,Axe,WingFlaping,Axe,0.9994632,True,True,Axe,True
10_11034,10_11034.wav,pitch_up_2,10,Axe,Axe,Axe,0.97694707,True,False,Axe,True
10_11035,10_11035.wav,pitch_up_2,10,Axe,Axe,Axe,0.9904605,True,False,Axe,True
10_11038,10_11038.wav,pitch_down_2,10,Axe,Axe,Axe,0.65488625,False,False,Axe,True
10_11038,10_11038.wav,pitch_up_2,10,Axe,Axe,Axe,0.8855665,True,False,Axe,True
10_11040,10_11040.wav,pitch_down_2,10,Axe,Axe,Axe,0.7844036,True,False,Axe,True
10_11046,10_11046.wav,original,10,Axe,WoodChop,WoodChop,0.9716653,False,False,WoodChop,False
10_11048,10_11048.wav,original,10,Axe,Axe,Axe,0.97967935,True,False,Axe,True
10_11049,10_11049.wav,original,10,Axe,WoodChop,WoodChop,0.97896135,False,False,WoodChop,False
10_11049,10_11049.wav,pitch_up_2,10,Axe,Axe,WoodChop,0.9889668,False,False,Axe,True
10_11053,10_11053.wav,pitch_down_2,10,Axe,Footsteps,Fire,0.73125017,False,False,Footsteps,False
10_11053,10_11053.wav,pitch_up_2,10,Axe,Footsteps,Axe,0.94212633,True,False,Footsteps,False
10_11054,10_11054.wav,pitch_down_2,10,Axe,Axe,Axe,0.9971389,True,True,Axe,True
10_11057,10_11057.wav,original,10,Axe,WoodChop,Axe,0.97112554,True,False,WoodChop,False
10_11057,10_11057.wav,pitch_up_2,10,Axe,Axe,Axe,0.9838337,True,False,Axe,True
10_11059,10_11059.wav,original,10,Axe,Axe,Axe,0.94113445,True,False,Axe,True
10_11059,10_11059.wav,pitch_down_2,10,Axe,Axe,Axe,0.8517562,True,False,Axe,True
10_11064,10_11064.wav,original,10,Axe,Axe,Clapping,0.9713864,False,False,Axe,True
10_11064,10_11064.wav,pitch_up_2,10,Axe,Axe,Axe,0.9915704,True,False,Axe,True
10_11065,10_11065.wav,original,10,Axe,Axe,Axe,0.98937875,True,False,Axe,True
10_11066,10_11066.wav,original,10,Axe,Axe,Axe,0.9826355,True,False,Axe,True
10_11068,10_11068.wav,original,10,Axe,WoodChop,Axe,0.9904041,True,False,WoodChop,False
10_11069,10_11069.wav,original,10,Axe,Axe,WoodChop,0.98198175,False,False,Axe,True
10_11070,10_11070.wav,pitch_up_2,10,Axe,Axe,Axe,0.9854661,True,False,Axe,True
11_11101,11_11101.wav,pitch_down_2,11,Chainsaw,Chainsaw,Chainsaw,0.9338597,True,False,Chainsaw,True
11_11101,11_11101.wav,pitch_up_2,11,Chainsaw,Chainsaw,Chainsaw,0.9711221,True,False,Chainsaw,True
11_11102,11_11102.wav,pitch_down_2,11,Chainsaw,Chainsaw,Clapping,0.97599506,False,False,Chainsaw,True
11_11103,11_11103.wav,pitch_down_2,11,Chainsaw,Chainsaw,Chainsaw,0.9861733,False,False,Chainsaw,True
11_11105,11_11105.wav,original,11,Chainsaw,Chainsaw,Chainsaw,0.98575217,True,False,Chainsaw,True
11_11109,11_11109.wav,pitch_up_2,11,Chainsaw,Chainsaw,Chainsaw,0.98445374,True,False,Chainsaw,True
11_11110,11_11110.wav,pitch_up_2,11,Chainsaw,Chainsaw,Chainsaw,0.9921461,True,False,Chainsaw,True
11_11111,11_11111.wav,pitch_down_2,11,Chainsaw,Chainsaw,Rain,0.97966695,False,False,Chainsaw,True
11_11112,11_11112.wav,pitch_down_2,11,Chainsaw,Chainsaw,Chainsaw,0.9927262,False,False,Chainsaw,True
11_11112,11_11112.wav,pitch_up_2,11,Chainsaw,Chainsaw,Chainsaw,0.98980993,True,False,Chainsaw,True
11_11115,11_11115.wav,pitch_down_2,11,Chainsaw,Chainsaw,Rain,0.9796122,False,False,Chainsaw,True
11_11117,11_11117.wav,original,11,Chainsaw,Chainsaw,Chainsaw,0.98644304,True,False,Chainsaw,True
11_11117,11_11117.wav,pitch_down_2,11,Chainsaw,Chainsaw,Wind,0.980799,False,False,Chainsaw,True
11_11120,11_11120.wav,original,11,Chainsaw,Chainsaw,Wind,0.9929206,False,False,Chainsaw,True
11_11120,11_11120.wav,pitch_up_2,11,Chainsaw,Chainsaw,Wind,0.991502,False,False,Chainsaw,True
11_11123,11_11123.wav,original,11,Chainsaw,Chainsaw,Chainsaw,0.98697454,True,False,Chainsaw,True
11_11124,11_11124.wav,original,11,Chainsaw,Chainsaw,Chainsaw,0.9905823,True,False,Chainsaw,True
11_11125,11_11125.wav,original,11,Chainsaw,Chainsaw,Chainsaw,0.9897461,True,False,Chainsaw,True
11_11129,11_11129.wav,pitch_down_2,11,Chainsaw,Chainsaw,Chainsaw,0.9990897,False,True,Chainsaw,True
11_11133,11_11133.wav,original,11,Chainsaw,Chainsaw,Chainsaw,0.9716139,True,False,Chainsaw,True
11_11133,11_11133.wav,pitch_down_2,11,Chainsaw,Chainsaw,Fire,0.9351629,False,False,Chainsaw,True
11_11134,11_11134.wav,pitch_up_2,11,Chainsaw,Chainsaw,Chainsaw,0.9531373,True,False,Chainsaw,True
11_11137,11_11137.wav,original,11,Chainsaw,Chainsaw,Clapping,0.9403554,False,False,Chainsaw,True
11_11139,11_11139.wav,pitch_down_2,11,Chainsaw,Chainsaw,Squirrel,0.98063374,False,False,Chainsaw,True
11_11141,11_11141.wav,pitch_up_2,11,Chainsaw,Chainsaw,Chainsaw,0.99897677,False,True,Chainsaw,True
11_11142,11_11142.wav,pitch_down_2,11,Chainsaw,Chainsaw,Chainsaw,0.9999826,False,True,Chainsaw,True
11_11144,11_11144.wav,original,11,Chainsaw,Chainsaw,Chainsaw,0.992025,True,False,Chainsaw,True
11_11144,11_11144.wav,pitch_down_2,11,Chainsaw,Chainsaw,Rain,0.9893876,False,False,Chainsaw,True
11_11146,11_11146.wav,original,11,Chainsaw,Chainsaw,Chainsaw,0.9655138,True,False,Chainsaw,True
11_11150,11_11150.wav,pitch_down_2,11,Chainsaw,Chainsaw,Thunderstorm,0.9817958,False,False,Chainsaw,True
11_11150,11_11150.wav,pitch_up_2,11,Chainsaw,Chainsaw,Chainsaw,0.9757565,True,False,Chainsaw,True
11_11154,11_11154.wav,original,11,Chainsaw,Chainsaw,Helicopter,0.98970973,False,False,Chainsaw,True
11_11155,11_11155.wav,pitch_down_2,11,Chainsaw,Chainsaw,Chainsaw,0.9655752,True,False,Chainsaw,True
11_11156,11_11156.wav,pitch_down_2,11,Chainsaw,Chainsaw,Rain,0.85304856,False,False,Chainsaw,True
11_11157,11_11157.wav,original,11,Chainsaw,Chainsaw,Chainsaw,0.98573947,True,False,Chainsaw,True
11_11158,11_11158.wav,original,11,Chainsaw,Chainsaw,Chainsaw,0.9913256,True,False,Chainsaw,True
11_11163,11_11163.wav,pitch_down_2,11,Chainsaw,Chainsaw,Chainsaw,0.9747405,False,False,Chainsaw,True
11_11166,11_11166.wav,original,11,Chainsaw,Chainsaw,Chainsaw,0.9715668,True,False,Chainsaw,True
11_11166,11_11166.wav,pitch_down_2,11,Chainsaw,Chainsaw,Chainsaw,0.9476577,False,False,Chainsaw,True
11_11167,11_11167.wav,pitch_down_2,11,Chainsaw,Chainsaw,Chainsaw,0.77686214,True,False,Chainsaw,True
11_11167,11_11167.wav,pitch_up_2,11,Chainsaw,Chainsaw,Chainsaw,0.9741214,True,False,Chainsaw,True
11_11169,11_11169.wav,original,11,Chainsaw,Chainsaw,Chainsaw,0.99652374,True,True,Chainsaw,True
11_11170,11_11170.wav,original,11,Chainsaw,Chainsaw,Chainsaw,0.9924187,True,False,Chainsaw,True
11_11172,11_11172.wav,original,11,Chainsaw,Chainsaw,Chainsaw,0.9856139,True,False,Chainsaw,True
11_11174,11_11174.wav,pitch_down_2,11,Chainsaw,Chainsaw,Chainsaw,0.9540363,False,False,Chainsaw,True
12_11203,12_11203.wav,pitch_down_2,12,Generator,Generator,Generator,0.94780487,False,False,Generator,True
12_11204,12_11204.wav,original,12,Generator,Rain,Generator,0.96270555,True,False,Rain,False
12_11206,12_11206.wav,pitch_down_2,12,Generator,Generator,Helicopter,0.990883,False,False,Generator,True
12_11207,12_11207.wav,pitch_up_2,12,Generator,Generator,Generator,0.954493,True,False,Generator,True
12_11209,12_11209.wav,pitch_down_2,12,Generator,Generator,Generator,0.999769,False,True,Generator,True
12_11210,12_11210.wav,original,12,Generator,Generator,Generator,0.99590284,True,True,Generator,True
12_11210,12_11210.wav,pitch_down_2,12,Generator,Generator,Rain,0.9937743,False,False,Generator,True
12_11212,12_11212.wav,original,12,Generator,Generator,Generator,0.90525484,True,False,Generator,True
12_11214,12_11214.wav,pitch_up_2,12,Generator,Generator,Generator,0.9907249,True,False,Generator,True
12_11216,12_11216.wav,pitch_up_2,12,Generator,Generator,Generator,0.99643224,True,True,Generator,True
12_11218,12_11218.wav,original,12,Generator,Generator,Generator,0.99683565,True,True,Generator,True
12_11220,12_11220.wav,original,12,Generator,Generator,Generator,0.99694115,False,True,Generator,True
12_11220,12_11220.wav,pitch_up_2,12,Generator,Generator,Generator,0.9972272,False,True,Generator,True
12_11227,12_11227.wav,original,12,Generator,Generator,Generator,0.9687145,True,False,Generator,True
12_11228,12_11228.wav,original,12,Generator,Squirrel,Generator,0.98871154,True,False,Squirrel,False
12_11229,12_11229.wav,pitch_up_2,12,Generator,Generator,Generator,0.97632134,True,False,Generator,True
12_11230,12_11230.wav,original,12,Generator,Generator,Rain,0.9955207,False,True,Rain,False
12_11233,12_11233.wav,original,12,Generator,Generator,Generator,0.9962157,False,True,Generator,True
12_11235,12_11235.wav,pitch_up_2,12,Generator,Generator,Generator,0.9932898,True,False,Generator,True
12_11238,12_11238.wav,original,12,Generator,Generator,Generator,0.9932815,True,False,Generator,True
12_11238,12_11238.wav,pitch_down_2,12,Generator,Generator,Firework,0.9894966,False,False,Generator,True
12_11239,12_11239.wav,pitch_up_2,12,Generator,Generator,Generator,0.99718976,True,True,Generator,True
12_11240,12_11240.wav,pitch_up_2,12,Generator,Generator,Generator,0.9984416,True,True,Generator,True
12_11243,12_11243.wav,pitch_up_2,12,Generator,Generator,Generator,0.9975027,True,True,Generator,True
12_11244,12_11244.wav,original,12,Generator,Speaking,Generator,0.9937062,True,False,Speaking,False
12_11246,12_11246.wav,pitch_down_2,12,Generator,Generator,Silence,0.95656943,False,False,Generator,True
12_11247,12_11247.wav,original,12,Generator,Generator,Generator,0.8677674,False,False,Generator,True
12_11247,12_11247.wav,pitch_up_2,12,Generator,Generator,Helicopter,0.87933826,False,False,Generator,True
12_11249,12_11249.wav,original,12,Generator,WaterDrops,Generator,0.98455596,True,False,WaterDrops,False
12_11250,12_11250.wav,pitch_down_2,12,Generator,Generator,VehicleEngine,0.94233495,False,False,Generator,True
12_11253,12_11253.wav,original,12,Generator,Generator,Generator,0.9277588,True,False,Generator,True
12_11256,12_11256.wav,original,12,Generator,Generator,Generator,0.99589914,True,True,Generator,True
12_11257,12_11257.wav,original,12,Generator,Generator,Generator,0.9908167,True,False,Generator,True
12_11258,12_11258.wav,pitch_down_2,12,Generator,Generator,Generator,0.9939978,False,False,Generator,True
12_11259,12_11259.wav,pitch_up_2,12,Generator,Generator,Generator,0.99374354,True,False,Generator,True
12_11260,12_11260.wav,pitch_up_2,12,Generator,Generator,Generator,0.9969528,True,True,Generator,True
12_11261,12_11261.wav,pitch_up_2,12,Generator,Generator,Generator,0.9855384,True,False,Generator,True
12_11263,12_11263.wav,pitch_down_2,12,Generator,VehicleEngine,Wind,0.92065936,False,False,VehicleEngine,False
12_11264,12_11264.wav,pitch_down_2,12,Generator,Wind,Helicopter,0.97592103,False,False,Wind,False
12_11264,12_11264.wav,pitch_up_2,12,Generator,Rain,Generator,0.9962403,True,True,Generator,True
12_11266,12_11266.wav,original,12,Generator,Generator,Generator,0.99585617,True,True,Generator,True
12_11270,12_11270.wav,pitch_down_2,12,Generator,Generator,Generator,0.9958283,False,True,Generator,True
12_11270,12_11270.wav,pitch_up_2,12,Generator,Generator,Generator,0.9931404,True,False,Generator,True
12_11273,12_11273.wav,original,12,Generator,Generator,Generator,0.9932276,True,False,Generator,True
12_11274,12_11274.wav,pitch_up_2,12,Generator,Generator,Generator,0.9079974,False,False,Generator,True
13_11301,13_11301.wav,pitch_up_2,13,Handsaw,Handsaw,Handsaw,0.9765147,True,False,Handsaw,True
13_11302,13_11302.wav,original,13,Handsaw,Handsaw,Handsaw,0.95893586,True,False,Handsaw,True
13_11305,13_11305.wav,pitch_down_2,13,Handsaw,Handsaw,TreeFalling,0.72465646,False,False,Handsaw,True
13_11306,13_11306.wav,pitch_down_2,13,Handsaw,Handsaw,TreeFalling,0.76354325,False,False,Handsaw,True
13_11307,13_11307.wav,original,13,Handsaw,Handsaw,Handsaw,0.96035826,True,False,Handsaw,True
13_11307,13_11307.wav,pitch_down_2,13,Handsaw,Handsaw,TreeFalling,0.8565886,False,False,Handsaw,True
13_11308,13_11308.wav,pitch_up_2,13,Handsaw,Handsaw,Handsaw,0.9559896,True,False,Handsaw,True
13_11310,13_11310.wav,pitch_up_2,13,Handsaw,Handsaw,Handsaw,0.9613175,True,False,Handsaw,True
13_11313,13_11313.wav,pitch_down_2,13,Handsaw,Handsaw,Thunderstorm,0.968698,False,False,Handsaw,True
13_11317,13_11317.wav,original,13,Handsaw,Handsaw,Handsaw,0.9755006,True,False,Handsaw,True
13_11319,13_11319.wav,original,13,Handsaw,Handsaw,Generator,0.78065145,False,False,Handsaw,True
13_11319,13_11319.wav,pitch_up_2,13,Handsaw,Handsaw,BirdChirping,0.7933688,False,False,Handsaw,True
13_11320,13_11320.wav,original,13,Handsaw,Handsaw,Firework,0.8730532,False,False,Handsaw,True
13_11320,13_11320.wav,pitch_up_2,13,Handsaw,Handsaw,Firework,0.82515985,False,False,Handsaw,True
13_11321,13_11321.wav,pitch_up_2,13,Handsaw,Handsaw,Handsaw,0.9498043,True,False,Handsaw,True
13_11324,13_11324.wav,pitch_down_2,13,Handsaw,Handsaw,Insect,0.8175326,False,False,Handsaw,True
13_11326,13_11326.wav,original,13,Handsaw,Handsaw,Handsaw,0.98625124,True,False,Handsaw,True
13_11327,13_11327.wav,pitch_down_2,13,Handsaw,Handsaw,Handsaw,0.9860965,False,False,Handsaw,True
13_11328,13_11328.wav,original,13,Handsaw,Handsaw,Handsaw,0.9786308,True,False,Handsaw,True
13_11332,13_11332.wav,original,13,Handsaw,Handsaw,Handsaw,0.97207594,True,False,Handsaw,True
13_11334,13_11334.wav,original,13,Handsaw,Handsaw,Handsaw,0.97512186,True,False,Handsaw,True
13_11337,13_11337.wav,original,13,Handsaw,Handsaw,Handsaw,0.99528813,True,False,Handsaw,True
13_11337,13_11337.wav,pitch_down_2,13,Handsaw,Handsaw,Thunderstorm,0.98908806,False,False,Handsaw,True
13_11338,13_11338.wav,pitch_down_2,13,Handsaw,Handsaw,Chainsaw,0.98164684,False,False,Handsaw,True
13_11339,13_11339.wav,pitch_up_2,13,Handsaw,Handsaw,Handsaw,0.9867326,True,False,Handsaw,True
13_11340,13_11340.wav,pitch_down_2,13,Handsaw,Handsaw,TreeFalling,0.8989476,False,False,Handsaw,True
13_11340,13_11340.wav,pitch_up_2,13,Handsaw,Handsaw,Handsaw,0.99261785,True,False,Handsaw,True
13_11344,13_11344.wav,pitch_up_2,13,Handsaw,Handsaw,Handsaw,0.9677508,True,False,Handsaw,True
13_11349,13_11349.wav,pitch_up_2,13,Handsaw,Handsaw,Handsaw,0.82335985,True,False,Handsaw,True
13_11350,13_11350.wav,pitch_up_2,13,Handsaw,Handsaw,BirdChirping,0.8138731,False,False,Handsaw,True
13_11351,13_11351.wav,pitch_down_2,13,Handsaw,Handsaw,Rain,0.9370791,False,False,Handsaw,True
13_11353,13_11353.wav,pitch_down_2,13,Handsaw,Handsaw,Handsaw,0.7446386,True,False,Handsaw,True
13_11353,13_11353.wav,pitch_up_2,13,Handsaw,Handsaw,Handsaw,0.92628926,True,False,Handsaw,True
13_11354,13_11354.wav,pitch_up_2,13,Handsaw,Handsaw,Handsaw,0.9786446,True,False,Handsaw,True
13_11358,13_11358.wav,pitch_down_2,13,Handsaw,Handsaw,Handsaw,0.9131472,False,False,Handsaw,True
13_11358,13_11358.wav,pitch_up_2,13,Handsaw,Handsaw,Handsaw,0.9751065,True,False,Handsaw,True
13_11359,13_11359.wav,pitch_down_2,13,Handsaw,Handsaw,Footsteps,0.91003764,False,False,Handsaw,True
13_11362,13_11362.wav,pitch_up_2,13,Handsaw,Handsaw,Handsaw,0.9745979,True,False,Handsaw,True
13_11363,13_11363.wav,pitch_down_2,13,Handsaw,Handsaw,Handsaw,0.8966435,False,False,Handsaw,True
13_11367,13_11367.wav,pitch_up_2,13,Handsaw,Handsaw,Handsaw,0.9751332,True,False,Handsaw,True
13_11368,13_11368.wav,original,13,Handsaw,Handsaw,Handsaw,0.96141577,True,False,Handsaw,True
13_11373,13_11373.wav,pitch_up_2,13,Handsaw,Handsaw,Handsaw,0.9748082,True,False,Handsaw,True
13_11374,13_11374.wav,pitch_down_2,13,Handsaw,Handsaw,Rain,0.9439802,False,False,Handsaw,True
13_11374,13_11374.wav,pitch_up_2,13,Handsaw,Handsaw,Handsaw,0.97724974,True,False,Handsaw,True
13_11375,13_11375.wav,pitch_up_2,13,Handsaw,Handsaw,Handsaw,0.9632485,True,False,Handsaw,True
14_11402,14_11402.wav,pitch_up_2,14,Firework,Firework,Firework,0.99615955,True,True,Firework,True
14_11403,14_11403.wav,pitch_down_2,14,Firework,Firework,Firework,0.99031335,True,False,Firework,True
14_11404,14_11404.wav,pitch_down_2,14,Firework,Firework,Squirrel,0.9029412,False,False,Firework,True
14_11404,14_11404.wav,pitch_up_2,14,Firework,Firework,Firework,0.96373785,True,False,Firework,True
14_11405,14_11405.wav,pitch_down_2,14,Firework,Firework,Firework,0.9719915,False,False,Firework,True
14_11408,14_11408.wav,pitch_down_2,14,Firework,Firework,VehicleEngine,0.81746805,False,False,Firework,True
14_11409,14_11409.wav,pitch_down_2,14,Firework,Firework,VehicleEngine,0.8720781,False,False,Firework,True
14_11410,14_11410.wav,original,14,Firework,Firework,Firework,0.9830724,True,False,Firework,True
14_11414,14_11414.wav,pitch_down_2,14,Firework,Firework,Thunderstorm,0.80791116,False,False,Firework,True
14_11414,14_11414.wav,pitch_up_2,14,Firework,Firework,Firework,0.9520519,True,False,Firework,True
14_11415,14_11415.wav,pitch_down_2,14,Firework,Firework,VehicleEngine,0.9524053,False,False,Firework,True
14_11416,14_11416.wav,pitch_down_2,14,Firework,Firework,Firework,0.9867526,False,False,Firework,True
14_11417,14_11417.wav,pitch_up_2,14,Firework,Firework,Firework,0.9498828,True,False,Firework,True
14_11419,14_11419.wav,original,14,Firework,Firework,Firework,0.98734134,True,False,Firework,True
14_11420,14_11420.wav,original,14,Firework,Firework,Firework,0.94248503,True,False,Firework,True
14_11422,14_11422.wav,pitch_up_2,14,Firework,Firework,Firework,0.9592178,True,False,Firework,True
14_11424,14_11424.wav,pitch_up_2,14,Firework,Firework,Firework,0.9876195,True,False,Firework,True
14_11425,14_11425.wav,pitch_down_2,14,Firework,Firework,Wind,0.92089784,False,False,Firework,True
14_11427,14_11427.wav,original,14,Firework,Firework,Firework,0.9968879,True,True,Firework,True
14_11429,14_11429.wav,original,14,Firework,Firework,Firework,0.98244447,True,False,Firework,True
14_11430,14_11430.wav,pitch_down_2,14,Firework,Firework,TreeFalling,0.9122591,False,False,Firework,True
14_11431,14_11431.wav,pitch_down_2,14,Firework,Firework,Helicopter,0.9199481,False,False,Firework,True
14_11433,14_11433.wav,original,14,Firework,Firework,Firework,0.9790113,True,False,Firework,True
14_11438,14_11438.wav,pitch_down_2,14,Firework,Firework,Wind,0.97429425,False,False,Firework,True
14_11439,14_11439.wav,pitch_down_2,14,Firework,Firework,Firework,0.98177516,True,False,Firework,True
14_11440,14_11440.wav,pitch_up_2,14,Firework,Axe,Firework,0.9894628,True,False,Axe,False
14_11441,14_11441.wav,pitch_up_2,14,Firework,Firework,Firework,0.98164403,True,False,Firework,True
14_11442,14_11442.wav,pitch_down_2,14,Firework,Firework,Helicopter,0.9707134,False,False,Firework,True
14_11444,14_11444.wav,pitch_down_2,14,Firework,Firework,WingFlaping,0.7570964,False,False,Firework,True
14_11446,14_11446.wav,pitch_down_2,14,Firework,Firework,Speaking,0.98148894,False,False,Firework,True
14_11448,14_11448.wav,pitch_down_2,14,Firework,Firework,Generator,0.90670514,False,False,Firework,True
14_11449,14_11449.wav,pitch_up_2,14,Firework,Firework,Firework,0.994364,True,False,Firework,True
14_11451,14_11451.wav,pitch_down_2,14,Firework,Firework,Firework,0.9045999,False,False,Firework,True
14_11451,14_11451.wav,pitch_up_2,14,Firework,Firework,Firework,0.96388936,True,False,Firework,True
14_11452,14_11452.wav,pitch_down_2,14,Firework,Firework,Firework,0.94052076,True,False,Firework,True
14_11455,14_11455.wav,pitch_down_2,14,Firework,Firework,Firework,0.95641816,True,False,Firework,True
14_11456,14_11456.wav,pitch_down_2,14,Firework,Firework,Firework,0.95493954,False,False,Firework,True
14_11456,14_11456.wav,pitch_up_2,14,Firework,Firework,Firework,0.9908054,True,False,Firework,True
14_11457,14_11457.wav,pitch_up_2,14,Firework,Firework,Firework,0.99711674,True,True,Firework,True
14_11460,14_11460.wav,original,14,Firework,Firework,Helicopter,0.9786112,False,False,Firework,True
14_11460,14_11460.wav,pitch_up_2,14,Firework,Firework,Generator,0.9768275,False,False,Firework,True
14_11464,14_11464.wav,pitch_down_2,14,Firework,Firework,Helicopter,0.96210265,False,False,Firework,True
14_11467,14_11467.wav,pitch_down_2,14,Firework,Firework,Firework,0.8936602,False,False,Firework,True
14_11471,14_11471.wav,pitch_up_2,14,Firework,Firework,Firework,0.9769313,True,False,Firework,True
14_11472,14_11472.wav,original,14,Firework,Firework,Firework,0.94364464,True,False,Firework,True
15_11501,15_11501.wav,pitch_down_2,15,Gunshot,Gunshot,Gunshot,0.99430084,True,False,Gunshot,True
15_11503,15_11503.wav,pitch_down_2,15,Gunshot,Gunshot,Gunshot,0.98831224,True,False,Gunshot,True
15_11503,15_11503.wav,pitch_up_2,15,Gunshot,Gunshot,Gunshot,0.9940769,True,False,Gunshot,True
15_11504,15_11504.wav,pitch_down_2,15,Gunshot,WingFlaping,Gunshot,0.97991216,False,False,WingFlaping,False
15_11504,15_11504.wav,pitch_up_2,15,Gunshot,WingFlaping,Gunshot,0.9796586,True,False,WingFlaping,False
15_11506,15_11506.wav,original,15,Gunshot,Gunshot,Gunshot,0.99551857,True,True,Gunshot,True
15_11507,15_11507.wav,pitch_down_2,15,Gunshot,Gunshot,Gunshot,0.84569526,True,False,Gunshot,True
15_11512,15_11512.wav,pitch_down_2,15,Gunshot,Gunshot,Gunshot,0.96643025,True,False,Gunshot,True
15_11514,15_11514.wav,pitch_down_2,15,Gunshot,Gunshot,Gunshot,0.80482984,True,False,Gunshot,True
15_11516,15_11516.wav,pitch_up_2,15,Gunshot,Gunshot,Gunshot,0.97244024,True,False,Gunshot,True
15_11517,15_11517.wav,pitch_down_2,15,Gunshot,Gunshot,Gunshot,0.9391687,True,False,Gunshot,True
15_11518,15_11518.wav,original,15,Gunshot,Gunshot,Gunshot,0.9825425,True,False,Gunshot,True
15_11518,15_11518.wav,pitch_down_2,15,Gunshot,Gunshot,Gunshot,0.97377056,True,False,Gunshot,True
15_11521,15_11521.wav,pitch_down_2,15,Gunshot,Gunshot,Thunderstorm,0.8351745,False,False,Gunshot,True
15_11522,15_11522.wav,original,15,Gunshot,Gunshot,Gunshot,0.98883474,True,False,Gunshot,True
15_11522,15_11522.wav,pitch_down_2,15,Gunshot,Gunshot,Gunshot,0.9582599,True,False,Gunshot,True
15_11523,15_11523.wav,pitch_down_2,15,Gunshot,Gunshot,Gunshot,0.7931577,True,False,Gunshot,True
15_11523,15_11523.wav,pitch_up_2,15,Gunshot,Gunshot,Gunshot,0.9564677,True,False,Gunshot,True
15_11526,15_11526.wav,pitch_up_2,15,Gunshot,Gunshot,Gunshot,0.98570144,True,False,Gunshot,True
15_11529,15_11529.wav,pitch_down_2,15,Gunshot,Gunshot,Gunshot,0.98924273,True,False,Gunshot,True
15_11530,15_11530.wav,pitch_down_2,15,Gunshot,Gunshot,Chainsaw,0.7937054,False,False,Gunshot,True
15_11534,15_11534.wav,pitch_down_2,15,Gunshot,Gunshot,Gunshot,0.77158153,True,False,Gunshot,True
15_11535,15_11535.wav,pitch_up_2,15,Gunshot,Gunshot,Gunshot,0.9472797,True,False,Gunshot,True
15_11537,15_11537.wav,pitch_down_2,15,Gunshot,Gunshot,Gunshot,0.8979962,True,False,Gunshot,True
15_11538,15_11538.wav,pitch_down_2,15,Gunshot,Gunshot,Gunshot,0.98242635,True,False,Gunshot,True
15_11540,15_11540.wav,pitch_up_2,15,Gunshot,Gunshot,Gunshot,0.98168755,True,False,Gunshot,True
15_11542,15_11542.wav,pitch_down_2,15,Gunshot,Gunshot,Gunshot,0.9911336,True,False,Gunshot,True
15_11543,15_11543.wav,original,15,Gunshot,Gunshot,Gunshot,0.9765587,True,False,Gunshot,True
15_11546,15_11546.wav,pitch_down_2,15,Gunshot,Gunshot,Gunshot,0.94323367,True,False,Gunshot,True
15_11548,15_11548.wav,original,15,Gunshot,Gunshot,Gunshot,0.9954011,True,True,Gunshot,True
15_11550,15_11550.wav,pitch_down_2,15,Gunshot,Gunshot,Gunshot,0.8317345,True,False,Gunshot,True
15_11553,15_11553.wav,pitch_down_2,15,Gunshot,Gunshot,Fire,0.8811294,False,False,Gunshot,True
15_11554,15_11554.wav,pitch_down_2,15,Gunshot,Gunshot,Gunshot,0.82220346,True,False,Gunshot,True
15_11557,15_11557.wav,original,15,Gunshot,Gunshot,Gunshot,0.92682326,True,False,Gunshot,True
15_11558,15_11558.wav,original,15,Gunshot,Gunshot,Gunshot,0.958699,True,False,Gunshot,True
15_11559,15_11559.wav,pitch_down_2,15,Gunshot,Gunshot,Gunshot,0.8542542,True,False,Gunshot,True
15_11561,15_11561.wav,pitch_up_2,15,Gunshot,Gunshot,Gunshot,0.9984821,True,True,Gunshot,True
15_11563,15_11563.wav,original,15,Gunshot,Gunshot,Gunshot,0.939621,True,False,Gunshot,True
15_11565,15_11565.wav,pitch_up_2,15,Gunshot,Gunshot,Gunshot,0.98623216,True,False,Gunshot,True
15_11566,15_11566.wav,original,15,Gunshot,Gunshot,Gunshot,0.9857936,True,False,Gunshot,True
15_11568,15_11568.wav,pitch_down_2,15,Gunshot,Gunshot,Gunshot,0.95857465,True,False,Gunshot,True
15_11571,15_11571.wav,pitch_down_2,15,Gunshot,Gunshot,Gunshot,0.95236015,True,False,Gunshot,True
15_11574,15_11574.wav,pitch_up_2,15,Gunshot,Gunshot,Gunshot,0.9995069,True,True,Gunshot,True
15_11575,15_11575.wav,original,15,Gunshot,Gunshot,Gunshot,0.99872077,True,True,Gunshot,True
15_11575,15_11575.wav,pitch_down_2,15,Gunshot,Gunshot,Gunshot,0.99163765,True,False,Gunshot,True
16_11603,16_11603.wav,original,16,WoodChop,WoodChop,WoodChop,0.97416866,True,False,WoodChop,True
16_11607,16_11607.wav,original,16,WoodChop,Axe,WoodChop,0.9715836,True,False,Axe,False
16_11608,16_11608.wav,pitch_down_2,16,WoodChop,Axe,Axe,0.99978393,False,True,Axe,False
16_11612,16_11612.wav,original,16,WoodChop,WoodChop,WoodChop,0.9760289,False,False,WoodChop,True
16_11613,16_11613.wav,pitch_down_2,16,WoodChop,Axe,Axe,0.99989545,False,True,Axe,False
16_11614,16_11614.wav,pitch_down_2,16,WoodChop,WoodChop,WoodChop,0.9875487,True,False,WoodChop,True
16_11616,16_11616.wav,pitch_down_2,16,WoodChop,Firework,WoodChop,0.9407885,True,False,Firework,False
16_11616,16_11616.wav,pitch_up_2,16,WoodChop,Firework,WoodChop,0.9844088,True,False,Firework,False
16_11617,16_11617.wav,original,16,WoodChop,Axe,WoodChop,0.9467382,True,False,Axe,False
16_11619,16_11619.wav,pitch_down_2,16,WoodChop,WoodChop,WoodChop,0.9910649,True,False,WoodChop,True
16_11619,16_11619.wav,pitch_up_2,16,WoodChop,WoodChop,WoodChop,0.9937751,True,False,WoodChop,True
16_11621,16_11621.wav,pitch_up_2,16,WoodChop,WoodChop,WoodChop,0.975965,True,False,WoodChop,True
16_11622,16_11622.wav,original,16,WoodChop,WoodChop,WoodChop,0.96374047,True,False,WoodChop,True
16_11622,16_11622.wav,pitch_down_2,16,WoodChop,WoodChop,WoodChop,0.8979505,True,False,WoodChop,True
16_11623,16_11623.wav,pitch_up_2,16,WoodChop,WoodChop,WoodChop,0.94414896,True,False,WoodChop,True
16_11625,16_11625.wav,pitch_up_2,16,WoodChop,WoodChop,WoodChop,0.9487548,True,False,WoodChop,True
16_11627,16_11627.wav,original,16,WoodChop,Axe,WoodChop,0.97710365,True,False,Axe,False
16_11634,16_11634.wav,original,16,WoodChop,WoodChop,WoodChop,0.9934193,True,False,WoodChop,True
16_11635,16_11635.wav,pitch_down_2,16,WoodChop,WoodChop,WoodChop,0.99102354,True,False,WoodChop,True
16_11638,16_11638.wav,pitch_down_2,16,WoodChop,Axe,WoodChop,0.9947191,True,False,Axe,False
16_11640,16_11640.wav,original,16,WoodChop,WoodChop,WoodChop,0.98260224,True,False,WoodChop,True
16_11642,16_11642.wav,original,16,WoodChop,Axe,WoodChop,0.9659975,True,False,Axe,False
16_11642,16_11642.wav,pitch_up_2,16,WoodChop,WoodChop,WoodChop,0.9812691,True,False,WoodChop,True
16_11646,16_11646.wav,original,16,WoodChop,WoodChop,Clapping,0.9055118,False,False,WoodChop,True
16_11647,16_11647.wav,original,16,WoodChop,WoodChop,WoodChop,0.958871,True,False,WoodChop,True
16_11649,16_11649.wav,pitch_down_2,16,WoodChop,WoodChop,WoodChop,0.99217224,True,False,WoodChop,True
16_11650,16_11650.wav,original,16,WoodChop,WoodChop,WoodChop,0.9825377,True,False,WoodChop,True
16_11651,16_11651.wav,pitch_down_2,16,WoodChop,WoodChop,WoodChop,0.9878323,True,False,WoodChop,True
16_11652,16_11652.wav,pitch_up_2,16,WoodChop,WoodChop,WoodChop,0.9811225,True,False,WoodChop,True
16_11653,16_11653.wav,original,16,WoodChop,Clapping,WoodChop,0.9891288,True,False,Clapping,False
16_11654,16_11654.wav,original,16,WoodChop,Fire,WingFlaping,0.8726761,False,False,Fire,False
16_11654,16_11654.wav,pitch_down_2,16,WoodChop,Fire,WaterDrops,0.8576807,False,False,Fire,False
16_11654,16_11654.wav,pitch_up_2,16,WoodChop,WoodChop,WaterDrops,0.85644406,False,False,WoodChop,True
16_11655,16_11655.wav,original,16,WoodChop,WoodChop,WoodChop,0.98839396,False,False,WoodChop,True
16_11655,16_11655.wav,pitch_up_2,16,WoodChop,WoodChop,WoodChop,0.9962238,True,True,WoodChop,True
16_11656,16_11656.wav,pitch_down_2,16,WoodChop,WoodChop,WoodChop,0.9970615,True,True,WoodChop,True
16_11657,16_11657.wav,pitch_up_2,16,WoodChop,WoodChop,WoodChop,0.998264,True,True,WoodChop,True
16_11658,16_11658.wav,original,16,WoodChop,WoodChop,WoodChop,0.99047244,True,False,WoodChop,True
16_11659,16_11659.wav,pitch_down_2,16,WoodChop,WoodChop,WoodChop,0.9946351,True,False,WoodChop,True
16_11662,16_11662.wav,original,16,WoodChop,WoodChop,WoodChop,0.9997336,True,True,WoodChop,True
16_11663,16_11663.wav,pitch_down_2,16,WoodChop,WoodChop,WoodChop,0.985106,True,False,WoodChop,True
16_11665,16_11665.wav,original,16,WoodChop,WoodChop,WoodChop,0.92175967,False,False,WoodChop,True
16_11666,16_11666.wav,original,16,WoodChop,Axe,WoodChop,0.9853843,True,False,Axe,False
16_11669,16_11669.wav,original,16,WoodChop,WoodChop,WoodChop,0.9933804,True,False,WoodChop,True
16_11675,16_11675.wav,pitch_up_2,16,WoodChop,WoodChop,WoodChop,0.9826219,True,False,WoodChop,True
17_11701,17_11701.wav,original,17,Whistling,Whistling,Whistling,0.9850497,True,False,Whistling,True
17_11701,17_11701.wav,pitch_up_2,17,Whistling,Whistling,Whistling,0.9854102,True,False,Whistling,True
17_11702,17_11702.wav,original,17,Whistling,Whistling,Whistling,0.98088247,True,False,Whistling,True
17_11703,17_11703.wav,pitch_up_2,17,Whistling,Whistling,Whistling,0.96695256,True,False,Whistling,True
17_11706,17_11706.wav,original,17,Whistling,Whistling,Whistling,0.99817145,True,True,Whistling,True
17_11708,17_11708.wav,pitch_down_2,17,Whistling,Whistling,Whistling,0.9958324,True,True,Whistling,True
17_11712,17_11712.wav,original,17,Whistling,Whistling,Whistling,0.9735774,True,False,Whistling,True
17_11712,17_11712.wav,pitch_down_2,17,Whistling,Whistling,WaterDrops,0.91353387,False,False,Whistling,True
17_11713,17_11713.wav,original,17,Whistling,Whistling,Whistling,0.97592574,True,False,Whistling,True
17_11715,17_11715.wav,pitch_up_2,17,Whistling,Whistling,Whistling,0.98786855,True,False,Whistling,True
17_11721,17_11721.wav,original,17,Whistling,Whistling,Whistling,0.9668939,True,False,Whistling,True
17_11722,17_11722.wav,pitch_up_2,17,Whistling,Whistling,Whistling,0.94748163,True,False,Whistling,True
17_11724,17_11724.wav,pitch_up_2,17,Whistling,Whistling,Whistling,0.99023604,True,False,Whistling,True
17_11725,17_11725.wav,pitch_up_2,17,Whistling,Whistling,Whistling,0.94797915,True,False,Whistling,True
17_11728,17_11728.wav,pitch_down_2,17,Whistling,Whistling,Whistling,0.95702165,True,False,Whistling,True
17_11733,17_11733.wav,pitch_up_2,17,Whistling,Whistling,Whistling,0.7741573,True,False,Whistling,True
17_11734,17_11734.wav,pitch_up_2,17,Whistling,Whistling,Whistling,0.9649538,True,False,Whistling,True
17_11735,17_11735.wav,pitch_down_2,17,Whistling,Whistling,Helicopter,0.9287485,False,False,Whistling,True
17_11740,17_11740.wav,pitch_down_2,17,Whistling,Whistling,Whistling,0.99426126,True,False,Whistling,True
17_11741,17_11741.wav,pitch_up_2,17,Whistling,Whistling,Whistling,0.91724086,True,False,Whistling,True
17_11742,17_11742.wav,original,17,Whistling,Whistling,Whistling,0.98535216,True,False,Whistling,True
17_11743,17_11743.wav,original,17,Whistling,Whistling,Whistling,0.9393364,True,False,Whistling,True
17_11743,17_11743.wav,pitch_down_2,17,Whistling,Whistling,BirdChirping,0.85940075,False,False,Whistling,True
17_11745,17_11745.wav,original,17,Whistling,Whistling,Whistling,0.92390764,True,False,Whistling,True
17_11746,17_11746.wav,original,17,Whistling,Whistling,Whistling,0.99495804,True,False,Whistling,True
17_11747,17_11747.wav,pitch_up_2,17,Whistling,Whistling,Whistling,0.97359204,True,False,Whistling,True
17_11748,17_11748.wav,original,17,Whistling,Whistling,BirdChirping,0.76393545,False,False,Whistling,True
17_11748,17_11748.wav,pitch_down_2,17,Whistling,Whistling,BirdChirping,0.7907349,False,False,Whistling,True
17_11748,17_11748.wav,pitch_up_2,17,Whistling,Whistling,TreeFalling,0.7863269,False,False,Whistling,True
17_11749,17_11749.wav,original,17,Whistling,Whistling,Whistling,0.90696543,True,False,Whistling,True
17_11753,17_11753.wav,pitch_down_2,17,Whistling,Whistling,Whistling,0.8619449,True,False,Whistling,True
17_11754,17_11754.wav,pitch_up_2,17,Whistling,Whistling,Whistling,0.98731536,True,False,Whistling,True
17_11755,17_11755.wav,pitch_down_2,17,Whistling,Whistling,Whistling,0.98153067,True,False,Whistling,True
17_11756,17_11756.wav,pitch_up_2,17,Whistling,Whistling,Whistling,0.9011816,True,False,Whistling,True
17_11758,17_11758.wav,pitch_down_2,17,Whistling,Whistling,Handsaw,0.9073987,False,False,Whistling,True
17_11758,17_11758.wav,pitch_up_2,17,Whistling,Whistling,Chainsaw,0.91319,False,False,Whistling,True
17_11763,17_11763.wav,pitch_down_2,17,Whistling,Whistling,Whistling,0.99329287,True,False,Whistling,True
17_11764,17_11764.wav,pitch_down_2,17,Whistling,Whistling,Whistling,0.9703813,False,False,Whistling,True
17_11765,17_11765.wav,pitch_down_2,17,Whistling,Whistling,Whistling,0.9892514,True,False,Whistling,True
17_11767,17_11767.wav,pitch_up_2,17,Whistling,Whistling,Whistling,0.98162913,True,False,Whistling,True
17_11768,17_11768.wav,original,17,Whistling,Whistling,Whistling,0.99041283,True,False,Whistling,True
17_11769,17_11769.wav,pitch_up_2,17,Whistling,Whistling,Whistling,0.9879254,True,False,Whistling,True
17_11773,17_11773.wav,pitch_down_2,17,Whistling,Whistling,Whistling,0.91799617,True,False,Whistling,True
17_11773,17_11773.wav,pitch_up_2,17,Whistling,Whistling,Whistling,0.9517043,True,False,Whistling,True
17_11775,17_11775.wav,pitch_up_2,17,Whistling,Whistling,Whistling,0.9487746,True,False,Whistling,True
18_11803,18_11803.wav,original,18,Speaking,Speaking,Speaking,0.8820143,True,False,Speaking,True
18_11804,18_11804.wav,pitch_up_2,18,Speaking,Speaking,Speaking,0.99543214,True,True,Speaking,True
18_11806,18_11806.wav,original,18,Speaking,Speaking,Speaking,0.9948329,True,False,Speaking,True
18_11806,18_11806.wav,pitch_down_2,18,Speaking,Speaking,Generator,0.9803176,False,False,Speaking,True
18_11808,18_11808.wav,pitch_up_2,18,Speaking,Speaking,Speaking,0.9961629,True,True,Speaking,True
18_11809,18_11809.wav,pitch_up_2,18,Speaking,Speaking,Speaking,0.93993056,True,False,Speaking,True
18_11810,18_11810.wav,pitch_down_2,18,Speaking,Speaking,Squirrel,0.6124887,False,False,Speaking,True
18_11811,18_11811.wav,pitch_up_2,18,Speaking,Speaking,Speaking,0.98768324,True,False,Speaking,True
18_11815,18_11815.wav,original,18,Speaking,Speaking,Speaking,0.981791,True,False,Speaking,True
18_11819,18_11819.wav,original,18,Speaking,Speaking,Speaking,0.8421382,False,False,Speaking,True
18_11819,18_11819.wav,pitch_up_2,18,Speaking,Speaking,Speaking,0.83185655,False,False,Speaking,True
18_11822,18_11822.wav,pitch_down_2,18,Speaking,Speaking,Speaking,0.96536994,False,False,Speaking,True
18_11828,18_11828.wav,pitch_up_2,18,Speaking,Speaking,Speaking,0.93305814,True,False,Speaking,True
18_11830,18_11830.wav,pitch_up_2,18,Speaking,Speaking,Speaking,0.9962325,True,True,Speaking,True
18_11831,18_11831.wav,pitch_down_2,18,Speaking,Speaking,Thunderstorm,0.9900848,False,False,Speaking,True
18_11834,18_11834.wav,pitch_up_2,18,Speaking,Speaking,Speaking,0.984929,True,False,Speaking,True
18_11835,18_11835.wav,pitch_down_2,18,Speaking,Speaking,Generator,0.9686073,False,False,Speaking,True
18_11837,18_11837.wav,pitch_up_2,18,Speaking,Speaking,Speaking,0.9962995,True,True,Speaking,True
18_11839,18_11839.wav,pitch_down_2,18,Speaking,Speaking,VehicleEngine,0.9811257,False,False,Speaking,True
18_11839,18_11839.wav,pitch_up_2,18,Speaking,Speaking,Speaking,0.9972584,True,True,Speaking,True
18_11840,18_11840.wav,pitch_down_2,18,Speaking,Speaking,TreeFalling,0.9867848,False,False,Speaking,True
18_11841,18_11841.wav,pitch_down_2,18,Speaking,Speaking,Rain,0.92142594,False,False,Speaking,True
18_11842,18_11842.wav,pitch_up_2,18,Speaking,Speaking,Speaking,0.94207287,True,False,Speaking,True
18_11844,18_11844.wav,pitch_down_2,18,Speaking,Speaking,Speaking,0.97670305,True,False,Speaking,True
18_11845,18_11845.wav,pitch_down_2,18,Speaking,Speaking,Wind,0.9884141,False,False,Speaking,True
18_11845,18_11845.wav,pitch_up_2,18,Speaking,Speaking,Speaking,0.9972235,True,True,Speaking,True
18_11851,18_11851.wav,pitch_up_2,18,Speaking,Speaking,Speaking,0.96016204,True,False,Speaking,True
18_11852,18_11852.wav,pitch_up_2,18,Speaking,Speaking,Speaking,0.9729291,True,False,Speaking,True
18_11854,18_11854.wav,pitch_up_2,18,Speaking,Speaking,Speaking,0.9944632,True,False,Speaking,True
18_11855,18_11855.wav,original,18,Speaking,Speaking,Speaking,0.8298435,True,False,Speaking,True
18_11855,18_11855.wav,pitch_up_2,18,Speaking,Speaking,Speaking,0.873044,True,False,Speaking,True
18_11857,18_11857.wav,pitch_down_2,18,Speaking,Speaking,Wind,0.8722882,False,False,Speaking,True
18_11857,18_11857.wav,pitch_up_2,18,Speaking,Speaking,Speaking,0.88853467,True,False,Speaking,True
18_11859,18_11859.wav,original,18,Speaking,Speaking,Speaking,0.9805759,True,False,Speaking,True
18_11861,18_11861.wav,original,18,Speaking,Speaking,Speaking,0.903669,True,False,Speaking,True
18_11861,18_11861.wav,pitch_down_2,18,Speaking,Speaking,Firework,0.83961856,False,False,Speaking,True
18_11862,18_11862.wav,pitch_up_2,18,Speaking,Speaking,Speaking,0.9767853,True,False,Speaking,True
18_11863,18_11863.wav,original,18,Speaking,Speaking,Speaking,0.98821986,True,False,Speaking,True
18_11863,18_11863.wav,pitch_down_2,18,Speaking,Speaking,Speaking,0.97919583,True,False,Speaking,True
18_11867,18_11867.wav,pitch_up_2,18,Speaking,Speaking,Speaking,0.91575146,True,False,Speaking,True
18_11868,18_11868.wav,pitch_up_2,18,Speaking,Speaking,Speaking,0.9931491,True,False,Speaking,True
18_11869,18_11869.wav,original,18,Speaking,Speaking,Speaking,0.9321526,True,False,Speaking,True
18_11871,18_11871.wav,pitch_up_2,18,Speaking,Speaking,Speaking,0.9627683,True,False,Speaking,True
18_11873,18_11873.wav,pitch_up_2,18,Speaking,Speaking,Speaking,0.9531275,True,False,Speaking,True
18_11875,18_11875.wav,pitch_down_2,18,Speaking,Speaking,Firework,0.69321024,False,False,Speaking,True
19_11901,19_11901.wav,original,19,Footsteps,Footsteps,Footsteps,0.99654436,True,True,Footsteps,True
19_11904,19_11904.wav,original,19,Footsteps,Fire,Footsteps,0.981083,True,False,Fire,False
19_11908,19_11908.wav,original,19,Footsteps,Footsteps,Footsteps,0.95771456,True,False,Footsteps,True
19_11909,19_11909.wav,pitch_down_2,19,Footsteps,Footsteps,WaterDrops,0.89527375,False,False,Footsteps,True
19_11914,19_11914.wav,original,19,Footsteps,Footsteps,Footsteps,0.98812324,True,False,Footsteps,True
19_11914,19_11914.wav,pitch_down_2,19,Footsteps,Footsteps,Rain,0.94467455,False,False,Footsteps,True
19_11916,19_11916.wav,pitch_down_2,19,Footsteps,Footsteps,Wind,0.956682,False,False,Footsteps,True
19_11919,19_11919.wav,pitch_down_2,19,Footsteps,Footsteps,Handsaw,0.9363562,False,False,Footsteps,True
19_11920,19_11920.wav,original,19,Footsteps,Footsteps,Footsteps,0.99306905,True,False,Footsteps,True
19_11920,19_11920.wav,pitch_down_2,19,Footsteps,Footsteps,Silence,0.97183174,False,False,Footsteps,True
19_11923,19_11923.wav,pitch_down_2,19,Footsteps,Footsteps,Chainsaw,0.9213158,False,False,Footsteps,True
19_11924,19_11924.wav,pitch_down_2,19,Footsteps,Footsteps,Speaking,0.8500116,False,False,Footsteps,True
19_11926,19_11926.wav,original,19,Footsteps,Footsteps,Footsteps,0.98558575,True,False,Footsteps,True
19_11928,19_11928.wav,original,19,Footsteps,Footsteps,Footsteps,0.9791094,True,False,Footsteps,True
19_11929,19_11929.wav,pitch_up_2,19,Footsteps,Footsteps,Footsteps,0.99099725,True,False,Footsteps,True
19_11931,19_11931.wav,original,19,Footsteps,Footsteps,Footsteps,0.9656468,False,False,Footsteps,True
19_11931,19_11931.wav,pitch_up_2,19,Footsteps,Footsteps,Footsteps,0.95565796,False,False,Footsteps,True
19_11933,19_11933.wav,pitch_down_2,19,Footsteps,Footsteps,Footsteps,0.9726949,False,False,Footsteps,True
19_11933,19_11933.wav,pitch_up_2,19,Footsteps,Footsteps,Footsteps,0.9900665,True,False,Footsteps,True
19_11935,19_11935.wav,pitch_up_2,19,Footsteps,Footsteps,Footsteps,0.9857093,True,False,Footsteps,True
19_11937,19_11937.wav,original,19,Footsteps,Footsteps,Footsteps,0.9893757,True,False,Footsteps,True
19_11938,19_11938.wav,pitch_up_2,19,Footsteps,Footsteps,Footsteps,0.92788243,True,False,Footsteps,True
19_11939,19_11939.wav,original,19,Footsteps,Footsteps,Footsteps,0.975623,True,False,Footsteps,True
19_11939,19_11939.wav,pitch_down_2,19,Footsteps,Footsteps,Rain,0.8803355,False,False,Footsteps,True
19_11941,19_11941.wav,pitch_down_2,19,Footsteps,Footsteps,Rain,0.9328297,False,False,Footsteps,True
19_11945,19_11945.wav,original,19,Footsteps,Footsteps,Footsteps,0.95993537,True,False,Footsteps,True
19_11947,19_11947.wav,original,19,Footsteps,Footsteps,Footsteps,0.974842,True,False,Footsteps,True
19_11949,19_11949.wav,original,19,Footsteps,Footsteps,WaterDrops,0.85473275,False,False,Footsteps,True
19_11949,19_11949.wav,pitch_up_2,19,Footsteps,Footsteps,Insect,0.8775175,False,False,Footsteps,True
19_11950,19_11950.wav,original,19,Footsteps,Footsteps,Footsteps,0.9619447,True,False,Footsteps,True
19_11950,19_11950.wav,pitch_down_2,19,Footsteps,Footsteps,Wind,0.73862875,False,False,Footsteps,True
19_11952,19_11952.wav,original,19,Footsteps,Footsteps,Footsteps,0.9901489,True,False,Footsteps,True
19_11957,19_11957.wav,original,19,Footsteps,Axe,Footsteps,0.95929,True,False,Axe,False
19_11960,19_11960.wav,pitch_down_2,19,Footsteps,Footsteps,Insect,0.8384399,False,False,Footsteps,True
19_11961,19_11961.wav,original,19,Footsteps,Footsteps,Footsteps,0.9773761,True,False,Footsteps,True
19_11965,19_11965.wav,original,19,Footsteps,Footsteps,Footsteps,0.8539746,True,False,Footsteps,True
19_11966,19_11966.wav,pitch_down_2,19,Footsteps,Footsteps,Rain,0.8412999,False,False,Footsteps,True
19_11968,19_11968.wav,pitch_down_2,19,Footsteps,Footsteps,Footsteps,0.97934306,True,False,Footsteps,True
19_11969,19_11969.wav,original,19,Footsteps,Footsteps,Footsteps,0.9839859,True,False,Footsteps,True
19_11970,19_11970.wav,original,19,Footsteps,Footsteps,Footsteps,0.92793584,True,False,Footsteps,True
19_11971,19_11971.wav,pitch_down_2,19,Footsteps,Footsteps,Footsteps,0.75906026,True,False,Footsteps,True
19_11972,19_11972.wav,original,19,Footsteps,Footsteps,Footsteps,0.9797503,True,False,Footsteps,True
19_11972,19_11972.wav,pitch_down_2,19,Footsteps,Footsteps,Footsteps,0.90535134,True,False,Footsteps,True
19_11973,19_11973.wav,pitch_up_2,19,Footsteps,Footsteps,Footsteps,0.9870026,True,False,Footsteps,True
19_11974,19_11974.wav,original,19,Footsteps,Footsteps,Footsteps,0.96241605,True,False,Footsteps,True
20_12002,20_12002.wav,pitch_down_2,20,Clapping,Clapping,Rain,0.8871208,False,False,Clapping,True
20_12005,20_12005.wav,pitch_down_2,20,Clapping,Clapping,Clapping,0.9641726,True,False,Clapping,True
20_12007,20_12007.wav,original,20,Clapping,Clapping,Clapping,0.9840679,True,False,Clapping,True
20_12008,20_12008.wav,pitch_up_2,20,Clapping,Clapping,Clapping,0.9925782,True,False,Clapping,True
20_12009,20_12009.wav,pitch_up_2,20,Clapping,Clapping,Clapping,0.9597157,True,False,Clapping,True
20_12010,20_12010.wav,pitch_down_2,20,Clapping,Clapping,WaterDrops,0.9796809,False,False,Clapping,True
20_12011,20_12011.wav,pitch_up_2,20,Clapping,Clapping,Clapping,0.99502754,True,False,Clapping,True
20_12016,20_12016.wav,pitch_down_2,20,Clapping,Clapping,Clapping,0.96873677,True,False,Clapping,True
20_12017,20_12017.wav,pitch_down_2,20,Clapping,Clapping,Clapping,0.99841225,True,True,Clapping,True
20_12018,20_12018.wav,pitch_down_2,20,Clapping,Clapping,Clapping,0.9461994,True,False,Clapping,True
20_12018,20_12018.wav,pitch_up_2,20,Clapping,Clapping,Clapping,0.9621814,True,False,Clapping,True
20_12019,20_12019.wav,pitch_up_2,20,Clapping,Clapping,Clapping,0.98940873,True,False,Clapping,True
20_12020,20_12020.wav,pitch_down_2,20,Clapping,Clapping,Clapping,0.91722214,False,False,Clapping,True
20_12021,20_12021.wav,pitch_down_2,20,Clapping,Clapping,Rain,0.97679394,False,False,Clapping,True
20_12021,20_12021.wav,pitch_up_2,20,Clapping,Clapping,Rain,0.9818189,False,False,Clapping,True
20_12023,20_12023.wav,pitch_up_2,20,Clapping,Clapping,Clapping,0.963651,True,False,Clapping,True
20_12025,20_12025.wav,pitch_up_2,20,Clapping,Clapping,Clapping,0.92265415,True,False,Clapping,True
20_12026,20_12026.wav,pitch_up_2,20,Clapping,Clapping,Clapping,0.9908909,True,False,Clapping,True
20_12027,20_12027.wav,original,20,Clapping,Clapping,Clapping,0.99125063,True,False,Clapping,True
20_12028,20_12028.wav,original,20,Clapping,Axe,WoodChop,0.9840523,False,False,Axe,False
20_12028,20_12028.wav,pitch_up_2,20,Clapping,Clapping,Clapping,0.99850947,True,True,Clapping,True
20_12033,20_12033.wav,original,20,Clapping,Clapping,Clapping,0.99421966,True,False,Clapping,True
20_12035,20_12035.wav,pitch_up_2,20,Clapping,Clapping,Clapping,0.97126114,True,False,Clapping,True
20_12038,20_12038.wav,original,20,Clapping,Clapping,Insect,0.9285514,False,False,Clapping,True
20_12040,20_12040.wav,original,20,Clapping,Clapping,Clapping,0.98609364,True,False,Clapping,True
20_12040,20_12040.wav,pitch_up_2,20,Clapping,Clapping,Clapping,0.9967566,True,True,Clapping,True
20_12041,20_12041.wav,pitch_up_2,20,Clapping,Clapping,Handsaw,0.9584192,False,False,Clapping,True
20_12042,20_12042.wav,pitch_up_2,20,Clapping,Clapping,Clapping,0.9830265,True,False,Clapping,True
20_12043,20_12043.wav,pitch_down_2,20,Clapping,Clapping,Chainsaw,0.912629,False,False,Clapping,True
20_12045,20_12045.wav,original,20,Clapping,Clapping,Axe,0.9614501,False,False,Clapping,True
20_12045,20_12045.wav,pitch_down_2,20,Clapping,Clapping,Axe,0.95795476,False,False,Clapping,True
20_12045,20_12045.wav,pitch_up_2,20,Clapping,Clapping,Axe,0.9588294,False,False,Clapping,True
20_12047,20_12047.wav,pitch_down_2,20,Clapping,Clapping,Clapping,0.9961233,True,True,Clapping,True
20_12047,20_12047.wav,pitch_up_2,20,Clapping,Clapping,Clapping,0.99866056,True,True,Clapping,True
20_12049,20_12049.wav,original,20,Clapping,Clapping,Clapping,0.93461394,True,False,Clapping,True
20_12049,20_12049.wav,pitch_up_2,20,Clapping,Clapping,Clapping,0.93884337,True,False,Clapping,True
20_12050,20_12050.wav,original,20,Clapping,Clapping,Clapping,0.9086753,True,False,Clapping,True
20_12052,20_12052.wav,pitch_up_2,20,Clapping,Clapping,Clapping,0.95730823,True,False,Clapping,True
20_12056,20_12056.wav,pitch_down_2,20,Clapping,Clapping,Clapping,0.9245173,True,False,Clapping,True
20_12061,20_12061.wav,pitch_down_2,20,Clapping,Clapping,Clapping,0.88773704,True,False,Clapping,True
20_12065,20_12065.wav,pitch_down_2,20,Clapping,Clapping,Clapping,0.99202013,True,False,Clapping,True
20_12066,20_12066.wav,original,20,Clapping,Clapping,Clapping,0.6577298,False,False,Clapping,True
20_12066,20_12066.wav,pitch_down_2,20,Clapping,Clapping,BirdChirping,0.774764,False,False,Clapping,True
20_12070,20_12070.wav,original,20,Clapping,Clapping,Clapping,0.9819789,True,False,Clapping,True
20_12072,20_12072.wav,pitch_down_2,20,Clapping,Clapping,Clapping,0.9737464,True,False,Clapping,True
21_12107,21_12107.wav,pitch_up_2,21,Insect,Insect,Insect,0.9571906,True,False,Insect,True
21_12108,21_12108.wav,pitch_down_2,21,Insect,Insect,Insect,0.7700299,False,False,Insect,True
21_12109,21_12109.wav,pitch_up_2,21,Insect,Insect,Insect,0.96328163,True,False,Insect,True
21_12111,21_12111.wav,pitch_down_2,21,Insect,Insect,Fire,0.97858196,False,False,Insect,True
21_12112,21_12112.wav,pitch_down_2,21,Insect,Insect,Insect,0.9480881,False,False,Insect,True
21_12112,21_12112.wav,pitch_up_2,21,Insect,Insect,Insect,0.9501716,False,False,Insect,True
21_12113,21_12113.wav,pitch_down_2,21,Insect,Insect,VehicleEngine,0.98834896,False,False,Insect,True
21_12116,21_12116.wav,original,21,Insect,Insect,Insect,0.9836937,True,False,Insect,True
21_12116,21_12116.wav,pitch_down_2,21,Insect,Insect,Insect,0.94695973,False,False,Insect,True
21_12118,21_12118.wav,original,21,Insect,Insect,Insect,0.98935056,True,False,Insect,True
21_12119,21_12119.wav,original,21,Insect,Insect,Insect,0.8086769,True,False,Insect,True
21_12119,21_12119.wav,pitch_down_2,21,Insect,Insect,Insect,0.85662276,False,False,Insect,True
21_12120,21_12120.wav,original,21,Insect,Insect,Insect,0.9503703,False,False,Insect,True
21_12121,21_12121.wav,original,21,Insect,Insect,Insect,0.9487344,False,False,Insect,True
21_12121,21_12121.wav,pitch_up_2,21,Insect,Insect,Insect,0.95429707,False,False,Insect,True
21_12123,21_12123.wav,pitch_up_2,21,Insect,Insect,Insect,0.97139424,True,False,Insect,True
21_12128,21_12128.wav,pitch_down_2,21,Insect,Insect,Insect,0.94449973,False,False,Insect,True
21_12128,21_12128.wav,pitch_up_2,21,Insect,Insect,Insect,0.94321984,True,False,Insect,True
21_12129,21_12129.wav,original,21,Insect,Insect,Rain,0.9778594,False,False,Insect,True
21_12130,21_12130.wav,original,21,Insect,Insect,Insect,0.9870728,True,False,Insect,True
21_12131,21_12131.wav,pitch_down_2,21,Insect,Insect,Insect,0.95576954,True,False,Insect,True
21_12132,21_12132.wav,pitch_up_2,21,Insect,Insect,Insect,0.98378336,True,False,Insect,True
21_12134,21_12134.wav,pitch_up_2,21,Insect,Insect,Insect,0.9243947,True,False,Insect,True
21_12136,21_12136.wav,original,21,Insect,Insect,Insect,0.98247045,True,False,Insect,True
21_12137,21_12137.wav,original,21,Insect,Insect,Insect,0.9363886,True,False,Insect,True
21_12137,21_12137.wav,pitch_down_2,21,Insect,Insect,Frog,0.92670584,False,False,Insect,True
21_12141,21_12141.wav,original,21,Insect,Insect,Rain,0.94137955,False,False,Insect,True
21_12141,21_12141.wav,pitch_down_2,21,Insect,Insect,Rain,0.8949193,False,False,Insect,True
21_12143,21_12143.wav,pitch_up_2,21,Insect,Insect,Insect,0.92701876,False,False,Insect,True
21_12145,21_12145.wav,original,21,Insect,Insect,Insect,0.9659084,True,False,Insect,True
21_12147,21_12147.wav,pitch_down_2,21,Insect,Insect,Insect,0.9950964,True,False,Insect,True
21_12151,21_12151.wav,pitch_up_2,21,Insect,Insect,Insect,0.9958377,True,True,Insect,True
21_12153,21_12153.wav,original,21,Insect,Insect,Insect,0.9817228,True,False,Insect,True
21_12159,21_12159.wav,pitch_up_2,21,Insect,Insect,Insect,0.9621607,True,False,Insect,True
21_12163,21_12163.wav,pitch_down_2,21,Insect,Insect,Silence,0.91724634,False,False,Insect,True
21_12164,21_12164.wav,pitch_down_2,21,Insect,Insect,Insect,0.96607566,True,False,Insect,True
21_12165,21_12165.wav,pitch_up_2,21,Insect,Insect,Insect,0.90006214,True,False,Insect,True
21_12166,21_12166.wav,original,21,Insect,Insect,WaterDrops,0.9537365,False,False,Insect,True
21_12167,21_12167.wav,original,21,Insect,Insect,Insect,0.81187654,True,False,Insect,True
21_12168,21_12168.wav,original,21,Insect,Insect,Insect,0.8248955,True,False,Insect,True
21_12170,21_12170.wav,original,21,Insect,Insect,Insect,0.98812056,True,False,Insect,True
21_12172,21_12172.wav,pitch_down_2,21,Insect,Insect,Insect,0.98711634,False,False,Insect,True
21_12172,21_12172.wav,pitch_up_2,21,Insect,Insect,Insect,0.98701286,False,False,Insect,True
21_12173,21_12173.wav,pitch_up_2,21,Insect,Insect,Insect,0.94480425,False,False,Insect,True
21_12175,21_12175.wav,pitch_down_2,21,Insect,Insect,Silence,0.8760557,False,False,Insect,True
22_12201,22_12201.wav,pitch_down_2,22,Frog,Frog,Frog,0.93665385,True,False,Frog,True
22_12203,22_12203.wav,pitch_down_2,22,Frog,Frog,Frog,0.9660118,True,False,Frog,True
22_12204,22_12204.wav,pitch_down_2,22,Frog,Frog,Frog,0.9450116,False,False,Frog,True
22_12205,22_12205.wav,original,22,Frog,Frog,Frog,0.97330624,True,False,Frog,True
22_12206,22_12206.wav,original,22,Frog,Frog,Frog,0.9782076,True,False,Frog,True
22_12207,22_12207.wav,pitch_up_2,22,Frog,Frog,Frog,0.97244817,True,False,Frog,True
22_12208,22_12208.wav,pitch_down_2,22,Frog,Frog,Frog,0.7449461,True,False,Frog,True
22_12212,22_12212.wav,pitch_up_2,22,Frog,Frog,Frog,0.97878194,True,False,Frog,True
22_12213,22_12213.wav,pitch_down_2,22,Frog,Frog,Frog,0.912186,True,False,Frog,True
22_12214,22_12214.wav,original,22,Frog,Speaking,Frog,0.9931537,True,False,Speaking,False
22_12215,22_12215.wav,pitch_down_2,22,Frog,Frog,Squirrel,0.6635197,False,False,Frog,True
22_12218,22_12218.wav,pitch_up_2,22,Frog,Frog,Frog,0.97836006,True,False,Frog,True
22_12219,22_12219.wav,pitch_up_2,22,Frog,Frog,Frog,0.93361145,True,False,Frog,True
22_12220,22_12220.wav,pitch_down_2,22,Frog,Frog,Frog,0.9520891,True,False,Frog,True
22_12221,22_12221.wav,original,22,Frog,Frog,Frog,0.95286983,True,False,Frog,True
22_12221,22_12221.wav,pitch_down_2,22,Frog,Frog,Frog,0.89269745,True,False,Frog,True
22_12222,22_12222.wav,original,22,Frog,Frog,Frog,0.9914826,True,False,Frog,True
22_12226,22_12226.wav,original,22,Frog,Frog,Frog,0.9455085,True,False,Frog,True
22_12227,22_12227.wav,pitch_down_2,22,Frog,Frog,Frog,0.9777304,True,False,Frog,True
22_12227,22_12227.wav,pitch_up_2,22,Frog,Frog,Frog,0.9877756,True,False,Frog,True
22_12230,22_12230.wav,pitch_up_2,22,Frog,Frog,Frog,0.92430174,True,False,Frog,True
22_12232,22_12232.wav,original,22,Frog,Frog,Frog,0.97720796,False,False,Frog,True
22_12235,22_12235.wav,pitch_down_2,22,Frog,Frog,Frog,0.9740895,False,False,Frog,True
22_12238,22_12238.wav,pitch_down_2,22,Frog,Frog,Frog,0.914143,True,False,Frog,True
22_12239,22_12239.wav,original,22,Frog,Frog,Frog,0.9406854,True,False,Frog,True
22_12243,22_12243.wav,pitch_down_2,22,Frog,Frog,Clapping,0.89141613,False,False,Frog,True
22_12243,22_12243.wav,pitch_up_2,22,Frog,Frog,Frog,0.93934745,True,False,Frog,True
22_12244,22_12244.wav,original,22,Frog,Frog,Generator,0.84110874,False,False,Frog,True
22_12244,22_12244.wav,pitch_down_2,22,Frog,Frog,BirdChirping,0.8452722,False,False,Frog,True
22_12246,22_12246.wav,pitch_up_2,22,Frog,Frog,Frog,0.92155373,True,False,Frog,True
22_12247,22_12247.wav,original,22,Frog,VehicleEngine,Frog,0.9588347,True,False,VehicleEngine,False
22_12247,22_12247.wav,pitch_down_2,22,Frog,Frog,Generator,0.7910428,False,False,Frog,True
22_12249,22_12249.wav,pitch_down_2,22,Frog,Frog,Whistling,0.705593,False,False,Frog,True
22_12256,22_12256.wav,original,22,Frog,Frog,Frog,0.9704082,True,False,Frog,True
22_12257,22_12257.wav,pitch_down_2,22,Frog,Frog,Frog,0.9590108,True,False,Frog,True
22_12260,22_12260.wav,original,22,Frog,Frog,Frog,0.9186094,True,False,Frog,True
22_12263,22_12263.wav,original,22,Frog,Speaking,Helicopter,0.987304,False,False,Speaking,False
22_12263,22_12263.wav,pitch_down_2,22,Frog,Insect,Helicopter,0.98052657,False,False,Insect,False
22_12263,22_12263.wav,pitch_up_2,22,Frog,Insect,Generator,0.9817984,False,False,Insect,False
22_12272,22_12272.wav,original,22,Frog,Frog,Frog,0.9361162,False,False,Frog,True
22_12272,22_12272.wav,pitch_down_2,22,Frog,Frog,Frog,0.9255909,False,False,Frog,True
22_12272,22_12272.wav,pitch_up_2,22,Frog,Frog,Frog,0.9247545,False,False,Frog,True
22_12273,22_12273.wav,original,22,Frog,Frog,Frog,0.9791061,True,False,Frog,True
22_12274,22_12274.wav,original,22,Frog,Frog,Frog,0.9728436,True,False,Frog,True
22_12275,22_12275.wav,original,22,Frog,Insect,Frog,0.904654,True,False,Insect,False
23_12303,23_12303.wav,original,23,BirdChirping,BirdChirping,BirdChirping,0.98457557,True,False,BirdChirping,True
23_12303,23_12303.wav,pitch_down_2,23,BirdChirping,BirdChirping,BirdChirping,0.97640187,True,False,BirdChirping,True
23_12304,23_12304.wav,pitch_down_2,23,BirdChirping,BirdChirping,BirdChirping,0.9556045,True,False,BirdChirping,True
23_12304,23_12304.wav,pitch_up_2,23,BirdChirping,BirdChirping,BirdChirping,0.9825628,True,False,BirdChirping,True
23_12306,23_12306.wav,pitch_down_2,23,BirdChirping,BirdChirping,BirdChirping,0.9747575,False,False,BirdChirping,True
23_12307,23_12307.wav,pitch_down_2,23,BirdChirping,BirdChirping,BirdChirping,0.9484141,False,False,BirdChirping,True
23_12313,23_12313.wav,original,23,BirdChirping,BirdChirping,BirdChirping,0.98780984,True,False,BirdChirping,True
23_12314,23_12314.wav,pitch_up_2,23,BirdChirping,BirdChirping,BirdChirping,0.98593265,True,False,BirdChirping,True
23_12315,23_12315.wav,pitch_up_2,23,BirdChirping,BirdChirping,BirdChirping,0.9848602,True,False,BirdChirping,True
23_12318,23_12318.wav,pitch_down_2,23,BirdChirping,BirdChirping,BirdChirping,0.9356047,False,False,BirdChirping,True
23_12319,23_12319.wav,pitch_up_2,23,BirdChirping,BirdChirping,BirdChirping,0.96861535,False,False,BirdChirping,True
23_12321,23_12321.wav,pitch_down_2,23,BirdChirping,BirdChirping,BirdChirping,0.94083226,False,False,BirdChirping,True
23_12322,23_12322.wav,original,23,BirdChirping,BirdChirping,BirdChirping,0.9570813,True,False,BirdChirping,True
23_12324,23_12324.wav,pitch_down_2,23,BirdChirping,BirdChirping,BirdChirping,0.9665288,False,False,BirdChirping,True
23_12325,23_12325.wav,original,23,BirdChirping,BirdChirping,BirdChirping,0.96741813,True,False,BirdChirping,True
23_12328,23_12328.wav,pitch_up_2,23,BirdChirping,BirdChirping,BirdChirping,0.9887648,True,False,BirdChirping,True
23_12330,23_12330.wav,original,23,BirdChirping,BirdChirping,Insect,0.91172135,False,False,BirdChirping,True
23_12332,23_12332.wav,original,23,BirdChirping,BirdChirping,BirdChirping,0.9103812,False,False,BirdChirping,True
23_12332,23_12332.wav,pitch_down_2,23,BirdChirping,BirdChirping,BirdChirping,0.8750078,False,False,BirdChirping,True
23_12333,23_12333.wav,pitch_down_2,23,BirdChirping,BirdChirping,BirdChirping,0.9080708,False,False,BirdChirping,True
23_12337,23_12337.wav,pitch_down_2,23,BirdChirping,BirdChirping,BirdChirping,0.9767933,False,False,BirdChirping,True
23_12339,23_12339.wav,pitch_down_2,23,BirdChirping,BirdChirping,BirdChirping,0.94543284,False,False,BirdChirping,True
23_12339,23_12339.wav,pitch_up_2,23,BirdChirping,BirdChirping,BirdChirping,0.961424,True,False,BirdChirping,True
23_12340,23_12340.wav,pitch_down_2,23,BirdChirping,BirdChirping,BirdChirping,0.9362732,False,False,BirdChirping,True
23_12342,23_12342.wav,original,23,BirdChirping,BirdChirping,BirdChirping,1.0,False,True,BirdChirping,True
23_12343,23_12343.wav,pitch_down_2,23,BirdChirping,BirdChirping,BirdChirping,0.905293,True,False,BirdChirping,True
23_12348,23_12348.wav,pitch_up_2,23,BirdChirping,BirdChirping,BirdChirping,0.9591793,False,False,BirdChirping,True
23_12349,23_12349.wav,pitch_up_2,23,BirdChirping,BirdChirping,BirdChirping,0.9633715,False,False,BirdChirping,True
23_12352,23_12352.wav,pitch_down_2,23,BirdChirping,BirdChirping,BirdChirping,0.9722948,True,False,BirdChirping,True
23_12353,23_12353.wav,original,23,BirdChirping,BirdChirping,BirdChirping,0.9926454,False,False,BirdChirping,True
23_12353,23_12353.wav,pitch_down_2,23,BirdChirping,BirdChirping,BirdChirping,0.9888011,False,False,BirdChirping,True
23_12355,23_12355.wav,original,23,BirdChirping,BirdChirping,BirdChirping,0.99749696,False,True,BirdChirping,True
23_12358,23_12358.wav,pitch_up_2,23,BirdChirping,BirdChirping,BirdChirping,0.9862529,True,False,BirdChirping,True
23_12359,23_12359.wav,pitch_down_2,23,BirdChirping,BirdChirping,BirdChirping,0.97912264,False,False,BirdChirping,True
23_12359,23_12359.wav,pitch_up_2,23,BirdChirping,BirdChirping,BirdChirping,0.9716864,True,False,BirdChirping,True
23_12360,23_12360.wav,original,23,BirdChirping,BirdChirping,BirdChirping,0.9843185,False,False,BirdChirping,True
23_12360,23_12360.wav,pitch_down_2,23,BirdChirping,BirdChirping,BirdChirping,0.9810031,False,False,BirdChirping,True
23_12361,23_12361.wav,original,23,BirdChirping,BirdChirping,BirdChirping,0.980706,False,False,BirdChirping,True
23_12361,23_12361.wav,pitch_up_2,23,BirdChirping,BirdChirping,Rain,0.96116936,False,False,BirdChirping,True
23_12362,23_12362.wav,original,23,BirdChirping,BirdChirping,BirdChirping,0.9533124,True,False,BirdChirping,True
23_12363,23_12363.wav,original,23,BirdChirping,BirdChirping,BirdChirping,0.971854,True,False,BirdChirping,True
23_12368,23_12368.wav,original,23,BirdChirping,BirdChirping,BirdChirping,0.8820604,True,False,BirdChirping,True
23_12370,23_12370.wav,original,23,BirdChirping,BirdChirping,BirdChirping,0.98517334,True,False,BirdChirping,True
23_12370,23_12370.wav,pitch_down_2,23,BirdChirping,BirdChirping,BirdChirping,0.9355091,True,False,BirdChirping,True
23_12373,23_12373.wav,pitch_down_2,23,BirdChirping,BirdChirping,BirdChirping,0.9636119,False,False,BirdChirping,True
24_12401,24_12401.wav,pitch_down_2,24,WingFlaping,WingFlaping,WingFlaping,0.9962728,False,True,WingFlaping,True
24_12403,24_12403.wav,pitch_down_2,24,WingFlaping,WingFlaping,Rain,0.95844686,False,False,WingFlaping,True
24_12405,24_12405.wav,original,24,WingFlaping,WingFlaping,WingFlaping,0.9949428,True,False,WingFlaping,True
24_12406,24_12406.wav,original,24,WingFlaping,WingFlaping,Silence,0.88044274,False,False,WingFlaping,True
24_12408,24_12408.wav,pitch_down_2,24,WingFlaping,WingFlaping,WingFlaping,0.9918517,True,False,WingFlaping,True
24_12410,24_12410.wav,pitch_up_2,24,WingFlaping,WingFlaping,WingFlaping,0.99989307,True,True,WingFlaping,True
24_12418,24_12418.wav,original,24,WingFlaping,WingFlaping,WingFlaping,0.9692841,True,False,WingFlaping,True
24_12418,24_12418.wav,pitch_down_2,24,WingFlaping,WingFlaping,Gunshot,0.6950443,False,False,WingFlaping,True
24_12419,24_12419.wav,original,24,WingFlaping,WingFlaping,Wind,0.74614483,False,False,WingFlaping,True
24_12419,24_12419.wav,pitch_up_2,24,WingFlaping,WingFlaping,Wind,0.73340523,False,False,WingFlaping,True
24_12420,24_12420.wav,pitch_down_2,24,WingFlaping,WingFlaping,WingFlaping,0.99979454,False,True,WingFlaping,True
24_12424,24_12424.wav,pitch_up_2,24,WingFlaping,WingFlaping,WingFlaping,0.9926464,True,False,WingFlaping,True
24_12427,24_12427.wav,pitch_up_2,24,WingFlaping,WingFlaping,WingFlaping,0.9993905,True,True,WingFlaping,True
24_12428,24_12428.wav,original,24,WingFlaping,WingFlaping,WingFlaping,0.99253464,True,False,WingFlaping,True
24_12432,24_12432.wav,original,24,WingFlaping,WingFlaping,Rain,0.97198755,False,False,WingFlaping,True
24_12432,24_12432.wav,pitch_up_2,24,WingFlaping,WingFlaping,Rain,0.9610426,False,False,WingFlaping,True
24_12435,24_12435.wav,original,24,WingFlaping,Footsteps,WingFlaping,0.9909203,True,False,Footsteps,False
24_12436,24_12436.wav,pitch_up_2,24,WingFlaping,WingFlaping,WingFlaping,0.9915125,True,False,WingFlaping,True
24_12437,24_12437.wav,original,24,WingFlaping,WingFlaping,WingFlaping,0.7986847,False,False,WingFlaping,True
24_12437,24_12437.wav,pitch_up_2,24,WingFlaping,WingFlaping,WingFlaping,0.824731,True,False,WingFlaping,True
24_12438,24_12438.wav,original,24,WingFlaping,WingFlaping,WingFlaping,0.9888352,True,False,WingFlaping,True
24_12439,24_12439.wav,pitch_down_2,24,WingFlaping,WingFlaping,WingFlaping,0.9987706,True,True,WingFlaping,True
24_12440,24_12440.wav,pitch_down_2,24,WingFlaping,WingFlaping,WingFlaping,0.87417144,False,False,WingFlaping,True
24_12443,24_12443.wav,pitch_down_2,24,WingFlaping,WingFlaping,WaterDrops,0.8349075,False,False,WingFlaping,True
24_12446,24_12446.wav,pitch_down_2,24,WingFlaping,WingFlaping,WingFlaping,0.9969455,False,True,WingFlaping,True
24_12448,24_12448.wav,pitch_down_2,24,WingFlaping,WingFlaping,Insect,0.93005097,False,False,WingFlaping,True
24_12449,24_12449.wav,original,24,WingFlaping,WingFlaping,WingFlaping,0.97545874,True,False,WingFlaping,True
24_12450,24_12450.wav,pitch_down_2,24,WingFlaping,WingFlaping,WingFlaping,0.988662,True,False,WingFlaping,True
24_12452,24_12452.wav,pitch_up_2,24,WingFlaping,WingFlaping,WingFlaping,0.9847814,True,False,WingFlaping,True
24_12453,24_12453.wav,pitch_down_2,24,WingFlaping,WingFlaping,Wind,0.87009794,False,False,WingFlaping,True
24_12454,24_12454.wav,pitch_down_2,24,WingFlaping,WingFlaping,WingFlaping,0.9301579,True,False,WingFlaping,True
24_12456,24_12456.wav,pitch_down_2,24,WingFlaping,WingFlaping,Wind,0.9015639,False,False,WingFlaping,True
24_12456,24_12456.wav,pitch_up_2,24,WingFlaping,WingFlaping,WingFlaping,0.94927275,True,False,WingFlaping,True
24_12457,24_12457.wav,pitch_up_2,24,WingFlaping,WingFlaping,WingFlaping,0.9936632,True,False,WingFlaping,True
24_12458,24_12458.wav,pitch_up_2,24,WingFlaping,WingFlaping,WingFlaping,0.9816564,True,False,WingFlaping,True
24_12460,24_12460.wav,pitch_up_2,24,WingFlaping,WingFlaping,WingFlaping,0.9945295,True,False,WingFlaping,True
24_12461,24_12461.wav,pitch_down_2,24,WingFlaping,WingFlaping,WingFlaping,0.8784111,True,False,WingFlaping,True
24_12463,24_12463.wav,original,24,WingFlaping,WingFlaping,WingFlaping,0.9629121,True,False,WingFlaping,True
24_12463,24_12463.wav,pitch_up_2,24,WingFlaping,WingFlaping,WingFlaping,0.97241116,True,False,WingFlaping,True
24_12464,24_12464.wav,pitch_up_2,24,WingFlaping,WingFlaping,WingFlaping,0.9764863,True,False,WingFlaping,True
24_12468,24_12468.wav,pitch_up_2,24,WingFlaping,WingFlaping,WingFlaping,0.94654477,True,False,WingFlaping,True
24_12469,24_12469.wav,pitch_down_2,24,WingFlaping,WingFlaping,Speaking,0.97898877,False,False,WingFlaping,True
24_12472,24_12472.wav,pitch_up_2,24,WingFlaping,WingFlaping,WingFlaping,0.9745143,True,False,WingFlaping,True
24_12473,24_12473.wav,pitch_down_2,24,WingFlaping,WingFlaping,WingFlaping,0.94752216,False,False,WingFlaping,True
24_12473,24_12473.wav,pitch_up_2,24,WingFlaping,WingFlaping,WingFlaping,0.9862724,True,False,WingFlaping,True
25_12502,25_12502.wav,pitch_up_2,25,Lion,Lion,Lion,0.95459175,True,False,Lion,True
25_12503,25_12503.wav,pitch_down_2,25,Lion,Lion,Whistling,0.89674973,False,False,Lion,True
25_12505,25_12505.wav,pitch_down_2,25,Lion,Lion,Lion,0.9029625,False,False,Lion,True
25_12506,25_12506.wav,pitch_down_2,25,Lion,Lion,Lion,0.9136393,False,False,Lion,True
25_12508,25_12508.wav,original,25,Lion,Lion,Lion,0.98599416,True,False,Lion,True
25_12511,25_12511.wav,original,25,Lion,Lion,Lion,0.9965625,True,True,Lion,True
25_12514,25_12514.wav,original,25,Lion,Lion,Lion,0.95229787,True,False,Lion,True
25_12518,25_12518.wav,original,25,Lion,Lion,Lion,0.99706256,True,True,Lion,True
25_12518,25_12518.wav,pitch_up_2,25,Lion,Lion,Lion,0.99755645,True,True,Lion,True
25_12522,25_12522.wav,pitch_down_2,25,Lion,Lion,Lion,0.9477125,True,False,Lion,True
25_12524,25_12524.wav,pitch_up_2,25,Lion,Lion,Lion,0.9874813,True,False,Lion,True
25_12526,25_12526.wav,original,25,Lion,Lion,Lion,0.9559972,False,False,Lion,True
25_12526,25_12526.wav,pitch_up_2,25,Lion,Lion,Squirrel,0.92792195,False,False,Lion,True
25_12527,25_12527.wav,original,25,Lion,Lion,Lion,0.9812756,True,False,Lion,True
25_12527,25_12527.wav,pitch_up_2,25,Lion,Lion,Lion,0.9771534,True,False,Lion,True
25_12530,25_12530.wav,pitch_down_2,25,Lion,Lion,Lion,0.9935964,True,False,Lion,True
25_12530,25_12530.wav,pitch_up_2,25,Lion,Lion,Lion,0.99545884,True,True,Lion,True
25_12533,25_12533.wav,pitch_up_2,25,Lion,Lion,Lion,0.9970547,True,True,Lion,True
25_12534,25_12534.wav,pitch_down_2,25,Lion,Lion,Lion,0.9960738,True,True,Lion,True
25_12535,25_12535.wav,original,25,Lion,Lion,Lion,0.9850208,True,False,Lion,True
25_12537,25_12537.wav,pitch_down_2,25,Lion,Lion,Squirrel,0.65100163,False,False,Lion,True
25_12537,25_12537.wav,pitch_up_2,25,Lion,Lion,Lion,0.9706399,True,False,Lion,True
25_12543,25_12543.wav,pitch_up_2,25,Lion,Lion,Lion,0.97569436,True,False,Lion,True
25_12547,25_12547.wav,pitch_up_2,25,Lion,Lion,Lion,0.91784954,True,False,Lion,True
25_12548,25_12548.wav,pitch_down_2,25,Lion,Lion,Lion,0.988345,True,False,Lion,True
25_12549,25_12549.wav,original,25,Lion,Lion,Lion,0.9234552,False,False,Lion,True
25_12550,25_12550.wav,pitch_down_2,25,Lion,Lion,Lion,0.9235503,False,False,Lion,True
25_12554,25_12554.wav,pitch_up_2,25,Lion,Lion,Lion,0.99276626,True,False,Lion,True
25_12555,25_12555.wav,original,25,Lion,Lion,Lion,0.98883975,True,False,Lion,True
25_12556,25_12556.wav,original,25,Lion,Lion,Lion,0.88783514,True,False,Lion,True
25_12557,25_12557.wav,pitch_down_2,25,Lion,Lion,Squirrel,0.94062066,False,False,Lion,True
25_12558,25_12558.wav,pitch_down_2,25,Lion,Lion,Lion,0.88533235,False,False,Lion,True
25_12559,25_12559.wav,original,25,Lion,Lion,Lion,0.99205196,True,False,Lion,True
25_12561,25_12561.wav,pitch_down_2,25,Lion,Lion,Lion,0.9697248,True,False,Lion,True
25_12561,25_12561.wav,pitch_up_2,25,Lion,Lion,Lion,0.96270156,True,False,Lion,True
25_12562,25_12562.wav,original,25,Lion,Lion,Lion,0.88335526,False,False,Lion,True
25_12562,25_12562.wav,pitch_up_2,25,Lion,Lion,Lion,0.8994349,False,False,Lion,True
25_12564,25_12564.wav,original,25,Lion,Lion,Lion,0.99318624,True,False,Lion,True
25_12564,25_12564.wav,pitch_down_2,25,Lion,Lion,Lion,0.98328406,True,False,Lion,True
25_12566,25_12566.wav,original,25,Lion,Lion,Lion,0.91253686,True,False,Lion,True
25_12567,25_12567.wav,pitch_up_2,25,Lion,Lion,Lion,0.915397,True,False,Lion,True
25_12571,25_12571.wav,pitch_up_2,25,Lion,Lion,Lion,0.9945556,True,False,Lion,True
25_12572,25_12572.wav,pitch_down_2,25,Lion,Lion,Lion,0.9696027,True,False,Lion,True
25_12574,25_12574.wav,pitch_up_2,25,Lion,Lion,Lion,0.95389223,True,False,Lion,True
25_12575,25_12575.wav,original,25,Lion,Lion,Lion,0.9666363,True,False,Lion,True
26_12603,26_12603.wav,original,26,WolfHowl,WolfHowl,WolfHowl,0.9525003,True,False,WolfHowl,True
26_12603,26_12603.wav,pitch_down_2,26,WolfHowl,WolfHowl,WolfHowl,0.7452204,True,False,WolfHowl,True
26_12604,26_12604.wav,pitch_up_2,26,WolfHowl,WolfHowl,WolfHowl,0.9291733,True,False,WolfHowl,True
26_12605,26_12605.wav,pitch_down_2,26,WolfHowl,WolfHowl,Helicopter,0.9198862,False,False,WolfHowl,True
26_12606,26_12606.wav,pitch_down_2,26,WolfHowl,WolfHowl,WolfHowl,0.88570535,False,False,WolfHowl,True
26_12609,26_12609.wav,pitch_up_2,26,WolfHowl,WolfHowl,WolfHowl,0.96495295,True,False,WolfHowl,True
26_12610,26_12610.wav,original,26,WolfHowl,WolfHowl,WolfHowl,0.85654795,True,False,WolfHowl,True
26_12610,26_12610.wav,pitch_down_2,26,WolfHowl,WolfHowl,WolfHowl,0.85025007,False,False,WolfHowl,True
26_12612,26_12612.wav,pitch_up_2,26,WolfHowl,WolfHowl,WolfHowl,0.8585634,True,False,WolfHowl,True
26_12613,26_12613.wav,original,26,WolfHowl,WolfHowl,WolfHowl,0.98304564,True,False,WolfHowl,True
26_12615,26_12615.wav,original,26,WolfHowl,WolfHowl,WolfHowl,0.9715594,True,False,WolfHowl,True
26_12620,26_12620.wav,pitch_down_2,26,WolfHowl,WolfHowl,WolfHowl,0.9688465,False,False,WolfHowl,True
26_12621,26_12621.wav,pitch_up_2,26,WolfHowl,WolfHowl,WolfHowl,0.8998325,True,False,WolfHowl,True
26_12623,26_12623.wav,pitch_up_2,26,WolfHowl,WolfHowl,WolfHowl,0.97456217,True,False,WolfHowl,True
26_12624,26_12624.wav,pitch_down_2,26,WolfHowl,WolfHowl,Insect,0.9099221,False,False,WolfHowl,True
26_12624,26_12624.wav,pitch_up_2,26,WolfHowl,WolfHowl,WolfHowl,0.9521417,True,False,WolfHowl,True
26_12626,26_12626.wav,original,26,WolfHowl,WolfHowl,WolfHowl,0.98639137,True,False,WolfHowl,True
26_12627,26_12627.wav,original,26,WolfHowl,WolfHowl,WolfHowl,0.98746216,True,False,WolfHowl,True
26_12630,26_12630.wav,pitch_up_2,26,WolfHowl,WolfHowl,WolfHowl,0.9920054,True,False,WolfHowl,True
26_12631,26_12631.wav,pitch_up_2,26,WolfHowl,WolfHowl,WolfHowl,0.99485093,True,False,WolfHowl,True
26_12634,26_12634.wav,pitch_down_2,26,WolfHowl,WolfHowl,WolfHowl,0.9917244,True,False,WolfHowl,True
26_12637,26_12637.wav,pitch_up_2,26,WolfHowl,WolfHowl,WolfHowl,0.9681078,True,False,WolfHowl,True
26_12640,26_12640.wav,original,26,WolfHowl,WolfHowl,WolfHowl,0.8697407,False,False,WolfHowl,True
26_12640,26_12640.wav,pitch_down_2,26,WolfHowl,WolfHowl,WolfHowl,0.88965213,False,False,WolfHowl,True
26_12640,26_12640.wav,pitch_up_2,26,WolfHowl,WolfHowl,WolfHowl,0.9108679,False,False,WolfHowl,True
26_12642,26_12642.wav,original,26,WolfHowl,WolfHowl,WolfHowl,0.9165779,False,False,WolfHowl,True
26_12642,26_12642.wav,pitch_down_2,26,WolfHowl,WolfHowl,WolfHowl,0.93913263,False,False,WolfHowl,True
26_12644,26_12644.wav,original,26,WolfHowl,WolfHowl,WolfHowl,0.90519094,False,False,WolfHowl,True
26_12647,26_12647.wav,pitch_up_2,26,WolfHowl,WolfHowl,WolfHowl,0.9938076,False,False,WolfHowl,True
26_12648,26_12648.wav,pitch_down_2,26,WolfHowl,WolfHowl,WolfHowl,0.99541557,False,True,WolfHowl,True
26_12648,26_12648.wav,pitch_up_2,26,WolfHowl,WolfHowl,WolfHowl,0.9936774,False,False,WolfHowl,True
26_12651,26_12651.wav,original,26,WolfHowl,WolfHowl,WolfHowl,0.9946985,True,False,WolfHowl,True
26_12652,26_12652.wav,pitch_down_2,26,WolfHowl,WolfHowl,WolfHowl,0.84605455,True,False,WolfHowl,True
26_12653,26_12653.wav,pitch_down_2,26,WolfHowl,WolfHowl,WolfHowl,0.889219,False,False,WolfHowl,True
26_12658,26_12658.wav,pitch_up_2,26,WolfHowl,WolfHowl,WolfHowl,0.880601,False,False,WolfHowl,True
26_12659,26_12659.wav,original,26,WolfHowl,WolfHowl,Helicopter,0.76173973,False,False,WolfHowl,True
26_12660,26_12660.wav,pitch_up_2,26,WolfHowl,WolfHowl,WolfHowl,0.86722,True,False,WolfHowl,True
26_12663,26_12663.wav,pitch_up_2,26,WolfHowl,WolfHowl,WolfHowl,0.90326107,True,False,WolfHowl,True
26_12664,26_12664.wav,pitch_down_2,26,WolfHowl,WolfHowl,WolfHowl,0.9594555,False,False,WolfHowl,True
26_12666,26_12666.wav,pitch_down_2,26,WolfHowl,WolfHowl,WolfHowl,0.88485175,False,False,WolfHowl,True
26_12669,26_12669.wav,original,26,WolfHowl,WolfHowl,WolfHowl,0.85387504,False,False,WolfHowl,True
26_12671,26_12671.wav,pitch_down_2,26,WolfHowl,WolfHowl,WolfHowl,0.959387,False,False,WolfHowl,True
26_12671,26_12671.wav,pitch_up_2,26,WolfHowl,WolfHowl,WolfHowl,0.92712367,False,False,WolfHowl,True
26_12672,26_12672.wav,original,26,WolfHowl,WolfHowl,WolfHowl,0.85669756,False,False,WolfHowl,True
26_12673,26_12673.wav,pitch_down_2,26,WolfHowl,WolfHowl,Silence,0.84658206,False,False,WolfHowl,True
27_12702,27_12702.wav,pitch_down_2,27,Squirrel,Squirrel,Squirrel,0.8802705,False,False,Squirrel,True
27_12705,27_12705.wav,pitch_up_2,27,Squirrel,Squirrel,Squirrel,0.9584663,True,False,Squirrel,True
27_12706,27_12706.wav,pitch_up_2,27,Squirrel,Squirrel,Squirrel,0.9706936,True,False,Squirrel,True
27_12708,27_12708.wav,original,27,Squirrel,Squirrel,Squirrel,0.8900614,True,False,Squirrel,True
27_12711,27_12711.wav,pitch_down_2,27,Squirrel,Squirrel,Squirrel,0.82434726,False,False,Squirrel,True
27_12712,27_12712.wav,pitch_up_2,27,Squirrel,Squirrel,Squirrel,0.91414654,True,False,Squirrel,True
27_12713,27_12713.wav,pitch_down_2,27,Squirrel,Squirrel,Squirrel,0.83796525,False,False,Squirrel,True
27_12715,27_12715.wav,pitch_down_2,27,Squirrel,Squirrel,Rain,0.92597544,False,False,Squirrel,True
27_12716,27_12716.wav,original,27,Squirrel,Squirrel,Squirrel,0.9825364,True,False,Squirrel,True
27_12718,27_12718.wav,pitch_up_2,27,Squirrel,Squirrel,Squirrel,0.9654055,True,False,Squirrel,True
27_12721,27_12721.wav,original,27,Squirrel,Squirrel,Squirrel,0.9582268,True,False,Squirrel,True
27_12727,27_12727.wav,pitch_down_2,27,Squirrel,WingFlaping,Rain,0.9411636,False,False,WingFlaping,False
27_12727,27_12727.wav,pitch_up_2,27,Squirrel,Silence,Wind,0.9074127,False,False,Silence,False
27_12729,27_12729.wav,pitch_up_2,27,Squirrel,Squirrel,Squirrel,0.8536264,True,False,Squirrel,True
27_12732,27_12732.wav,pitch_up_2,27,Squirrel,Squirrel,Insect,0.88142,False,False,Squirrel,True
27_12733,27_12733.wav,pitch_down_2,27,Squirrel,Squirrel,Squirrel,0.8783444,False,False,Squirrel,True
27_12734,27_12734.wav,original,27,Squirrel,Squirrel,Squirrel,0.93651235,True,False,Squirrel,True
27_12735,27_12735.wav,pitch_down_2,27,Squirrel,Squirrel,Speaking,0.98226464,False,False,Squirrel,True
27_12737,27_12737.wav,original,27,Squirrel,Squirrel,Silence,0.9555142,False,False,Squirrel,True
27_12741,27_12741.wav,pitch_up_2,27,Squirrel,Squirrel,Squirrel,0.96270126,True,False,Squirrel,True
27_12743,27_12743.wav,original,27,Squirrel,Squirrel,Squirrel,0.990363,True,False,Squirrel,True
27_12747,27_12747.wav,pitch_down_2,27,Squirrel,Squirrel,Handsaw,0.8537251,False,False,Squirrel,True
27_12748,27_12748.wav,original,27,Squirrel,Squirrel,Squirrel,0.9296727,True,False,Squirrel,True
27_12748,27_12748.wav,pitch_up_2,27,Squirrel,Squirrel,Squirrel,0.9562607,True,False,Squirrel,True
27_12749,27_12749.wav,original,27,Squirrel,Squirrel,Squirrel,0.95149016,True,False,Squirrel,True
27_12750,27_12750.wav,original,27,Squirrel,Squirrel,Squirrel,0.99590003,True,True,Squirrel,True
27_12750,27_12750.wav,pitch_down_2,27,Squirrel,Squirrel,Silence,0.9909153,False,False,Squirrel,True
27_12751,27_12751.wav,original,27,Squirrel,Squirrel,Squirrel,0.9560888,True,False,Squirrel,True
27_12754,27_12754.wav,pitch_down_2,27,Squirrel,Squirrel,Rain,0.923769,False,False,Squirrel,True
27_12755,27_12755.wav,pitch_down_2,27,Squirrel,Squirrel,Squirrel,0.93317497,True,False,Squirrel,True
27_12757,27_12757.wav,original,27,Squirrel,Squirrel,Squirrel,1.0,False,True,Squirrel,True
27_12758,27_12758.wav,pitch_down_2,27,Squirrel,Squirrel,Squirrel,0.99999964,False,True,Squirrel,True
27_12762,27_12762.wav,original,27,Squirrel,Squirrel,Squirrel,0.9654277,True,False,Squirrel,True
27_12763,27_12763.wav,original,27,Squirrel,Insect,WaterDrops,0.89131975,False,False,Insect,False
27_12763,27_12763.wav,pitch_down_2,27,Squirrel,Insect,Insect,0.917508,False,False,Insect,False
27_12763,27_12763.wav,pitch_up_2,27,Squirrel,Insect,Insect,0.8770547,False,False,Insect,False
27_12765,27_12765.wav,pitch_up_2,27,Squirrel,Squirrel,Squirrel,0.9444234,True,False,Squirrel,True
27_12766,27_12766.wav,original,27,Squirrel,Squirrel,Silence,0.87867725,False,False,Squirrel,True
27_12766,27_12766.wav,pitch_down_2,27,Squirrel,Squirrel,Silence,0.7952987,False,False,Squirrel,True
27_12766,27_12766.wav,pitch_up_2,27,Squirrel,Squirrel,Silence,0.77261734,False,False,Squirrel,True
27_12768,27_12768.wav,pitch_down_2,27,Squirrel,Squirrel,Generator,0.9913627,False,False,Squirrel,True
27_12769,27_12769.wav,original,27,Squirrel,Squirrel,Squirrel,0.9929483,True,False,Squirrel,True
27_12769,27_12769.wav,pitch_down_2,27,Squirrel,Squirrel,Generator,0.96377933,False,False,Squirrel,True
27_12774,27_12774.wav,pitch_up_2,27,Squirrel,Squirrel,Squirrel,0.98120654,True,False,Squirrel,True
27_12775,27_12775.wav,original,27,Squirrel,Squirrel,Squirrel,0.9827649,True,False,Squirrel,True
