Original Dataset File Name,Variant,Class ID,Class Name,true_index,seed42_prediction,seed17_prediction,seed73_prediction,ensemble_prediction,ensemble_confidence,ensemble_correct,hard_vote_prediction,voting_rule,hard_vote_correct,prediction_changed_from_soft
1_10101.wav,pitch_down_2,1,Fire,0,Fire,Fire,Fire,Fire,0.932514,True,Fire,hard_majority,True,False
1_10105.wav,pitch_up_2,1,Fire,0,Fire,Fire,Fire,Fire,0.9689099,True,Fire,hard_majority,True,False
1_10107.wav,pitch_up_2,1,Fire,0,Fire,Fire,Fire,Fire,0.9407339,True,Fire,hard_majority,True,False
1_10108.wav,original,1,Fire,0,Fire,Fire,Fire,Fire,0.9455765,True,Fire,hard_majority,True,False
1_10113.wav,pitch_down_2,1,Fire,0,Fire,Fire,Fire,Fire,0.9608795,True,Fire,hard_majority,True,False
1_10117.wav,original,1,Fire,0,Fire,Fire,Fire,Fire,0.9688602,True,Fire,hard_majority,True,False
1_10117.wav,pitch_up_2,1,Fire,0,Fire,Fire,Fire,Fire,0.9547167,True,Fire,hard_majority,True,False
1_10118.wav,pitch_down_2,1,Fire,0,Fire,Fire,Fire,Fire,0.9565063,True,Fire,hard_majority,True,False
1_10119.wav,original,1,Fire,0,Fire,Fire,Fire,Fire,0.95490146,True,Fire,hard_majority,True,False
1_10120.wav,original,1,Fire,0,Fire,Fire,Fire,Fire,0.9461181,True,Fire,hard_majority,True,False
1_10120.wav,pitch_down_2,1,Fire,0,Fire,Fire,Fire,Fire,0.9245437,True,Fire,hard_majority,True,False
1_10122.wav,original,1,Fire,0,Fire,Fire,Fire,Fire,0.96623737,True,Fire,hard_majority,True,False
1_10124.wav,pitch_up_2,1,Fire,0,Fire,Fire,Fire,Fire,0.9621532,True,Fire,hard_majority,True,False
1_10125.wav,pitch_up_2,1,Fire,0,Fire,Fire,Fire,Fire,0.9179322,True,Fire,hard_majority,True,False
1_10130.wav,original,1,Fire,0,Fire,Fire,Fire,Fire,0.93377805,True,Fire,hard_majority,True,False
1_10130.wav,pitch_down_2,1,Fire,0,Fire,Fire,Fire,Fire,0.95924646,True,Fire,hard_majority,True,False
1_10131.wav,pitch_up_2,1,Fire,0,Fire,Fire,Fire,Fire,0.95103484,True,Fire,hard_majority,True,False
1_10134.wav,original,1,Fire,0,Fire,Fire,Fire,Fire,0.9231899,True,Fire,hard_majority,True,False
1_10135.wav,original,1,Fire,0,Fire,Fire,Fire,Fire,0.9808901,True,Fire,hard_majority,True,False
1_10135.wav,pitch_down_2,1,Fire,0,Fire,Fire,Fire,Fire,0.95087695,True,Fire,hard_majority,True,False
1_10136.wav,pitch_down_2,1,Fire,0,Fire,Fire,Fire,Fire,0.90736526,True,Fire,hard_majority,True,False
1_10136.wav,pitch_up_2,1,Fire,0,Fire,Fire,Fire,Fire,0.94558996,True,Fire,hard_majority,True,False
1_10139.wav,pitch_up_2,1,Fire,0,Fire,Fire,Fire,Fire,0.94026166,True,Fire,hard_majority,True,False
1_10141.wav,pitch_down_2,1,Fire,0,Fire,Fire,Fire,Fire,0.9393216,True,Fire,hard_majority,True,False
1_10144.wav,original,1,Fire,0,Fire,Fire,Fire,Fire,0.93663555,True,Fire,hard_majority,True,False
1_10144.wav,pitch_down_2,1,Fire,0,Fire,Fire,Fire,Fire,0.9560445,True,Fire,hard_majority,True,False
1_10150.wav,pitch_up_2,1,Fire,0,Fire,Fire,Fire,Fire,0.88213414,True,Fire,hard_majority,True,False
1_10151.wav,pitch_down_2,1,Fire,0,Fire,Fire,Fire,Fire,0.9760783,True,Fire,hard_majority,True,False
1_10153.wav,pitch_down_2,1,Fire,0,Fire,Fire,Fire,Fire,0.963445,True,Fire,hard_majority,True,False
1_10154.wav,pitch_down_2,1,Fire,0,Fire,Fire,Fire,Fire,0.94943714,True,Fire,hard_majority,True,False
1_10157.wav,pitch_down_2,1,Fire,0,Fire,Fire,Fire,Fire,0.9491467,True,Fire,hard_majority,True,False
1_10159.wav,original,1,Fire,0,Fire,Fire,Fire,Fire,0.9610543,True,Fire,hard_majority,True,False
1_10160.wav,pitch_up_2,1,Fire,0,Fire,Fire,Fire,Fire,0.90586454,True,Fire,hard_majority,True,False
1_10162.wav,pitch_up_2,1,Fire,0,Fire,Fire,Fire,Fire,0.9062378,True,Fire,hard_majority,True,False
1_10163.wav,pitch_down_2,1,Fire,0,Fire,Fire,Fire,Fire,0.95923585,True,Fire,hard_majority,True,False
1_10163.wav,pitch_up_2,1,Fire,0,Fire,Fire,Fire,Fire,0.89612985,True,Fire,hard_majority,True,False
1_10164.wav,pitch_up_2,1,Fire,0,Fire,Fire,Fire,Fire,0.9677251,True,Fire,hard_majority,True,False
1_10166.wav,pitch_up_2,1,Fire,0,Fire,Fire,Fire,Fire,0.8787938,True,Fire,hard_majority,True,False
1_10168.wav,pitch_down_2,1,Fire,0,Fire,Fire,Fire,Fire,0.94759274,True,Fire,hard_majority,True,False
1_10169.wav,pitch_up_2,1,Fire,0,Fire,Fire,Fire,Fire,0.78750163,True,Fire,hard_majority,True,False
1_10171.wav,original,1,Fire,0,Fire,Fire,Fire,Fire,0.78267026,True,Fire,hard_majority,True,False
1_10171.wav,pitch_down_2,1,Fire,0,Fire,Fire,Fire,Fire,0.8948567,True,Fire,hard_majority,True,False
1_10173.wav,pitch_down_2,1,Fire,0,Fire,Fire,Fire,Fire,0.96053475,True,Fire,hard_majority,True,False
1_10174.wav,pitch_up_2,1,Fire,0,Fire,Fire,Fire,Fire,0.78042865,True,Fire,hard_majority,True,False
1_10175.wav,pitch_up_2,1,Fire,0,Fire,Fire,Fire,Fire,0.8239923,True,Fire,hard_majority,True,False
2_10201.wav,pitch_down_2,2,Rain,1,Rain,Rain,Rain,Rain,0.95914835,True,Rain,hard_majority,True,False
2_10201.wav,pitch_up_2,2,Rain,1,Rain,Rain,Rain,Rain,0.9667255,True,Rain,hard_majority,True,False
2_10203.wav,original,2,Rain,1,Rain,Rain,Rain,Rain,0.971399,True,Rain,hard_majority,True,False
2_10203.wav,pitch_up_2,2,Rain,1,Rain,Rain,Rain,Rain,0.9590698,True,Rain,hard_majority,True,False
2_10204.wav,pitch_down_2,2,Rain,1,Rain,Rain,Rain,Rain,0.96580607,True,Rain,hard_majority,True,False
2_10213.wav,original,2,Rain,1,Rain,Rain,Rain,Rain,0.9582472,True,Rain,hard_majority,True,False
2_10213.wav,pitch_up_2,2,Rain,1,Rain,Rain,Rain,Rain,0.9437602,True,Rain,hard_majority,True,False
2_10214.wav,pitch_up_2,2,Rain,1,Rain,Rain,Rain,Rain,0.9628127,True,Rain,hard_majority,True,False
2_10216.wav,pitch_up_2,2,Rain,1,Rain,Rain,Rain,Rain,0.6845193,True,Rain,hard_majority,True,False
2_10218.wav,original,2,Rain,1,Rain,Rain,Rain,Rain,0.8667595,True,Rain,hard_majority,True,False
2_10220.wav,pitch_up_2,2,Rain,1,Rain,Fire,Rain,Rain,0.38305163,True,Rain,hard_majority,True,False
2_10228.wav,original,2,Rain,1,Rain,Rain,Rain,Rain,0.60359836,True,Rain,hard_majority,True,False
2_10230.wav,pitch_up_2,2,Rain,1,Rain,Rain,Rain,Rain,0.6546664,True,Rain,hard_majority,True,False
2_10231.wav,pitch_up_2,2,Rain,1,Rain,Rain,Rain,Rain,0.8924205,True,Rain,hard_majority,True,False
2_10232.wav,pitch_up_2,2,Rain,1,Rain,Rain,Rain,Rain,0.9642245,True,Rain,hard_majority,True,False
2_10233.wav,pitch_up_2,2,Rain,1,Rain,Rain,Rain,Rain,0.8743539,True,Rain,hard_majority,True,False
2_10235.wav,pitch_down_2,2,Rain,1,Rain,Rain,Rain,Rain,0.97355324,True,Rain,hard_majority,True,False
2_10238.wav,original,2,Rain,1,Rain,Fire,Fire,Rain,0.4398036,True,Fire,hard_majority,False,True
2_10238.wav,pitch_down_2,2,Rain,1,Rain,Rain,Rain,Rain,0.6933255,True,Rain,hard_majority,True,False
2_10243.wav,pitch_down_2,2,Rain,1,Rain,Rain,Rain,Rain,0.96266246,True,Rain,hard_majority,True,False
2_10243.wav,pitch_up_2,2,Rain,1,Rain,Rain,Rain,Rain,0.97668344,True,Rain,hard_majority,True,False
2_10244.wav,pitch_down_2,2,Rain,1,Rain,Rain,Rain,Rain,0.7351517,True,Rain,hard_majority,True,False
2_10247.wav,pitch_down_2,2,Rain,1,Rain,Rain,Rain,Rain,0.7744151,True,Rain,hard_majority,True,False
2_10248.wav,pitch_up_2,2,Rain,1,Rain,Rain,Rain,Rain,0.51913315,True,Rain,hard_majority,True,False
2_10249.wav,pitch_up_2,2,Rain,1,Rain,Rain,Rain,Rain,0.5014045,True,Rain,hard_majority,True,False
2_10250.wav,original,2,Rain,1,Rain,Rain,Rain,Rain,0.71938795,True,Rain,hard_majority,True,False
2_10251.wav,original,2,Rain,1,Rain,Rain,Rain,Rain,0.9277664,True,Rain,hard_majority,True,False
2_10253.wav,pitch_up_2,2,Rain,1,Rain,Rain,Rain,Rain,0.75461596,True,Rain,hard_majority,True,False
2_10254.wav,original,2,Rain,1,Rain,Rain,Rain,Rain,0.8139376,True,Rain,hard_majority,True,False
2_10254.wav,pitch_down_2,2,Rain,1,Rain,Rain,Rain,Rain,0.54694366,True,Rain,hard_majority,True,False
2_10255.wav,pitch_down_2,2,Rain,1,Rain,Rain,Rain,Rain,0.87067294,True,Rain,hard_majority,True,False
2_10256.wav,pitch_up_2,2,Rain,1,Rain,Rain,Rain,Rain,0.95356613,True,Rain,hard_majority,True,False
2_10260.wav,original,2,Rain,1,Rain,Rain,Rain,Rain,0.3614761,True,Rain,hard_majority,True,False
2_10262.wav,pitch_down_2,2,Rain,1,Rain,Rain,Rain,Rain,0.95974106,True,Rain,hard_majority,True,False
2_10263.wav,original,2,Rain,1,Rain,Rain,Rain,Rain,0.91917735,True,Rain,hard_majority,True,False
2_10263.wav,pitch_up_2,2,Rain,1,Rain,Rain,Rain,Rain,0.86074066,True,Rain,hard_majority,True,False
2_10265.wav,pitch_up_2,2,Rain,1,Rain,Rain,Rain,Rain,0.7262382,True,Rain,hard_majority,True,False
2_10266.wav,pitch_up_2,2,Rain,1,Rain,Rain,Rain,Rain,0.90996796,True,Rain,hard_majority,True,False
2_10267.wav,original,2,Rain,1,Rain,Rain,Rain,Rain,0.9133331,True,Rain,hard_majority,True,False
2_10269.wav,original,2,Rain,1,Rain,Rain,Rain,Rain,0.8323651,True,Rain,hard_majority,True,False
2_10270.wav,original,2,Rain,1,Rain,Rain,Rain,Rain,0.9082038,True,Rain,hard_majority,True,False
2_10272.wav,pitch_up_2,2,Rain,1,Rain,Rain,Rain,Rain,0.69418615,True,Rain,hard_majority,True,False
2_10273.wav,pitch_down_2,2,Rain,1,Rain,Rain,WingFlaping,Rain,0.41682065,True,Rain,hard_majority,True,False
2_10273.wav,pitch_up_2,2,Rain,1,Rain,Rain,Rain,Rain,0.3829472,True,Rain,hard_majority,True,False
2_10274.wav,pitch_up_2,2,Rain,1,Rain,Rain,Rain,Rain,0.78515667,True,Rain,hard_majority,True,False
3_10301.wav,original,3,Thunderstorm,2,Thunderstorm,Thunderstorm,Thunderstorm,Thunderstorm,0.88071626,True,Thunderstorm,hard_majority,True,False
3_10301.wav,pitch_down_2,3,Thunderstorm,2,Thunderstorm,Thunderstorm,Thunderstorm,Thunderstorm,0.961319,True,Thunderstorm,hard_majority,True,False
3_10302.wav,original,3,Thunderstorm,2,Thunderstorm,Thunderstorm,Thunderstorm,Thunderstorm,0.90655994,True,Thunderstorm,hard_majority,True,False
3_10304.wav,original,3,Thunderstorm,2,Thunderstorm,Thunderstorm,Thunderstorm,Thunderstorm,0.9456566,True,Thunderstorm,hard_majority,True,False
3_10306.wav,original,3,Thunderstorm,2,Thunderstorm,Thunderstorm,Thunderstorm,Thunderstorm,0.9513283,True,Thunderstorm,hard_majority,True,False
3_10308.wav,pitch_down_2,3,Thunderstorm,2,Thunderstorm,Thunderstorm,Thunderstorm,Thunderstorm,0.9589498,True,Thunderstorm,hard_majority,True,False
3_10308.wav,pitch_up_2,3,Thunderstorm,2,Thunderstorm,Thunderstorm,Thunderstorm,Thunderstorm,0.94767904,True,Thunderstorm,hard_majority,True,False
3_10310.wav,pitch_down_2,3,Thunderstorm,2,Thunderstorm,Thunderstorm,Thunderstorm,Thunderstorm,0.9245202,True,Thunderstorm,hard_majority,True,False
3_10311.wav,pitch_up_2,3,Thunderstorm,2,Thunderstorm,Thunderstorm,Thunderstorm,Thunderstorm,0.955482,True,Thunderstorm,hard_majority,True,False
3_10312.wav,original,3,Thunderstorm,2,Thunderstorm,Thunderstorm,Thunderstorm,Thunderstorm,0.94435316,True,Thunderstorm,hard_majority,True,False
3_10313.wav,pitch_up_2,3,Thunderstorm,2,Thunderstorm,Thunderstorm,Thunderstorm,Thunderstorm,0.9527845,True,Thunderstorm,hard_majority,True,False
3_10316.wav,pitch_down_2,3,Thunderstorm,2,Thunderstorm,Thunderstorm,Thunderstorm,Thunderstorm,0.95686466,True,Thunderstorm,hard_majority,True,False
3_10323.wav,pitch_up_2,3,Thunderstorm,2,Thunderstorm,Thunderstorm,Thunderstorm,Thunderstorm,0.93311375,True,Thunderstorm,hard_majority,True,False
3_10327.wav,pitch_down_2,3,Thunderstorm,2,Thunderstorm,Thunderstorm,Thunderstorm,Thunderstorm,0.93927723,True,Thunderstorm,hard_majority,True,False
3_10328.wav,pitch_up_2,3,Thunderstorm,2,Thunderstorm,Thunderstorm,Thunderstorm,Thunderstorm,0.94594055,True,Thunderstorm,hard_majority,True,False
3_10329.wav,original,3,Thunderstorm,2,Thunderstorm,Thunderstorm,Thunderstorm,Thunderstorm,0.6454377,True,Thunderstorm,hard_majority,True,False
3_10329.wav,pitch_down_2,3,Thunderstorm,2,Thunderstorm,Thunderstorm,Thunderstorm,Thunderstorm,0.72981995,True,Thunderstorm,hard_majority,True,False
3_10332.wav,original,3,Thunderstorm,2,Thunderstorm,Thunderstorm,Thunderstorm,Thunderstorm,0.9542647,True,Thunderstorm,hard_majority,True,False
3_10332.wav,pitch_up_2,3,Thunderstorm,2,Thunderstorm,Thunderstorm,Thunderstorm,Thunderstorm,0.937807,True,Thunderstorm,hard_majority,True,False
3_10334.wav,original,3,Thunderstorm,2,Thunderstorm,Thunderstorm,Thunderstorm,Thunderstorm,0.7070785,True,Thunderstorm,hard_majority,True,False
3_10334.wav,pitch_down_2,3,Thunderstorm,2,Thunderstorm,Thunderstorm,Thunderstorm,Thunderstorm,0.90291,True,Thunderstorm,hard_majority,True,False
3_10342.wav,original,3,Thunderstorm,2,Thunderstorm,Thunderstorm,Thunderstorm,Thunderstorm,0.9633112,True,Thunderstorm,hard_majority,True,False
3_10343.wav,pitch_down_2,3,Thunderstorm,2,Thunderstorm,Thunderstorm,Thunderstorm,Thunderstorm,0.9339544,True,Thunderstorm,hard_majority,True,False
3_10346.wav,pitch_up_2,3,Thunderstorm,2,Thunderstorm,Thunderstorm,Thunderstorm,Thunderstorm,0.9580846,True,Thunderstorm,hard_majority,True,False
3_10347.wav,pitch_down_2,3,Thunderstorm,2,Thunderstorm,Thunderstorm,Thunderstorm,Thunderstorm,0.9702739,True,Thunderstorm,hard_majority,True,False
3_10348.wav,pitch_up_2,3,Thunderstorm,2,Thunderstorm,Thunderstorm,Thunderstorm,Thunderstorm,0.8653138,True,Thunderstorm,hard_majority,True,False
3_10349.wav,pitch_up_2,3,Thunderstorm,2,Thunderstorm,Thunderstorm,Thunderstorm,Thunderstorm,0.8843332,True,Thunderstorm,hard_majority,True,False
3_10351.wav,pitch_down_2,3,Thunderstorm,2,Thunderstorm,Thunderstorm,Thunderstorm,Thunderstorm,0.9638996,True,Thunderstorm,hard_majority,True,False
3_10352.wav,original,3,Thunderstorm,2,Thunderstorm,Thunderstorm,Thunderstorm,Thunderstorm,0.9693017,True,Thunderstorm,hard_majority,True,False
3_10354.wav,original,3,Thunderstorm,2,Thunderstorm,Thunderstorm,Thunderstorm,Thunderstorm,0.957421,True,Thunderstorm,hard_majority,True,False
3_10355.wav,original,3,Thunderstorm,2,Thunderstorm,Thunderstorm,Thunderstorm,Thunderstorm,0.9611115,True,Thunderstorm,hard_majority,True,False
3_10359.wav,pitch_down_2,3,Thunderstorm,2,Thunderstorm,Thunderstorm,Thunderstorm,Thunderstorm,0.95282906,True,Thunderstorm,hard_majority,True,False
3_10360.wav,original,3,Thunderstorm,2,Thunderstorm,Thunderstorm,Thunderstorm,Thunderstorm,0.93706614,True,Thunderstorm,hard_majority,True,False
3_10360.wav,pitch_down_2,3,Thunderstorm,2,Thunderstorm,Thunderstorm,Thunderstorm,Thunderstorm,0.46249977,True,Thunderstorm,hard_majority,True,False
3_10360.wav,pitch_up_2,3,Thunderstorm,2,Thunderstorm,Thunderstorm,Thunderstorm,Thunderstorm,0.79551,True,Thunderstorm,hard_majority,True,False
3_10362.wav,pitch_down_2,3,Thunderstorm,2,Thunderstorm,Thunderstorm,Thunderstorm,Thunderstorm,0.951461,True,Thunderstorm,hard_majority,True,False
3_10362.wav,pitch_up_2,3,Thunderstorm,2,Thunderstorm,Thunderstorm,Thunderstorm,Thunderstorm,0.9568341,True,Thunderstorm,hard_majority,True,False
3_10364.wav,original,3,Thunderstorm,2,Thunderstorm,Thunderstorm,Thunderstorm,Thunderstorm,0.8150482,True,Thunderstorm,hard_majority,True,False
3_10366.wav,pitch_down_2,3,Thunderstorm,2,Thunderstorm,Thunderstorm,Thunderstorm,Thunderstorm,0.8372223,True,Thunderstorm,hard_majority,True,False
3_10368.wav,pitch_down_2,3,Thunderstorm,2,Thunderstorm,Thunderstorm,Thunderstorm,Thunderstorm,0.95387894,True,Thunderstorm,hard_majority,True,False
3_10368.wav,pitch_up_2,3,Thunderstorm,2,Thunderstorm,Thunderstorm,Thunderstorm,Thunderstorm,0.95487565,True,Thunderstorm,hard_majority,True,False
3_10369.wav,pitch_down_2,3,Thunderstorm,2,Thunderstorm,Thunderstorm,Thunderstorm,Thunderstorm,0.9503868,True,Thunderstorm,hard_majority,True,False
3_10370.wav,original,3,Thunderstorm,2,Thunderstorm,Thunderstorm,Thunderstorm,Thunderstorm,0.95291203,True,Thunderstorm,hard_majority,True,False
3_10373.wav,pitch_down_2,3,Thunderstorm,2,Thunderstorm,Thunderstorm,Thunderstorm,Thunderstorm,0.9509678,True,Thunderstorm,hard_majority,True,False
3_10375.wav,pitch_down_2,3,Thunderstorm,2,Thunderstorm,Thunderstorm,Thunderstorm,Thunderstorm,0.96551293,True,Thunderstorm,hard_majority,True,False
4_10402.wav,pitch_down_2,4,WaterDrops,3,WaterDrops,WaterDrops,WaterDrops,WaterDrops,0.9393893,True,WaterDrops,hard_majority,True,False
4_10404.wav,original,4,WaterDrops,3,WaterDrops,WaterDrops,WaterDrops,WaterDrops,0.9336193,True,WaterDrops,hard_majority,True,False
4_10404.wav,pitch_down_2,4,WaterDrops,3,WaterDrops,WaterDrops,WaterDrops,WaterDrops,0.91881436,True,WaterDrops,hard_majority,True,False
4_10409.wav,pitch_down_2,4,WaterDrops,3,WaterDrops,WaterDrops,WaterDrops,WaterDrops,0.92435044,True,WaterDrops,hard_majority,True,False
4_10409.wav,pitch_up_2,4,WaterDrops,3,WaterDrops,WaterDrops,WaterDrops,WaterDrops,0.88418525,True,WaterDrops,hard_majority,True,False
4_10410.wav,original,4,WaterDrops,3,WaterDrops,WaterDrops,WaterDrops,WaterDrops,0.90300053,True,WaterDrops,hard_majority,True,False
4_10410.wav,pitch_up_2,4,WaterDrops,3,WaterDrops,WaterDrops,WaterDrops,WaterDrops,0.89504796,True,WaterDrops,hard_majority,True,False
4_10411.wav,pitch_up_2,4,WaterDrops,3,WaterDrops,WaterDrops,WaterDrops,WaterDrops,0.8859751,True,WaterDrops,hard_majority,True,False
4_10412.wav,pitch_down_2,4,WaterDrops,3,WaterDrops,WaterDrops,WaterDrops,WaterDrops,0.9385524,True,WaterDrops,hard_majority,True,False
4_10414.wav,pitch_down_2,4,WaterDrops,3,WaterDrops,WaterDrops,WaterDrops,WaterDrops,0.9541351,True,WaterDrops,hard_majority,True,False
4_10416.wav,original,4,WaterDrops,3,WaterDrops,WaterDrops,WaterDrops,WaterDrops,0.80947846,True,WaterDrops,hard_majority,True,False
4_10416.wav,pitch_down_2,4,WaterDrops,3,WaterDrops,WaterDrops,WaterDrops,WaterDrops,0.94829035,True,WaterDrops,hard_majority,True,False
4_10419.wav,pitch_down_2,4,WaterDrops,3,WaterDrops,WaterDrops,WaterDrops,WaterDrops,0.97211355,True,WaterDrops,hard_majority,True,False
4_10420.wav,pitch_down_2,4,WaterDrops,3,WaterDrops,WaterDrops,WaterDrops,WaterDrops,0.91619897,True,WaterDrops,hard_majority,True,False
4_10420.wav,pitch_up_2,4,WaterDrops,3,WaterDrops,WaterDrops,WaterDrops,WaterDrops,0.94412345,True,WaterDrops,hard_majority,True,False
4_10421.wav,pitch_up_2,4,WaterDrops,3,WaterDrops,WaterDrops,WaterDrops,WaterDrops,0.9528651,True,WaterDrops,hard_majority,True,False
4_10422.wav,pitch_down_2,4,WaterDrops,3,WaterDrops,WaterDrops,WaterDrops,WaterDrops,0.9029293,True,WaterDrops,hard_majority,True,False
4_10428.wav,original,4,WaterDrops,3,WaterDrops,WaterDrops,WaterDrops,WaterDrops,0.909445,True,WaterDrops,hard_majority,True,False
4_10429.wav,original,4,WaterDrops,3,WaterDrops,WaterDrops,WaterDrops,WaterDrops,0.9454062,True,WaterDrops,hard_majority,True,False
4_10429.wav,pitch_down_2,4,WaterDrops,3,WaterDrops,WaterDrops,WaterDrops,WaterDrops,0.96027416,True,WaterDrops,hard_majority,True,False
4_10430.wav,pitch_up_2,4,WaterDrops,3,WaterDrops,WaterDrops,WaterDrops,WaterDrops,0.9280834,True,WaterDrops,hard_majority,True,False
4_10434.wav,pitch_down_2,4,WaterDrops,3,WaterDrops,WaterDrops,WaterDrops,WaterDrops,0.8090918,True,WaterDrops,hard_majority,True,False
4_10437.wav,original,4,WaterDrops,3,WaterDrops,WaterDrops,WaterDrops,WaterDrops,0.953868,True,WaterDrops,hard_majority,True,False
4_10439.wav,original,4,WaterDrops,3,WaterDrops,WaterDrops,WaterDrops,WaterDrops,0.7798787,True,WaterDrops,hard_majority,True,False
4_10440.wav,original,4,WaterDrops,3,WaterDrops,WaterDrops,WaterDrops,WaterDrops,0.9526885,True,WaterDrops,hard_majority,True,False
4_10440.wav,pitch_down_2,4,WaterDrops,3,WaterDrops,WaterDrops,WaterDrops,WaterDrops,0.78481346,True,WaterDrops,hard_majority,True,False
4_10445.wav,pitch_down_2,4,WaterDrops,3,WaterDrops,WaterDrops,WaterDrops,WaterDrops,0.93979406,True,WaterDrops,hard_majority,True,False
4_10446.wav,original,4,WaterDrops,3,WaterDrops,WaterDrops,WaterDrops,WaterDrops,0.91107106,True,WaterDrops,hard_majority,True,False
4_10447.wav,pitch_up_2,4,WaterDrops,3,WaterDrops,WaterDrops,WaterDrops,WaterDrops,0.8472212,True,WaterDrops,hard_majority,True,False
4_10449.wav,original,4,WaterDrops,3,WaterDrops,WaterDrops,WaterDrops,WaterDrops,0.908984,True,WaterDrops,hard_majority,True,False
4_10449.wav,pitch_down_2,4,WaterDrops,3,WaterDrops,WaterDrops,WaterDrops,WaterDrops,0.9282977,True,WaterDrops,hard_majority,True,False
4_10451.wav,pitch_up_2,4,WaterDrops,3,WaterDrops,WaterDrops,WaterDrops,WaterDrops,0.8455115,True,WaterDrops,hard_majority,True,False
4_10452.wav,pitch_down_2,4,WaterDrops,3,WaterDrops,WaterDrops,WaterDrops,WaterDrops,0.94640535,True,WaterDrops,hard_majority,True,False
4_10453.wav,original,4,WaterDrops,3,WaterDrops,WaterDrops,WaterDrops,WaterDrops,0.898489,True,WaterDrops,hard_majority,True,False
4_10454.wav,pitch_down_2,4,WaterDrops,3,WaterDrops,WaterDrops,WaterDrops,WaterDrops,0.96314436,True,WaterDrops,hard_majority,True,False
4_10455.wav,pitch_down_2,4,WaterDrops,3,WaterDrops,WaterDrops,WaterDrops,WaterDrops,0.923316,True,WaterDrops,hard_majority,True,False
4_10459.wav,pitch_up_2,4,WaterDrops,3,WaterDrops,WaterDrops,WaterDrops,WaterDrops,0.9114037,True,WaterDrops,hard_majority,True,False
4_10460.wav,original,4,WaterDrops,3,WaterDrops,WaterDrops,WaterDrops,WaterDrops,0.9434488,True,WaterDrops,hard_majority,True,False
4_10462.wav,pitch_up_2,4,WaterDrops,3,WaterDrops,WaterDrops,WaterDrops,WaterDrops,0.91063565,True,WaterDrops,hard_majority,True,False
4_10464.wav,pitch_down_2,4,WaterDrops,3,WaterDrops,WaterDrops,WaterDrops,WaterDrops,0.95559025,True,WaterDrops,hard_majority,True,False
4_10464.wav,pitch_up_2,4,WaterDrops,3,WaterDrops,WaterDrops,WaterDrops,WaterDrops,0.8833773,True,WaterDrops,hard_majority,True,False
4_10465.wav,pitch_down_2,4,WaterDrops,3,WaterDrops,WaterDrops,WaterDrops,WaterDrops,0.9013192,True,WaterDrops,hard_majority,True,False
4_10466.wav,pitch_down_2,4,WaterDrops,3,WaterDrops,WaterDrops,WaterDrops,WaterDrops,0.947191,True,WaterDrops,hard_majority,True,False
4_10467.wav,pitch_up_2,4,WaterDrops,3,WaterDrops,WaterDrops,WaterDrops,WaterDrops,0.89171773,True,WaterDrops,hard_majority,True,False
4_10469.wav,original,4,WaterDrops,3,WaterDrops,WaterDrops,WaterDrops,WaterDrops,0.69587684,True,WaterDrops,hard_majority,True,False
5_10502.wav,original,5,Wind,4,Wind,Wind,Wind,Wind,0.9658639,True,Wind,hard_majority,True,False
5_10502.wav,pitch_up_2,5,Wind,4,Wind,Wind,Wind,Wind,0.5976264,True,Wind,hard_majority,True,False
5_10507.wav,pitch_up_2,5,Wind,4,Wind,Wind,Wind,Wind,0.8607321,True,Wind,hard_majority,True,False
5_10509.wav,pitch_down_2,5,Wind,4,Wind,Wind,Wind,Wind,0.8528302,True,Wind,hard_majority,True,False
5_10511.wav,original,5,Wind,4,Wind,Wind,Wind,Wind,0.90792227,True,Wind,hard_majority,True,False
5_10511.wav,pitch_up_2,5,Wind,4,Wind,Wind,Wind,Wind,0.8494499,True,Wind,hard_majority,True,False
5_10512.wav,pitch_up_2,5,Wind,4,Wind,Wind,Wind,Wind,0.90121275,True,Wind,hard_majority,True,False
5_10514.wav,original,5,Wind,4,Wind,Wind,Wind,Wind,0.9455881,True,Wind,hard_majority,True,False
5_10519.wav,original,5,Wind,4,Wind,Wind,Wind,Wind,0.9369352,True,Wind,hard_majority,True,False
5_10520.wav,pitch_down_2,5,Wind,4,Wind,Wind,Wind,Wind,0.9003015,True,Wind,hard_majority,True,False
5_10521.wav,pitch_down_2,5,Wind,4,Wind,Wind,Wind,Wind,0.7698,True,Wind,hard_majority,True,False
5_10522.wav,original,5,Wind,4,Wind,Wind,Wind,Wind,0.9627616,True,Wind,hard_majority,True,False
5_10522.wav,pitch_up_2,5,Wind,4,Wind,Wind,Wind,Wind,0.9591175,True,Wind,hard_majority,True,False
5_10524.wav,original,5,Wind,4,Wind,Wind,Wind,Wind,0.908036,True,Wind,hard_majority,True,False
5_10525.wav,pitch_up_2,5,Wind,4,Wind,Wind,Wind,Wind,0.8797016,True,Wind,hard_majority,True,False
5_10527.wav,original,5,Wind,4,Wind,Wind,Wind,Wind,0.96676534,True,Wind,hard_majority,True,False
5_10532.wav,original,5,Wind,4,Wind,Wind,Wind,Wind,0.94692725,True,Wind,hard_majority,True,False
5_10532.wav,pitch_down_2,5,Wind,4,Wind,Wind,Wind,Wind,0.9565981,True,Wind,hard_majority,True,False
5_10537.wav,original,5,Wind,4,Wind,Wind,Wind,Wind,0.93660426,True,Wind,hard_majority,True,False
5_10538.wav,original,5,Wind,4,Wind,Wind,Wind,Wind,0.9647545,True,Wind,hard_majority,True,False
5_10538.wav,pitch_down_2,5,Wind,4,Wind,Wind,Wind,Wind,0.96762854,True,Wind,hard_majority,True,False
5_10540.wav,original,5,Wind,4,Wind,Wind,Wind,Wind,0.9397513,True,Wind,hard_majority,True,False
5_10541.wav,original,5,Wind,4,Wind,Wind,Wind,Wind,0.6709139,True,Wind,hard_majority,True,False
5_10544.wav,pitch_down_2,5,Wind,4,Wind,Wind,Wind,Wind,0.935014,True,Wind,hard_majority,True,False
5_10545.wav,pitch_down_2,5,Wind,4,Wind,Wind,Wind,Wind,0.9486267,True,Wind,hard_majority,True,False
5_10546.wav,original,5,Wind,4,Wind,Wind,Wind,Wind,0.93111444,True,Wind,hard_majority,True,False
5_10546.wav,pitch_down_2,5,Wind,4,Wind,Wind,Wind,Wind,0.96392137,True,Wind,hard_majority,True,False
5_10550.wav,pitch_up_2,5,Wind,4,Wind,Wind,Wind,Wind,0.93625504,True,Wind,hard_majority,True,False
5_10551.wav,pitch_down_2,5,Wind,4,Wind,Wind,Wind,Wind,0.9525631,True,Wind,hard_majority,True,False
5_10560.wav,pitch_down_2,5,Wind,4,Wind,Wind,Wind,Wind,0.61252433,True,Wind,hard_majority,True,False
5_10560.wav,pitch_up_2,5,Wind,4,Wind,Wind,Wind,Wind,0.725929,True,Wind,hard_majority,True,False
5_10561.wav,original,5,Wind,4,Wind,Wind,Wind,Wind,0.9374821,True,Wind,hard_majority,True,False
5_10562.wav,original,5,Wind,4,Wind,Wind,Wind,Wind,0.962251,True,Wind,hard_majority,True,False
5_10563.wav,original,5,Wind,4,Wind,Wind,Wind,Wind,0.945352,True,Wind,hard_majority,True,False
5_10563.wav,pitch_up_2,5,Wind,4,Wind,Wind,Wind,Wind,0.8849632,True,Wind,hard_majority,True,False
5_10564.wav,original,5,Wind,4,Wind,Wind,Wind,Wind,0.94359535,True,Wind,hard_majority,True,False
5_10566.wav,pitch_up_2,5,Wind,4,Wind,Wind,Wind,Wind,0.82833153,True,Wind,hard_majority,True,False
5_10567.wav,pitch_up_2,5,Wind,4,Wind,Wind,Wind,Wind,0.8920422,True,Wind,hard_majority,True,False
5_10568.wav,pitch_down_2,5,Wind,4,Wind,Wind,Wind,Wind,0.9649582,True,Wind,hard_majority,True,False
5_10568.wav,pitch_up_2,5,Wind,4,Wind,Wind,Wind,Wind,0.94109803,True,Wind,hard_majority,True,False
5_10569.wav,pitch_down_2,5,Wind,4,Wind,Wind,Wind,Wind,0.8159724,True,Wind,hard_majority,True,False
5_10569.wav,pitch_up_2,5,Wind,4,Wind,Wind,Wind,Wind,0.6869138,True,Wind,hard_majority,True,False
5_10570.wav,original,5,Wind,4,Wind,Wind,Wind,Wind,0.9380024,True,Wind,hard_majority,True,False
5_10573.wav,original,5,Wind,4,Wind,Wind,Wind,Wind,0.9379969,True,Wind,hard_majority,True,False
5_10575.wav,pitch_up_2,5,Wind,4,Wind,Wind,Wind,Wind,0.7613848,True,Wind,hard_majority,True,False
6_10601.wav,original,6,Silence,5,Silence,Silence,Silence,Silence,0.7145829,True,Silence,hard_majority,True,False
6_10604.wav,pitch_down_2,6,Silence,5,Silence,Silence,Silence,Silence,0.7508009,True,Silence,hard_majority,True,False
6_10606.wav,pitch_down_2,6,Silence,5,Silence,Silence,Silence,Silence,0.9665456,True,Silence,hard_majority,True,False
6_10609.wav,original,6,Silence,5,Silence,Silence,Silence,Silence,0.87749726,True,Silence,hard_majority,True,False
6_10612.wav,pitch_down_2,6,Silence,5,Silence,Silence,Silence,Silence,0.95272094,True,Silence,hard_majority,True,False
6_10613.wav,pitch_down_2,6,Silence,5,Silence,Silence,Silence,Silence,0.9422328,True,Silence,hard_majority,True,False
6_10614.wav,original,6,Silence,5,Silence,Silence,Silence,Silence,0.9244611,True,Silence,hard_majority,True,False
6_10614.wav,pitch_down_2,6,Silence,5,Silence,Silence,Silence,Silence,0.92517304,True,Silence,hard_majority,True,False
6_10616.wav,original,6,Silence,5,Silence,Silence,Silence,Silence,0.9429831,True,Silence,hard_majority,True,False
6_10618.wav,pitch_down_2,6,Silence,5,Silence,Silence,Silence,Silence,0.8637455,True,Silence,hard_majority,True,False
6_10619.wav,original,6,Silence,5,Silence,Silence,Silence,Silence,0.9633422,True,Silence,hard_majority,True,False
6_10619.wav,pitch_up_2,6,Silence,5,Silence,Silence,Silence,Silence,0.92903715,True,Silence,hard_majority,True,False
6_10621.wav,pitch_up_2,6,Silence,5,Silence,Silence,Silence,Silence,0.91652423,True,Silence,hard_majority,True,False
6_10625.wav,pitch_up_2,6,Silence,5,Silence,Silence,Silence,Silence,0.9494682,True,Silence,hard_majority,True,False
6_10630.wav,pitch_up_2,6,Silence,5,Silence,Silence,Silence,Silence,0.9550193,True,Silence,hard_majority,True,False
6_10631.wav,original,6,Silence,5,Silence,Silence,Silence,Silence,0.9202897,True,Silence,hard_majority,True,False
6_10634.wav,pitch_down_2,6,Silence,5,Silence,Silence,Silence,Silence,0.9562397,True,Silence,hard_majority,True,False
6_10637.wav,pitch_down_2,6,Silence,5,Silence,Silence,Silence,Silence,0.92250603,True,Silence,hard_majority,True,False
6_10639.wav,original,6,Silence,5,Silence,Silence,Silence,Silence,0.92451644,True,Silence,hard_majority,True,False
6_10639.wav,pitch_up_2,6,Silence,5,Silence,Silence,Silence,Silence,0.94772524,True,Silence,hard_majority,True,False
6_10643.wav,pitch_down_2,6,Silence,5,Silence,Silence,Silence,Silence,0.931655,True,Silence,hard_majority,True,False
6_10644.wav,original,6,Silence,5,Silence,Silence,Silence,Silence,0.95030856,True,Silence,hard_majority,True,False
6_10645.wav,pitch_up_2,6,Silence,5,Silence,Silence,Silence,Silence,0.9352656,True,Silence,hard_majority,True,False
6_10646.wav,pitch_down_2,6,Silence,5,Silence,Silence,Silence,Silence,0.92236954,True,Silence,hard_majority,True,False
6_10648.wav,pitch_down_2,6,Silence,5,Silence,Silence,Silence,Silence,0.8934857,True,Silence,hard_majority,True,False
6_10650.wav,pitch_down_2,6,Silence,5,Silence,Silence,Silence,Silence,0.9042628,True,Silence,hard_majority,True,False
6_10651.wav,original,6,Silence,5,Silence,Silence,Silence,Silence,0.89661765,True,Silence,hard_majority,True,False
6_10652.wav,original,6,Silence,5,Silence,Silence,Silence,Silence,0.92526555,True,Silence,hard_majority,True,False
6_10654.wav,pitch_up_2,6,Silence,5,Silence,Silence,Silence,Silence,0.9662011,True,Silence,hard_majority,True,False
6_10655.wav,pitch_down_2,6,Silence,5,Silence,Silence,Silence,Silence,0.9079663,True,Silence,hard_majority,True,False
6_10656.wav,pitch_up_2,6,Silence,5,Silence,Silence,Silence,Silence,0.9251562,True,Silence,hard_majority,True,False
6_10657.wav,original,6,Silence,5,Silence,Silence,Silence,Silence,0.9293115,True,Silence,hard_majority,True,False
6_10657.wav,pitch_up_2,6,Silence,5,Silence,Silence,Silence,Silence,0.96591157,True,Silence,hard_majority,True,False
6_10659.wav,original,6,Silence,5,Silence,Silence,Silence,Silence,0.9216233,True,Silence,hard_majority,True,False
6_10660.wav,pitch_up_2,6,Silence,5,Silence,Silence,Silence,Silence,0.9682677,True,Silence,hard_majority,True,False
6_10661.wav,pitch_down_2,6,Silence,5,Silence,Silence,Silence,Silence,0.9535351,True,Silence,hard_majority,True,False
6_10667.wav,pitch_up_2,6,Silence,5,Silence,Silence,Silence,Silence,0.90015936,True,Silence,hard_majority,True,False
6_10669.wav,pitch_down_2,6,Silence,5,Silence,Silence,Silence,Silence,0.9268175,True,Silence,hard_majority,True,False
6_10670.wav,pitch_down_2,6,Silence,5,Silence,Silence,Silence,Silence,0.9352784,True,Silence,hard_majority,True,False
6_10671.wav,original,6,Silence,5,Silence,Silence,Silence,Silence,0.9456005,True,Silence,hard_majority,True,False
6_10671.wav,pitch_down_2,6,Silence,5,Silence,Silence,Silence,Silence,0.94100666,True,Silence,hard_majority,True,False
6_10672.wav,original,6,Silence,5,Silence,Silence,Silence,Silence,0.9468618,True,Silence,hard_majority,True,False
6_10672.wav,pitch_down_2,6,Silence,5,Silence,Silence,Silence,Silence,0.934464,True,Silence,hard_majority,True,False
6_10672.wav,pitch_up_2,6,Silence,5,Silence,Silence,Silence,Silence,0.95391774,True,Silence,hard_majority,True,False
6_10673.wav,pitch_up_2,6,Silence,5,Silence,Silence,Silence,Silence,0.9566073,True,Silence,hard_majority,True,False
7_10704.wav,pitch_down_2,7,TreeFalling,6,TreeFalling,TreeFalling,TreeFalling,TreeFalling,0.9165466,True,TreeFalling,hard_majority,True,False
7_10706.wav,pitch_down_2,7,TreeFalling,6,TreeFalling,TreeFalling,TreeFalling,TreeFalling,0.9355915,True,TreeFalling,hard_majority,True,False
7_10709.wav,original,7,TreeFalling,6,TreeFalling,TreeFalling,TreeFalling,TreeFalling,0.951737,True,TreeFalling,hard_majority,True,False
7_10709.wav,pitch_down_2,7,TreeFalling,6,TreeFalling,TreeFalling,TreeFalling,TreeFalling,0.9458534,True,TreeFalling,hard_majority,True,False
7_10710.wav,pitch_down_2,7,TreeFalling,6,TreeFalling,TreeFalling,TreeFalling,TreeFalling,0.9444825,True,TreeFalling,hard_majority,True,False
7_10711.wav,pitch_up_2,7,TreeFalling,6,TreeFalling,TreeFalling,TreeFalling,TreeFalling,0.9599343,True,TreeFalling,hard_majority,True,False
7_10712.wav,pitch_down_2,7,TreeFalling,6,TreeFalling,TreeFalling,TreeFalling,TreeFalling,0.8120845,True,TreeFalling,hard_majority,True,False
7_10712.wav,pitch_up_2,7,TreeFalling,6,TreeFalling,TreeFalling,TreeFalling,TreeFalling,0.8262518,True,TreeFalling,hard_majority,True,False
7_10713.wav,pitch_up_2,7,TreeFalling,6,TreeFalling,TreeFalling,TreeFalling,TreeFalling,0.9459749,True,TreeFalling,hard_majority,True,False
7_10714.wav,original,7,TreeFalling,6,TreeFalling,TreeFalling,TreeFalling,TreeFalling,0.95305365,True,TreeFalling,hard_majority,True,False
7_10714.wav,pitch_up_2,7,TreeFalling,6,TreeFalling,TreeFalling,TreeFalling,TreeFalling,0.9631491,True,TreeFalling,hard_majority,True,False
7_10717.wav,pitch_up_2,7,TreeFalling,6,TreeFalling,TreeFalling,TreeFalling,TreeFalling,0.94771475,True,TreeFalling,hard_majority,True,False
7_10718.wav,pitch_up_2,7,TreeFalling,6,TreeFalling,TreeFalling,TreeFalling,TreeFalling,0.93608683,True,TreeFalling,hard_majority,True,False
7_10719.wav,original,7,TreeFalling,6,TreeFalling,TreeFalling,TreeFalling,TreeFalling,0.96808356,True,TreeFalling,hard_majority,True,False
7_10719.wav,pitch_down_2,7,TreeFalling,6,TreeFalling,TreeFalling,TreeFalling,TreeFalling,0.94839543,True,TreeFalling,hard_majority,True,False
7_10721.wav,original,7,TreeFalling,6,TreeFalling,TreeFalling,TreeFalling,TreeFalling,0.9532192,True,TreeFalling,hard_majority,True,False
7_10723.wav,pitch_up_2,7,TreeFalling,6,TreeFalling,TreeFalling,TreeFalling,TreeFalling,0.9140741,True,TreeFalling,hard_majority,True,False
7_10725.wav,original,7,TreeFalling,6,TreeFalling,TreeFalling,TreeFalling,TreeFalling,0.9751825,True,TreeFalling,hard_majority,True,False
7_10727.wav,pitch_up_2,7,TreeFalling,6,TreeFalling,TreeFalling,TreeFalling,TreeFalling,0.8869024,True,TreeFalling,hard_majority,True,False
7_10733.wav,pitch_down_2,7,TreeFalling,6,TreeFalling,TreeFalling,TreeFalling,TreeFalling,0.9464891,True,TreeFalling,hard_majority,True,False
7_10735.wav,pitch_down_2,7,TreeFalling,6,TreeFalling,TreeFalling,TreeFalling,TreeFalling,0.84752685,True,TreeFalling,hard_majority,True,False
7_10736.wav,pitch_up_2,7,TreeFalling,6,TreeFalling,TreeFalling,TreeFalling,TreeFalling,0.92256325,True,TreeFalling,hard_majority,True,False
7_10737.wav,original,7,TreeFalling,6,TreeFalling,TreeFalling,TreeFalling,TreeFalling,0.9005649,True,TreeFalling,hard_majority,True,False
7_10737.wav,pitch_up_2,7,TreeFalling,6,TreeFalling,TreeFalling,TreeFalling,TreeFalling,0.9410855,True,TreeFalling,hard_majority,True,False
7_10738.wav,pitch_down_2,7,TreeFalling,6,TreeFalling,TreeFalling,TreeFalling,TreeFalling,0.9224768,True,TreeFalling,hard_majority,True,False
7_10739.wav,original,7,TreeFalling,6,TreeFalling,TreeFalling,TreeFalling,TreeFalling,0.6965127,True,TreeFalling,hard_majority,True,False
7_10743.wav,pitch_up_2,7,TreeFalling,6,TreeFalling,TreeFalling,TreeFalling,TreeFalling,0.8822294,True,TreeFalling,hard_majority,True,False
7_10744.wav,pitch_down_2,7,TreeFalling,6,TreeFalling,TreeFalling,TreeFalling,TreeFalling,0.9686568,True,TreeFalling,hard_majority,True,False
7_10750.wav,original,7,TreeFalling,6,TreeFalling,TreeFalling,TreeFalling,TreeFalling,0.88211423,True,TreeFalling,hard_majority,True,False
7_10750.wav,pitch_down_2,7,TreeFalling,6,TreeFalling,TreeFalling,TreeFalling,TreeFalling,0.8659517,True,TreeFalling,hard_majority,True,False
7_10750.wav,pitch_up_2,7,TreeFalling,6,TreeFalling,TreeFalling,TreeFalling,TreeFalling,0.85426813,True,TreeFalling,hard_majority,True,False
7_10751.wav,pitch_down_2,7,TreeFalling,6,TreeFalling,TreeFalling,TreeFalling,TreeFalling,0.7854449,True,TreeFalling,hard_majority,True,False
7_10752.wav,original,7,TreeFalling,6,TreeFalling,TreeFalling,TreeFalling,TreeFalling,0.9393403,True,TreeFalling,hard_majority,True,False
7_10755.wav,pitch_down_2,7,TreeFalling,6,TreeFalling,TreeFalling,TreeFalling,TreeFalling,0.9263981,True,TreeFalling,hard_majority,True,False
7_10757.wav,pitch_up_2,7,TreeFalling,6,TreeFalling,TreeFalling,TreeFalling,TreeFalling,0.91683036,True,TreeFalling,hard_majority,True,False
7_10758.wav,original,7,TreeFalling,6,TreeFalling,TreeFalling,TreeFalling,TreeFalling,0.95743704,True,TreeFalling,hard_majority,True,False
7_10761.wav,original,7,TreeFalling,6,TreeFalling,TreeFalling,TreeFalling,TreeFalling,0.9470985,True,TreeFalling,hard_majority,True,False
7_10763.wav,original,7,TreeFalling,6,TreeFalling,TreeFalling,TreeFalling,TreeFalling,0.8538323,True,TreeFalling,hard_majority,True,False
7_10764.wav,original,7,TreeFalling,6,TreeFalling,TreeFalling,TreeFalling,TreeFalling,0.901583,True,TreeFalling,hard_majority,True,False
7_10765.wav,original,7,TreeFalling,6,TreeFalling,TreeFalling,TreeFalling,TreeFalling,0.38846812,True,TreeFalling,hard_majority,True,False
7_10765.wav,pitch_down_2,7,TreeFalling,6,TreeFalling,TreeFalling,TreeFalling,TreeFalling,0.5630953,True,TreeFalling,hard_majority,True,False
7_10771.wav,original,7,TreeFalling,6,TreeFalling,TreeFalling,TreeFalling,TreeFalling,0.9254613,True,TreeFalling,hard_majority,True,False
7_10772.wav,pitch_up_2,7,TreeFalling,6,TreeFalling,TreeFalling,TreeFalling,TreeFalling,0.76882154,True,TreeFalling,hard_majority,True,False
7_10773.wav,original,7,TreeFalling,6,TreeFalling,TreeFalling,TreeFalling,TreeFalling,0.83091146,True,TreeFalling,hard_majority,True,False
7_10774.wav,pitch_up_2,7,TreeFalling,6,TreeFalling,TreeFalling,TreeFalling,TreeFalling,0.92743737,True,TreeFalling,hard_majority,True,False
8_10802.wav,pitch_up_2,8,Helicopter,7,Helicopter,Helicopter,Helicopter,Helicopter,0.9644472,True,Helicopter,hard_majority,True,False
8_10805.wav,original,8,Helicopter,7,Helicopter,Helicopter,Helicopter,Helicopter,0.9654527,True,Helicopter,hard_majority,True,False
8_10810.wav,original,8,Helicopter,7,Helicopter,Helicopter,Helicopter,Helicopter,0.9344576,True,Helicopter,hard_majority,True,False
8_10811.wav,pitch_up_2,8,Helicopter,7,Helicopter,Helicopter,Helicopter,Helicopter,0.9445133,True,Helicopter,hard_majority,True,False
8_10813.wav,original,8,Helicopter,7,Helicopter,Helicopter,Helicopter,Helicopter,0.9203408,True,Helicopter,hard_majority,True,False
8_10813.wav,pitch_down_2,8,Helicopter,7,Helicopter,Helicopter,Helicopter,Helicopter,0.95490724,True,Helicopter,hard_majority,True,False
8_10814.wav,original,8,Helicopter,7,Helicopter,Helicopter,Helicopter,Helicopter,0.9405983,True,Helicopter,hard_majority,True,False
8_10815.wav,pitch_up_2,8,Helicopter,7,Helicopter,Helicopter,Helicopter,Helicopter,0.9059501,True,Helicopter,hard_majority,True,False
8_10816.wav,pitch_up_2,8,Helicopter,7,Helicopter,Helicopter,Helicopter,Helicopter,0.9489629,True,Helicopter,hard_majority,True,False
8_10819.wav,pitch_down_2,8,Helicopter,7,Helicopter,Helicopter,Helicopter,Helicopter,0.85710937,True,Helicopter,hard_majority,True,False
8_10820.wav,pitch_down_2,8,Helicopter,7,Helicopter,Helicopter,Helicopter,Helicopter,0.955252,True,Helicopter,hard_majority,True,False
8_10820.wav,pitch_up_2,8,Helicopter,7,Helicopter,Helicopter,Helicopter,Helicopter,0.9357257,True,Helicopter,hard_majority,True,False
8_10821.wav,pitch_down_2,8,Helicopter,7,Helicopter,Helicopter,Helicopter,Helicopter,0.9643297,True,Helicopter,hard_majority,True,False
8_10823.wav,original,8,Helicopter,7,Helicopter,Helicopter,Helicopter,Helicopter,0.8725889,True,Helicopter,hard_majority,True,False
8_10824.wav,pitch_up_2,8,Helicopter,7,Helicopter,Helicopter,Helicopter,Helicopter,0.95977753,True,Helicopter,hard_majority,True,False
8_10827.wav,pitch_down_2,8,Helicopter,7,Helicopter,Helicopter,Helicopter,Helicopter,0.94435805,True,Helicopter,hard_majority,True,False
8_10827.wav,pitch_up_2,8,Helicopter,7,Helicopter,Helicopter,Helicopter,Helicopter,0.9616335,True,Helicopter,hard_majority,True,False
8_10830.wav,pitch_up_2,8,Helicopter,7,Helicopter,Helicopter,Helicopter,Helicopter,0.93259287,True,Helicopter,hard_majority,True,False
8_10831.wav,original,8,Helicopter,7,Thunderstorm,Thunderstorm,Thunderstorm,Thunderstorm,0.8770978,False,Thunderstorm,hard_majority,False,False
8_10831.wav,pitch_down_2,8,Helicopter,7,Thunderstorm,Thunderstorm,Thunderstorm,Thunderstorm,0.8587585,False,Thunderstorm,hard_majority,False,False
8_10831.wav,pitch_up_2,8,Helicopter,7,Thunderstorm,Thunderstorm,Thunderstorm,Thunderstorm,0.90260696,False,Thunderstorm,hard_majority,False,False
8_10833.wav,original,8,Helicopter,7,Helicopter,Helicopter,Helicopter,Helicopter,0.8884216,True,Helicopter,hard_majority,True,False
8_10833.wav,pitch_down_2,8,Helicopter,7,Helicopter,Helicopter,Helicopter,Helicopter,0.64565533,True,Helicopter,hard_majority,True,False
8_10836.wav,pitch_down_2,8,Helicopter,7,Helicopter,Helicopter,Helicopter,Helicopter,0.83420205,True,Helicopter,hard_majority,True,False
8_10838.wav,pitch_up_2,8,Helicopter,7,Helicopter,Helicopter,Helicopter,Helicopter,0.96504575,True,Helicopter,hard_majority,True,False
8_10839.wav,original,8,Helicopter,7,Helicopter,Helicopter,Helicopter,Helicopter,0.88272524,True,Helicopter,hard_majority,True,False
8_10842.wav,original,8,Helicopter,7,Helicopter,Helicopter,Helicopter,Helicopter,0.9540213,True,Helicopter,hard_majority,True,False
8_10845.wav,original,8,Helicopter,7,Helicopter,Helicopter,Helicopter,Helicopter,0.94428235,True,Helicopter,hard_majority,True,False
8_10849.wav,pitch_down_2,8,Helicopter,7,Helicopter,Helicopter,Helicopter,Helicopter,0.6067626,True,Helicopter,hard_majority,True,False
8_10849.wav,pitch_up_2,8,Helicopter,7,Helicopter,Helicopter,Helicopter,Helicopter,0.894491,True,Helicopter,hard_majority,True,False
8_10856.wav,pitch_up_2,8,Helicopter,7,Helicopter,Helicopter,Helicopter,Helicopter,0.9370257,True,Helicopter,hard_majority,True,False
8_10857.wav,original,8,Helicopter,7,Helicopter,Helicopter,Helicopter,Helicopter,0.94660354,True,Helicopter,hard_majority,True,False
8_10859.wav,pitch_down_2,8,Helicopter,7,Helicopter,Helicopter,Helicopter,Helicopter,0.9510762,True,Helicopter,hard_majority,True,False
8_10862.wav,pitch_up_2,8,Helicopter,7,Helicopter,Helicopter,Helicopter,Helicopter,0.944289,True,Helicopter,hard_majority,True,False
8_10863.wav,original,8,Helicopter,7,Helicopter,Helicopter,Helicopter,Helicopter,0.5179008,True,Helicopter,hard_majority,True,False
8_10866.wav,pitch_down_2,8,Helicopter,7,VehicleEngine,VehicleEngine,VehicleEngine,VehicleEngine,0.8454947,False,VehicleEngine,hard_majority,False,False
8_10866.wav,pitch_up_2,8,Helicopter,7,VehicleEngine,VehicleEngine,VehicleEngine,VehicleEngine,0.91272885,False,VehicleEngine,hard_majority,False,False
8_10869.wav,original,8,Helicopter,7,Helicopter,Helicopter,Helicopter,Helicopter,0.5468038,True,Helicopter,hard_majority,True,False
8_10869.wav,pitch_down_2,8,Helicopter,7,Generator,Generator,Generator,Generator,0.706382,False,Generator,hard_majority,False,False
8_10869.wav,pitch_up_2,8,Helicopter,7,VehicleEngine,Generator,VehicleEngine,VehicleEngine,0.3678415,False,VehicleEngine,hard_majority,False,False
8_10870.wav,pitch_down_2,8,Helicopter,7,Helicopter,Helicopter,Helicopter,Helicopter,0.85619515,True,Helicopter,hard_majority,True,False
8_10871.wav,pitch_down_2,8,Helicopter,7,Helicopter,Helicopter,Helicopter,Helicopter,0.6408102,True,Helicopter,hard_majority,True,False
8_10872.wav,pitch_up_2,8,Helicopter,7,Helicopter,Helicopter,Helicopter,Helicopter,0.89328766,True,Helicopter,hard_majority,True,False
8_10873.wav,pitch_up_2,8,Helicopter,7,Helicopter,Helicopter,Helicopter,Helicopter,0.94743896,True,Helicopter,hard_majority,True,False
8_10875.wav,pitch_up_2,8,Helicopter,7,Helicopter,Helicopter,Helicopter,Helicopter,0.9306299,True,Helicopter,hard_majority,True,False
9_10902.wav,pitch_up_2,9,VehicleEngine,8,VehicleEngine,VehicleEngine,VehicleEngine,VehicleEngine,0.96103597,True,VehicleEngine,hard_majority,True,False
9_10903.wav,original,9,VehicleEngine,8,VehicleEngine,VehicleEngine,VehicleEngine,VehicleEngine,0.5018574,True,VehicleEngine,hard_majority,True,False
9_10903.wav,pitch_down_2,9,VehicleEngine,8,VehicleEngine,VehicleEngine,VehicleEngine,VehicleEngine,0.38361374,True,VehicleEngine,hard_majority,True,False
9_10903.wav,pitch_up_2,9,VehicleEngine,8,VehicleEngine,VehicleEngine,VehicleEngine,VehicleEngine,0.45836493,True,VehicleEngine,hard_majority,True,False
9_10914.wav,pitch_down_2,9,VehicleEngine,8,VehicleEngine,VehicleEngine,VehicleEngine,VehicleEngine,0.9339368,True,VehicleEngine,hard_majority,True,False
9_10917.wav,original,9,VehicleEngine,8,VehicleEngine,VehicleEngine,VehicleEngine,VehicleEngine,0.9492957,True,VehicleEngine,hard_majority,True,False
9_10921.wav,original,9,VehicleEngine,8,VehicleEngine,VehicleEngine,VehicleEngine,VehicleEngine,0.9478052,True,VehicleEngine,hard_majority,True,False
9_10921.wav,pitch_down_2,9,VehicleEngine,8,VehicleEngine,VehicleEngine,VehicleEngine,VehicleEngine,0.96114844,True,VehicleEngine,hard_majority,True,False
9_10924.wav,pitch_up_2,9,VehicleEngine,8,Generator,Generator,Generator,Generator,0.87812287,False,Generator,hard_majority,False,False
9_10925.wav,original,9,VehicleEngine,8,VehicleEngine,VehicleEngine,VehicleEngine,VehicleEngine,0.7733746,True,VehicleEngine,hard_majority,True,False
9_10926.wav,pitch_down_2,9,VehicleEngine,8,VehicleEngine,VehicleEngine,VehicleEngine,VehicleEngine,0.58802944,True,VehicleEngine,hard_majority,True,False
9_10928.wav,pitch_up_2,9,VehicleEngine,8,VehicleEngine,VehicleEngine,VehicleEngine,VehicleEngine,0.93004805,True,VehicleEngine,hard_majority,True,False
9_10930.wav,pitch_up_2,9,VehicleEngine,8,VehicleEngine,VehicleEngine,VehicleEngine,VehicleEngine,0.93645495,True,VehicleEngine,hard_majority,True,False
9_10931.wav,pitch_down_2,9,VehicleEngine,8,VehicleEngine,VehicleEngine,VehicleEngine,VehicleEngine,0.97687554,True,VehicleEngine,hard_majority,True,False
9_10935.wav,original,9,VehicleEngine,8,VehicleEngine,VehicleEngine,VehicleEngine,VehicleEngine,0.9624989,True,VehicleEngine,hard_majority,True,False
9_10935.wav,pitch_down_2,9,VehicleEngine,8,VehicleEngine,VehicleEngine,VehicleEngine,VehicleEngine,0.9701585,True,VehicleEngine,hard_majority,True,False
9_10936.wav,original,9,VehicleEngine,8,VehicleEngine,VehicleEngine,VehicleEngine,VehicleEngine,0.9320874,True,VehicleEngine,hard_majority,True,False
9_10937.wav,pitch_up_2,9,VehicleEngine,8,VehicleEngine,VehicleEngine,VehicleEngine,VehicleEngine,0.96530265,True,VehicleEngine,hard_majority,True,False
9_10938.wav,pitch_up_2,9,VehicleEngine,8,VehicleEngine,VehicleEngine,VehicleEngine,VehicleEngine,0.90143234,True,VehicleEngine,hard_majority,True,False
9_10939.wav,pitch_down_2,9,VehicleEngine,8,Generator,Generator,Generator,Generator,0.27053767,False,Generator,hard_majority,False,False
9_10940.wav,pitch_down_2,9,VehicleEngine,8,VehicleEngine,VehicleEngine,VehicleEngine,VehicleEngine,0.9546771,True,VehicleEngine,hard_majority,True,False
9_10941.wav,pitch_down_2,9,VehicleEngine,8,VehicleEngine,VehicleEngine,VehicleEngine,VehicleEngine,0.6601625,True,VehicleEngine,hard_majority,True,False
9_10941.wav,pitch_up_2,9,VehicleEngine,8,VehicleEngine,VehicleEngine,VehicleEngine,VehicleEngine,0.6923309,True,VehicleEngine,hard_majority,True,False
9_10943.wav,original,9,VehicleEngine,8,VehicleEngine,VehicleEngine,VehicleEngine,VehicleEngine,0.8523466,True,VehicleEngine,hard_majority,True,False
9_10944.wav,pitch_up_2,9,VehicleEngine,8,VehicleEngine,VehicleEngine,VehicleEngine,VehicleEngine,0.9445362,True,VehicleEngine,hard_majority,True,False
9_10945.wav,pitch_down_2,9,VehicleEngine,8,VehicleEngine,VehicleEngine,VehicleEngine,VehicleEngine,0.9481921,True,VehicleEngine,hard_majority,True,False
9_10948.wav,pitch_down_2,9,VehicleEngine,8,VehicleEngine,VehicleEngine,VehicleEngine,VehicleEngine,0.94433147,True,VehicleEngine,hard_majority,True,False
9_10950.wav,pitch_up_2,9,VehicleEngine,8,VehicleEngine,VehicleEngine,VehicleEngine,VehicleEngine,0.87888694,True,VehicleEngine,hard_majority,True,False
9_10952.wav,original,9,VehicleEngine,8,VehicleEngine,VehicleEngine,VehicleEngine,VehicleEngine,0.9799609,True,VehicleEngine,hard_majority,True,False
9_10953.wav,pitch_down_2,9,VehicleEngine,8,VehicleEngine,VehicleEngine,VehicleEngine,VehicleEngine,0.90301734,True,VehicleEngine,hard_majority,True,False
9_10954.wav,original,9,VehicleEngine,8,VehicleEngine,VehicleEngine,VehicleEngine,VehicleEngine,0.5650494,True,VehicleEngine,hard_majority,True,False
9_10954.wav,pitch_down_2,9,VehicleEngine,8,VehicleEngine,VehicleEngine,VehicleEngine,VehicleEngine,0.8831275,True,VehicleEngine,hard_majority,True,False
9_10956.wav,original,9,VehicleEngine,8,VehicleEngine,VehicleEngine,VehicleEngine,VehicleEngine,0.9444608,True,VehicleEngine,hard_majority,True,False
9_10958.wav,original,9,VehicleEngine,8,VehicleEngine,VehicleEngine,VehicleEngine,VehicleEngine,0.654865,True,VehicleEngine,hard_majority,True,False
9_10958.wav,pitch_up_2,9,VehicleEngine,8,VehicleEngine,VehicleEngine,VehicleEngine,VehicleEngine,0.957799,True,VehicleEngine,hard_majority,True,False
9_10960.wav,original,9,VehicleEngine,8,VehicleEngine,VehicleEngine,VehicleEngine,VehicleEngine,0.9586017,True,VehicleEngine,hard_majority,True,False
9_10963.wav,pitch_down_2,9,VehicleEngine,8,VehicleEngine,VehicleEngine,VehicleEngine,VehicleEngine,0.7266682,True,VehicleEngine,hard_majority,True,False
9_10963.wav,pitch_up_2,9,VehicleEngine,8,Speaking,Rain,Speaking,Speaking,0.34954533,False,Speaking,hard_majority,False,False
9_10965.wav,pitch_down_2,9,VehicleEngine,8,VehicleEngine,VehicleEngine,VehicleEngine,VehicleEngine,0.46268067,True,VehicleEngine,hard_majority,True,False
9_10965.wav,pitch_up_2,9,VehicleEngine,8,VehicleEngine,Thunderstorm,VehicleEngine,VehicleEngine,0.21683754,True,VehicleEngine,hard_majority,True,False
9_10967.wav,pitch_up_2,9,VehicleEngine,8,VehicleEngine,VehicleEngine,VehicleEngine,VehicleEngine,0.8552293,True,VehicleEngine,hard_majority,True,False
9_10968.wav,pitch_down_2,9,VehicleEngine,8,VehicleEngine,VehicleEngine,VehicleEngine,VehicleEngine,0.95219564,True,VehicleEngine,hard_majority,True,False
9_10969.wav,original,9,VehicleEngine,8,VehicleEngine,VehicleEngine,VehicleEngine,VehicleEngine,0.9397807,True,VehicleEngine,hard_majority,True,False
9_10972.wav,pitch_down_2,9,VehicleEngine,8,VehicleEngine,VehicleEngine,VehicleEngine,VehicleEngine,0.7414753,True,VehicleEngine,hard_majority,True,False
9_10973.wav,pitch_down_2,9,VehicleEngine,8,VehicleEngine,VehicleEngine,VehicleEngine,VehicleEngine,0.9471771,True,VehicleEngine,hard_majority,True,False
10_11001.wav,original,10,Axe,9,Axe,Axe,WoodChop,Axe,0.42695022,True,Axe,hard_majority,True,False
10_11002.wav,pitch_down_2,10,Axe,9,Axe,Axe,Axe,Axe,0.79859614,True,Axe,hard_majority,True,False
10_11005.wav,original,10,Axe,9,Axe,Axe,Axe,Axe,0.9630944,True,Axe,hard_majority,True,False
10_11009.wav,pitch_down_2,10,Axe,9,Axe,Axe,Axe,Axe,0.9656272,True,Axe,hard_majority,True,False
10_11011.wav,original,10,Axe,9,Axe,Axe,Axe,Axe,0.5658899,True,Axe,hard_majority,True,False
10_11011.wav,pitch_up_2,10,Axe,9,Axe,Axe,Axe,Axe,0.8503931,True,Axe,hard_majority,True,False
10_11012.wav,original,10,Axe,9,WoodChop,WoodChop,WoodChop,WoodChop,0.75486827,False,WoodChop,hard_majority,False,False
10_11016.wav,original,10,Axe,9,Axe,Axe,Axe,Axe,0.9578827,True,Axe,hard_majority,True,False
10_11016.wav,pitch_down_2,10,Axe,9,Axe,WoodChop,WoodChop,WoodChop,0.37805676,False,WoodChop,hard_majority,False,False
10_11016.wav,pitch_up_2,10,Axe,9,Axe,Axe,Axe,Axe,0.88024133,True,Axe,hard_majority,True,False
10_11018.wav,pitch_down_2,10,Axe,9,Axe,Axe,Axe,Axe,0.65964663,True,Axe,hard_majority,True,False
10_11019.wav,original,10,Axe,9,Axe,Axe,Axe,Axe,0.915925,True,Axe,hard_majority,True,False
10_11021.wav,pitch_up_2,10,Axe,9,WoodChop,WoodChop,WoodChop,WoodChop,0.9587679,False,WoodChop,hard_majority,False,False
10_11023.wav,pitch_down_2,10,Axe,9,Axe,Axe,Axe,Axe,0.6326471,True,Axe,hard_majority,True,False
10_11023.wav,pitch_up_2,10,Axe,9,WoodChop,WoodChop,Axe,WoodChop,0.46114597,False,WoodChop,hard_majority,False,False
10_11024.wav,pitch_up_2,10,Axe,9,WoodChop,WoodChop,WoodChop,WoodChop,0.9125193,False,WoodChop,hard_majority,False,False
10_11025.wav,original,10,Axe,9,Axe,Axe,Axe,Axe,0.8690737,True,Axe,hard_majority,True,False
10_11026.wav,original,10,Axe,9,Axe,Axe,Axe,Axe,0.88353115,True,Axe,hard_majority,True,False
10_11026.wav,pitch_down_2,10,Axe,9,Axe,Axe,Axe,Axe,0.91714096,True,Axe,hard_majority,True,False
10_11029.wav,pitch_down_2,10,Axe,9,Axe,Axe,Axe,Axe,0.901042,True,Axe,hard_majority,True,False
10_11030.wav,pitch_down_2,10,Axe,9,WingFlaping,WingFlaping,WingFlaping,WingFlaping,0.53663015,False,WingFlaping,hard_majority,False,False
10_11030.wav,pitch_up_2,10,Axe,9,WingFlaping,WingFlaping,WingFlaping,WingFlaping,0.33612946,False,WingFlaping,hard_majority,False,False
10_11034.wav,pitch_up_2,10,Axe,9,Axe,Axe,Axe,Axe,0.6925523,True,Axe,hard_majority,True,False
10_11035.wav,pitch_up_2,10,Axe,9,Axe,Axe,Axe,Axe,0.5271161,True,Axe,hard_majority,True,False
10_11038.wav,pitch_down_2,10,Axe,9,Axe,Axe,Axe,Axe,0.6434626,True,Axe,hard_majority,True,False
10_11038.wav,pitch_up_2,10,Axe,9,Axe,Axe,Axe,Axe,0.90296656,True,Axe,hard_majority,True,False
10_11040.wav,pitch_down_2,10,Axe,9,Axe,Axe,Axe,Axe,0.9159997,True,Axe,hard_majority,True,False
10_11046.wav,original,10,Axe,9,WoodChop,WoodChop,WoodChop,WoodChop,0.88556856,False,WoodChop,hard_majority,False,False
10_11048.wav,original,10,Axe,9,Axe,WoodChop,WoodChop,WoodChop,0.31744033,False,WoodChop,hard_majority,False,False
10_11049.wav,original,10,Axe,9,WoodChop,WoodChop,WoodChop,WoodChop,0.76875114,False,WoodChop,hard_majority,False,False
10_11049.wav,pitch_up_2,10,Axe,9,Axe,WoodChop,Axe,WoodChop,0.39540064,False,Axe,hard_majority,True,True
10_11053.wav,pitch_down_2,10,Axe,9,Footsteps,Footsteps,Footsteps,Footsteps,0.48769832,False,Footsteps,hard_majority,False,False
10_11053.wav,pitch_up_2,10,Axe,9,Footsteps,Footsteps,Footsteps,Footsteps,0.43699765,False,Footsteps,hard_majority,False,False
10_11054.wav,pitch_down_2,10,Axe,9,Axe,Axe,Axe,Axe,0.98351026,True,Axe,hard_majority,True,False
10_11057.wav,original,10,Axe,9,WoodChop,WoodChop,WoodChop,WoodChop,0.77769166,False,WoodChop,hard_majority,False,False
10_11057.wav,pitch_up_2,10,Axe,9,Axe,Axe,Axe,Axe,0.75236243,True,Axe,hard_majority,True,False
10_11059.wav,original,10,Axe,9,Axe,Axe,Axe,Axe,0.4090706,True,Axe,hard_majority,True,False
10_11059.wav,pitch_down_2,10,Axe,9,Axe,Axe,Axe,Axe,0.8005522,True,Axe,hard_majority,True,False
10_11064.wav,original,10,Axe,9,Footsteps,Axe,Axe,Axe,0.49895155,True,Axe,hard_majority,True,False
10_11064.wav,pitch_up_2,10,Axe,9,Axe,Axe,Axe,Axe,0.81143785,True,Axe,hard_majority,True,False
10_11065.wav,original,10,Axe,9,Axe,Axe,Axe,Axe,0.93084055,True,Axe,hard_majority,True,False
10_11066.wav,original,10,Axe,9,Axe,Axe,Axe,Axe,0.5363909,True,Axe,hard_majority,True,False
10_11068.wav,original,10,Axe,9,WoodChop,WoodChop,WoodChop,WoodChop,0.93530923,False,WoodChop,hard_majority,False,False
10_11069.wav,original,10,Axe,9,Axe,Axe,Axe,Axe,0.99089724,True,Axe,hard_majority,True,False
10_11070.wav,pitch_up_2,10,Axe,9,Axe,Axe,Axe,Axe,0.84223145,True,Axe,hard_majority,True,False
11_11101.wav,pitch_down_2,11,Chainsaw,10,Chainsaw,Chainsaw,Chainsaw,Chainsaw,0.7604273,True,Chainsaw,hard_majority,True,False
11_11101.wav,pitch_up_2,11,Chainsaw,10,Chainsaw,Chainsaw,Chainsaw,Chainsaw,0.8377182,True,Chainsaw,hard_majority,True,False
11_11102.wav,pitch_down_2,11,Chainsaw,10,Chainsaw,Chainsaw,Chainsaw,Chainsaw,0.94859093,True,Chainsaw,hard_majority,True,False
11_11103.wav,pitch_down_2,11,Chainsaw,10,Chainsaw,Chainsaw,Chainsaw,Chainsaw,0.9636143,True,Chainsaw,hard_majority,True,False
11_11105.wav,original,11,Chainsaw,10,Chainsaw,Chainsaw,Chainsaw,Chainsaw,0.9451447,True,Chainsaw,hard_majority,True,False
11_11109.wav,pitch_up_2,11,Chainsaw,10,Chainsaw,Chainsaw,Chainsaw,Chainsaw,0.8894374,True,Chainsaw,hard_majority,True,False
11_11110.wav,pitch_up_2,11,Chainsaw,10,Chainsaw,Chainsaw,Chainsaw,Chainsaw,0.5537325,True,Chainsaw,hard_majority,True,False
11_11111.wav,pitch_down_2,11,Chainsaw,10,Chainsaw,Chainsaw,Chainsaw,Chainsaw,0.93444556,True,Chainsaw,hard_majority,True,False
11_11112.wav,pitch_down_2,11,Chainsaw,10,Chainsaw,Chainsaw,Chainsaw,Chainsaw,0.93596274,True,Chainsaw,hard_majority,True,False
11_11112.wav,pitch_up_2,11,Chainsaw,10,Chainsaw,Chainsaw,Chainsaw,Chainsaw,0.92085224,True,Chainsaw,hard_majority,True,False
11_11115.wav,pitch_down_2,11,Chainsaw,10,Chainsaw,Chainsaw,Chainsaw,Chainsaw,0.9591902,True,Chainsaw,hard_majority,True,False
11_11117.wav,original,11,Chainsaw,10,Chainsaw,Chainsaw,Chainsaw,Chainsaw,0.9493883,True,Chainsaw,hard_majority,True,False
11_11117.wav,pitch_down_2,11,Chainsaw,10,Chainsaw,Chainsaw,Chainsaw,Chainsaw,0.9630702,True,Chainsaw,hard_majority,True,False
11_11120.wav,original,11,Chainsaw,10,Chainsaw,Chainsaw,Chainsaw,Chainsaw,0.93472224,True,Chainsaw,hard_majority,True,False
11_11120.wav,pitch_up_2,11,Chainsaw,10,Chainsaw,Chainsaw,Chainsaw,Chainsaw,0.96150494,True,Chainsaw,hard_majority,True,False
11_11123.wav,original,11,Chainsaw,10,Chainsaw,Chainsaw,Chainsaw,Chainsaw,0.8777842,True,Chainsaw,hard_majority,True,False
11_11124.wav,original,11,Chainsaw,10,Chainsaw,Chainsaw,Chainsaw,Chainsaw,0.9142744,True,Chainsaw,hard_majority,True,False
11_11125.wav,original,11,Chainsaw,10,Chainsaw,Chainsaw,Chainsaw,Chainsaw,0.9567712,True,Chainsaw,hard_majority,True,False
11_11129.wav,pitch_down_2,11,Chainsaw,10,Chainsaw,Chainsaw,Chainsaw,Chainsaw,0.95693964,True,Chainsaw,hard_majority,True,False
11_11133.wav,original,11,Chainsaw,10,Chainsaw,Chainsaw,Chainsaw,Chainsaw,0.90063983,True,Chainsaw,hard_majority,True,False
11_11133.wav,pitch_down_2,11,Chainsaw,10,Chainsaw,Chainsaw,Chainsaw,Chainsaw,0.85891813,True,Chainsaw,hard_majority,True,False
11_11134.wav,pitch_up_2,11,Chainsaw,10,Chainsaw,Chainsaw,Chainsaw,Chainsaw,0.84038764,True,Chainsaw,hard_majority,True,False
11_11137.wav,original,11,Chainsaw,10,Chainsaw,Chainsaw,Chainsaw,Chainsaw,0.8789694,True,Chainsaw,hard_majority,True,False
11_11139.wav,pitch_down_2,11,Chainsaw,10,Chainsaw,Chainsaw,Chainsaw,Chainsaw,0.93138963,True,Chainsaw,hard_majority,True,False
11_11141.wav,pitch_up_2,11,Chainsaw,10,Chainsaw,Chainsaw,Chainsaw,Chainsaw,0.9472475,True,Chainsaw,hard_majority,True,False
11_11142.wav,pitch_down_2,11,Chainsaw,10,Chainsaw,Chainsaw,Chainsaw,Chainsaw,0.9347387,True,Chainsaw,hard_majority,True,False
11_11144.wav,original,11,Chainsaw,10,Chainsaw,Chainsaw,Chainsaw,Chainsaw,0.73196095,True,Chainsaw,hard_majority,True,False
11_11144.wav,pitch_down_2,11,Chainsaw,10,Chainsaw,Chainsaw,Chainsaw,Chainsaw,0.56524915,True,Chainsaw,hard_majority,True,False
11_11146.wav,original,11,Chainsaw,10,Chainsaw,Chainsaw,Chainsaw,Chainsaw,0.9678054,True,Chainsaw,hard_majority,True,False
11_11150.wav,pitch_down_2,11,Chainsaw,10,Chainsaw,Chainsaw,Chainsaw,Chainsaw,0.943846,True,Chainsaw,hard_majority,True,False
11_11150.wav,pitch_up_2,11,Chainsaw,10,Chainsaw,Chainsaw,Chainsaw,Chainsaw,0.94404596,True,Chainsaw,hard_majority,True,False
11_11154.wav,original,11,Chainsaw,10,Chainsaw,Chainsaw,Chainsaw,Chainsaw,0.937315,True,Chainsaw,hard_majority,True,False
11_11155.wav,pitch_down_2,11,Chainsaw,10,Chainsaw,Chainsaw,Chainsaw,Chainsaw,0.6030147,True,Chainsaw,hard_majority,True,False
11_11156.wav,pitch_down_2,11,Chainsaw,10,Chainsaw,Chainsaw,Chainsaw,Chainsaw,0.84631556,True,Chainsaw,hard_majority,True,False
11_11157.wav,original,11,Chainsaw,10,Chainsaw,Chainsaw,Chainsaw,Chainsaw,0.664437,True,Chainsaw,hard_majority,True,False
11_11158.wav,original,11,Chainsaw,10,Chainsaw,Chainsaw,Chainsaw,Chainsaw,0.9366297,True,Chainsaw,hard_majority,True,False
11_11163.wav,pitch_down_2,11,Chainsaw,10,Chainsaw,Chainsaw,Chainsaw,Chainsaw,0.9106284,True,Chainsaw,hard_majority,True,False
11_11166.wav,original,11,Chainsaw,10,Chainsaw,Chainsaw,Chainsaw,Chainsaw,0.79410666,True,Chainsaw,hard_majority,True,False
11_11166.wav,pitch_down_2,11,Chainsaw,10,Chainsaw,Chainsaw,Chainsaw,Chainsaw,0.9519027,True,Chainsaw,hard_majority,True,False
11_11167.wav,pitch_down_2,11,Chainsaw,10,Chainsaw,Chainsaw,Chainsaw,Chainsaw,0.7792599,True,Chainsaw,hard_majority,True,False
11_11167.wav,pitch_up_2,11,Chainsaw,10,Chainsaw,Chainsaw,Chainsaw,Chainsaw,0.8570741,True,Chainsaw,hard_majority,True,False
11_11169.wav,original,11,Chainsaw,10,Chainsaw,Chainsaw,Chainsaw,Chainsaw,0.9376562,True,Chainsaw,hard_majority,True,False
11_11170.wav,original,11,Chainsaw,10,Chainsaw,Chainsaw,Chainsaw,Chainsaw,0.95676726,True,Chainsaw,hard_majority,True,False
11_11172.wav,original,11,Chainsaw,10,Chainsaw,Chainsaw,Chainsaw,Chainsaw,0.94377947,True,Chainsaw,hard_majority,True,False
11_11174.wav,pitch_down_2,11,Chainsaw,10,Chainsaw,Chainsaw,Chainsaw,Chainsaw,0.9301718,True,Chainsaw,hard_majority,True,False
12_11203.wav,pitch_down_2,12,Generator,11,Generator,Generator,Generator,Generator,0.76937443,True,Generator,hard_majority,True,False
12_11204.wav,original,12,Generator,11,Rain,Rain,Rain,Rain,0.250016,False,Rain,hard_majority,False,False
12_11206.wav,pitch_down_2,12,Generator,11,Generator,Generator,Generator,Generator,0.9512878,True,Generator,hard_majority,True,False
12_11207.wav,pitch_up_2,12,Generator,11,Generator,Generator,Generator,Generator,0.95539594,True,Generator,hard_majority,True,False
12_11209.wav,pitch_down_2,12,Generator,11,Generator,Generator,Generator,Generator,0.97257304,True,Generator,hard_majority,True,False
12_11210.wav,original,12,Generator,11,Generator,Generator,Generator,Generator,0.9033981,True,Generator,hard_majority,True,False
12_11210.wav,pitch_down_2,12,Generator,11,Generator,Generator,Generator,Generator,0.9524131,True,Generator,hard_majority,True,False
12_11212.wav,original,12,Generator,11,Generator,Generator,Generator,Generator,0.7592058,True,Generator,hard_majority,True,False
12_11214.wav,pitch_up_2,12,Generator,11,Generator,Generator,Generator,Generator,0.9057481,True,Generator,hard_majority,True,False
12_11216.wav,pitch_up_2,12,Generator,11,Generator,Generator,Generator,Generator,0.923038,True,Generator,hard_majority,True,False
12_11218.wav,original,12,Generator,11,Generator,Generator,Generator,Generator,0.87327933,True,Generator,hard_majority,True,False
12_11220.wav,original,12,Generator,11,Generator,Generator,Generator,Generator,0.67331225,True,Generator,hard_majority,True,False
12_11220.wav,pitch_up_2,12,Generator,11,Generator,Generator,Generator,Generator,0.8259742,True,Generator,hard_majority,True,False
12_11227.wav,original,12,Generator,11,Generator,Generator,Generator,Generator,0.81920546,True,Generator,hard_majority,True,False
12_11228.wav,original,12,Generator,11,Generator,Squirrel,Squirrel,Squirrel,0.56903994,False,Squirrel,hard_majority,False,False
12_11229.wav,pitch_up_2,12,Generator,11,Generator,Generator,Generator,Generator,0.8233542,True,Generator,hard_majority,True,False
12_11230.wav,original,12,Generator,11,Generator,Generator,Generator,Generator,0.9684334,True,Generator,hard_majority,True,False
12_11233.wav,original,12,Generator,11,Generator,Generator,Generator,Generator,0.9095278,True,Generator,hard_majority,True,False
12_11235.wav,pitch_up_2,12,Generator,11,Generator,Generator,Generator,Generator,0.9563896,True,Generator,hard_majority,True,False
12_11238.wav,original,12,Generator,11,Generator,Generator,Generator,Generator,0.86083126,True,Generator,hard_majority,True,False
12_11238.wav,pitch_down_2,12,Generator,11,Generator,Generator,Generator,Generator,0.9018186,True,Generator,hard_majority,True,False
12_11239.wav,pitch_up_2,12,Generator,11,Generator,Generator,Generator,Generator,0.8277364,True,Generator,hard_majority,True,False
12_11240.wav,pitch_up_2,12,Generator,11,Generator,Generator,Generator,Generator,0.53452903,True,Generator,hard_majority,True,False
12_11243.wav,pitch_up_2,12,Generator,11,Generator,Generator,Generator,Generator,0.9435862,True,Generator,hard_majority,True,False
12_11244.wav,original,12,Generator,11,Speaking,BirdChirping,Speaking,Speaking,0.27642915,False,Speaking,hard_majority,False,False
12_11246.wav,pitch_down_2,12,Generator,11,Generator,Generator,Generator,Generator,0.9016623,True,Generator,hard_majority,True,False
12_11247.wav,original,12,Generator,11,Generator,Generator,Generator,Generator,0.7934858,True,Generator,hard_majority,True,False
12_11247.wav,pitch_up_2,12,Generator,11,Generator,Generator,Generator,Generator,0.8847113,True,Generator,hard_majority,True,False
12_11249.wav,original,12,Generator,11,Clapping,WaterDrops,WaterDrops,WaterDrops,0.24213392,False,WaterDrops,hard_majority,False,False
12_11250.wav,pitch_down_2,12,Generator,11,Generator,Generator,Generator,Generator,0.94448406,True,Generator,hard_majority,True,False
12_11253.wav,original,12,Generator,11,Generator,Generator,Generator,Generator,0.35089517,True,Generator,hard_majority,True,False
12_11256.wav,original,12,Generator,11,Generator,Generator,Generator,Generator,0.9544122,True,Generator,hard_majority,True,False
12_11257.wav,original,12,Generator,11,Generator,Chainsaw,Generator,Generator,0.3025428,True,Generator,hard_majority,True,False
12_11258.wav,pitch_down_2,12,Generator,11,Generator,Generator,Generator,Generator,0.9173642,True,Generator,hard_majority,True,False
12_11259.wav,pitch_up_2,12,Generator,11,Generator,Generator,Generator,Generator,0.93767333,True,Generator,hard_majority,True,False
12_11260.wav,pitch_up_2,12,Generator,11,Generator,Generator,Generator,Generator,0.68132424,True,Generator,hard_majority,True,False
12_11261.wav,pitch_up_2,12,Generator,11,Generator,Generator,Generator,Generator,0.9695201,True,Generator,hard_majority,True,False
12_11263.wav,pitch_down_2,12,Generator,11,VehicleEngine,Generator,VehicleEngine,VehicleEngine,0.48889735,False,VehicleEngine,hard_majority,False,False
12_11264.wav,pitch_down_2,12,Generator,11,Wind,Wind,Wind,Wind,0.34727415,False,Wind,hard_majority,False,False
12_11264.wav,pitch_up_2,12,Generator,11,Rain,Rain,Rain,Rain,0.44195414,False,Rain,hard_majority,False,False
12_11266.wav,original,12,Generator,11,Generator,Generator,Generator,Generator,0.94799757,True,Generator,hard_majority,True,False
12_11270.wav,pitch_down_2,12,Generator,11,Generator,Generator,Generator,Generator,0.9561036,True,Generator,hard_majority,True,False
12_11270.wav,pitch_up_2,12,Generator,11,Generator,Generator,Generator,Generator,0.9360015,True,Generator,hard_majority,True,False
12_11273.wav,original,12,Generator,11,Generator,Generator,Generator,Generator,0.7139344,True,Generator,hard_majority,True,False
12_11274.wav,pitch_up_2,12,Generator,11,Generator,Generator,Generator,Generator,0.95052654,True,Generator,hard_majority,True,False
13_11301.wav,pitch_up_2,13,Handsaw,12,Handsaw,Handsaw,Handsaw,Handsaw,0.9608261,True,Handsaw,hard_majority,True,False
13_11302.wav,original,13,Handsaw,12,Handsaw,Handsaw,Handsaw,Handsaw,0.95516986,True,Handsaw,hard_majority,True,False
13_11305.wav,pitch_down_2,13,Handsaw,12,Handsaw,Handsaw,Handsaw,Handsaw,0.9695967,True,Handsaw,hard_majority,True,False
13_11306.wav,pitch_down_2,13,Handsaw,12,Handsaw,Handsaw,Handsaw,Handsaw,0.9166215,True,Handsaw,hard_majority,True,False
13_11307.wav,original,13,Handsaw,12,Handsaw,Handsaw,Handsaw,Handsaw,0.9473203,True,Handsaw,hard_majority,True,False
13_11307.wav,pitch_down_2,13,Handsaw,12,Handsaw,Handsaw,Handsaw,Handsaw,0.9666126,True,Handsaw,hard_majority,True,False
13_11308.wav,pitch_up_2,13,Handsaw,12,Handsaw,Handsaw,Handsaw,Handsaw,0.95223904,True,Handsaw,hard_majority,True,False
13_11310.wav,pitch_up_2,13,Handsaw,12,Handsaw,Handsaw,Handsaw,Handsaw,0.9088268,True,Handsaw,hard_majority,True,False
13_11313.wav,pitch_down_2,13,Handsaw,12,Handsaw,Handsaw,Handsaw,Handsaw,0.9440248,True,Handsaw,hard_majority,True,False
13_11317.wav,original,13,Handsaw,12,Handsaw,Handsaw,Handsaw,Handsaw,0.94207376,True,Handsaw,hard_majority,True,False
13_11319.wav,original,13,Handsaw,12,Handsaw,Handsaw,Handsaw,Handsaw,0.96050626,True,Handsaw,hard_majority,True,False
13_11319.wav,pitch_up_2,13,Handsaw,12,Handsaw,Handsaw,Handsaw,Handsaw,0.9590197,True,Handsaw,hard_majority,True,False
13_11320.wav,original,13,Handsaw,12,Handsaw,Handsaw,Handsaw,Handsaw,0.9523144,True,Handsaw,hard_majority,True,False
13_11320.wav,pitch_up_2,13,Handsaw,12,Handsaw,Handsaw,Handsaw,Handsaw,0.95690674,True,Handsaw,hard_majority,True,False
13_11321.wav,pitch_up_2,13,Handsaw,12,Handsaw,Handsaw,Handsaw,Handsaw,0.947118,True,Handsaw,hard_majority,True,False
13_11324.wav,pitch_down_2,13,Handsaw,12,Handsaw,Handsaw,Handsaw,Handsaw,0.95645696,True,Handsaw,hard_majority,True,False
13_11326.wav,original,13,Handsaw,12,Handsaw,Handsaw,Handsaw,Handsaw,0.9467991,True,Handsaw,hard_majority,True,False
13_11327.wav,pitch_down_2,13,Handsaw,12,Handsaw,Handsaw,Handsaw,Handsaw,0.959735,True,Handsaw,hard_majority,True,False
13_11328.wav,original,13,Handsaw,12,Handsaw,Handsaw,Handsaw,Handsaw,0.95976686,True,Handsaw,hard_majority,True,False
13_11332.wav,original,13,Handsaw,12,Handsaw,Handsaw,Handsaw,Handsaw,0.94697165,True,Handsaw,hard_majority,True,False
13_11334.wav,original,13,Handsaw,12,Handsaw,Handsaw,Handsaw,Handsaw,0.96194863,True,Handsaw,hard_majority,True,False
13_11337.wav,original,13,Handsaw,12,Handsaw,Handsaw,Handsaw,Handsaw,0.9631367,True,Handsaw,hard_majority,True,False
13_11337.wav,pitch_down_2,13,Handsaw,12,Handsaw,Handsaw,Handsaw,Handsaw,0.9639266,True,Handsaw,hard_majority,True,False
13_11338.wav,pitch_down_2,13,Handsaw,12,Handsaw,Handsaw,Handsaw,Handsaw,0.93348104,True,Handsaw,hard_majority,True,False
13_11339.wav,pitch_up_2,13,Handsaw,12,Handsaw,Handsaw,Handsaw,Handsaw,0.95498914,True,Handsaw,hard_majority,True,False
13_11340.wav,pitch_down_2,13,Handsaw,12,Handsaw,Handsaw,Handsaw,Handsaw,0.95302635,True,Handsaw,hard_majority,True,False
13_11340.wav,pitch_up_2,13,Handsaw,12,Handsaw,Handsaw,Handsaw,Handsaw,0.9567333,True,Handsaw,hard_majority,True,False
13_11344.wav,pitch_up_2,13,Handsaw,12,Handsaw,Handsaw,Handsaw,Handsaw,0.9288795,True,Handsaw,hard_majority,True,False
13_11349.wav,pitch_up_2,13,Handsaw,12,Handsaw,Handsaw,Handsaw,Handsaw,0.9568375,True,Handsaw,hard_majority,True,False
13_11350.wav,pitch_up_2,13,Handsaw,12,Handsaw,Handsaw,Handsaw,Handsaw,0.9611345,True,Handsaw,hard_majority,True,False
13_11351.wav,pitch_down_2,13,Handsaw,12,Handsaw,Handsaw,Handsaw,Handsaw,0.965568,True,Handsaw,hard_majority,True,False
13_11353.wav,pitch_down_2,13,Handsaw,12,Handsaw,Handsaw,Handsaw,Handsaw,0.9611952,True,Handsaw,hard_majority,True,False
13_11353.wav,pitch_up_2,13,Handsaw,12,Handsaw,Handsaw,Handsaw,Handsaw,0.9527554,True,Handsaw,hard_majority,True,False
13_11354.wav,pitch_up_2,13,Handsaw,12,Handsaw,Handsaw,Handsaw,Handsaw,0.95978236,True,Handsaw,hard_majority,True,False
13_11358.wav,pitch_down_2,13,Handsaw,12,Handsaw,Handsaw,Handsaw,Handsaw,0.93627125,True,Handsaw,hard_majority,True,False
13_11358.wav,pitch_up_2,13,Handsaw,12,Handsaw,Handsaw,Handsaw,Handsaw,0.90904695,True,Handsaw,hard_majority,True,False
13_11359.wav,pitch_down_2,13,Handsaw,12,Handsaw,Handsaw,Handsaw,Handsaw,0.9331973,True,Handsaw,hard_majority,True,False
13_11362.wav,pitch_up_2,13,Handsaw,12,Handsaw,Handsaw,Handsaw,Handsaw,0.95202225,True,Handsaw,hard_majority,True,False
13_11363.wav,pitch_down_2,13,Handsaw,12,Handsaw,Handsaw,Handsaw,Handsaw,0.9486528,True,Handsaw,hard_majority,True,False
13_11367.wav,pitch_up_2,13,Handsaw,12,Handsaw,Handsaw,Handsaw,Handsaw,0.92521983,True,Handsaw,hard_majority,True,False
13_11368.wav,original,13,Handsaw,12,Handsaw,Handsaw,Handsaw,Handsaw,0.9053147,True,Handsaw,hard_majority,True,False
13_11373.wav,pitch_up_2,13,Handsaw,12,Handsaw,Handsaw,Handsaw,Handsaw,0.8053813,True,Handsaw,hard_majority,True,False
13_11374.wav,pitch_down_2,13,Handsaw,12,Handsaw,Handsaw,Handsaw,Handsaw,0.5934631,True,Handsaw,hard_majority,True,False
13_11374.wav,pitch_up_2,13,Handsaw,12,Handsaw,Handsaw,Handsaw,Handsaw,0.37604383,True,Handsaw,hard_majority,True,False
13_11375.wav,pitch_up_2,13,Handsaw,12,Handsaw,Handsaw,Handsaw,Handsaw,0.86828583,True,Handsaw,hard_majority,True,False
14_11402.wav,pitch_up_2,14,Firework,13,Firework,Firework,Firework,Firework,0.8407287,True,Firework,hard_majority,True,False
14_11403.wav,pitch_down_2,14,Firework,13,Firework,Firework,Firework,Firework,0.9260687,True,Firework,hard_majority,True,False
14_11404.wav,pitch_down_2,14,Firework,13,Firework,Firework,Firework,Firework,0.91156894,True,Firework,hard_majority,True,False
14_11404.wav,pitch_up_2,14,Firework,13,Firework,Firework,Firework,Firework,0.82097584,True,Firework,hard_majority,True,False
14_11405.wav,pitch_down_2,14,Firework,13,Firework,Firework,Firework,Firework,0.96983385,True,Firework,hard_majority,True,False
14_11408.wav,pitch_down_2,14,Firework,13,Firework,Firework,Firework,Firework,0.9684853,True,Firework,hard_majority,True,False
14_11409.wav,pitch_down_2,14,Firework,13,Firework,Firework,Firework,Firework,0.9621885,True,Firework,hard_majority,True,False
14_11410.wav,original,14,Firework,13,Firework,Firework,Firework,Firework,0.9352646,True,Firework,hard_majority,True,False
14_11414.wav,pitch_down_2,14,Firework,13,Firework,Firework,Firework,Firework,0.7068307,True,Firework,hard_majority,True,False
14_11414.wav,pitch_up_2,14,Firework,13,Firework,Firework,Thunderstorm,Firework,0.46295643,True,Firework,hard_majority,True,False
14_11415.wav,pitch_down_2,14,Firework,13,Firework,Firework,Firework,Firework,0.8950529,True,Firework,hard_majority,True,False
14_11416.wav,pitch_down_2,14,Firework,13,Firework,Firework,Firework,Firework,0.96848893,True,Firework,hard_majority,True,False
14_11417.wav,pitch_up_2,14,Firework,13,Firework,Firework,Firework,Firework,0.94437736,True,Firework,hard_majority,True,False
14_11419.wav,original,14,Firework,13,Firework,Firework,Firework,Firework,0.95348483,True,Firework,hard_majority,True,False
14_11420.wav,original,14,Firework,13,Firework,Firework,Firework,Firework,0.94268066,True,Firework,hard_majority,True,False
14_11422.wav,pitch_up_2,14,Firework,13,Firework,Firework,Firework,Firework,0.95131844,True,Firework,hard_majority,True,False
14_11424.wav,pitch_up_2,14,Firework,13,Firework,Firework,Firework,Firework,0.92662054,True,Firework,hard_majority,True,False
14_11425.wav,pitch_down_2,14,Firework,13,Firework,Firework,Firework,Firework,0.944246,True,Firework,hard_majority,True,False
14_11427.wav,original,14,Firework,13,Firework,Firework,Firework,Firework,0.91662693,True,Firework,hard_majority,True,False
14_11429.wav,original,14,Firework,13,Firework,Firework,Firework,Firework,0.93680954,True,Firework,hard_majority,True,False
14_11430.wav,pitch_down_2,14,Firework,13,Firework,Firework,Firework,Firework,0.96488386,True,Firework,hard_majority,True,False
14_11431.wav,pitch_down_2,14,Firework,13,Firework,Firework,Firework,Firework,0.9395552,True,Firework,hard_majority,True,False
14_11433.wav,original,14,Firework,13,Firework,Firework,Firework,Firework,0.89882946,True,Firework,hard_majority,True,False
14_11438.wav,pitch_down_2,14,Firework,13,Firework,Firework,Firework,Firework,0.74830604,True,Firework,hard_majority,True,False
14_11439.wav,pitch_down_2,14,Firework,13,Firework,Firework,Firework,Firework,0.9465065,True,Firework,hard_majority,True,False
14_11440.wav,pitch_up_2,14,Firework,13,Axe,Axe,Axe,Axe,0.7283148,False,Axe,hard_majority,False,False
14_11441.wav,pitch_up_2,14,Firework,13,Firework,Firework,Firework,Firework,0.8255648,True,Firework,hard_majority,True,False
14_11442.wav,pitch_down_2,14,Firework,13,Firework,Firework,Firework,Firework,0.970862,True,Firework,hard_majority,True,False
14_11444.wav,pitch_down_2,14,Firework,13,Firework,Firework,Firework,Firework,0.95276433,True,Firework,hard_majority,True,False
14_11446.wav,pitch_down_2,14,Firework,13,Firework,Firework,Firework,Firework,0.9624283,True,Firework,hard_majority,True,False
14_11448.wav,pitch_down_2,14,Firework,13,Firework,Firework,Firework,Firework,0.9418251,True,Firework,hard_majority,True,False
14_11449.wav,pitch_up_2,14,Firework,13,Firework,Firework,Firework,Firework,0.9712548,True,Firework,hard_majority,True,False
14_11451.wav,pitch_down_2,14,Firework,13,Firework,Firework,Firework,Firework,0.8447986,True,Firework,hard_majority,True,False
14_11451.wav,pitch_up_2,14,Firework,13,Firework,Firework,Firework,Firework,0.86278963,True,Firework,hard_majority,True,False
14_11452.wav,pitch_down_2,14,Firework,13,Firework,Firework,Firework,Firework,0.97927886,True,Firework,hard_majority,True,False
14_11455.wav,pitch_down_2,14,Firework,13,Firework,Firework,Firework,Firework,0.9535206,True,Firework,hard_majority,True,False
14_11456.wav,pitch_down_2,14,Firework,13,Firework,Firework,Firework,Firework,0.9437857,True,Firework,hard_majority,True,False
14_11456.wav,pitch_up_2,14,Firework,13,Firework,Firework,Firework,Firework,0.95880747,True,Firework,hard_majority,True,False
14_11457.wav,pitch_up_2,14,Firework,13,Firework,Firework,Firework,Firework,0.94915515,True,Firework,hard_majority,True,False
14_11460.wav,original,14,Firework,13,Firework,Firework,Firework,Firework,0.9617391,True,Firework,hard_majority,True,False
14_11460.wav,pitch_up_2,14,Firework,13,Firework,Firework,Firework,Firework,0.94552,True,Firework,hard_majority,True,False
14_11464.wav,pitch_down_2,14,Firework,13,Firework,Firework,Firework,Firework,0.89874196,True,Firework,hard_majority,True,False
14_11467.wav,pitch_down_2,14,Firework,13,Firework,Firework,Firework,Firework,0.9462934,True,Firework,hard_majority,True,False
14_11471.wav,pitch_up_2,14,Firework,13,Firework,Firework,Firework,Firework,0.7153394,True,Firework,hard_majority,True,False
14_11472.wav,original,14,Firework,13,Firework,Firework,Firework,Firework,0.9544557,True,Firework,hard_majority,True,False
15_11501.wav,pitch_down_2,15,Gunshot,14,Gunshot,Gunshot,Gunshot,Gunshot,0.84290886,True,Gunshot,hard_majority,True,False
15_11503.wav,pitch_down_2,15,Gunshot,14,Gunshot,Gunshot,Gunshot,Gunshot,0.81503433,True,Gunshot,hard_majority,True,False
15_11503.wav,pitch_up_2,15,Gunshot,14,Gunshot,Gunshot,Gunshot,Gunshot,0.60422426,True,Gunshot,hard_majority,True,False
15_11504.wav,pitch_down_2,15,Gunshot,14,WingFlaping,WingFlaping,WingFlaping,WingFlaping,0.47595802,False,WingFlaping,hard_majority,False,False
15_11504.wav,pitch_up_2,15,Gunshot,14,WingFlaping,WingFlaping,WingFlaping,WingFlaping,0.5119694,False,WingFlaping,hard_majority,False,False
15_11506.wav,original,15,Gunshot,14,Gunshot,Gunshot,Gunshot,Gunshot,0.9083853,True,Gunshot,hard_majority,True,False
15_11507.wav,pitch_down_2,15,Gunshot,14,Gunshot,Gunshot,Gunshot,Gunshot,0.9611158,True,Gunshot,hard_majority,True,False
15_11512.wav,pitch_down_2,15,Gunshot,14,Gunshot,Gunshot,Gunshot,Gunshot,0.92278117,True,Gunshot,hard_majority,True,False
15_11514.wav,pitch_down_2,15,Gunshot,14,Gunshot,Gunshot,Gunshot,Gunshot,0.95519066,True,Gunshot,hard_majority,True,False
15_11516.wav,pitch_up_2,15,Gunshot,14,Gunshot,Gunshot,Gunshot,Gunshot,0.8942911,True,Gunshot,hard_majority,True,False
15_11517.wav,pitch_down_2,15,Gunshot,14,Gunshot,Gunshot,Gunshot,Gunshot,0.85883445,True,Gunshot,hard_majority,True,False
15_11518.wav,original,15,Gunshot,14,Gunshot,Gunshot,Gunshot,Gunshot,0.93227977,True,Gunshot,hard_majority,True,False
15_11518.wav,pitch_down_2,15,Gunshot,14,Gunshot,Gunshot,Gunshot,Gunshot,0.94492084,True,Gunshot,hard_majority,True,False
15_11521.wav,pitch_down_2,15,Gunshot,14,Firework,Gunshot,Gunshot,Gunshot,0.5908368,True,Gunshot,hard_majority,True,False
15_11522.wav,original,15,Gunshot,14,Gunshot,Gunshot,Gunshot,Gunshot,0.72705716,True,Gunshot,hard_majority,True,False
15_11522.wav,pitch_down_2,15,Gunshot,14,Gunshot,Gunshot,Gunshot,Gunshot,0.9635182,True,Gunshot,hard_majority,True,False
15_11523.wav,pitch_down_2,15,Gunshot,14,Gunshot,Gunshot,Gunshot,Gunshot,0.56718975,True,Gunshot,hard_majority,True,False
15_11523.wav,pitch_up_2,15,Gunshot,14,Gunshot,Gunshot,Gunshot,Gunshot,0.9306517,True,Gunshot,hard_majority,True,False
15_11526.wav,pitch_up_2,15,Gunshot,14,Gunshot,Gunshot,Gunshot,Gunshot,0.9575286,True,Gunshot,hard_majority,True,False
15_11529.wav,pitch_down_2,15,Gunshot,14,Gunshot,Gunshot,Gunshot,Gunshot,0.9428439,True,Gunshot,hard_majority,True,False
15_11530.wav,pitch_down_2,15,Gunshot,14,Gunshot,Gunshot,Gunshot,Gunshot,0.81626207,True,Gunshot,hard_majority,True,False
15_11534.wav,pitch_down_2,15,Gunshot,14,Gunshot,Gunshot,Gunshot,Gunshot,0.9303772,True,Gunshot,hard_majority,True,False
15_11535.wav,pitch_up_2,15,Gunshot,14,Gunshot,Gunshot,Gunshot,Gunshot,0.9083844,True,Gunshot,hard_majority,True,False
15_11537.wav,pitch_down_2,15,Gunshot,14,Gunshot,Gunshot,Gunshot,Gunshot,0.9571991,True,Gunshot,hard_majority,True,False
15_11538.wav,pitch_down_2,15,Gunshot,14,Gunshot,Gunshot,Gunshot,Gunshot,0.79127955,True,Gunshot,hard_majority,True,False
15_11540.wav,pitch_up_2,15,Gunshot,14,Gunshot,Gunshot,Gunshot,Gunshot,0.9549126,True,Gunshot,hard_majority,True,False
15_11542.wav,pitch_down_2,15,Gunshot,14,Gunshot,Gunshot,Gunshot,Gunshot,0.95286036,True,Gunshot,hard_majority,True,False
15_11543.wav,original,15,Gunshot,14,Gunshot,Gunshot,Gunshot,Gunshot,0.93095684,True,Gunshot,hard_majority,True,False
15_11546.wav,pitch_down_2,15,Gunshot,14,Gunshot,Gunshot,Gunshot,Gunshot,0.96003264,True,Gunshot,hard_majority,True,False
15_11548.wav,original,15,Gunshot,14,Gunshot,Gunshot,Gunshot,Gunshot,0.942301,True,Gunshot,hard_majority,True,False
15_11550.wav,pitch_down_2,15,Gunshot,14,Gunshot,Gunshot,Gunshot,Gunshot,0.9526577,True,Gunshot,hard_majority,True,False
15_11553.wav,pitch_down_2,15,Gunshot,14,Gunshot,Gunshot,Gunshot,Gunshot,0.9234676,True,Gunshot,hard_majority,True,False
15_11554.wav,pitch_down_2,15,Gunshot,14,Gunshot,Gunshot,Gunshot,Gunshot,0.95839024,True,Gunshot,hard_majority,True,False
15_11557.wav,original,15,Gunshot,14,Gunshot,Gunshot,Gunshot,Gunshot,0.8934787,True,Gunshot,hard_majority,True,False
15_11558.wav,original,15,Gunshot,14,Gunshot,Gunshot,Gunshot,Gunshot,0.95938253,True,Gunshot,hard_majority,True,False
15_11559.wav,pitch_down_2,15,Gunshot,14,Gunshot,Gunshot,Gunshot,Gunshot,0.9145773,True,Gunshot,hard_majority,True,False
15_11561.wav,pitch_up_2,15,Gunshot,14,Gunshot,Gunshot,Gunshot,Gunshot,0.9572849,True,Gunshot,hard_majority,True,False
15_11563.wav,original,15,Gunshot,14,Insect,Gunshot,Gunshot,Gunshot,0.42339265,True,Gunshot,hard_majority,True,False
15_11565.wav,pitch_up_2,15,Gunshot,14,Gunshot,Gunshot,Gunshot,Gunshot,0.97059137,True,Gunshot,hard_majority,True,False
15_11566.wav,original,15,Gunshot,14,Gunshot,Gunshot,Gunshot,Gunshot,0.954845,True,Gunshot,hard_majority,True,False
15_11568.wav,pitch_down_2,15,Gunshot,14,Gunshot,Gunshot,Gunshot,Gunshot,0.81665564,True,Gunshot,hard_majority,True,False
15_11571.wav,pitch_down_2,15,Gunshot,14,Gunshot,Gunshot,Gunshot,Gunshot,0.94989413,True,Gunshot,hard_majority,True,False
15_11574.wav,pitch_up_2,15,Gunshot,14,Gunshot,Gunshot,Gunshot,Gunshot,0.91668564,True,Gunshot,hard_majority,True,False
15_11575.wav,original,15,Gunshot,14,Gunshot,Gunshot,Gunshot,Gunshot,0.955175,True,Gunshot,hard_majority,True,False
15_11575.wav,pitch_down_2,15,Gunshot,14,Gunshot,Gunshot,Gunshot,Gunshot,0.9580684,True,Gunshot,hard_majority,True,False
16_11603.wav,original,16,WoodChop,15,WoodChop,WoodChop,Axe,WoodChop,0.16750266,True,WoodChop,hard_majority,True,False
16_11607.wav,original,16,WoodChop,15,Axe,Axe,Axe,Axe,0.4982951,False,Axe,hard_majority,False,False
16_11608.wav,pitch_down_2,16,WoodChop,15,Axe,WoodChop,Axe,Axe,0.5946978,False,Axe,hard_majority,False,False
16_11612.wav,original,16,WoodChop,15,WoodChop,WoodChop,WoodChop,WoodChop,0.8442666,True,WoodChop,hard_majority,True,False
16_11613.wav,pitch_down_2,16,WoodChop,15,Axe,Axe,Axe,Axe,0.87732154,False,Axe,hard_majority,False,False
16_11614.wav,pitch_down_2,16,WoodChop,15,Axe,Axe,WoodChop,WoodChop,0.53186536,True,Axe,hard_majority,False,True
16_11616.wav,pitch_down_2,16,WoodChop,15,WingFlaping,Firework,WingFlaping,Firework,0.32205752,False,WingFlaping,hard_majority,False,True
16_11616.wav,pitch_up_2,16,WoodChop,15,Footsteps,Firework,Firework,Firework,0.4462242,False,Firework,hard_majority,False,False
16_11617.wav,original,16,WoodChop,15,Axe,Axe,Axe,Axe,0.8477278,False,Axe,hard_majority,False,False
16_11619.wav,pitch_down_2,16,WoodChop,15,WoodChop,Axe,WoodChop,WoodChop,0.55736446,True,WoodChop,hard_majority,True,False
16_11619.wav,pitch_up_2,16,WoodChop,15,WoodChop,Axe,WoodChop,WoodChop,0.682821,True,WoodChop,hard_majority,True,False
16_11621.wav,pitch_up_2,16,WoodChop,15,WoodChop,WoodChop,WoodChop,WoodChop,0.7608342,True,WoodChop,hard_majority,True,False
16_11622.wav,original,16,WoodChop,15,WoodChop,WoodChop,WoodChop,WoodChop,0.53083676,True,WoodChop,hard_majority,True,False
16_11622.wav,pitch_down_2,16,WoodChop,15,WoodChop,WoodChop,WoodChop,WoodChop,0.82488245,True,WoodChop,hard_majority,True,False
16_11623.wav,pitch_up_2,16,WoodChop,15,WoodChop,WoodChop,WoodChop,WoodChop,0.9350591,True,WoodChop,hard_majority,True,False
16_11625.wav,pitch_up_2,16,WoodChop,15,WoodChop,WoodChop,WoodChop,WoodChop,0.9246735,True,WoodChop,hard_majority,True,False
16_11627.wav,original,16,WoodChop,15,Axe,Axe,Axe,Axe,0.6339915,False,Axe,hard_majority,False,False
16_11634.wav,original,16,WoodChop,15,Axe,WoodChop,WoodChop,WoodChop,0.4741334,True,WoodChop,hard_majority,True,False
16_11635.wav,pitch_down_2,16,WoodChop,15,Axe,WoodChop,WoodChop,WoodChop,0.5868102,True,WoodChop,hard_majority,True,False
16_11638.wav,pitch_down_2,16,WoodChop,15,WoodChop,Axe,WoodChop,Axe,0.4436443,False,WoodChop,hard_majority,True,True
16_11640.wav,original,16,WoodChop,15,WoodChop,WoodChop,WoodChop,WoodChop,0.88543636,True,WoodChop,hard_majority,True,False
16_11642.wav,original,16,WoodChop,15,Axe,Axe,Axe,Axe,0.94736856,False,Axe,hard_majority,False,False
16_11642.wav,pitch_up_2,16,WoodChop,15,WoodChop,WoodChop,WoodChop,WoodChop,0.9435911,True,WoodChop,hard_majority,True,False
16_11646.wav,original,16,WoodChop,15,WoodChop,WoodChop,WoodChop,WoodChop,0.8576176,True,WoodChop,hard_majority,True,False
16_11647.wav,original,16,WoodChop,15,WoodChop,Axe,TreeFalling,Axe,0.35041618,False,Axe,soft_tiebreak,False,False
16_11649.wav,pitch_down_2,16,WoodChop,15,WoodChop,WoodChop,WoodChop,WoodChop,0.4727423,True,WoodChop,hard_majority,True,False
16_11650.wav,original,16,WoodChop,15,WoodChop,WoodChop,Clapping,WoodChop,0.2327259,True,WoodChop,hard_majority,True,False
16_11651.wav,pitch_down_2,16,WoodChop,15,WoodChop,WoodChop,WoodChop,WoodChop,0.5665907,True,WoodChop,hard_majority,True,False
16_11652.wav,pitch_up_2,16,WoodChop,15,WoodChop,WoodChop,WoodChop,WoodChop,0.87324,True,WoodChop,hard_majority,True,False
16_11653.wav,original,16,WoodChop,15,Clapping,Fire,Clapping,Clapping,0.37798703,False,Clapping,hard_majority,False,False
16_11654.wav,original,16,WoodChop,15,Fire,Fire,Fire,Fire,0.5866371,False,Fire,hard_majority,False,False
16_11654.wav,pitch_down_2,16,WoodChop,15,Fire,Fire,Fire,Fire,0.66180974,False,Fire,hard_majority,False,False
16_11654.wav,pitch_up_2,16,WoodChop,15,WoodChop,WoodChop,WoodChop,WoodChop,0.31903812,True,WoodChop,hard_majority,True,False
16_11655.wav,original,16,WoodChop,15,WoodChop,WoodChop,WoodChop,WoodChop,0.577132,True,WoodChop,hard_majority,True,False
16_11655.wav,pitch_up_2,16,WoodChop,15,WoodChop,WoodChop,WoodChop,WoodChop,0.8379666,True,WoodChop,hard_majority,True,False
16_11656.wav,pitch_down_2,16,WoodChop,15,WoodChop,WoodChop,WoodChop,WoodChop,0.8934908,True,WoodChop,hard_majority,True,False
16_11657.wav,pitch_up_2,16,WoodChop,15,WoodChop,WoodChop,WoodChop,WoodChop,0.96989995,True,WoodChop,hard_majority,True,False
16_11658.wav,original,16,WoodChop,15,WoodChop,WoodChop,WoodChop,WoodChop,0.34453416,True,WoodChop,hard_majority,True,False
16_11659.wav,pitch_down_2,16,WoodChop,15,WoodChop,WoodChop,WoodChop,WoodChop,0.9074586,True,WoodChop,hard_majority,True,False
16_11662.wav,original,16,WoodChop,15,WoodChop,WoodChop,WoodChop,WoodChop,0.9669439,True,WoodChop,hard_majority,True,False
16_11663.wav,pitch_down_2,16,WoodChop,15,WoodChop,WoodChop,WoodChop,WoodChop,0.5519212,True,WoodChop,hard_majority,True,False
16_11665.wav,original,16,WoodChop,15,WoodChop,WoodChop,WoodChop,WoodChop,0.8937459,True,WoodChop,hard_majority,True,False
16_11666.wav,original,16,WoodChop,15,Axe,Axe,Axe,Axe,0.7697211,False,Axe,hard_majority,False,False
16_11669.wav,original,16,WoodChop,15,WoodChop,WoodChop,Axe,WoodChop,0.3941619,True,WoodChop,hard_majority,True,False
16_11675.wav,pitch_up_2,16,WoodChop,15,WoodChop,WoodChop,WoodChop,WoodChop,0.8598032,True,WoodChop,hard_majority,True,False
17_11701.wav,original,17,Whistling,16,Whistling,Whistling,Whistling,Whistling,0.9565747,True,Whistling,hard_majority,True,False
17_11701.wav,pitch_up_2,17,Whistling,16,Whistling,Whistling,Whistling,Whistling,0.9493633,True,Whistling,hard_majority,True,False
17_11702.wav,original,17,Whistling,16,Whistling,Whistling,Whistling,Whistling,0.9597203,True,Whistling,hard_majority,True,False
17_11703.wav,pitch_up_2,17,Whistling,16,Whistling,Whistling,Whistling,Whistling,0.9392803,True,Whistling,hard_majority,True,False
17_11706.wav,original,17,Whistling,16,Whistling,Whistling,Whistling,Whistling,0.9635374,True,Whistling,hard_majority,True,False
17_11708.wav,pitch_down_2,17,Whistling,16,Whistling,Whistling,Whistling,Whistling,0.94494724,True,Whistling,hard_majority,True,False
17_11712.wav,original,17,Whistling,16,Whistling,Whistling,Whistling,Whistling,0.76997274,True,Whistling,hard_majority,True,False
17_11712.wav,pitch_down_2,17,Whistling,16,Whistling,Whistling,Whistling,Whistling,0.8882745,True,Whistling,hard_majority,True,False
17_11713.wav,original,17,Whistling,16,Whistling,Whistling,Whistling,Whistling,0.788089,True,Whistling,hard_majority,True,False
17_11715.wav,pitch_up_2,17,Whistling,16,Whistling,Whistling,Whistling,Whistling,0.9549772,True,Whistling,hard_majority,True,False
17_11721.wav,original,17,Whistling,16,Whistling,Whistling,Whistling,Whistling,0.96105987,True,Whistling,hard_majority,True,False
17_11722.wav,pitch_up_2,17,Whistling,16,Whistling,Whistling,Whistling,Whistling,0.9508149,True,Whistling,hard_majority,True,False
17_11724.wav,pitch_up_2,17,Whistling,16,Whistling,Whistling,Whistling,Whistling,0.9420939,True,Whistling,hard_majority,True,False
17_11725.wav,pitch_up_2,17,Whistling,16,Whistling,Whistling,Whistling,Whistling,0.95215064,True,Whistling,hard_majority,True,False
17_11728.wav,pitch_down_2,17,Whistling,16,Whistling,Whistling,Whistling,Whistling,0.9692529,True,Whistling,hard_majority,True,False
17_11733.wav,pitch_up_2,17,Whistling,16,Whistling,Whistling,Whistling,Whistling,0.96198994,True,Whistling,hard_majority,True,False
17_11734.wav,pitch_up_2,17,Whistling,16,Whistling,Whistling,Whistling,Whistling,0.96115285,True,Whistling,hard_majority,True,False
17_11735.wav,pitch_down_2,17,Whistling,16,Whistling,Whistling,Whistling,Whistling,0.9452453,True,Whistling,hard_majority,True,False
17_11740.wav,pitch_down_2,17,Whistling,16,Whistling,Whistling,Whistling,Whistling,0.9582004,True,Whistling,hard_majority,True,False
17_11741.wav,pitch_up_2,17,Whistling,16,Whistling,Whistling,Whistling,Whistling,0.9519693,True,Whistling,hard_majority,True,False
17_11742.wav,original,17,Whistling,16,Whistling,Whistling,Whistling,Whistling,0.9492479,True,Whistling,hard_majority,True,False
17_11743.wav,original,17,Whistling,16,Whistling,Whistling,Whistling,Whistling,0.9473028,True,Whistling,hard_majority,True,False
17_11743.wav,pitch_down_2,17,Whistling,16,Whistling,Whistling,Whistling,Whistling,0.94942576,True,Whistling,hard_majority,True,False
17_11745.wav,original,17,Whistling,16,Whistling,Whistling,Whistling,Whistling,0.9459267,True,Whistling,hard_majority,True,False
17_11746.wav,original,17,Whistling,16,Whistling,Whistling,Whistling,Whistling,0.94378203,True,Whistling,hard_majority,True,False
17_11747.wav,pitch_up_2,17,Whistling,16,Whistling,Whistling,Whistling,Whistling,0.9531388,True,Whistling,hard_majority,True,False
17_11748.wav,original,17,Whistling,16,Whistling,Whistling,Whistling,Whistling,0.95883197,True,Whistling,hard_majority,True,False
17_11748.wav,pitch_down_2,17,Whistling,16,Whistling,Whistling,Whistling,Whistling,0.9622199,True,Whistling,hard_majority,True,False
17_11748.wav,pitch_up_2,17,Whistling,16,Whistling,Whistling,Whistling,Whistling,0.9668548,True,Whistling,hard_majority,True,False
17_11749.wav,original,17,Whistling,16,Whistling,Whistling,Whistling,Whistling,0.93766886,True,Whistling,hard_majority,True,False
17_11753.wav,pitch_down_2,17,Whistling,16,Whistling,Whistling,Whistling,Whistling,0.94984037,True,Whistling,hard_majority,True,False
17_11754.wav,pitch_up_2,17,Whistling,16,Whistling,Whistling,Whistling,Whistling,0.9530485,True,Whistling,hard_majority,True,False
17_11755.wav,pitch_down_2,17,Whistling,16,Whistling,Whistling,Whistling,Whistling,0.9543957,True,Whistling,hard_majority,True,False
17_11756.wav,pitch_up_2,17,Whistling,16,Whistling,Whistling,Whistling,Whistling,0.9627194,True,Whistling,hard_majority,True,False
17_11758.wav,pitch_down_2,17,Whistling,16,Whistling,Whistling,Whistling,Whistling,0.59267426,True,Whistling,hard_majority,True,False
17_11758.wav,pitch_up_2,17,Whistling,16,Whistling,Whistling,Whistling,Whistling,0.83181214,True,Whistling,hard_majority,True,False
17_11763.wav,pitch_down_2,17,Whistling,16,Whistling,Whistling,Whistling,Whistling,0.95798826,True,Whistling,hard_majority,True,False
17_11764.wav,pitch_down_2,17,Whistling,16,Whistling,Whistling,Whistling,Whistling,0.9518161,True,Whistling,hard_majority,True,False
17_11765.wav,pitch_down_2,17,Whistling,16,Whistling,Whistling,Whistling,Whistling,0.96291494,True,Whistling,hard_majority,True,False
17_11767.wav,pitch_up_2,17,Whistling,16,Whistling,Whistling,Whistling,Whistling,0.9489717,True,Whistling,hard_majority,True,False
17_11768.wav,original,17,Whistling,16,Whistling,Whistling,Whistling,Whistling,0.9503786,True,Whistling,hard_majority,True,False
17_11769.wav,pitch_up_2,17,Whistling,16,Whistling,Whistling,Whistling,Whistling,0.95162743,True,Whistling,hard_majority,True,False
17_11773.wav,pitch_down_2,17,Whistling,16,Whistling,Whistling,Whistling,Whistling,0.9549989,True,Whistling,hard_majority,True,False
17_11773.wav,pitch_up_2,17,Whistling,16,Whistling,Whistling,Whistling,Whistling,0.9584132,True,Whistling,hard_majority,True,False
17_11775.wav,pitch_up_2,17,Whistling,16,Whistling,Whistling,Whistling,Whistling,0.9481407,True,Whistling,hard_majority,True,False
18_11803.wav,original,18,Speaking,17,Speaking,Speaking,Speaking,Speaking,0.9604153,True,Speaking,hard_majority,True,False
18_11804.wav,pitch_up_2,18,Speaking,17,Speaking,Speaking,Speaking,Speaking,0.7318902,True,Speaking,hard_majority,True,False
18_11806.wav,original,18,Speaking,17,Speaking,Speaking,Speaking,Speaking,0.96444875,True,Speaking,hard_majority,True,False
18_11806.wav,pitch_down_2,18,Speaking,17,Speaking,Speaking,Speaking,Speaking,0.95152014,True,Speaking,hard_majority,True,False
18_11808.wav,pitch_up_2,18,Speaking,17,Speaking,Speaking,Speaking,Speaking,0.962517,True,Speaking,hard_majority,True,False
18_11809.wav,pitch_up_2,18,Speaking,17,Speaking,Speaking,Speaking,Speaking,0.9147207,True,Speaking,hard_majority,True,False
18_11810.wav,pitch_down_2,18,Speaking,17,Speaking,Speaking,Speaking,Speaking,0.95502764,True,Speaking,hard_majority,True,False
18_11811.wav,pitch_up_2,18,Speaking,17,Speaking,Speaking,Speaking,Speaking,0.94106436,True,Speaking,hard_majority,True,False
18_11815.wav,original,18,Speaking,17,Speaking,Speaking,Speaking,Speaking,0.96567804,True,Speaking,hard_majority,True,False
18_11819.wav,original,18,Speaking,17,Speaking,Speaking,Speaking,Speaking,0.9517303,True,Speaking,hard_majority,True,False
18_11819.wav,pitch_up_2,18,Speaking,17,Speaking,Speaking,Speaking,Speaking,0.96336645,True,Speaking,hard_majority,True,False
18_11822.wav,pitch_down_2,18,Speaking,17,Speaking,Speaking,Speaking,Speaking,0.9241894,True,Speaking,hard_majority,True,False
18_11828.wav,pitch_up_2,18,Speaking,17,Speaking,Speaking,Speaking,Speaking,0.94058186,True,Speaking,hard_majority,True,False
18_11830.wav,pitch_up_2,18,Speaking,17,Speaking,Speaking,Speaking,Speaking,0.95666,True,Speaking,hard_majority,True,False
18_11831.wav,pitch_down_2,18,Speaking,17,Speaking,Speaking,Speaking,Speaking,0.96093273,True,Speaking,hard_majority,True,False
18_11834.wav,pitch_up_2,18,Speaking,17,Speaking,Speaking,Speaking,Speaking,0.950486,True,Speaking,hard_majority,True,False
18_11835.wav,pitch_down_2,18,Speaking,17,Speaking,Speaking,Speaking,Speaking,0.88489693,True,Speaking,hard_majority,True,False
18_11837.wav,pitch_up_2,18,Speaking,17,Speaking,Speaking,Speaking,Speaking,0.9644361,True,Speaking,hard_majority,True,False
18_11839.wav,pitch_down_2,18,Speaking,17,Speaking,Generator,Speaking,Speaking,0.39988402,True,Speaking,hard_majority,True,False
18_11839.wav,pitch_up_2,18,Speaking,17,Speaking,Speaking,Speaking,Speaking,0.89106137,True,Speaking,hard_majority,True,False
18_11840.wav,pitch_down_2,18,Speaking,17,Speaking,Speaking,Speaking,Speaking,0.92153573,True,Speaking,hard_majority,True,False
18_11841.wav,pitch_down_2,18,Speaking,17,Speaking,Speaking,Speaking,Speaking,0.9201248,True,Speaking,hard_majority,True,False
18_11842.wav,pitch_up_2,18,Speaking,17,Speaking,Speaking,Speaking,Speaking,0.95041066,True,Speaking,hard_majority,True,False
18_11844.wav,pitch_down_2,18,Speaking,17,Speaking,Speaking,Speaking,Speaking,0.96709305,True,Speaking,hard_majority,True,False
18_11845.wav,pitch_down_2,18,Speaking,17,Speaking,Speaking,Speaking,Speaking,0.96770364,True,Speaking,hard_majority,True,False
18_11845.wav,pitch_up_2,18,Speaking,17,Speaking,Speaking,Speaking,Speaking,0.96164757,True,Speaking,hard_majority,True,False
18_11851.wav,pitch_up_2,18,Speaking,17,Speaking,Speaking,Speaking,Speaking,0.8757259,True,Speaking,hard_majority,True,False
18_11852.wav,pitch_up_2,18,Speaking,17,Speaking,Speaking,Speaking,Speaking,0.771524,True,Speaking,hard_majority,True,False
18_11854.wav,pitch_up_2,18,Speaking,17,Speaking,Speaking,Speaking,Speaking,0.93931836,True,Speaking,hard_majority,True,False
18_11855.wav,original,18,Speaking,17,Speaking,Speaking,Speaking,Speaking,0.6202362,True,Speaking,hard_majority,True,False
18_11855.wav,pitch_up_2,18,Speaking,17,Speaking,Speaking,Speaking,Speaking,0.81978345,True,Speaking,hard_majority,True,False
18_11857.wav,pitch_down_2,18,Speaking,17,Speaking,Speaking,Speaking,Speaking,0.92334217,True,Speaking,hard_majority,True,False
18_11857.wav,pitch_up_2,18,Speaking,17,Speaking,Speaking,Speaking,Speaking,0.937593,True,Speaking,hard_majority,True,False
18_11859.wav,original,18,Speaking,17,Speaking,Speaking,Speaking,Speaking,0.89611936,True,Speaking,hard_majority,True,False
18_11861.wav,original,18,Speaking,17,Speaking,Speaking,Speaking,Speaking,0.8097554,True,Speaking,hard_majority,True,False
18_11861.wav,pitch_down_2,18,Speaking,17,Speaking,Speaking,Speaking,Speaking,0.9499739,True,Speaking,hard_majority,True,False
18_11862.wav,pitch_up_2,18,Speaking,17,Speaking,Speaking,Speaking,Speaking,0.96600777,True,Speaking,hard_majority,True,False
18_11863.wav,original,18,Speaking,17,Speaking,Speaking,Speaking,Speaking,0.90708286,True,Speaking,hard_majority,True,False
18_11863.wav,pitch_down_2,18,Speaking,17,Speaking,Speaking,Speaking,Speaking,0.93781424,True,Speaking,hard_majority,True,False
18_11867.wav,pitch_up_2,18,Speaking,17,Speaking,Speaking,Speaking,Speaking,0.9263362,True,Speaking,hard_majority,True,False
18_11868.wav,pitch_up_2,18,Speaking,17,Speaking,Speaking,Speaking,Speaking,0.95318794,True,Speaking,hard_majority,True,False
18_11869.wav,original,18,Speaking,17,Speaking,Speaking,Speaking,Speaking,0.852935,True,Speaking,hard_majority,True,False
18_11871.wav,pitch_up_2,18,Speaking,17,Speaking,Speaking,Speaking,Speaking,0.92348355,True,Speaking,hard_majority,True,False
18_11873.wav,pitch_up_2,18,Speaking,17,Speaking,Speaking,Speaking,Speaking,0.9164093,True,Speaking,hard_majority,True,False
18_11875.wav,pitch_down_2,18,Speaking,17,Speaking,Speaking,Speaking,Speaking,0.9605074,True,Speaking,hard_majority,True,False
19_11901.wav,original,19,Footsteps,18,Footsteps,Footsteps,Footsteps,Footsteps,0.9627044,True,Footsteps,hard_majority,True,False
19_11904.wav,original,19,Footsteps,18,Fire,Fire,Footsteps,Fire,0.49956298,False,Fire,hard_majority,False,False
19_11908.wav,original,19,Footsteps,18,Footsteps,Footsteps,Footsteps,Footsteps,0.93723226,True,Footsteps,hard_majority,True,False
19_11909.wav,pitch_down_2,19,Footsteps,18,Footsteps,Footsteps,Footsteps,Footsteps,0.9463269,True,Footsteps,hard_majority,True,False
19_11914.wav,original,19,Footsteps,18,Footsteps,Footsteps,Footsteps,Footsteps,0.9718182,True,Footsteps,hard_majority,True,False
19_11914.wav,pitch_down_2,19,Footsteps,18,Footsteps,Footsteps,Footsteps,Footsteps,0.9594113,True,Footsteps,hard_majority,True,False
19_11916.wav,pitch_down_2,19,Footsteps,18,Footsteps,Footsteps,Footsteps,Footsteps,0.9586425,True,Footsteps,hard_majority,True,False
19_11919.wav,pitch_down_2,19,Footsteps,18,Footsteps,Footsteps,Footsteps,Footsteps,0.8660738,True,Footsteps,hard_majority,True,False
19_11920.wav,original,19,Footsteps,18,Footsteps,Footsteps,Footsteps,Footsteps,0.9105017,True,Footsteps,hard_majority,True,False
19_11920.wav,pitch_down_2,19,Footsteps,18,Footsteps,Footsteps,Footsteps,Footsteps,0.9038145,True,Footsteps,hard_majority,True,False
19_11923.wav,pitch_down_2,19,Footsteps,18,Footsteps,Footsteps,Footsteps,Footsteps,0.62299955,True,Footsteps,hard_majority,True,False
19_11924.wav,pitch_down_2,19,Footsteps,18,Footsteps,Footsteps,Footsteps,Footsteps,0.6746815,True,Footsteps,hard_majority,True,False
19_11926.wav,original,19,Footsteps,18,Footsteps,Footsteps,Footsteps,Footsteps,0.9634935,True,Footsteps,hard_majority,True,False
19_11928.wav,original,19,Footsteps,18,Footsteps,Footsteps,Footsteps,Footsteps,0.93178463,True,Footsteps,hard_majority,True,False
19_11929.wav,pitch_up_2,19,Footsteps,18,Footsteps,Footsteps,Footsteps,Footsteps,0.95699453,True,Footsteps,hard_majority,True,False
19_11931.wav,original,19,Footsteps,18,Footsteps,Footsteps,Footsteps,Footsteps,0.9372762,True,Footsteps,hard_majority,True,False
19_11931.wav,pitch_up_2,19,Footsteps,18,Footsteps,Footsteps,Footsteps,Footsteps,0.95996475,True,Footsteps,hard_majority,True,False
19_11933.wav,pitch_down_2,19,Footsteps,18,Footsteps,Footsteps,Footsteps,Footsteps,0.7634283,True,Footsteps,hard_majority,True,False
19_11933.wav,pitch_up_2,19,Footsteps,18,Footsteps,Footsteps,Footsteps,Footsteps,0.69519144,True,Footsteps,hard_majority,True,False
19_11935.wav,pitch_up_2,19,Footsteps,18,Footsteps,Footsteps,Footsteps,Footsteps,0.9163105,True,Footsteps,hard_majority,True,False
19_11937.wav,original,19,Footsteps,18,Footsteps,Footsteps,Footsteps,Footsteps,0.9585317,True,Footsteps,hard_majority,True,False
19_11938.wav,pitch_up_2,19,Footsteps,18,Footsteps,Footsteps,Footsteps,Footsteps,0.90942436,True,Footsteps,hard_majority,True,False
19_11939.wav,original,19,Footsteps,18,Footsteps,Footsteps,Footsteps,Footsteps,0.96151334,True,Footsteps,hard_majority,True,False
19_11939.wav,pitch_down_2,19,Footsteps,18,Footsteps,Footsteps,Footsteps,Footsteps,0.9314602,True,Footsteps,hard_majority,True,False
19_11941.wav,pitch_down_2,19,Footsteps,18,Footsteps,Footsteps,Footsteps,Footsteps,0.9038887,True,Footsteps,hard_majority,True,False
19_11945.wav,original,19,Footsteps,18,Footsteps,Footsteps,Footsteps,Footsteps,0.95598197,True,Footsteps,hard_majority,True,False
19_11947.wav,original,19,Footsteps,18,Footsteps,Footsteps,Footsteps,Footsteps,0.95004725,True,Footsteps,hard_majority,True,False
19_11949.wav,original,19,Footsteps,18,Footsteps,Footsteps,Footsteps,Footsteps,0.9661401,True,Footsteps,hard_majority,True,False
19_11949.wav,pitch_up_2,19,Footsteps,18,Footsteps,Footsteps,Footsteps,Footsteps,0.96196526,True,Footsteps,hard_majority,True,False
19_11950.wav,original,19,Footsteps,18,Footsteps,Footsteps,Footsteps,Footsteps,0.94108707,True,Footsteps,hard_majority,True,False
19_11950.wav,pitch_down_2,19,Footsteps,18,Footsteps,Footsteps,Footsteps,Footsteps,0.86976033,True,Footsteps,hard_majority,True,False
19_11952.wav,original,19,Footsteps,18,Footsteps,Footsteps,Footsteps,Footsteps,0.5556019,True,Footsteps,hard_majority,True,False
19_11957.wav,original,19,Footsteps,18,Axe,Axe,Axe,Axe,0.725537,False,Axe,hard_majority,False,False
19_11960.wav,pitch_down_2,19,Footsteps,18,Footsteps,Footsteps,Footsteps,Footsteps,0.9584567,True,Footsteps,hard_majority,True,False
19_11961.wav,original,19,Footsteps,18,Footsteps,Footsteps,Footsteps,Footsteps,0.54343057,True,Footsteps,hard_majority,True,False
19_11965.wav,original,19,Footsteps,18,Footsteps,Footsteps,Footsteps,Footsteps,0.9024113,True,Footsteps,hard_majority,True,False
19_11966.wav,pitch_down_2,19,Footsteps,18,Footsteps,Footsteps,Footsteps,Footsteps,0.9664555,True,Footsteps,hard_majority,True,False
19_11968.wav,pitch_down_2,19,Footsteps,18,Footsteps,Footsteps,Footsteps,Footsteps,0.9511623,True,Footsteps,hard_majority,True,False
19_11969.wav,original,19,Footsteps,18,Footsteps,Footsteps,Footsteps,Footsteps,0.880447,True,Footsteps,hard_majority,True,False
19_11970.wav,original,19,Footsteps,18,Footsteps,Footsteps,Footsteps,Footsteps,0.9729881,True,Footsteps,hard_majority,True,False
19_11971.wav,pitch_down_2,19,Footsteps,18,Footsteps,Firework,Footsteps,Footsteps,0.36794508,True,Footsteps,hard_majority,True,False
19_11972.wav,original,19,Footsteps,18,Footsteps,Footsteps,Footsteps,Footsteps,0.7908342,True,Footsteps,hard_majority,True,False
19_11972.wav,pitch_down_2,19,Footsteps,18,Footsteps,Footsteps,Footsteps,Footsteps,0.7951816,True,Footsteps,hard_majority,True,False
19_11973.wav,pitch_up_2,19,Footsteps,18,Footsteps,Footsteps,Footsteps,Footsteps,0.8096927,True,Footsteps,hard_majority,True,False
19_11974.wav,original,19,Footsteps,18,Footsteps,Footsteps,Footsteps,Footsteps,0.9405365,True,Footsteps,hard_majority,True,False
20_12002.wav,pitch_down_2,20,Clapping,19,Clapping,Clapping,Clapping,Clapping,0.8960357,True,Clapping,hard_majority,True,False
20_12005.wav,pitch_down_2,20,Clapping,19,Clapping,Clapping,Clapping,Clapping,0.91231316,True,Clapping,hard_majority,True,False
20_12007.wav,original,20,Clapping,19,Clapping,Clapping,Clapping,Clapping,0.57970804,True,Clapping,hard_majority,True,False
20_12008.wav,pitch_up_2,20,Clapping,19,Clapping,Clapping,Clapping,Clapping,0.9022688,True,Clapping,hard_majority,True,False
20_12009.wav,pitch_up_2,20,Clapping,19,Clapping,Clapping,Clapping,Clapping,0.97807914,True,Clapping,hard_majority,True,False
20_12010.wav,pitch_down_2,20,Clapping,19,Clapping,Clapping,Clapping,Clapping,0.93538886,True,Clapping,hard_majority,True,False
20_12011.wav,pitch_up_2,20,Clapping,19,Clapping,Clapping,Clapping,Clapping,0.91487867,True,Clapping,hard_majority,True,False
20_12016.wav,pitch_down_2,20,Clapping,19,Clapping,Clapping,Clapping,Clapping,0.8291335,True,Clapping,hard_majority,True,False
20_12017.wav,pitch_down_2,20,Clapping,19,Clapping,Clapping,Clapping,Clapping,0.9794297,True,Clapping,hard_majority,True,False
20_12018.wav,pitch_down_2,20,Clapping,19,Clapping,Clapping,Clapping,Clapping,0.9587727,True,Clapping,hard_majority,True,False
20_12018.wav,pitch_up_2,20,Clapping,19,Clapping,Clapping,Clapping,Clapping,0.94892144,True,Clapping,hard_majority,True,False
20_12019.wav,pitch_up_2,20,Clapping,19,Clapping,Clapping,Clapping,Clapping,0.59907436,True,Clapping,hard_majority,True,False
20_12020.wav,pitch_down_2,20,Clapping,19,Clapping,Clapping,Clapping,Clapping,0.93318605,True,Clapping,hard_majority,True,False
20_12021.wav,pitch_down_2,20,Clapping,19,Clapping,Clapping,Clapping,Clapping,0.84850866,True,Clapping,hard_majority,True,False
20_12021.wav,pitch_up_2,20,Clapping,19,Clapping,Clapping,Clapping,Clapping,0.6547126,True,Clapping,hard_majority,True,False
20_12023.wav,pitch_up_2,20,Clapping,19,Clapping,Clapping,Clapping,Clapping,0.97935677,True,Clapping,hard_majority,True,False
20_12025.wav,pitch_up_2,20,Clapping,19,Clapping,Clapping,Clapping,Clapping,0.93799883,True,Clapping,hard_majority,True,False
20_12026.wav,pitch_up_2,20,Clapping,19,Clapping,Clapping,Clapping,Clapping,0.94605225,True,Clapping,hard_majority,True,False
20_12027.wav,original,20,Clapping,19,Clapping,Clapping,Clapping,Clapping,0.8381172,True,Clapping,hard_majority,True,False
20_12028.wav,original,20,Clapping,19,Axe,Axe,Axe,Axe,0.9260513,False,Axe,hard_majority,False,False
20_12028.wav,pitch_up_2,20,Clapping,19,Clapping,Clapping,Clapping,Clapping,0.8003063,True,Clapping,hard_majority,True,False
20_12033.wav,original,20,Clapping,19,Clapping,Clapping,Clapping,Clapping,0.9314664,True,Clapping,hard_majority,True,False
20_12035.wav,pitch_up_2,20,Clapping,19,Clapping,Clapping,Clapping,Clapping,0.6497884,True,Clapping,hard_majority,True,False
20_12038.wav,original,20,Clapping,19,Clapping,Clapping,Clapping,Clapping,0.74444526,True,Clapping,hard_majority,True,False
20_12040.wav,original,20,Clapping,19,Clapping,Clapping,Clapping,Clapping,0.9628954,True,Clapping,hard_majority,True,False
20_12040.wav,pitch_up_2,20,Clapping,19,Clapping,Clapping,Clapping,Clapping,0.9280486,True,Clapping,hard_majority,True,False
20_12041.wav,pitch_up_2,20,Clapping,19,Clapping,Clapping,Clapping,Clapping,0.85760134,True,Clapping,hard_majority,True,False
20_12042.wav,pitch_up_2,20,Clapping,19,Clapping,Clapping,Clapping,Clapping,0.9269418,True,Clapping,hard_majority,True,False
20_12043.wav,pitch_down_2,20,Clapping,19,Clapping,Clapping,Clapping,Clapping,0.8641512,True,Clapping,hard_majority,True,False
20_12045.wav,original,20,Clapping,19,Clapping,Clapping,Clapping,Clapping,0.9666736,True,Clapping,hard_majority,True,False
20_12045.wav,pitch_down_2,20,Clapping,19,Clapping,Clapping,Clapping,Clapping,0.9687478,True,Clapping,hard_majority,True,False
20_12045.wav,pitch_up_2,20,Clapping,19,Clapping,Clapping,Clapping,Clapping,0.9584506,True,Clapping,hard_majority,True,False
20_12047.wav,pitch_down_2,20,Clapping,19,Clapping,Clapping,Clapping,Clapping,0.95372325,True,Clapping,hard_majority,True,False
20_12047.wav,pitch_up_2,20,Clapping,19,Clapping,Clapping,Clapping,Clapping,0.9599993,True,Clapping,hard_majority,True,False
20_12049.wav,original,20,Clapping,19,Clapping,Clapping,Clapping,Clapping,0.6454044,True,Clapping,hard_majority,True,False
20_12049.wav,pitch_up_2,20,Clapping,19,Clapping,Clapping,Clapping,Clapping,0.7745126,True,Clapping,hard_majority,True,False
20_12050.wav,original,20,Clapping,19,Clapping,Clapping,Clapping,Clapping,0.9485895,True,Clapping,hard_majority,True,False
20_12052.wav,pitch_up_2,20,Clapping,19,Clapping,Clapping,Clapping,Clapping,0.93964654,True,Clapping,hard_majority,True,False
20_12056.wav,pitch_down_2,20,Clapping,19,Clapping,Clapping,Clapping,Clapping,0.9564727,True,Clapping,hard_majority,True,False
20_12061.wav,pitch_down_2,20,Clapping,19,Clapping,Clapping,Clapping,Clapping,0.9263564,True,Clapping,hard_majority,True,False
20_12065.wav,pitch_down_2,20,Clapping,19,Clapping,Clapping,Clapping,Clapping,0.75093436,True,Clapping,hard_majority,True,False
20_12066.wav,original,20,Clapping,19,Clapping,Clapping,Clapping,Clapping,0.95496327,True,Clapping,hard_majority,True,False
20_12066.wav,pitch_down_2,20,Clapping,19,Clapping,Clapping,Clapping,Clapping,0.77425534,True,Clapping,hard_majority,True,False
20_12070.wav,original,20,Clapping,19,Clapping,Clapping,Clapping,Clapping,0.88481647,True,Clapping,hard_majority,True,False
20_12072.wav,pitch_down_2,20,Clapping,19,Clapping,Clapping,Clapping,Clapping,0.9509955,True,Clapping,hard_majority,True,False
21_12107.wav,pitch_up_2,21,Insect,20,Insect,Insect,Insect,Insect,0.89950705,True,Insect,hard_majority,True,False
21_12108.wav,pitch_down_2,21,Insect,20,Insect,Insect,Insect,Insect,0.94148606,True,Insect,hard_majority,True,False
21_12109.wav,pitch_up_2,21,Insect,20,Insect,Insect,Insect,Insect,0.88962287,True,Insect,hard_majority,True,False
21_12111.wav,pitch_down_2,21,Insect,20,Insect,Insect,Insect,Insect,0.85062695,True,Insect,hard_majority,True,False
21_12112.wav,pitch_down_2,21,Insect,20,Insect,Insect,Insect,Insect,0.93174165,True,Insect,hard_majority,True,False
21_12112.wav,pitch_up_2,21,Insect,20,Insect,Insect,Insect,Insect,0.4472333,True,Insect,hard_majority,True,False
21_12113.wav,pitch_down_2,21,Insect,20,Rain,Insect,Insect,Insect,0.40960047,True,Insect,hard_majority,True,False
21_12116.wav,original,21,Insect,20,Insect,Insect,Insect,Insect,0.9259835,True,Insect,hard_majority,True,False
21_12116.wav,pitch_down_2,21,Insect,20,Insect,Insect,Insect,Insect,0.90352327,True,Insect,hard_majority,True,False
21_12118.wav,original,21,Insect,20,Insect,Insect,Insect,Insect,0.9641778,True,Insect,hard_majority,True,False
21_12119.wav,original,21,Insect,20,Insect,Insect,Insect,Insect,0.9153557,True,Insect,hard_majority,True,False
21_12119.wav,pitch_down_2,21,Insect,20,Insect,Insect,Insect,Insect,0.96603113,True,Insect,hard_majority,True,False
21_12120.wav,original,21,Insect,20,Insect,Insect,Insect,Insect,0.944963,True,Insect,hard_majority,True,False
21_12121.wav,original,21,Insect,20,Insect,Insect,Insect,Insect,0.88209647,True,Insect,hard_majority,True,False
21_12121.wav,pitch_up_2,21,Insect,20,Insect,Insect,Insect,Insect,0.86722547,True,Insect,hard_majority,True,False
21_12123.wav,pitch_up_2,21,Insect,20,Insect,Insect,Insect,Insect,0.48114908,True,Insect,hard_majority,True,False
21_12128.wav,pitch_down_2,21,Insect,20,Insect,Insect,Insect,Insect,0.942183,True,Insect,hard_majority,True,False
21_12128.wav,pitch_up_2,21,Insect,20,Insect,Insect,Insect,Insect,0.945101,True,Insect,hard_majority,True,False
21_12129.wav,original,21,Insect,20,Insect,Insect,Insect,Insect,0.71547,True,Insect,hard_majority,True,False
21_12130.wav,original,21,Insect,20,Insect,Insect,Insect,Insect,0.96990496,True,Insect,hard_majority,True,False
21_12131.wav,pitch_down_2,21,Insect,20,Insect,Insect,Insect,Insect,0.9309432,True,Insect,hard_majority,True,False
21_12132.wav,pitch_up_2,21,Insect,20,Insect,Insect,Insect,Insect,0.92914915,True,Insect,hard_majority,True,False
21_12134.wav,pitch_up_2,21,Insect,20,Insect,Insect,Insect,Insect,0.7745354,True,Insect,hard_majority,True,False
21_12136.wav,original,21,Insect,20,Insect,Insect,Insect,Insect,0.87997144,True,Insect,hard_majority,True,False
21_12137.wav,original,21,Insect,20,Insect,Insect,Insect,Insect,0.88655496,True,Insect,hard_majority,True,False
21_12137.wav,pitch_down_2,21,Insect,20,Insect,Insect,Insect,Insect,0.88556224,True,Insect,hard_majority,True,False
21_12141.wav,original,21,Insect,20,Insect,Insect,Insect,Insect,0.6670439,True,Insect,hard_majority,True,False
21_12141.wav,pitch_down_2,21,Insect,20,Insect,Insect,Insect,Insect,0.79972696,True,Insect,hard_majority,True,False
21_12143.wav,pitch_up_2,21,Insect,20,Insect,Insect,Insect,Insect,0.9401569,True,Insect,hard_majority,True,False
21_12145.wav,original,21,Insect,20,Insect,Insect,Insect,Insect,0.70224756,True,Insect,hard_majority,True,False
21_12147.wav,pitch_down_2,21,Insect,20,Insect,Insect,Insect,Insect,0.93475765,True,Insect,hard_majority,True,False
21_12151.wav,pitch_up_2,21,Insect,20,Insect,Insect,Insect,Insect,0.9444716,True,Insect,hard_majority,True,False
21_12153.wav,original,21,Insect,20,Insect,Insect,Insect,Insect,0.9295346,True,Insect,hard_majority,True,False
21_12159.wav,pitch_up_2,21,Insect,20,Insect,Insect,Insect,Insect,0.9494912,True,Insect,hard_majority,True,False
21_12163.wav,pitch_down_2,21,Insect,20,Insect,Insect,Insect,Insect,0.70295256,True,Insect,hard_majority,True,False
21_12164.wav,pitch_down_2,21,Insect,20,Insect,Insect,Insect,Insect,0.8796293,True,Insect,hard_majority,True,False
21_12165.wav,pitch_up_2,21,Insect,20,Insect,Insect,Insect,Insect,0.9309518,True,Insect,hard_majority,True,False
21_12166.wav,original,21,Insect,20,Insect,Insect,Insect,Insect,0.9465082,True,Insect,hard_majority,True,False
21_12167.wav,original,21,Insect,20,Insect,Insect,Insect,Insect,0.95320654,True,Insect,hard_majority,True,False
21_12168.wav,original,21,Insect,20,Insect,Insect,Insect,Insect,0.94892144,True,Insect,hard_majority,True,False
21_12170.wav,original,21,Insect,20,Insect,Insect,Insect,Insect,0.8502395,True,Insect,hard_majority,True,False
21_12172.wav,pitch_down_2,21,Insect,20,Insect,Insect,Insect,Insect,0.837776,True,Insect,hard_majority,True,False
21_12172.wav,pitch_up_2,21,Insect,20,Wind,Insect,Insect,Insect,0.44559252,True,Insect,hard_majority,True,False
21_12173.wav,pitch_up_2,21,Insect,20,Insect,Insect,Insect,Insect,0.96598774,True,Insect,hard_majority,True,False
21_12175.wav,pitch_down_2,21,Insect,20,Insect,Insect,Insect,Insect,0.8375527,True,Insect,hard_majority,True,False
22_12201.wav,pitch_down_2,22,Frog,21,Frog,Frog,Frog,Frog,0.9358612,True,Frog,hard_majority,True,False
22_12203.wav,pitch_down_2,22,Frog,21,Frog,Frog,Frog,Frog,0.9543614,True,Frog,hard_majority,True,False
22_12204.wav,pitch_down_2,22,Frog,21,Frog,Frog,Frog,Frog,0.8192968,True,Frog,hard_majority,True,False
22_12205.wav,original,22,Frog,21,Frog,Frog,Frog,Frog,0.95353836,True,Frog,hard_majority,True,False
22_12206.wav,original,22,Frog,21,Frog,Frog,Frog,Frog,0.91418797,True,Frog,hard_majority,True,False
22_12207.wav,pitch_up_2,22,Frog,21,Frog,Frog,Frog,Frog,0.9511476,True,Frog,hard_majority,True,False
22_12208.wav,pitch_down_2,22,Frog,21,Frog,Frog,Frog,Frog,0.8850894,True,Frog,hard_majority,True,False
22_12212.wav,pitch_up_2,22,Frog,21,Frog,Frog,Frog,Frog,0.77134246,True,Frog,hard_majority,True,False
22_12213.wav,pitch_down_2,22,Frog,21,Frog,Frog,Frog,Frog,0.90157014,True,Frog,hard_majority,True,False
22_12214.wav,original,22,Frog,21,Speaking,Speaking,Speaking,Speaking,0.5879249,False,Speaking,hard_majority,False,False
22_12215.wav,pitch_down_2,22,Frog,21,Frog,Frog,Frog,Frog,0.67697936,True,Frog,hard_majority,True,False
22_12218.wav,pitch_up_2,22,Frog,21,Frog,Frog,Frog,Frog,0.9667786,True,Frog,hard_majority,True,False
22_12219.wav,pitch_up_2,22,Frog,21,Frog,Frog,Frog,Frog,0.9622995,True,Frog,hard_majority,True,False
22_12220.wav,pitch_down_2,22,Frog,21,Frog,Frog,Frog,Frog,0.9426789,True,Frog,hard_majority,True,False
22_12221.wav,original,22,Frog,21,Frog,Frog,Frog,Frog,0.96667546,True,Frog,hard_majority,True,False
22_12221.wav,pitch_down_2,22,Frog,21,Frog,Frog,Frog,Frog,0.948955,True,Frog,hard_majority,True,False
22_12222.wav,original,22,Frog,21,Frog,Frog,Frog,Frog,0.9273212,True,Frog,hard_majority,True,False
22_12226.wav,original,22,Frog,21,Frog,Frog,Frog,Frog,0.94920677,True,Frog,hard_majority,True,False
22_12227.wav,pitch_down_2,22,Frog,21,Frog,Frog,Frog,Frog,0.88148004,True,Frog,hard_majority,True,False
22_12227.wav,pitch_up_2,22,Frog,21,Frog,Frog,Frog,Frog,0.9529557,True,Frog,hard_majority,True,False
22_12230.wav,pitch_up_2,22,Frog,21,Frog,Frog,Frog,Frog,0.9552412,True,Frog,hard_majority,True,False
22_12232.wav,original,22,Frog,21,Frog,Frog,Frog,Frog,0.92054415,True,Frog,hard_majority,True,False
22_12235.wav,pitch_down_2,22,Frog,21,Frog,Frog,Frog,Frog,0.94078344,True,Frog,hard_majority,True,False
22_12238.wav,pitch_down_2,22,Frog,21,Frog,Frog,Frog,Frog,0.95555353,True,Frog,hard_majority,True,False
22_12239.wav,original,22,Frog,21,Frog,Frog,Frog,Frog,0.94980836,True,Frog,hard_majority,True,False
22_12243.wav,pitch_down_2,22,Frog,21,Frog,Frog,Frog,Frog,0.93331355,True,Frog,hard_majority,True,False
22_12243.wav,pitch_up_2,22,Frog,21,Frog,Frog,Frog,Frog,0.9555154,True,Frog,hard_majority,True,False
22_12244.wav,original,22,Frog,21,Frog,Frog,Frog,Frog,0.813571,True,Frog,hard_majority,True,False
22_12244.wav,pitch_down_2,22,Frog,21,Frog,Frog,Frog,Frog,0.5103311,True,Frog,hard_majority,True,False
22_12246.wav,pitch_up_2,22,Frog,21,Frog,Frog,Frog,Frog,0.9703372,True,Frog,hard_majority,True,False
22_12247.wav,original,22,Frog,21,VehicleEngine,VehicleEngine,VehicleEngine,VehicleEngine,0.5538171,False,VehicleEngine,hard_majority,False,False
22_12247.wav,pitch_down_2,22,Frog,21,Frog,Frog,Frog,Frog,0.5369263,True,Frog,hard_majority,True,False
22_12249.wav,pitch_down_2,22,Frog,21,Frog,Frog,Frog,Frog,0.9487322,True,Frog,hard_majority,True,False
22_12256.wav,original,22,Frog,21,Frog,Frog,Frog,Frog,0.9604867,True,Frog,hard_majority,True,False
22_12257.wav,pitch_down_2,22,Frog,21,Frog,Frog,Frog,Frog,0.8578382,True,Frog,hard_majority,True,False
22_12260.wav,original,22,Frog,21,Frog,Frog,Frog,Frog,0.9545881,True,Frog,hard_majority,True,False
22_12263.wav,original,22,Frog,21,Speaking,Speaking,Speaking,Speaking,0.34267822,False,Speaking,hard_majority,False,False
22_12263.wav,pitch_down_2,22,Frog,21,Insect,Insect,Insect,Insect,0.61958843,False,Insect,hard_majority,False,False
22_12263.wav,pitch_up_2,22,Frog,21,Insect,Insect,Insect,Insect,0.6471438,False,Insect,hard_majority,False,False
22_12272.wav,original,22,Frog,21,Frog,Frog,Frog,Frog,0.9611423,True,Frog,hard_majority,True,False
22_12272.wav,pitch_down_2,22,Frog,21,Frog,Frog,Frog,Frog,0.9558565,True,Frog,hard_majority,True,False
22_12272.wav,pitch_up_2,22,Frog,21,Frog,Frog,Frog,Frog,0.9599773,True,Frog,hard_majority,True,False
22_12273.wav,original,22,Frog,21,Frog,Frog,Frog,Frog,0.96926886,True,Frog,hard_majority,True,False
22_12274.wav,original,22,Frog,21,Frog,Frog,Frog,Frog,0.96351266,True,Frog,hard_majority,True,False
22_12275.wav,original,22,Frog,21,Insect,Insect,Insect,Insect,0.7634945,False,Insect,hard_majority,False,False
23_12303.wav,original,23,BirdChirping,22,BirdChirping,BirdChirping,BirdChirping,BirdChirping,0.9653322,True,BirdChirping,hard_majority,True,False
23_12303.wav,pitch_down_2,23,BirdChirping,22,BirdChirping,BirdChirping,BirdChirping,BirdChirping,0.93278265,True,BirdChirping,hard_majority,True,False
23_12304.wav,pitch_down_2,23,BirdChirping,22,BirdChirping,BirdChirping,BirdChirping,BirdChirping,0.86248046,True,BirdChirping,hard_majority,True,False
23_12304.wav,pitch_up_2,23,BirdChirping,22,BirdChirping,BirdChirping,BirdChirping,BirdChirping,0.88519186,True,BirdChirping,hard_majority,True,False
23_12306.wav,pitch_down_2,23,BirdChirping,22,BirdChirping,BirdChirping,BirdChirping,BirdChirping,0.9593115,True,BirdChirping,hard_majority,True,False
23_12307.wav,pitch_down_2,23,BirdChirping,22,BirdChirping,BirdChirping,BirdChirping,BirdChirping,0.9112554,True,BirdChirping,hard_majority,True,False
23_12313.wav,original,23,BirdChirping,22,BirdChirping,BirdChirping,BirdChirping,BirdChirping,0.9454915,True,BirdChirping,hard_majority,True,False
23_12314.wav,pitch_up_2,23,BirdChirping,22,BirdChirping,BirdChirping,BirdChirping,BirdChirping,0.9740556,True,BirdChirping,hard_majority,True,False
23_12315.wav,pitch_up_2,23,BirdChirping,22,BirdChirping,BirdChirping,BirdChirping,BirdChirping,0.9133428,True,BirdChirping,hard_majority,True,False
23_12318.wav,pitch_down_2,23,BirdChirping,22,BirdChirping,BirdChirping,BirdChirping,BirdChirping,0.9620228,True,BirdChirping,hard_majority,True,False
23_12319.wav,pitch_up_2,23,BirdChirping,22,BirdChirping,BirdChirping,BirdChirping,BirdChirping,0.9477685,True,BirdChirping,hard_majority,True,False
23_12321.wav,pitch_down_2,23,BirdChirping,22,BirdChirping,BirdChirping,BirdChirping,BirdChirping,0.56829524,True,BirdChirping,hard_majority,True,False
23_12322.wav,original,23,BirdChirping,22,BirdChirping,BirdChirping,BirdChirping,BirdChirping,0.75999355,True,BirdChirping,hard_majority,True,False
23_12324.wav,pitch_down_2,23,BirdChirping,22,BirdChirping,BirdChirping,BirdChirping,BirdChirping,0.9336629,True,BirdChirping,hard_majority,True,False
23_12325.wav,original,23,BirdChirping,22,BirdChirping,BirdChirping,BirdChirping,BirdChirping,0.95782596,True,BirdChirping,hard_majority,True,False
23_12328.wav,pitch_up_2,23,BirdChirping,22,BirdChirping,BirdChirping,BirdChirping,BirdChirping,0.8770799,True,BirdChirping,hard_majority,True,False
23_12330.wav,original,23,BirdChirping,22,BirdChirping,BirdChirping,BirdChirping,BirdChirping,0.8033574,True,BirdChirping,hard_majority,True,False
23_12332.wav,original,23,BirdChirping,22,BirdChirping,BirdChirping,BirdChirping,BirdChirping,0.9105475,True,BirdChirping,hard_majority,True,False
23_12332.wav,pitch_down_2,23,BirdChirping,22,BirdChirping,BirdChirping,BirdChirping,BirdChirping,0.92845106,True,BirdChirping,hard_majority,True,False
23_12333.wav,pitch_down_2,23,BirdChirping,22,BirdChirping,BirdChirping,BirdChirping,BirdChirping,0.9114304,True,BirdChirping,hard_majority,True,False
23_12337.wav,pitch_down_2,23,BirdChirping,22,BirdChirping,BirdChirping,BirdChirping,BirdChirping,0.93124515,True,BirdChirping,hard_majority,True,False
23_12339.wav,pitch_down_2,23,BirdChirping,22,BirdChirping,BirdChirping,BirdChirping,BirdChirping,0.93007725,True,BirdChirping,hard_majority,True,False
23_12339.wav,pitch_up_2,23,BirdChirping,22,BirdChirping,BirdChirping,BirdChirping,BirdChirping,0.89158255,True,BirdChirping,hard_majority,True,False
23_12340.wav,pitch_down_2,23,BirdChirping,22,BirdChirping,BirdChirping,BirdChirping,BirdChirping,0.97196054,True,BirdChirping,hard_majority,True,False
23_12342.wav,original,23,BirdChirping,22,BirdChirping,BirdChirping,BirdChirping,BirdChirping,0.94306296,True,BirdChirping,hard_majority,True,False
23_12343.wav,pitch_down_2,23,BirdChirping,22,BirdChirping,BirdChirping,BirdChirping,BirdChirping,0.93104047,True,BirdChirping,hard_majority,True,False
23_12348.wav,pitch_up_2,23,BirdChirping,22,BirdChirping,BirdChirping,BirdChirping,BirdChirping,0.966018,True,BirdChirping,hard_majority,True,False
23_12349.wav,pitch_up_2,23,BirdChirping,22,BirdChirping,BirdChirping,BirdChirping,BirdChirping,0.9048266,True,BirdChirping,hard_majority,True,False
23_12352.wav,pitch_down_2,23,BirdChirping,22,BirdChirping,BirdChirping,BirdChirping,BirdChirping,0.9378555,True,BirdChirping,hard_majority,True,False
23_12353.wav,original,23,BirdChirping,22,BirdChirping,BirdChirping,BirdChirping,BirdChirping,0.94115466,True,BirdChirping,hard_majority,True,False
23_12353.wav,pitch_down_2,23,BirdChirping,22,BirdChirping,BirdChirping,BirdChirping,BirdChirping,0.9427982,True,BirdChirping,hard_majority,True,False
23_12355.wav,original,23,BirdChirping,22,BirdChirping,BirdChirping,BirdChirping,BirdChirping,0.8754041,True,BirdChirping,hard_majority,True,False
23_12358.wav,pitch_up_2,23,BirdChirping,22,BirdChirping,BirdChirping,BirdChirping,BirdChirping,0.96280307,True,BirdChirping,hard_majority,True,False
23_12359.wav,pitch_down_2,23,BirdChirping,22,BirdChirping,BirdChirping,BirdChirping,BirdChirping,0.854273,True,BirdChirping,hard_majority,True,False
23_12359.wav,pitch_up_2,23,BirdChirping,22,BirdChirping,BirdChirping,BirdChirping,BirdChirping,0.53766376,True,BirdChirping,hard_majority,True,False
23_12360.wav,original,23,BirdChirping,22,BirdChirping,BirdChirping,BirdChirping,BirdChirping,0.96773785,True,BirdChirping,hard_majority,True,False
23_12360.wav,pitch_down_2,23,BirdChirping,22,BirdChirping,BirdChirping,BirdChirping,BirdChirping,0.9349584,True,BirdChirping,hard_majority,True,False
23_12361.wav,original,23,BirdChirping,22,BirdChirping,BirdChirping,BirdChirping,BirdChirping,0.6896419,True,BirdChirping,hard_majority,True,False
23_12361.wav,pitch_up_2,23,BirdChirping,22,BirdChirping,BirdChirping,BirdChirping,BirdChirping,0.8985257,True,BirdChirping,hard_majority,True,False
23_12362.wav,original,23,BirdChirping,22,BirdChirping,BirdChirping,BirdChirping,BirdChirping,0.95022297,True,BirdChirping,hard_majority,True,False
23_12363.wav,original,23,BirdChirping,22,BirdChirping,BirdChirping,BirdChirping,BirdChirping,0.9599213,True,BirdChirping,hard_majority,True,False
23_12368.wav,original,23,BirdChirping,22,BirdChirping,BirdChirping,BirdChirping,BirdChirping,0.9596533,True,BirdChirping,hard_majority,True,False
23_12370.wav,original,23,BirdChirping,22,BirdChirping,BirdChirping,BirdChirping,BirdChirping,0.9161143,True,BirdChirping,hard_majority,True,False
23_12370.wav,pitch_down_2,23,BirdChirping,22,BirdChirping,BirdChirping,BirdChirping,BirdChirping,0.9714795,True,BirdChirping,hard_majority,True,False
23_12373.wav,pitch_down_2,23,BirdChirping,22,BirdChirping,BirdChirping,BirdChirping,BirdChirping,0.926754,True,BirdChirping,hard_majority,True,False
24_12401.wav,pitch_down_2,24,WingFlaping,23,WingFlaping,WingFlaping,WingFlaping,WingFlaping,0.86523694,True,WingFlaping,hard_majority,True,False
24_12403.wav,pitch_down_2,24,WingFlaping,23,WingFlaping,WingFlaping,WingFlaping,WingFlaping,0.44359222,True,WingFlaping,hard_majority,True,False
24_12405.wav,original,24,WingFlaping,23,WingFlaping,WingFlaping,WingFlaping,WingFlaping,0.43762216,True,WingFlaping,hard_majority,True,False
24_12406.wav,original,24,WingFlaping,23,WingFlaping,WingFlaping,WingFlaping,WingFlaping,0.7879371,True,WingFlaping,hard_majority,True,False
24_12408.wav,pitch_down_2,24,WingFlaping,23,WingFlaping,WingFlaping,WingFlaping,WingFlaping,0.84680325,True,WingFlaping,hard_majority,True,False
24_12410.wav,pitch_up_2,24,WingFlaping,23,WingFlaping,WingFlaping,WingFlaping,WingFlaping,0.95542365,True,WingFlaping,hard_majority,True,False
24_12418.wav,original,24,WingFlaping,23,WingFlaping,WingFlaping,WingFlaping,WingFlaping,0.9556288,True,WingFlaping,hard_majority,True,False
24_12418.wav,pitch_down_2,24,WingFlaping,23,WingFlaping,WingFlaping,WingFlaping,WingFlaping,0.9672206,True,WingFlaping,hard_majority,True,False
24_12419.wav,original,24,WingFlaping,23,WingFlaping,Footsteps,Footsteps,WingFlaping,0.41690072,True,Footsteps,hard_majority,False,True
24_12419.wav,pitch_up_2,24,WingFlaping,23,WingFlaping,WingFlaping,WingFlaping,WingFlaping,0.915617,True,WingFlaping,hard_majority,True,False
24_12420.wav,pitch_down_2,24,WingFlaping,23,WingFlaping,WingFlaping,WingFlaping,WingFlaping,0.93170214,True,WingFlaping,hard_majority,True,False
24_12424.wav,pitch_up_2,24,WingFlaping,23,WingFlaping,WingFlaping,WingFlaping,WingFlaping,0.9389267,True,WingFlaping,hard_majority,True,False
24_12427.wav,pitch_up_2,24,WingFlaping,23,WingFlaping,WingFlaping,WingFlaping,WingFlaping,0.9723704,True,WingFlaping,hard_majority,True,False
24_12428.wav,original,24,WingFlaping,23,WingFlaping,WingFlaping,WingFlaping,WingFlaping,0.97095793,True,WingFlaping,hard_majority,True,False
24_12432.wav,original,24,WingFlaping,23,WingFlaping,WingFlaping,WingFlaping,WingFlaping,0.85128194,True,WingFlaping,hard_majority,True,False
24_12432.wav,pitch_up_2,24,WingFlaping,23,WingFlaping,WingFlaping,WingFlaping,WingFlaping,0.9221974,True,WingFlaping,hard_majority,True,False
24_12435.wav,original,24,WingFlaping,23,Footsteps,Footsteps,Footsteps,Footsteps,0.61854583,False,Footsteps,hard_majority,False,False
24_12436.wav,pitch_up_2,24,WingFlaping,23,WingFlaping,WingFlaping,WingFlaping,WingFlaping,0.8531356,True,WingFlaping,hard_majority,True,False
24_12437.wav,original,24,WingFlaping,23,WingFlaping,WingFlaping,WingFlaping,WingFlaping,0.8414681,True,WingFlaping,hard_majority,True,False
24_12437.wav,pitch_up_2,24,WingFlaping,23,WingFlaping,WingFlaping,WingFlaping,WingFlaping,0.974047,True,WingFlaping,hard_majority,True,False
24_12438.wav,original,24,WingFlaping,23,WingFlaping,WingFlaping,WingFlaping,WingFlaping,0.92754793,True,WingFlaping,hard_majority,True,False
24_12439.wav,pitch_down_2,24,WingFlaping,23,WingFlaping,WingFlaping,WingFlaping,WingFlaping,0.9737877,True,WingFlaping,hard_majority,True,False
24_12440.wav,pitch_down_2,24,WingFlaping,23,WingFlaping,WingFlaping,WingFlaping,WingFlaping,0.9484721,True,WingFlaping,hard_majority,True,False
24_12443.wav,pitch_down_2,24,WingFlaping,23,WingFlaping,WingFlaping,WingFlaping,WingFlaping,0.85324883,True,WingFlaping,hard_majority,True,False
24_12446.wav,pitch_down_2,24,WingFlaping,23,WingFlaping,WingFlaping,WingFlaping,WingFlaping,0.9852836,True,WingFlaping,hard_majority,True,False
24_12448.wav,pitch_down_2,24,WingFlaping,23,WingFlaping,WingFlaping,WingFlaping,WingFlaping,0.9510682,True,WingFlaping,hard_majority,True,False
24_12449.wav,original,24,WingFlaping,23,WingFlaping,WingFlaping,WingFlaping,WingFlaping,0.5898063,True,WingFlaping,hard_majority,True,False
24_12450.wav,pitch_down_2,24,WingFlaping,23,WingFlaping,WingFlaping,WingFlaping,WingFlaping,0.78848076,True,WingFlaping,hard_majority,True,False
24_12452.wav,pitch_up_2,24,WingFlaping,23,WingFlaping,WingFlaping,WingFlaping,WingFlaping,0.60229206,True,WingFlaping,hard_majority,True,False
24_12453.wav,pitch_down_2,24,WingFlaping,23,WingFlaping,WingFlaping,WingFlaping,WingFlaping,0.831053,True,WingFlaping,hard_majority,True,False
24_12454.wav,pitch_down_2,24,WingFlaping,23,WingFlaping,WingFlaping,WingFlaping,WingFlaping,0.97222066,True,WingFlaping,hard_majority,True,False
24_12456.wav,pitch_down_2,24,WingFlaping,23,WingFlaping,WingFlaping,WingFlaping,WingFlaping,0.88011664,True,WingFlaping,hard_majority,True,False
24_12456.wav,pitch_up_2,24,WingFlaping,23,WingFlaping,WingFlaping,WingFlaping,WingFlaping,0.92741174,True,WingFlaping,hard_majority,True,False
24_12457.wav,pitch_up_2,24,WingFlaping,23,WingFlaping,WingFlaping,WingFlaping,WingFlaping,0.68436843,True,WingFlaping,hard_majority,True,False
24_12458.wav,pitch_up_2,24,WingFlaping,23,WingFlaping,WingFlaping,WingFlaping,WingFlaping,0.9548605,True,WingFlaping,hard_majority,True,False
24_12460.wav,pitch_up_2,24,WingFlaping,23,WingFlaping,WingFlaping,WingFlaping,WingFlaping,0.95875794,True,WingFlaping,hard_majority,True,False
24_12461.wav,pitch_down_2,24,WingFlaping,23,WingFlaping,WingFlaping,WingFlaping,WingFlaping,0.9176352,True,WingFlaping,hard_majority,True,False
24_12463.wav,original,24,WingFlaping,23,WingFlaping,WingFlaping,WingFlaping,WingFlaping,0.94100314,True,WingFlaping,hard_majority,True,False
24_12463.wav,pitch_up_2,24,WingFlaping,23,WingFlaping,WingFlaping,WingFlaping,WingFlaping,0.9547306,True,WingFlaping,hard_majority,True,False
24_12464.wav,pitch_up_2,24,WingFlaping,23,WingFlaping,WingFlaping,WingFlaping,WingFlaping,0.91469693,True,WingFlaping,hard_majority,True,False
24_12468.wav,pitch_up_2,24,WingFlaping,23,WingFlaping,WingFlaping,WingFlaping,WingFlaping,0.80475307,True,WingFlaping,hard_majority,True,False
24_12469.wav,pitch_down_2,24,WingFlaping,23,WingFlaping,WingFlaping,WingFlaping,WingFlaping,0.81166655,True,WingFlaping,hard_majority,True,False
24_12472.wav,pitch_up_2,24,WingFlaping,23,Speaking,WingFlaping,WaterDrops,WingFlaping,0.24253362,True,WingFlaping,soft_tiebreak,True,False
24_12473.wav,pitch_down_2,24,WingFlaping,23,WingFlaping,WingFlaping,WingFlaping,WingFlaping,0.87279207,True,WingFlaping,hard_majority,True,False
24_12473.wav,pitch_up_2,24,WingFlaping,23,WingFlaping,WingFlaping,WingFlaping,WingFlaping,0.5451065,True,WingFlaping,hard_majority,True,False
25_12502.wav,pitch_up_2,25,Lion,24,Lion,Lion,Lion,Lion,0.9572384,True,Lion,hard_majority,True,False
25_12503.wav,pitch_down_2,25,Lion,24,Lion,Lion,Lion,Lion,0.95883316,True,Lion,hard_majority,True,False
25_12505.wav,pitch_down_2,25,Lion,24,Lion,Lion,Lion,Lion,0.94640774,True,Lion,hard_majority,True,False
25_12506.wav,pitch_down_2,25,Lion,24,Lion,Lion,Lion,Lion,0.94874316,True,Lion,hard_majority,True,False
25_12508.wav,original,25,Lion,24,Lion,Lion,Lion,Lion,0.9581495,True,Lion,hard_majority,True,False
25_12511.wav,original,25,Lion,24,Lion,Lion,Lion,Lion,0.9382129,True,Lion,hard_majority,True,False
25_12514.wav,original,25,Lion,24,Lion,Lion,Lion,Lion,0.9539666,True,Lion,hard_majority,True,False
25_12518.wav,original,25,Lion,24,Lion,Lion,Lion,Lion,0.95960647,True,Lion,hard_majority,True,False
25_12518.wav,pitch_up_2,25,Lion,24,Lion,Lion,Lion,Lion,0.8286111,True,Lion,hard_majority,True,False
25_12522.wav,pitch_down_2,25,Lion,24,Lion,Lion,Lion,Lion,0.96742344,True,Lion,hard_majority,True,False
25_12524.wav,pitch_up_2,25,Lion,24,Lion,Lion,Lion,Lion,0.94782025,True,Lion,hard_majority,True,False
25_12526.wav,original,25,Lion,24,Lion,Lion,Lion,Lion,0.9424314,True,Lion,hard_majority,True,False
25_12526.wav,pitch_up_2,25,Lion,24,Lion,Lion,Lion,Lion,0.94160825,True,Lion,hard_majority,True,False
25_12527.wav,original,25,Lion,24,Lion,Lion,Lion,Lion,0.9072564,True,Lion,hard_majority,True,False
25_12527.wav,pitch_up_2,25,Lion,24,Lion,Lion,Lion,Lion,0.8999806,True,Lion,hard_majority,True,False
25_12530.wav,pitch_down_2,25,Lion,24,Lion,Lion,Lion,Lion,0.8402212,True,Lion,hard_majority,True,False
25_12530.wav,pitch_up_2,25,Lion,24,Lion,Lion,Lion,Lion,0.95009285,True,Lion,hard_majority,True,False
25_12533.wav,pitch_up_2,25,Lion,24,Lion,Lion,Lion,Lion,0.86753684,True,Lion,hard_majority,True,False
25_12534.wav,pitch_down_2,25,Lion,24,Lion,Lion,Lion,Lion,0.9589074,True,Lion,hard_majority,True,False
25_12535.wav,original,25,Lion,24,Lion,Lion,Lion,Lion,0.95501024,True,Lion,hard_majority,True,False
25_12537.wav,pitch_down_2,25,Lion,24,Lion,Lion,Lion,Lion,0.94532806,True,Lion,hard_majority,True,False
25_12537.wav,pitch_up_2,25,Lion,24,Lion,Lion,Lion,Lion,0.94696385,True,Lion,hard_majority,True,False
25_12543.wav,pitch_up_2,25,Lion,24,Lion,Lion,Lion,Lion,0.8899398,True,Lion,hard_majority,True,False
25_12547.wav,pitch_up_2,25,Lion,24,Lion,Lion,Lion,Lion,0.9489579,True,Lion,hard_majority,True,False
25_12548.wav,pitch_down_2,25,Lion,24,Lion,Lion,Lion,Lion,0.9555051,True,Lion,hard_majority,True,False
25_12549.wav,original,25,Lion,24,Lion,Lion,Lion,Lion,0.95679194,True,Lion,hard_majority,True,False
25_12550.wav,pitch_down_2,25,Lion,24,Lion,Lion,Lion,Lion,0.94753057,True,Lion,hard_majority,True,False
25_12554.wav,pitch_up_2,25,Lion,24,Lion,Lion,Lion,Lion,0.6336658,True,Lion,hard_majority,True,False
25_12555.wav,original,25,Lion,24,Lion,Lion,Lion,Lion,0.95583296,True,Lion,hard_majority,True,False
25_12556.wav,original,25,Lion,24,Lion,Lion,Lion,Lion,0.9539394,True,Lion,hard_majority,True,False
25_12557.wav,pitch_down_2,25,Lion,24,Lion,Lion,Lion,Lion,0.9546733,True,Lion,hard_majority,True,False
25_12558.wav,pitch_down_2,25,Lion,24,Lion,Lion,Lion,Lion,0.960155,True,Lion,hard_majority,True,False
25_12559.wav,original,25,Lion,24,Lion,Lion,Lion,Lion,0.94139737,True,Lion,hard_majority,True,False
25_12561.wav,pitch_down_2,25,Lion,24,Lion,Lion,Lion,Lion,0.89792675,True,Lion,hard_majority,True,False
25_12561.wav,pitch_up_2,25,Lion,24,Lion,Lion,Lion,Lion,0.93140984,True,Lion,hard_majority,True,False
25_12562.wav,original,25,Lion,24,Lion,Lion,Lion,Lion,0.954994,True,Lion,hard_majority,True,False
25_12562.wav,pitch_up_2,25,Lion,24,Lion,Lion,Lion,Lion,0.9623192,True,Lion,hard_majority,True,False
25_12564.wav,original,25,Lion,24,Lion,Lion,Lion,Lion,0.9461356,True,Lion,hard_majority,True,False
25_12564.wav,pitch_down_2,25,Lion,24,Lion,Lion,Lion,Lion,0.9544316,True,Lion,hard_majority,True,False
25_12566.wav,original,25,Lion,24,Lion,Lion,Lion,Lion,0.9645996,True,Lion,hard_majority,True,False
25_12567.wav,pitch_up_2,25,Lion,24,Lion,Lion,Lion,Lion,0.9372263,True,Lion,hard_majority,True,False
25_12571.wav,pitch_up_2,25,Lion,24,Lion,Lion,Lion,Lion,0.95725363,True,Lion,hard_majority,True,False
25_12572.wav,pitch_down_2,25,Lion,24,Lion,Lion,Lion,Lion,0.956425,True,Lion,hard_majority,True,False
25_12574.wav,pitch_up_2,25,Lion,24,Lion,Lion,Lion,Lion,0.96179295,True,Lion,hard_majority,True,False
25_12575.wav,original,25,Lion,24,Lion,Lion,Lion,Lion,0.95813704,True,Lion,hard_majority,True,False
26_12603.wav,original,26,WolfHowl,25,WolfHowl,WolfHowl,WolfHowl,WolfHowl,0.8615845,True,WolfHowl,hard_majority,True,False
26_12603.wav,pitch_down_2,26,WolfHowl,25,WolfHowl,WolfHowl,WolfHowl,WolfHowl,0.5966463,True,WolfHowl,hard_majority,True,False
26_12604.wav,pitch_up_2,26,WolfHowl,25,WolfHowl,WolfHowl,WolfHowl,WolfHowl,0.95993346,True,WolfHowl,hard_majority,True,False
26_12605.wav,pitch_down_2,26,WolfHowl,25,WolfHowl,WolfHowl,WolfHowl,WolfHowl,0.94248205,True,WolfHowl,hard_majority,True,False
26_12606.wav,pitch_down_2,26,WolfHowl,25,WolfHowl,WolfHowl,WolfHowl,WolfHowl,0.9463334,True,WolfHowl,hard_majority,True,False
26_12609.wav,pitch_up_2,26,WolfHowl,25,WolfHowl,WolfHowl,WolfHowl,WolfHowl,0.961559,True,WolfHowl,hard_majority,True,False
26_12610.wav,original,26,WolfHowl,25,WolfHowl,WolfHowl,WolfHowl,WolfHowl,0.949975,True,WolfHowl,hard_majority,True,False
26_12610.wav,pitch_down_2,26,WolfHowl,25,WolfHowl,WolfHowl,WolfHowl,WolfHowl,0.94842213,True,WolfHowl,hard_majority,True,False
26_12612.wav,pitch_up_2,26,WolfHowl,25,WolfHowl,WolfHowl,WolfHowl,WolfHowl,0.95604545,True,WolfHowl,hard_majority,True,False
26_12613.wav,original,26,WolfHowl,25,WolfHowl,WolfHowl,WolfHowl,WolfHowl,0.9480066,True,WolfHowl,hard_majority,True,False
26_12615.wav,original,26,WolfHowl,25,WolfHowl,WolfHowl,WolfHowl,WolfHowl,0.96244836,True,WolfHowl,hard_majority,True,False
26_12620.wav,pitch_down_2,26,WolfHowl,25,WolfHowl,WolfHowl,WolfHowl,WolfHowl,0.9560849,True,WolfHowl,hard_majority,True,False
26_12621.wav,pitch_up_2,26,WolfHowl,25,WolfHowl,WolfHowl,WolfHowl,WolfHowl,0.9418969,True,WolfHowl,hard_majority,True,False
26_12623.wav,pitch_up_2,26,WolfHowl,25,WolfHowl,WolfHowl,WolfHowl,WolfHowl,0.9484021,True,WolfHowl,hard_majority,True,False
26_12624.wav,pitch_down_2,26,WolfHowl,25,WolfHowl,WolfHowl,WolfHowl,WolfHowl,0.9072158,True,WolfHowl,hard_majority,True,False
26_12624.wav,pitch_up_2,26,WolfHowl,25,WolfHowl,WolfHowl,WolfHowl,WolfHowl,0.93344164,True,WolfHowl,hard_majority,True,False
26_12626.wav,original,26,WolfHowl,25,WolfHowl,WolfHowl,WolfHowl,WolfHowl,0.94782275,True,WolfHowl,hard_majority,True,False
26_12627.wav,original,26,WolfHowl,25,WolfHowl,WolfHowl,WolfHowl,WolfHowl,0.95320606,True,WolfHowl,hard_majority,True,False
26_12630.wav,pitch_up_2,26,WolfHowl,25,WolfHowl,WolfHowl,WolfHowl,WolfHowl,0.94472456,True,WolfHowl,hard_majority,True,False
26_12631.wav,pitch_up_2,26,WolfHowl,25,WolfHowl,WolfHowl,WolfHowl,WolfHowl,0.95227814,True,WolfHowl,hard_majority,True,False
26_12634.wav,pitch_down_2,26,WolfHowl,25,WolfHowl,WolfHowl,WolfHowl,WolfHowl,0.95363635,True,WolfHowl,hard_majority,True,False
26_12637.wav,pitch_up_2,26,WolfHowl,25,WolfHowl,WolfHowl,WolfHowl,WolfHowl,0.94511205,True,WolfHowl,hard_majority,True,False
26_12640.wav,original,26,WolfHowl,25,WolfHowl,WolfHowl,WolfHowl,WolfHowl,0.95088315,True,WolfHowl,hard_majority,True,False
26_12640.wav,pitch_down_2,26,WolfHowl,25,WolfHowl,WolfHowl,WolfHowl,WolfHowl,0.9432678,True,WolfHowl,hard_majority,True,False
26_12640.wav,pitch_up_2,26,WolfHowl,25,WolfHowl,WolfHowl,WolfHowl,WolfHowl,0.94676113,True,WolfHowl,hard_majority,True,False
26_12642.wav,original,26,WolfHowl,25,WolfHowl,WolfHowl,WolfHowl,WolfHowl,0.9324043,True,WolfHowl,hard_majority,True,False
26_12642.wav,pitch_down_2,26,WolfHowl,25,WolfHowl,WolfHowl,WolfHowl,WolfHowl,0.9502716,True,WolfHowl,hard_majority,True,False
26_12644.wav,original,26,WolfHowl,25,WolfHowl,WolfHowl,WolfHowl,WolfHowl,0.938989,True,WolfHowl,hard_majority,True,False
26_12647.wav,pitch_up_2,26,WolfHowl,25,WolfHowl,WolfHowl,WolfHowl,WolfHowl,0.9572012,True,WolfHowl,hard_majority,True,False
26_12648.wav,pitch_down_2,26,WolfHowl,25,WolfHowl,WolfHowl,WolfHowl,WolfHowl,0.9624936,True,WolfHowl,hard_majority,True,False
26_12648.wav,pitch_up_2,26,WolfHowl,25,WolfHowl,WolfHowl,WolfHowl,WolfHowl,0.9650643,True,WolfHowl,hard_majority,True,False
26_12651.wav,original,26,WolfHowl,25,WolfHowl,WolfHowl,WolfHowl,WolfHowl,0.8053708,True,WolfHowl,hard_majority,True,False
26_12652.wav,pitch_down_2,26,WolfHowl,25,WolfHowl,WolfHowl,WolfHowl,WolfHowl,0.94207746,True,WolfHowl,hard_majority,True,False
26_12653.wav,pitch_down_2,26,WolfHowl,25,WolfHowl,WolfHowl,WolfHowl,WolfHowl,0.9495594,True,WolfHowl,hard_majority,True,False
26_12658.wav,pitch_up_2,26,WolfHowl,25,WolfHowl,WolfHowl,WolfHowl,WolfHowl,0.9391982,True,WolfHowl,hard_majority,True,False
26_12659.wav,original,26,WolfHowl,25,WolfHowl,WolfHowl,WolfHowl,WolfHowl,0.9600973,True,WolfHowl,hard_majority,True,False
26_12660.wav,pitch_up_2,26,WolfHowl,25,WolfHowl,WolfHowl,WolfHowl,WolfHowl,0.9501274,True,WolfHowl,hard_majority,True,False
26_12663.wav,pitch_up_2,26,WolfHowl,25,WolfHowl,WolfHowl,WolfHowl,WolfHowl,0.9467284,True,WolfHowl,hard_majority,True,False
26_12664.wav,pitch_down_2,26,WolfHowl,25,WolfHowl,WolfHowl,WolfHowl,WolfHowl,0.9523117,True,WolfHowl,hard_majority,True,False
26_12666.wav,pitch_down_2,26,WolfHowl,25,WolfHowl,WolfHowl,WolfHowl,WolfHowl,0.95940447,True,WolfHowl,hard_majority,True,False
26_12669.wav,original,26,WolfHowl,25,WolfHowl,WolfHowl,WolfHowl,WolfHowl,0.9584586,True,WolfHowl,hard_majority,True,False
26_12671.wav,pitch_down_2,26,WolfHowl,25,WolfHowl,WolfHowl,WolfHowl,WolfHowl,0.93506336,True,WolfHowl,hard_majority,True,False
26_12671.wav,pitch_up_2,26,WolfHowl,25,WolfHowl,WolfHowl,WolfHowl,WolfHowl,0.94060993,True,WolfHowl,hard_majority,True,False
26_12672.wav,original,26,WolfHowl,25,WolfHowl,WolfHowl,WolfHowl,WolfHowl,0.95954186,True,WolfHowl,hard_majority,True,False
26_12673.wav,pitch_down_2,26,WolfHowl,25,WolfHowl,WolfHowl,WolfHowl,WolfHowl,0.94150215,True,WolfHowl,hard_majority,True,False
27_12702.wav,pitch_down_2,27,Squirrel,26,Squirrel,Squirrel,Squirrel,Squirrel,0.9679646,True,Squirrel,hard_majority,True,False
27_12705.wav,pitch_up_2,27,Squirrel,26,Squirrel,Squirrel,Squirrel,Squirrel,0.9280905,True,Squirrel,hard_majority,True,False
27_12706.wav,pitch_up_2,27,Squirrel,26,Squirrel,Squirrel,Squirrel,Squirrel,0.9754715,True,Squirrel,hard_majority,True,False
27_12708.wav,original,27,Squirrel,26,Squirrel,Squirrel,Squirrel,Squirrel,0.9706809,True,Squirrel,hard_majority,True,False
27_12711.wav,pitch_down_2,27,Squirrel,26,Squirrel,Squirrel,Squirrel,Squirrel,0.9502158,True,Squirrel,hard_majority,True,False
27_12712.wav,pitch_up_2,27,Squirrel,26,Squirrel,Squirrel,Squirrel,Squirrel,0.9175198,True,Squirrel,hard_majority,True,False
27_12713.wav,pitch_down_2,27,Squirrel,26,Squirrel,Squirrel,Squirrel,Squirrel,0.9362464,True,Squirrel,hard_majority,True,False
27_12715.wav,pitch_down_2,27,Squirrel,26,Squirrel,Squirrel,Squirrel,Squirrel,0.65574104,True,Squirrel,hard_majority,True,False
27_12716.wav,original,27,Squirrel,26,Squirrel,Squirrel,Squirrel,Squirrel,0.91658753,True,Squirrel,hard_majority,True,False
27_12718.wav,pitch_up_2,27,Squirrel,26,Squirrel,Squirrel,Squirrel,Squirrel,0.9592869,True,Squirrel,hard_majority,True,False
27_12721.wav,original,27,Squirrel,26,Squirrel,Squirrel,Squirrel,Squirrel,0.9488041,True,Squirrel,hard_majority,True,False
27_12727.wav,pitch_down_2,27,Squirrel,26,WingFlaping,WingFlaping,WingFlaping,WingFlaping,0.5488613,False,WingFlaping,hard_majority,False,False
27_12727.wav,pitch_up_2,27,Squirrel,26,WingFlaping,Silence,WingFlaping,Silence,0.20840895,False,WingFlaping,hard_majority,False,True
27_12729.wav,pitch_up_2,27,Squirrel,26,Squirrel,Squirrel,Squirrel,Squirrel,0.91881496,True,Squirrel,hard_majority,True,False
27_12732.wav,pitch_up_2,27,Squirrel,26,Squirrel,Squirrel,Squirrel,Squirrel,0.9503625,True,Squirrel,hard_majority,True,False
27_12733.wav,pitch_down_2,27,Squirrel,26,Squirrel,Squirrel,Squirrel,Squirrel,0.95556825,True,Squirrel,hard_majority,True,False
27_12734.wav,original,27,Squirrel,26,Squirrel,Squirrel,Squirrel,Squirrel,0.948981,True,Squirrel,hard_majority,True,False
27_12735.wav,pitch_down_2,27,Squirrel,26,Squirrel,Squirrel,Squirrel,Squirrel,0.8170275,True,Squirrel,hard_majority,True,False
27_12737.wav,original,27,Squirrel,26,Squirrel,Squirrel,Squirrel,Squirrel,0.674445,True,Squirrel,hard_majority,True,False
27_12741.wav,pitch_up_2,27,Squirrel,26,Squirrel,Squirrel,Squirrel,Squirrel,0.9479596,True,Squirrel,hard_majority,True,False
27_12743.wav,original,27,Squirrel,26,Squirrel,Squirrel,Squirrel,Squirrel,0.9668662,True,Squirrel,hard_majority,True,False
27_12747.wav,pitch_down_2,27,Squirrel,26,Squirrel,Squirrel,Squirrel,Squirrel,0.71986693,True,Squirrel,hard_majority,True,False
27_12748.wav,original,27,Squirrel,26,Squirrel,Squirrel,Squirrel,Squirrel,0.90475464,True,Squirrel,hard_majority,True,False
27_12748.wav,pitch_up_2,27,Squirrel,26,Squirrel,Squirrel,Squirrel,Squirrel,0.69089395,True,Squirrel,hard_majority,True,False
27_12749.wav,original,27,Squirrel,26,Squirrel,Squirrel,Squirrel,Squirrel,0.9267127,True,Squirrel,hard_majority,True,False
27_12750.wav,original,27,Squirrel,26,Squirrel,Squirrel,Squirrel,Squirrel,0.5133812,True,Squirrel,hard_majority,True,False
27_12750.wav,pitch_down_2,27,Squirrel,26,Squirrel,Squirrel,Squirrel,Squirrel,0.8606038,True,Squirrel,hard_majority,True,False
27_12751.wav,original,27,Squirrel,26,Squirrel,Squirrel,Wind,Squirrel,0.5140574,True,Squirrel,hard_majority,True,False
27_12754.wav,pitch_down_2,27,Squirrel,26,Squirrel,Squirrel,Squirrel,Squirrel,0.9379814,True,Squirrel,hard_majority,True,False
27_12755.wav,pitch_down_2,27,Squirrel,26,Squirrel,Squirrel,Squirrel,Squirrel,0.9351354,True,Squirrel,hard_majority,True,False
27_12757.wav,original,27,Squirrel,26,Squirrel,Squirrel,Squirrel,Squirrel,0.9558837,True,Squirrel,hard_majority,True,False
27_12758.wav,pitch_down_2,27,Squirrel,26,Squirrel,Squirrel,Squirrel,Squirrel,0.95730734,True,Squirrel,hard_majority,True,False
27_12762.wav,original,27,Squirrel,26,Squirrel,Squirrel,Squirrel,Squirrel,0.8124621,True,Squirrel,hard_majority,True,False
27_12763.wav,original,27,Squirrel,26,Insect,Insect,Insect,Insect,0.96557856,False,Insect,hard_majority,False,False
27_12763.wav,pitch_down_2,27,Squirrel,26,Insect,Insect,Insect,Insect,0.91063565,False,Insect,hard_majority,False,False
27_12763.wav,pitch_up_2,27,Squirrel,26,Insect,Insect,Insect,Insect,0.829804,False,Insect,hard_majority,False,False
27_12765.wav,pitch_up_2,27,Squirrel,26,Squirrel,Squirrel,Squirrel,Squirrel,0.5851379,True,Squirrel,hard_majority,True,False
27_12766.wav,original,27,Squirrel,26,Squirrel,Squirrel,Squirrel,Squirrel,0.9752102,True,Squirrel,hard_majority,True,False
27_12766.wav,pitch_down_2,27,Squirrel,26,Squirrel,Squirrel,Squirrel,Squirrel,0.92005014,True,Squirrel,hard_majority,True,False
27_12766.wav,pitch_up_2,27,Squirrel,26,Squirrel,Squirrel,Squirrel,Squirrel,0.9733785,True,Squirrel,hard_majority,True,False
27_12768.wav,pitch_down_2,27,Squirrel,26,Squirrel,Squirrel,Squirrel,Squirrel,0.8972604,True,Squirrel,hard_majority,True,False
27_12769.wav,original,27,Squirrel,26,Squirrel,Squirrel,Squirrel,Squirrel,0.57468987,True,Squirrel,hard_majority,True,False
27_12769.wav,pitch_down_2,27,Squirrel,26,Squirrel,Squirrel,Squirrel,Squirrel,0.78530335,True,Squirrel,hard_majority,True,False
27_12774.wav,pitch_up_2,27,Squirrel,26,Squirrel,Squirrel,Squirrel,Squirrel,0.92579025,True,Squirrel,hard_majority,True,False
27_12775.wav,original,27,Squirrel,26,Squirrel,Squirrel,Squirrel,Squirrel,0.954676,True,Squirrel,hard_majority,True,False
