Original ID,Original Dataset File Name,Variant,Class ID,Class Name,source_variants_in_manifest,source_seen_in_training_partition,row_ensemble_prediction,source_consistent_prediction,prediction_changed,source_consistent_correct,probability_fire,probability_rain,probability_thunderstorm,probability_waterdrops,probability_wind,probability_silence,probability_treefalling,probability_helicopter,probability_vehicleengine,probability_axe,probability_chainsaw,probability_generator,probability_handsaw,probability_firework,probability_gunshot,probability_woodchop,probability_whistling,probability_speaking,probability_footsteps,probability_clapping,probability_insect,probability_frog,probability_birdchirping,probability_wingflaping,probability_lion,probability_wolfhowl,probability_squirrel
1_10101,1_10101.wav,pitch_down_2,1,Fire,3,True,Fire,Fire,False,True,0.94294685,0.0018328611,0.0028300376,0.0011568121,0.0019254665,0.0022379973,0.0051473393,0.0026707991,0.0024762042,0.0019119126,0.0017372497,0.0016734042,0.0017730593,0.0022339458,0.0023732504,0.0031522529,0.0021807272,0.0024459965,0.0005779792,0.0015568122,0.0014355808,0.0019946857,0.0018875035,0.0042580613,0.0015826066,0.002356944,0.0016437069
1_10105,1_10105.wav,pitch_up_2,1,Fire,3,True,Fire,Fire,False,True,0.95871276,0.0021126454,0.0012675845,0.00085433736,0.0019640874,0.0010577027,0.0024219744,0.0024726673,0.0018765833,0.0017969781,0.0013864794,0.0014989873,0.0013616917,0.0013530602,0.0013013751,0.0014736789,0.0015672254,0.0017966311,0.0012382517,0.0012167123,0.0012306701,0.0011844944,0.001308029,0.0027929128,0.0015577464,0.0015735197,0.0016212586
1_10107,1_10107.wav,pitch_up_2,1,Fire,3,True,Fire,Fire,False,True,0.95199627,0.004928991,0.0046222676,0.0013688202,0.0013794453,0.001522923,0.0017083484,0.0014244035,0.0015181137,0.0021158298,0.0017681393,0.001161893,0.0014933647,0.0013528736,0.0015975327,0.0015176536,0.0017310804,0.0023657687,0.0007705738,0.0026458467,0.0016066219,0.0010205349,0.0014891074,0.0014009522,0.0017187769,0.002259053,0.0015148179
1_10108,1_10108.wav,original,1,Fire,3,True,Fire,Fire,False,True,0.9493046,0.0014861649,0.0015998207,0.001270966,0.0014799313,0.0018368248,0.0015851936,0.0017438087,0.0024998635,0.002035587,0.002220638,0.0011757868,0.0019564747,0.0026225776,0.0016033865,0.0016340762,0.0017546968,0.003207215,0.0019870298,0.0013918899,0.0011904498,0.0012931788,0.0017846366,0.0053768046,0.0016123187,0.002192957,0.0021531705
1_10113,1_10113.wav,pitch_down_2,1,Fire,3,True,Fire,Fire,False,True,0.9619072,0.001356659,0.0011067688,0.001182062,0.0013614199,0.0016188385,0.001824659,0.0018921834,0.0018826221,0.001701905,0.0020716349,0.002213252,0.000899313,0.0019587984,0.0008805055,0.0012328991,0.00159988,0.0012765838,0.00067227194,0.0012643273,0.0014651882,0.0013605985,0.0015298049,0.0013724336,0.0015902271,0.0015517817,0.001226204
1_10117,1_10117.wav,original,1,Fire,3,True,Fire,Fire,False,True,0.96187836,0.0010042033,0.0011428309,0.0016130133,0.001106015,0.0016551433,0.0012423679,0.001827502,0.0013546882,0.001155302,0.0023074346,0.0023914522,0.00094165653,0.0015266883,0.0011667892,0.0018566692,0.0018573216,0.0017840625,0.001060981,0.0025657413,0.0016172858,0.0007847142,0.0012716068,0.00078359176,0.0013191121,0.0014896011,0.0012958281
1_10117,1_10117.wav,pitch_up_2,1,Fire,3,True,Fire,Fire,False,True,0.96187836,0.0010042033,0.0011428309,0.0016130133,0.001106015,0.0016551433,0.0012423679,0.001827502,0.0013546882,0.001155302,0.0023074346,0.0023914522,0.00094165653,0.0015266883,0.0011667892,0.0018566692,0.0018573216,0.0017840625,0.001060981,0.0025657413,0.0016172858,0.0007847142,0.0012716068,0.00078359176,0.0013191121,0.0014896011,0.0012958281
1_10118,1_10118.wav,pitch_down_2,1,Fire,3,True,Fire,Fire,False,True,0.9552464,0.0011026436,0.0012197386,0.0017898153,0.0012892246,0.0022672387,0.0019720579,0.002044616,0.0019714125,0.0016800449,0.002258702,0.0018054001,0.0008050788,0.0021225093,0.0010934494,0.0008437941,0.0018302404,0.0019001862,0.00392345,0.0028725185,0.001831316,0.0014096773,0.0015460994,0.0008221478,0.0014231578,0.0018730384,0.0010560444
1_10119,1_10119.wav,original,1,Fire,3,True,Fire,Fire,False,True,0.9508353,0.0012083974,0.0017892601,0.0023326844,0.0014457997,0.001713289,0.003259762,0.0016498218,0.0021588441,0.0022919662,0.0016729906,0.0029172988,0.0010676158,0.0018556846,0.0010919403,0.0015033555,0.002761138,0.0020080453,0.00126981,0.00459083,0.0020712563,0.0012401916,0.0012453642,0.00069359853,0.0018851516,0.0017867804,0.0016538549
1_10120,1_10120.wav,original,1,Fire,3,True,Fire,Fire,False,True,0.93859917,0.001591585,0.0019136738,0.0019388598,0.0022181275,0.005218523,0.0021572674,0.0038249788,0.002807989,0.0024031766,0.0025442468,0.0030229192,0.00085913413,0.0029454548,0.0015689494,0.0012651632,0.0027908627,0.0023191045,0.00446122,0.0030298345,0.002067839,0.0017054655,0.0015619531,0.0011449669,0.0020346732,0.0023459615,0.0016588792
1_10120,1_10120.wav,pitch_down_2,1,Fire,3,True,Fire,Fire,False,True,0.93859917,0.001591585,0.0019136738,0.0019388598,0.0022181275,0.005218523,0.0021572674,0.0038249788,0.002807989,0.0024031766,0.0025442468,0.0030229192,0.00085913413,0.0029454548,0.0015689494,0.0012651632,0.0027908627,0.0023191045,0.00446122,0.0030298345,0.002067839,0.0017054655,0.0015619531,0.0011449669,0.0020346732,0.0023459615,0.0016588792
1_10122,1_10122.wav,original,1,Fire,3,True,Fire,Fire,False,True,0.95091146,0.001608667,0.001879991,0.0024512913,0.0021558772,0.0017169,0.002165674,0.0019721184,0.0014730039,0.0029003946,0.0022308377,0.0015671775,0.0012910789,0.0025684962,0.0012841107,0.0017605106,0.001619665,0.0018490233,0.001949233,0.0016047206,0.0022389283,0.0015304182,0.0018249154,0.001414021,0.001876487,0.0017495301,0.0024055068
1_10124,1_10124.wav,pitch_up_2,1,Fire,3,True,Fire,Fire,False,True,0.953942,0.0027895833,0.0018569017,0.0019124225,0.0025919827,0.0013297591,0.0016271854,0.0020696875,0.0017097817,0.0027243067,0.0020071976,0.0015192743,0.0010190681,0.0020272064,0.0014255284,0.001520133,0.0013833354,0.002191465,0.0004319821,0.0012736324,0.0018760916,0.0016327956,0.0019809536,0.0018183306,0.0019540375,0.0015019417,0.0018834873
1_10125,1_10125.wav,pitch_up_2,1,Fire,3,True,Fire,Fire,False,True,0.9384764,0.0029411034,0.0019625786,0.0029604186,0.0022337933,0.0021337895,0.0014526529,0.0022178025,0.0027434882,0.0026918643,0.0023789296,0.0022164716,0.0014640492,0.0030607258,0.001469166,0.0015525734,0.00211561,0.0021629937,0.006757816,0.0021210571,0.001728355,0.002003908,0.0025750932,0.0013278248,0.0028560285,0.0021880148,0.002207503
1_10130,1_10130.wav,original,1,Fire,3,True,Fire,Fire,False,True,0.95415777,0.0035182126,0.0017174981,0.0030435286,0.001698542,0.0012846641,0.0012624194,0.00174483,0.001996323,0.001769666,0.0022238502,0.0019391757,0.001031198,0.0016588713,0.0016097083,0.0013339026,0.0016015157,0.0019848328,0.00073563243,0.0017443377,0.0014374828,0.0017021977,0.001973667,0.0020039056,0.001922878,0.0016874679,0.0012159164
1_10130,1_10130.wav,pitch_down_2,1,Fire,3,True,Fire,Fire,False,True,0.95415777,0.0035182126,0.0017174981,0.0030435286,0.001698542,0.0012846641,0.0012624194,0.00174483,0.001996323,0.001769666,0.0022238502,0.0019391757,0.001031198,0.0016588713,0.0016097083,0.0013339026,0.0016015157,0.0019848328,0.00073563243,0.0017443377,0.0014374828,0.0017021977,0.001973667,0.0020039056,0.001922878,0.0016874679,0.0012159164
1_10131,1_10131.wav,pitch_up_2,1,Fire,3,True,Fire,Fire,False,True,0.95549273,0.001209165,0.0020863425,0.0020155895,0.0012860912,0.0012446641,0.0011319448,0.0018119384,0.0021124398,0.0021563044,0.0019091718,0.002469517,0.0014409033,0.001296901,0.0016045017,0.0010873021,0.0019821506,0.0011662928,0.0014503895,0.0039422126,0.0019724246,0.0015358004,0.0012940157,0.001528798,0.0020431806,0.0017091642,0.0010200768
1_10134,1_10134.wav,original,1,Fire,3,True,Fire,Fire,False,True,0.94571185,0.0015461775,0.0017691505,0.007731771,0.00213687,0.0016077623,0.00084877247,0.00245311,0.0015916807,0.0026446863,0.002286086,0.0023705272,0.0009234703,0.0015719505,0.0015231543,0.0010747846,0.002324215,0.0017296687,0.0010405148,0.0021122014,0.0026280228,0.0016862978,0.0018428178,0.0036966566,0.001977002,0.0020128342,0.0011579968
1_10135,1_10135.wav,original,1,Fire,3,True,Fire,Fire,False,True,0.9634738,0.0011439172,0.001941824,0.003552636,0.0013373239,0.0011587489,0.0013009333,0.0012321427,0.0013410273,0.0023516892,0.0013903632,0.0012619531,0.0006247585,0.0011344966,0.0015650972,0.0017111241,0.0013219343,0.0008033826,0.0006830301,0.0020926166,0.0014440804,0.0010895928,0.0010983219,0.00143182,0.0015026489,0.0010856753,0.0009250639
1_10135,1_10135.wav,pitch_down_2,1,Fire,3,True,Fire,Fire,False,True,0.9634738,0.0011439172,0.001941824,0.003552636,0.0013373239,0.0011587489,0.0013009333,0.0012321427,0.0013410273,0.0023516892,0.0013903632,0.0012619531,0.0006247585,0.0011344966,0.0015650972,0.0017111241,0.0013219343,0.0008033826,0.0006830301,0.0020926166,0.0014440804,0.0010895928,0.0010983219,0.00143182,0.0015026489,0.0010856753,0.0009250639
1_10136,1_10136.wav,pitch_down_2,1,Fire,3,True,Fire,Fire,False,True,0.92941684,0.0033374254,0.00199781,0.0011254429,0.0022012505,0.0047735833,0.0022154187,0.0025693679,0.002896512,0.0026999481,0.0025381602,0.0021805996,0.0016439897,0.0020941647,0.0022869615,0.0019244436,0.0026822211,0.0023860054,0.004002286,0.002947522,0.0025415383,0.0031678535,0.0015155206,0.00850636,0.0022498604,0.0022003942,0.0018986448
1_10136,1_10136.wav,pitch_up_2,1,Fire,3,True,Fire,Fire,False,True,0.92941684,0.0033374254,0.00199781,0.0011254429,0.0022012505,0.0047735833,0.0022154187,0.0025693679,0.002896512,0.0026999481,0.0025381602,0.0021805996,0.0016439897,0.0020941647,0.0022869615,0.0019244436,0.0026822211,0.0023860054,0.004002286,0.002947522,0.0025415383,0.0031678535,0.0015155206,0.00850636,0.0022498604,0.0022003942,0.0018986448
1_10139,1_10139.wav,pitch_up_2,1,Fire,3,True,Fire,Fire,False,True,0.95145994,0.002780834,0.0016931774,0.0018576231,0.0021823896,0.0037453782,0.002766271,0.0013987181,0.0017635898,0.001554992,0.0017542656,0.0015348801,0.0014530508,0.0013733871,0.0028486594,0.0010778881,0.002383913,0.0011074254,0.0032044246,0.0015813721,0.0014853096,0.0013551075,0.0013509622,0.0008828367,0.0021239792,0.0022265378,0.0010530628
1_10141,1_10141.wav,pitch_down_2,1,Fire,3,True,Fire,Fire,False,True,0.94737905,0.0020594744,0.0012210449,0.0026668608,0.0019486592,0.0046061515,0.0021565259,0.0017368746,0.001885926,0.0019897686,0.0017942825,0.0017085955,0.0012755267,0.0016615721,0.0025951604,0.001252304,0.0024656644,0.0012883,0.0030282533,0.002078471,0.0019248043,0.0021261387,0.001218285,0.0023435855,0.0016969779,0.0024388556,0.0014529157
1_10144,1_10144.wav,original,1,Fire,3,True,Fire,Fire,False,True,0.9459722,0.0037225485,0.001536752,0.0011374921,0.0015010457,0.0039999615,0.002074265,0.0017995798,0.0019367231,0.0027312478,0.002622815,0.0012460471,0.001127092,0.0017779461,0.001344466,0.0011120044,0.0025529729,0.0013991436,0.0014899857,0.0021112717,0.0017118448,0.0018607816,0.001464733,0.005951918,0.001657602,0.0019269657,0.0022305627
1_10144,1_10144.wav,pitch_down_2,1,Fire,3,True,Fire,Fire,False,True,0.9459722,0.0037225485,0.001536752,0.0011374921,0.0015010457,0.0039999615,0.002074265,0.0017995798,0.0019367231,0.0027312478,0.002622815,0.0012460471,0.001127092,0.0017779461,0.001344466,0.0011120044,0.0025529729,0.0013991436,0.0014899857,0.0021112717,0.0017118448,0.0018607816,0.001464733,0.005951918,0.001657602,0.0019269657,0.0022305627
1_10150,1_10150.wav,pitch_up_2,1,Fire,3,True,Fire,Fire,False,True,0.9230819,0.002871966,0.0024648556,0.0028857777,0.0023020029,0.0025768892,0.001922984,0.0026075214,0.0026726404,0.0012850742,0.0016298963,0.0016150676,0.006431068,0.0013097619,0.0020837404,0.0019876044,0.0023990124,0.0020975189,0.01618222,0.0020748319,0.0033706103,0.0016960843,0.002995141,0.0035927494,0.0021553442,0.0018337704,0.0018740311
1_10151,1_10151.wav,pitch_down_2,1,Fire,3,True,Fire,Fire,False,True,0.9601328,0.0017514926,0.0014518881,0.0015488797,0.0012562211,0.0016853316,0.00070540624,0.0014383286,0.0013284093,0.0011518531,0.0019841974,0.0008476361,0.0016352249,0.0009528619,0.001528068,0.001309831,0.0015157725,0.0012344425,0.0037202507,0.001342162,0.0014513697,0.0012058173,0.0015608884,0.0035119343,0.001388832,0.0011644933,0.0011957163
1_10153,1_10153.wav,pitch_down_2,1,Fire,3,True,Fire,Fire,False,True,0.9549474,0.0024707357,0.0014538928,0.0018453352,0.0012887345,0.0015871535,0.0011419127,0.0024319093,0.0015750945,0.0012674663,0.0018374264,0.0012306799,0.0021006344,0.0011513754,0.0014107308,0.0019242713,0.001674773,0.0013051016,0.0019481095,0.0016100956,0.0015209047,0.0016190425,0.0018901735,0.0047569736,0.0012891876,0.0013434066,0.0013774898
1_10154,1_10154.wav,pitch_down_2,1,Fire,3,True,Fire,Fire,False,True,0.9441833,0.003275003,0.0021094633,0.0026581325,0.0017501903,0.0021340356,0.0010412007,0.0024379052,0.0020053547,0.0014587627,0.0027800482,0.0011195913,0.003056547,0.001721226,0.0019167823,0.0017707864,0.00222926,0.0017832556,0.0019946762,0.001713085,0.0012283958,0.0019105393,0.0025507873,0.0056994366,0.0016381725,0.0020556024,0.0017784894
1_10157,1_10157.wav,pitch_down_2,1,Fire,3,True,Fire,Fire,False,True,0.9508064,0.0035163958,0.0011398107,0.0015778452,0.0013275599,0.0018830613,0.0015770462,0.002377375,0.0020182978,0.001472965,0.0025205028,0.0015238769,0.0028400023,0.0009332641,0.0027487476,0.0010884093,0.002080231,0.00208067,0.0016469978,0.0018146186,0.00222071,0.0022232851,0.0019472603,0.0021918726,0.0017837081,0.0015875571,0.0010714771
1_10159,1_10159.wav,original,1,Fire,3,True,Fire,Fire,False,True,0.95141536,0.0016100797,0.0014026634,0.0016806828,0.001754085,0.0027117159,0.0016054626,0.002918843,0.0025873745,0.0024990772,0.0021345634,0.0016794679,0.0022548237,0.00093395583,0.0030479378,0.0012906307,0.0022995693,0.0020168554,0.001554762,0.0016061846,0.0014797967,0.0012254369,0.0016382951,0.0020449695,0.0016932316,0.0017370136,0.0011771811
1_10160,1_10160.wav,pitch_up_2,1,Fire,3,True,Fire,Fire,False,True,0.9299536,0.0109253265,0.0016347669,0.006780432,0.0034991289,0.002146336,0.0017146311,0.0024263659,0.0031432407,0.002105692,0.002544721,0.0015926963,0.0026244652,0.0013911634,0.0031794382,0.0020093645,0.0027725075,0.001857122,0.0013182465,0.001966007,0.0023963645,0.0018567126,0.0020787993,0.002140772,0.002594212,0.0020158992,0.0013320338
1_10162,1_10162.wav,pitch_up_2,1,Fire,3,True,Fire,Fire,False,True,0.9413673,0.0010797051,0.0018184854,0.0020025026,0.0015806397,0.002567069,0.0027968388,0.0016286491,0.0023574345,0.0017370522,0.0028940598,0.0013654943,0.0062440746,0.0011667478,0.003429082,0.0035013112,0.0021495596,0.002279872,0.004269105,0.0011527202,0.0012709335,0.001208386,0.0026610978,0.0012719386,0.0026325618,0.001964497,0.0016028811
1_10163,1_10163.wav,pitch_down_2,1,Fire,3,True,Fire,Fire,False,True,0.9343662,0.004991414,0.0024701536,0.0016695047,0.0011826315,0.002601777,0.0008030923,0.0025998608,0.0016616053,0.0017025223,0.0023165045,0.002301246,0.0035496366,0.0018411848,0.0023838102,0.002589849,0.0017977167,0.0016345866,0.0014832619,0.002516369,0.0028606923,0.0026153773,0.0019053946,0.008996833,0.0020383478,0.0019715463,0.0031488156
1_10163,1_10163.wav,pitch_up_2,1,Fire,3,True,Fire,Fire,False,True,0.9343662,0.004991414,0.0024701536,0.0016695047,0.0011826315,0.002601777,0.0008030923,0.0025998608,0.0016616053,0.0017025223,0.0023165045,0.002301246,0.0035496366,0.0018411848,0.0023838102,0.002589849,0.0017977167,0.0016345866,0.0014832619,0.002516369,0.0028606923,0.0026153773,0.0019053946,0.008996833,0.0020383478,0.0019715463,0.0031488156
1_10164,1_10164.wav,pitch_up_2,1,Fire,3,True,Fire,Fire,False,True,0.95832306,0.0011310674,0.0012160217,0.0009580069,0.0011787025,0.0011578271,0.0009800609,0.0016214807,0.0012180234,0.0018373621,0.002829451,0.0023308336,0.0025036754,0.0014688816,0.0014869672,0.0011270224,0.0013758466,0.0013542678,0.002423272,0.0009577354,0.0014002406,0.0017052583,0.0012977591,0.003271429,0.0013465054,0.0013309472,0.0021682903
1_10166,1_10166.wav,pitch_up_2,1,Fire,3,True,Fire,Fire,False,True,0.9234423,0.001537675,0.0024610525,0.0058278237,0.0018821402,0.0037479887,0.0029925958,0.0021553056,0.0022007797,0.0085920375,0.0025273392,0.0032341154,0.0011161269,0.0018884627,0.002179396,0.004821904,0.0031634022,0.0018540937,0.0066907094,0.003610437,0.0023485136,0.0016728733,0.0035253249,0.0006356286,0.0020709855,0.0026541215,0.0011669028
1_10168,1_10168.wav,pitch_down_2,1,Fire,3,True,Fire,Fire,False,True,0.9468911,0.0021996812,0.0017577311,0.0016280565,0.0015247356,0.0014582666,0.004307283,0.0014333535,0.0014571141,0.0021287824,0.0024708684,0.0021154464,0.001661527,0.0014560589,0.0017823419,0.0013862926,0.002037071,0.0020059021,0.0013735145,0.0042280443,0.0017276831,0.0016368978,0.002335999,0.0022118285,0.0016820297,0.0022334338,0.0028689299
1_10169,1_10169.wav,pitch_up_2,1,Fire,3,True,Fire,Fire,False,True,0.89248776,0.0055236034,0.0033586428,0.0017929049,0.0019664855,0.002687787,0.0036676729,0.0018568673,0.0045780414,0.002490366,0.018153597,0.005584966,0.009586122,0.0058461777,0.0047867387,0.0019454492,0.002942605,0.0033580214,0.002680491,0.0034399806,0.0023734418,0.0027078104,0.0030033207,0.0028234024,0.0025871794,0.0042161695,0.0035544143
1_10171,1_10171.wav,original,1,Fire,3,True,Fire,Fire,False,True,0.8732777,0.003684642,0.0034896957,0.012148629,0.003790048,0.006872222,0.0019175821,0.0052443743,0.0034625127,0.0062150317,0.00244452,0.0031705897,0.0031760167,0.0046009296,0.0052245692,0.0040977336,0.0028379622,0.0028934379,0.0051285266,0.0035710689,0.018891362,0.0032828914,0.0033612482,0.006962832,0.0032071648,0.0038116726,0.003235007
1_10171,1_10171.wav,pitch_down_2,1,Fire,3,True,Fire,Fire,False,True,0.8732777,0.003684642,0.0034896957,0.012148629,0.003790048,0.006872222,0.0019175821,0.0052443743,0.0034625127,0.0062150317,0.00244452,0.0031705897,0.0031760167,0.0046009296,0.0052245692,0.0040977336,0.0028379622,0.0028934379,0.0051285266,0.0035710689,0.018891362,0.0032828914,0.0033612482,0.006962832,0.0032071648,0.0038116726,0.003235007
1_10173,1_10173.wav,pitch_down_2,1,Fire,3,True,Fire,Fire,False,True,0.95379835,0.00071862905,0.0014847199,0.0024682493,0.0018957318,0.0010089151,0.002860684,0.0019158657,0.0014613898,0.0015391981,0.0017020762,0.0020913684,0.0012438269,0.0016081649,0.0013490153,0.0011463715,0.0015709819,0.0014329009,0.0025252055,0.00187399,0.001340615,0.0015112568,0.0026426448,0.0033072869,0.0015878895,0.0013954554,0.0025192192
1_10174,1_10174.wav,pitch_up_2,1,Fire,3,True,Fire,Fire,False,True,0.89733225,0.0011942937,0.0039884048,0.0013613235,0.0030510724,0.003772828,0.00947122,0.0031468812,0.0029218628,0.0026274377,0.0023804428,0.0034135531,0.002961671,0.008332309,0.00205832,0.0038321659,0.0032602362,0.0038237304,0.015498801,0.0012733544,0.003798152,0.002584312,0.0029544316,0.0061732554,0.0021976961,0.0024060567,0.0041839606
1_10175,1_10175.wav,pitch_up_2,1,Fire,3,True,Fire,Fire,False,True,0.9073153,0.0016615646,0.002593365,0.0018530748,0.0029145144,0.0027785841,0.0044404897,0.0022966636,0.0019429211,0.019077273,0.0016150055,0.0027425487,0.0015118018,0.0029157929,0.0019472236,0.0047470946,0.0033635106,0.0024802622,0.0076121874,0.004197345,0.0029079926,0.0022189473,0.004342985,0.0024459728,0.0019110205,0.0027490426,0.0034175199
2_10201,2_10201.wav,pitch_down_2,2,Rain,3,True,Rain,Rain,False,True,0.0004454944,0.95634776,0.0020520508,0.001831764,0.0026179207,0.0004055379,0.000899934,0.0020110165,0.0011984856,0.0018880834,0.0016010203,0.001324495,0.003085097,0.0015896801,0.0015209013,0.0013159168,0.0015058842,0.0011110683,0.0010828277,0.0021733723,0.00294556,0.0019326113,0.0035697331,0.0007373846,0.0022773799,0.0018623712,0.0006665788
2_10201,2_10201.wav,pitch_up_2,2,Rain,3,True,Rain,Rain,False,True,0.0004454944,0.95634776,0.0020520508,0.001831764,0.0026179207,0.0004055379,0.000899934,0.0020110165,0.0011984856,0.0018880834,0.0016010203,0.001324495,0.003085097,0.0015896801,0.0015209013,0.0013159168,0.0015058842,0.0011110683,0.0010828277,0.0021733723,0.00294556,0.0019326113,0.0035697331,0.0007373846,0.0022773799,0.0018623712,0.0006665788
2_10203,2_10203.wav,original,2,Rain,3,True,Rain,Rain,False,True,0.0008750658,0.9596098,0.0006249719,0.0017015431,0.0043075047,0.0004930339,0.0007954072,0.0014409376,0.0015392872,0.0015042461,0.0027818847,0.0021000204,0.0013677602,0.0017398294,0.0016916627,0.0020552112,0.0016781306,0.0015563895,0.0014243767,0.0012540026,0.0011721029,0.001441952,0.0016733307,0.001051545,0.0014428193,0.0013343034,0.0013429582
2_10203,2_10203.wav,pitch_up_2,2,Rain,3,True,Rain,Rain,False,True,0.0008750658,0.9596098,0.0006249719,0.0017015431,0.0043075047,0.0004930339,0.0007954072,0.0014409376,0.0015392872,0.0015042461,0.0027818847,0.0021000204,0.0013677602,0.0017398294,0.0016916627,0.0020552112,0.0016781306,0.0015563895,0.0014243767,0.0012540026,0.0011721029,0.001441952,0.0016733307,0.001051545,0.0014428193,0.0013343034,0.0013429582
2_10204,2_10204.wav,pitch_down_2,2,Rain,3,True,Rain,Rain,False,True,0.0005121845,0.9495942,0.001151708,0.0016844971,0.0062675537,0.00063770474,0.0009508074,0.0016214196,0.0020843593,0.0024586655,0.0017591678,0.0018892213,0.0023587926,0.002193794,0.0017229943,0.0025031818,0.0018917928,0.0013720738,0.0017751012,0.0022681972,0.0022284463,0.0017185699,0.0019795287,0.0021881224,0.0015510427,0.0019769045,0.0016600188
2_10213,2_10213.wav,original,2,Rain,3,True,Rain,Rain,False,True,0.0011344621,0.95212436,0.0015922384,0.00306698,0.005092751,0.0014518205,0.0009769888,0.001864045,0.0011075002,0.0018318951,0.0017865865,0.0018109217,0.0016399417,0.0020169439,0.0017966746,0.0031669084,0.0017645467,0.0015061382,0.0022238402,0.0008973158,0.001383453,0.001963476,0.0013202025,0.0023704804,0.0013532959,0.0017625146,0.0009938321
2_10213,2_10213.wav,pitch_up_2,2,Rain,3,True,Rain,Rain,False,True,0.0011344621,0.95212436,0.0015922384,0.00306698,0.005092751,0.0014518205,0.0009769888,0.001864045,0.0011075002,0.0018318951,0.0017865865,0.0018109217,0.0016399417,0.0020169439,0.0017966746,0.0031669084,0.0017645467,0.0015061382,0.0022238402,0.0008973158,0.001383453,0.001963476,0.0013202025,0.0023704804,0.0013532959,0.0017625146,0.0009938321
2_10214,2_10214.wav,pitch_up_2,2,Rain,3,True,Rain,Rain,False,True,0.0019185393,0.96492726,0.0010237464,0.00362075,0.00117186,0.00092366134,0.0006442638,0.0013969536,0.0011075867,0.001121627,0.00085665256,0.0009426921,0.0016300982,0.0013708543,0.0010070895,0.001353445,0.0016931003,0.00092001905,0.0011558883,0.00091775344,0.0022610882,0.001343111,0.0013699085,0.0016650263,0.0010680364,0.0013267868,0.001262164
2_10216,2_10216.wav,pitch_up_2,2,Rain,3,True,Rain,Rain,False,True,0.009829296,0.85978,0.0049439613,0.0044675465,0.012749843,0.0027025994,0.0026449685,0.0035359722,0.0036933862,0.0024998107,0.003101416,0.0029799144,0.0060195923,0.0040174867,0.002731717,0.00741501,0.0051689413,0.010485164,0.0050961454,0.004078517,0.0028255368,0.0054985043,0.001460949,0.019497579,0.0035917547,0.006035617,0.0031487707
2_10218,2_10218.wav,original,2,Rain,3,True,Rain,Rain,False,True,0.0071990117,0.92139745,0.0022662666,0.005119643,0.0024620364,0.0011811253,0.0024091147,0.0020807872,0.005782897,0.0039528655,0.0056324224,0.0041606226,0.0017707542,0.0029320717,0.002328974,0.003631768,0.0025005846,0.0017093341,0.0014063738,0.0018814487,0.00202477,0.0019107601,0.0044506663,0.00072860514,0.0034715235,0.0021946372,0.0034135107
2_10220,2_10220.wav,pitch_up_2,2,Rain,3,True,Rain,Rain,False,True,0.071664326,0.7447071,0.0040938123,0.032057054,0.012984949,0.0142241195,0.0055319746,0.0045649246,0.014334685,0.0016040304,0.0028078,0.0030642084,0.008449757,0.0050509586,0.0043674377,0.0124482885,0.007092999,0.0030549539,0.0065518417,0.0041066906,0.004215089,0.0034293204,0.0043793307,0.0067213797,0.008244905,0.003680436,0.0065677227
2_10228,2_10228.wav,original,2,Rain,3,True,Rain,Rain,False,True,0.0039492515,0.8360836,0.003646802,0.005747651,0.0027665247,0.0064971503,0.00351715,0.006961409,0.008175484,0.0029258805,0.0069404463,0.0035449853,0.004087523,0.006449686,0.0044195135,0.0036203528,0.00523786,0.0067326985,0.006479167,0.038318265,0.003669639,0.0064523513,0.003731027,0.0075934506,0.0048148413,0.005058608,0.0025788012
2_10230,2_10230.wav,pitch_up_2,2,Rain,3,True,Rain,Rain,False,True,0.0037636661,0.84946865,0.004971225,0.0015219726,0.0056448416,0.0025175682,0.0048135608,0.0042633214,0.003238637,0.001649927,0.03636959,0.002303927,0.0031936981,0.0036567466,0.004675588,0.0050847554,0.0036655825,0.002498063,0.0033411626,0.001782238,0.007817006,0.0021182804,0.0015715569,0.032649066,0.0022116255,0.003942623,0.0012651351
2_10231,2_10231.wav,pitch_up_2,2,Rain,3,True,Rain,Rain,False,True,0.0014898623,0.9334438,0.017182095,0.0032058135,0.0019752285,0.005964242,0.0022597895,0.00305626,0.0015932847,0.0015500708,0.003086499,0.0015218122,0.0016134348,0.001192444,0.0019619942,0.0018094722,0.0019849024,0.0010021763,0.0013329239,0.0011127573,0.0022598933,0.0019619802,0.0012467005,0.002005095,0.0016095798,0.0019458286,0.00063205947
2_10232,2_10232.wav,pitch_up_2,2,Rain,3,True,Rain,Rain,False,True,0.0014226591,0.9589551,0.0018126586,0.0017850986,0.0007255165,0.0013821562,0.0016794809,0.0014630522,0.002295007,0.0023936364,0.001712055,0.0018413705,0.0011099051,0.001437772,0.0013122116,0.0022267937,0.0015027298,0.0017201746,0.0023080008,0.0017747702,0.0007881653,0.0017744611,0.0012487527,0.0009081431,0.0017516869,0.0013994011,0.0012692186
2_10233,2_10233.wav,pitch_up_2,2,Rain,3,True,Rain,Rain,False,True,0.0026080727,0.9283378,0.0034784295,0.001603122,0.0011497716,0.0020739886,0.00411276,0.0022304617,0.005771618,0.0032389045,0.0068874103,0.0016875798,0.0010907563,0.0023321083,0.0020403054,0.0031891416,0.0025545228,0.0033905178,0.0031643638,0.0019500206,0.0029215235,0.0027941775,0.0016317395,0.0013075415,0.0022998862,0.0023329684,0.0038204324
2_10235,2_10235.wav,pitch_down_2,2,Rain,3,True,Rain,Rain,False,True,0.0021445907,0.9494402,0.0015412583,0.0021866222,0.00064064213,0.0018096743,0.0017631352,0.0021913457,0.0017709321,0.002284903,0.0020355678,0.0023785757,0.0016339367,0.0011493292,0.0014694367,0.0016902569,0.0014784035,0.0018466595,0.0029704988,0.004479521,0.0011618384,0.0025236786,0.002012587,0.0020167942,0.0021698382,0.0017590845,0.0014507389
2_10238,2_10238.wav,original,2,Rain,3,True,Rain,Rain,False,True,0.13948978,0.6978751,0.0032678957,0.005984131,0.04055326,0.0023559614,0.0040182364,0.009252814,0.0025925469,0.004000162,0.006566543,0.008078977,0.0039815493,0.007063525,0.006060466,0.004589977,0.007325265,0.0043570367,0.0022784348,0.0030131896,0.007945246,0.0045141396,0.003874749,0.005586706,0.006289358,0.0076551232,0.0014298871
2_10238,2_10238.wav,pitch_down_2,2,Rain,3,True,Rain,Rain,False,True,0.13948978,0.6978751,0.0032678957,0.005984131,0.04055326,0.0023559614,0.0040182364,0.009252814,0.0025925469,0.004000162,0.006566543,0.008078977,0.0039815493,0.007063525,0.006060466,0.004589977,0.007325265,0.0043570367,0.0022784348,0.0030131896,0.007945246,0.0045141396,0.003874749,0.005586706,0.006289358,0.0076551232,0.0014298871
2_10243,2_10243.wav,pitch_down_2,2,Rain,3,True,Rain,Rain,False,True,0.001940416,0.96645856,0.00042971526,0.0016266914,0.004005897,0.0016494471,0.0006354105,0.0010444439,0.00048603478,0.0020808286,0.0011705433,0.0013612896,0.0009643669,0.0013218621,0.0013605905,0.0012056589,0.0012717509,0.0007599118,0.0005529343,0.0010018392,0.00060740253,0.0014842156,0.0014571528,0.0020783206,0.001172064,0.0012304125,0.00064220186
2_10243,2_10243.wav,pitch_up_2,2,Rain,3,True,Rain,Rain,False,True,0.001940416,0.96645856,0.00042971526,0.0016266914,0.004005897,0.0016494471,0.0006354105,0.0010444439,0.00048603478,0.0020808286,0.0011705433,0.0013612896,0.0009643669,0.0013218621,0.0013605905,0.0012056589,0.0012717509,0.0007599118,0.0005529343,0.0010018392,0.00060740253,0.0014842156,0.0014571528,0.0020783206,0.001172064,0.0012304125,0.00064220186
2_10244,2_10244.wav,pitch_down_2,2,Rain,3,True,Rain,Rain,False,True,0.0031932297,0.87763333,0.0032241065,0.0057477993,0.02496312,0.012613778,0.003506303,0.0026692932,0.008039152,0.0031763546,0.0059880596,0.0013703438,0.0023269688,0.0026285592,0.0033012684,0.0022377765,0.0042812265,0.0019325021,0.0012125449,0.004588229,0.0021834162,0.003975405,0.0039263894,0.0026190185,0.008679989,0.0028471563,0.0011346047
2_10247,2_10247.wav,pitch_down_2,2,Rain,3,True,Rain,Rain,False,True,0.0015627054,0.893276,0.0021483193,0.0013440172,0.0020205928,0.001322826,0.011933025,0.00268419,0.0025933655,0.0045103547,0.0019785098,0.0013118004,0.008243606,0.007305829,0.003219465,0.0014465237,0.002455096,0.005304765,0.013917182,0.0037048713,0.0024309342,0.0022039686,0.0044373237,0.0059561846,0.004172908,0.0023243353,0.0061913677
2_10248,2_10248.wav,pitch_up_2,2,Rain,3,True,Rain,Rain,False,True,0.0025599936,0.80399245,0.0050876555,0.019160526,0.0013482086,0.0044938126,0.0042896722,0.008569064,0.0047132093,0.005154195,0.0042721764,0.010364738,0.0042776987,0.0041896836,0.0040583797,0.0059042764,0.0039989515,0.002723492,0.004562055,0.005895974,0.008607713,0.0047113243,0.03131103,0.01545884,0.0038392935,0.0062573142,0.020198299
2_10249,2_10249.wav,pitch_up_2,2,Rain,3,True,Rain,Rain,False,True,0.0038561474,0.7938857,0.002844428,0.0014005709,0.0019565702,0.04678589,0.005397433,0.0034594052,0.04607396,0.0027642476,0.003629885,0.0019432384,0.0027569514,0.0034038362,0.00280042,0.006279006,0.0061844536,0.0021506755,0.0025224283,0.0058001545,0.009466012,0.010488979,0.010015307,0.00957716,0.004622759,0.007415943,0.002518406
2_10250,2_10250.wav,original,2,Rain,3,True,Rain,Rain,False,True,0.044670116,0.8715121,0.0018979781,0.0044937427,0.007916798,0.0030396257,0.0031109925,0.0025328742,0.002121385,0.0029940542,0.0026757268,0.0011803167,0.0024394465,0.0040649683,0.0032183612,0.0040034973,0.0044670063,0.0025968142,0.004037002,0.0030572203,0.0028271961,0.003455403,0.0025275936,0.0035080586,0.004199968,0.0034430574,0.0040086494
2_10251,2_10251.wav,original,2,Rain,3,True,Rain,Rain,False,True,0.0011020337,0.9492628,0.0005913464,0.0056655775,0.001865657,0.0016136429,0.00088350923,0.0027587686,0.0012900536,0.003092644,0.00141502,0.0046804124,0.0015979917,0.0015683685,0.0017821235,0.001474963,0.0015835668,0.0015035359,0.0013895906,0.0014217146,0.0020971233,0.002062907,0.0023719694,0.0031771606,0.0014709459,0.0015818836,0.000694721
2_10253,2_10253.wav,pitch_up_2,2,Rain,3,True,Rain,Rain,False,True,0.0017114062,0.8798651,0.004638126,0.020055944,0.007329012,0.0028444498,0.0028216436,0.0058687534,0.0052847783,0.0060551013,0.0040670894,0.004876066,0.0022488162,0.002907045,0.0023389352,0.0030704085,0.0049388763,0.0033075411,0.004553736,0.0019542056,0.0018002518,0.01253192,0.0023045323,0.0050375927,0.0027997803,0.0021796287,0.0026092725
2_10254,2_10254.wav,original,2,Rain,3,True,Rain,Rain,False,True,0.0063176975,0.7723103,0.0021607203,0.0018426874,0.066482514,0.003035147,0.014087667,0.01697733,0.007178267,0.0043734717,0.0034738092,0.014257385,0.003626151,0.0053808694,0.004858121,0.0073426035,0.0057631135,0.003284354,0.0024349827,0.0061901975,0.009543248,0.004538951,0.002687576,0.01329168,0.007874954,0.0063784756,0.0043076733
2_10254,2_10254.wav,pitch_down_2,2,Rain,3,True,Rain,Rain,False,True,0.0063176975,0.7723103,0.0021607203,0.0018426874,0.066482514,0.003035147,0.014087667,0.01697733,0.007178267,0.0043734717,0.0034738092,0.014257385,0.003626151,0.0053808694,0.004858121,0.0073426035,0.0057631135,0.003284354,0.0024349827,0.0061901975,0.009543248,0.004538951,0.002687576,0.01329168,0.007874954,0.0063784756,0.0043076733
2_10255,2_10255.wav,pitch_down_2,2,Rain,3,True,Rain,Rain,False,True,0.0009870427,0.9246842,0.0027665226,0.0036251526,0.004880819,0.001609886,0.005718073,0.002714134,0.0064780847,0.0019901718,0.0028627256,0.0019000298,0.003320107,0.0024027855,0.0023644685,0.0032082356,0.0038797876,0.0025619187,0.0023352853,0.0023094504,0.0019851855,0.003319309,0.003046979,0.0029368552,0.002443154,0.002402276,0.0012673199
2_10256,2_10256.wav,pitch_up_2,2,Rain,3,True,Rain,Rain,False,True,0.0007127251,0.95537704,0.0010134183,0.0031612965,0.0045674494,0.0004600739,0.0008254544,0.0011505991,0.0011601946,0.0023105147,0.0014685132,0.001005886,0.0015380472,0.0018260424,0.0015075458,0.0014255983,0.0013880786,0.0015245411,0.0010944648,0.0021240695,0.005564366,0.0015033762,0.001230991,0.0007513769,0.0019160501,0.0017555784,0.0016367425
2_10260,2_10260.wav,original,2,Rain,3,True,Rain,Rain,False,True,0.008049979,0.7448643,0.00412805,0.005082863,0.0021940237,0.0034004133,0.0016238993,0.0024014465,0.009567453,0.005592802,0.0053999587,0.0060990765,0.02082363,0.005671661,0.013718477,0.002884343,0.0043647485,0.0027855805,0.001514814,0.008584884,0.005898314,0.003948851,0.00718707,0.1082548,0.004385752,0.00589621,0.0056766155
2_10262,2_10262.wav,pitch_down_2,2,Rain,3,True,Rain,Rain,False,True,0.005855679,0.95729166,0.0035384689,0.0015031156,0.00091515435,0.0027934609,0.00085395615,0.0006990337,0.0012363452,0.0012231685,0.0010297609,0.0023835197,0.0015166571,0.0009855003,0.0015228762,0.0019034563,0.0017447168,0.0007721744,0.0011266731,0.0021667446,0.0011069331,0.0015567687,0.0010887024,0.00085492665,0.0013809516,0.0016984813,0.0012510173
2_10263,2_10263.wav,original,2,Rain,3,True,Rain,Rain,False,True,0.0010189478,0.91322833,0.004267597,0.0027614415,0.0029583173,0.00087020005,0.0029200155,0.0021408899,0.0027563286,0.002963076,0.0043487586,0.0036432676,0.008291498,0.003377299,0.0017890092,0.0038801327,0.0028425443,0.003628913,0.0012318181,0.0042604585,0.0061213113,0.0027728674,0.0080444785,0.0009965305,0.0042309193,0.0035046462,0.0011504617
2_10263,2_10263.wav,pitch_up_2,2,Rain,3,True,Rain,Rain,False,True,0.0010189478,0.91322833,0.004267597,0.0027614415,0.0029583173,0.00087020005,0.0029200155,0.0021408899,0.0027563286,0.002963076,0.0043487586,0.0036432676,0.008291498,0.003377299,0.0017890092,0.0038801327,0.0028425443,0.003628913,0.0012318181,0.0042604585,0.0061213113,0.0027728674,0.0080444785,0.0009965305,0.0042309193,0.0035046462,0.0011504617
2_10265,2_10265.wav,pitch_up_2,2,Rain,3,True,Rain,Rain,False,True,0.0036655592,0.8743484,0.01534816,0.001888255,0.003069042,0.001656419,0.0067434437,0.011720304,0.014604035,0.0046940753,0.001953142,0.0026147792,0.006672846,0.001468922,0.004146655,0.0043548644,0.0047915736,0.003805695,0.004594087,0.005723363,0.003367098,0.0030740544,0.004047455,0.0012287722,0.0063110963,0.0019954804,0.0021124603
2_10266,2_10266.wav,pitch_up_2,2,Rain,3,True,Rain,Rain,False,True,0.0013122525,0.943933,0.0020898792,0.008048259,0.0044067497,0.0006236723,0.0011456304,0.001211775,0.0017939247,0.0023185725,0.0011414284,0.0013351754,0.0016556844,0.0016623819,0.0020827574,0.0016750802,0.0016324334,0.001466902,0.0010846843,0.0013131959,0.00542941,0.0016746823,0.0033916172,0.0016117109,0.0022077349,0.002416945,0.0013343877
2_10267,2_10267.wav,original,2,Rain,3,True,Rain,Rain,False,True,0.0008388106,0.9350551,0.0031546028,0.001298379,0.0101975035,0.000976674,0.0016645415,0.0018877605,0.003086349,0.002197413,0.004059415,0.003239453,0.0025866365,0.003172762,0.0019529745,0.0018226154,0.0028593503,0.001439569,0.0022086992,0.002204294,0.0020394537,0.0025069413,0.0033248488,0.0013552014,0.0019025472,0.0019626871,0.0010054277
2_10269,2_10269.wav,original,2,Rain,3,True,Rain,Rain,False,True,0.004588255,0.9139065,0.0016975449,0.0014558533,0.0012768232,0.0015682919,0.0026616685,0.0017311323,0.0016276672,0.003709033,0.0031861125,0.00296149,0.001088224,0.0053872783,0.0026753843,0.0010749471,0.0026146478,0.0019461747,0.0008241639,0.0017418641,0.0018266517,0.0018146745,0.0022785477,0.029508075,0.0020774587,0.0028586786,0.0019128752
2_10270,2_10270.wav,original,2,Rain,3,True,Rain,Rain,False,True,0.0017062392,0.93269295,0.0011861445,0.002724026,0.012125943,0.0010503103,0.001270711,0.002255388,0.0015474294,0.0021666067,0.0015723895,0.0028385234,0.0028669226,0.0031916946,0.0014291889,0.0033678806,0.002303639,0.0019879092,0.0016440913,0.0024855328,0.0031562746,0.0024729746,0.002568609,0.0034414725,0.002324523,0.002196152,0.0014264267
2_10272,2_10272.wav,pitch_up_2,2,Rain,3,True,Rain,Rain,False,True,0.016978113,0.8644766,0.0046223514,0.0020494082,0.0023097426,0.006957865,0.004719597,0.0014656648,0.0026014547,0.006753966,0.0029177237,0.0062741446,0.003115055,0.0022050238,0.0025907184,0.0025491638,0.003173486,0.0065399553,0.0015972038,0.0031428512,0.008774556,0.003488634,0.0036078983,0.0066592717,0.0021623576,0.0034073263,0.024859862
2_10273,2_10273.wav,pitch_down_2,2,Rain,3,True,Rain,Rain,False,True,0.0054415395,0.57797533,0.0052660997,0.037359226,0.0025449002,0.0093268845,0.0034758013,0.006818246,0.0054052733,0.0065421127,0.021193476,0.03390145,0.0047465824,0.009506534,0.014295365,0.0055209785,0.007882681,0.015700517,0.0023421517,0.030080533,0.025810512,0.011158752,0.008672673,0.13273065,0.0035719823,0.006082719,0.0066470667
2_10273,2_10273.wav,pitch_up_2,2,Rain,3,True,Rain,Rain,False,True,0.0054415395,0.57797533,0.0052660997,0.037359226,0.0025449002,0.0093268845,0.0034758013,0.006818246,0.0054052733,0.0065421127,0.021193476,0.03390145,0.0047465824,0.009506534,0.014295365,0.0055209785,0.007882681,0.015700517,0.0023421517,0.030080533,0.025810512,0.011158752,0.008672673,0.13273065,0.0035719823,0.006082719,0.0066470667
2_10274,2_10274.wav,pitch_up_2,2,Rain,3,True,Rain,Rain,False,True,0.0032519537,0.8866012,0.002612695,0.0019519379,0.008105479,0.0016191335,0.0031716719,0.0066770394,0.008945988,0.0022796094,0.011773765,0.009015842,0.0030539967,0.0039199153,0.0021051655,0.0036010959,0.0054282085,0.0012633954,0.0026128765,0.0027721114,0.005976291,0.0034269362,0.00641376,0.0059374464,0.0024521293,0.0030861956,0.0019441714
3_10301,3_10301.wav,original,3,Thunderstorm,3,True,Thunderstorm,Thunderstorm,False,True,0.0021387867,0.00805236,0.92859787,0.0022809298,0.0025565187,0.0021025792,0.0029224989,0.0014274564,0.0028730184,0.002028351,0.0020371494,0.0019935223,0.0014271894,0.0011460149,0.005535446,0.0023150842,0.0019865145,0.001717094,0.0021384123,0.0022392902,0.0044530686,0.0027264568,0.002535608,0.004654235,0.0046512918,0.0021588334,0.0013042948
3_10301,3_10301.wav,pitch_down_2,3,Thunderstorm,3,True,Thunderstorm,Thunderstorm,False,True,0.0021387867,0.00805236,0.92859787,0.0022809298,0.0025565187,0.0021025792,0.0029224989,0.0014274564,0.0028730184,0.002028351,0.0020371494,0.0019935223,0.0014271894,0.0011460149,0.005535446,0.0023150842,0.0019865145,0.001717094,0.0021384123,0.0022392902,0.0044530686,0.0027264568,0.002535608,0.004654235,0.0046512918,0.0021588334,0.0013042948
3_10302,3_10302.wav,original,3,Thunderstorm,3,True,Thunderstorm,Thunderstorm,False,True,0.0017272198,0.0047853417,0.94273895,0.002008831,0.001868337,0.0022970783,0.0030411277,0.0015580367,0.0014767611,0.0018528971,0.0025251678,0.0021386722,0.0014021453,0.0006850493,0.0037374806,0.0017387356,0.0017517215,0.0016036847,0.0024381883,0.0015881173,0.0031031638,0.002485957,0.0025234194,0.0032503533,0.0018131584,0.002329526,0.0015308685
3_10304,3_10304.wav,original,3,Thunderstorm,3,True,Thunderstorm,Thunderstorm,False,True,0.0016293913,0.0014785011,0.95075125,0.0017303155,0.0011578262,0.0019167359,0.0033305555,0.0012182937,0.0010133551,0.0016153641,0.002243363,0.0013672448,0.002324275,0.0018092608,0.0041065714,0.002023806,0.0017845444,0.0015751786,0.0023529858,0.0021080878,0.0014366958,0.002316177,0.0024372602,0.001849447,0.0014539775,0.0018346185,0.0011350088
3_10306,3_10306.wav,original,3,Thunderstorm,3,True,Thunderstorm,Thunderstorm,False,True,0.0016680184,0.002722119,0.9582655,0.0016042913,0.0008263507,0.0014704607,0.0013934184,0.0012468236,0.0014363175,0.0018552315,0.0019715277,0.0015725093,0.0014074006,0.00094949827,0.0015382638,0.0015271829,0.0015117307,0.0019174315,0.0014066767,0.0016333436,0.0017963169,0.001437863,0.0020132998,0.0014847815,0.0017941262,0.0017282432,0.0018213243
3_10308,3_10308.wav,pitch_down_2,3,Thunderstorm,3,True,Thunderstorm,Thunderstorm,False,True,0.0016511601,0.0009170797,0.9551154,0.0015195081,0.0012666072,0.0015976167,0.001305061,0.0016147671,0.0017742483,0.002345457,0.0015311418,0.0026166586,0.0017680492,0.0016181068,0.0015895166,0.0015813755,0.0021713425,0.0017754827,0.0018882338,0.0021221656,0.001537995,0.0019657218,0.0020600199,0.001681914,0.001521159,0.001554442,0.0019098012
3_10308,3_10308.wav,pitch_up_2,3,Thunderstorm,3,True,Thunderstorm,Thunderstorm,False,True,0.0016511601,0.0009170797,0.9551154,0.0015195081,0.0012666072,0.0015976167,0.001305061,0.0016147671,0.0017742483,0.002345457,0.0015311418,0.0026166586,0.0017680492,0.0016181068,0.0015895166,0.0015813755,0.0021713425,0.0017754827,0.0018882338,0.0021221656,0.001537995,0.0019657218,0.0020600199,0.001681914,0.001521159,0.001554442,0.0019098012
3_10310,3_10310.wav,pitch_down_2,3,Thunderstorm,3,True,Thunderstorm,Thunderstorm,False,True,0.0017008968,0.0012226745,0.94369453,0.0023853283,0.001011293,0.0022176204,0.00224169,0.001969605,0.0011535776,0.0022580712,0.0023163788,0.002757891,0.0026100175,0.0008781199,0.0034688928,0.0021798213,0.0022292316,0.0019988425,0.0027240247,0.0019019489,0.002105828,0.00125491,0.004704426,0.0022820032,0.0016952931,0.0023249064,0.0027122246
3_10311,3_10311.wav,pitch_up_2,3,Thunderstorm,3,True,Thunderstorm,Thunderstorm,False,True,0.0018219082,0.0006427591,0.95309776,0.0017286367,0.0013328457,0.0016249357,0.0012714512,0.0018506564,0.0009888007,0.0015696773,0.0020397005,0.0024215768,0.0018846329,0.0017203949,0.0015668349,0.0019868088,0.0020532552,0.0017614947,0.0017626608,0.0017223939,0.002047912,0.0022666717,0.002475117,0.0021066882,0.0025144473,0.0018040831,0.0019359278
3_10312,3_10312.wav,original,3,Thunderstorm,3,True,Thunderstorm,Thunderstorm,False,True,0.0014787611,0.0018263692,0.9559409,0.0012906848,0.0010681232,0.0015486254,0.0013025403,0.0011400293,0.0012990559,0.0013324083,0.0018457324,0.0018666479,0.0016946591,0.002389925,0.0013547492,0.0018873228,0.0021173349,0.0018508517,0.001592489,0.0025138233,0.0016332549,0.0014427585,0.0021246017,0.0027462596,0.0014179101,0.0012629698,0.002031265
3_10313,3_10313.wav,pitch_up_2,3,Thunderstorm,3,True,Thunderstorm,Thunderstorm,False,True,0.0015082988,0.001227466,0.94993204,0.0016528241,0.0015535691,0.0018527455,0.0019238464,0.001697971,0.0013970095,0.0014089897,0.0022480057,0.00253488,0.0026374108,0.0040361765,0.0018045843,0.0024876164,0.0017484749,0.0018193455,0.001872755,0.0015901853,0.0019976853,0.0020913708,0.0020707431,0.0015415744,0.0015225726,0.0017567907,0.00208519
3_10316,3_10316.wav,pitch_down_2,3,Thunderstorm,3,True,Thunderstorm,Thunderstorm,False,True,0.0018411657,0.0043132626,0.9505086,0.003044391,0.0009461977,0.0013128304,0.0023367237,0.0013601481,0.00093018473,0.0011584648,0.0013577299,0.002076219,0.0018131445,0.0010186079,0.0013675458,0.0025788283,0.0019414714,0.003266069,0.0015356372,0.0014131021,0.0012811119,0.0011398719,0.002258015,0.0010724562,0.0033276798,0.0017191721,0.0030813378
3_10323,3_10323.wav,pitch_up_2,3,Thunderstorm,3,True,Thunderstorm,Thunderstorm,False,True,0.0040280507,0.0026577665,0.940761,0.002151176,0.0013765898,0.0018037077,0.0033000906,0.0013163929,0.0025873417,0.0019417874,0.0016888026,0.002109316,0.002124769,0.0052298345,0.0012582476,0.0021310376,0.0023153825,0.002141123,0.0012487426,0.0020257796,0.0022833142,0.0027014085,0.002496479,0.0019909793,0.003048393,0.0017730942,0.0015093787
3_10327,3_10327.wav,pitch_down_2,3,Thunderstorm,3,True,Thunderstorm,Thunderstorm,False,True,0.0019613456,0.005490981,0.940471,0.0020185744,0.0018275249,0.0026061556,0.00092526217,0.0016329131,0.0024772233,0.0026640638,0.0025771405,0.0026343027,0.002428823,0.0034645784,0.0040198793,0.0015633889,0.0015384611,0.0014281777,0.0020252506,0.0021075376,0.0017484874,0.0026858284,0.0016805023,0.0025137824,0.0015897694,0.0022557254,0.0016632626
3_10328,3_10328.wav,pitch_up_2,3,Thunderstorm,3,True,Thunderstorm,Thunderstorm,False,True,0.0014351634,0.0019167879,0.9465959,0.0019108356,0.001055851,0.002045127,0.004746154,0.0018354353,0.0014233416,0.002761053,0.0015717008,0.002945728,0.0012338777,0.0019426596,0.0011697067,0.0018164003,0.0018779157,0.002774127,0.0015613058,0.0013982967,0.001741482,0.002085219,0.0022158471,0.0016111723,0.003655005,0.003154318,0.0015196343
3_10329,3_10329.wav,original,3,Thunderstorm,3,True,Thunderstorm,Thunderstorm,False,True,0.003487204,0.078697,0.77492565,0.009728164,0.0034768686,0.00775617,0.010535102,0.0053631156,0.004102459,0.004852292,0.0075161806,0.0045050127,0.0032028088,0.0028858844,0.005453717,0.0052992045,0.0070059863,0.012814644,0.002852451,0.0064341254,0.007070508,0.0045502777,0.0035752887,0.007106103,0.010820477,0.0025403914,0.0034430092
3_10329,3_10329.wav,pitch_down_2,3,Thunderstorm,3,True,Thunderstorm,Thunderstorm,False,True,0.003487204,0.078697,0.77492565,0.009728164,0.0034768686,0.00775617,0.010535102,0.0053631156,0.004102459,0.004852292,0.0075161806,0.0045050127,0.0032028088,0.0028858844,0.005453717,0.0052992045,0.0070059863,0.012814644,0.002852451,0.0064341254,0.007070508,0.0045502777,0.0035752887,0.007106103,0.010820477,0.0025403914,0.0034430092
3_10332,3_10332.wav,original,3,Thunderstorm,3,True,Thunderstorm,Thunderstorm,False,True,0.0018967992,0.0015907068,0.95131725,0.0014683437,0.0010533485,0.001498195,0.003597483,0.0014809476,0.0023184307,0.0016110012,0.002008498,0.0024003007,0.0016601974,0.0013932326,0.0015045471,0.0020687492,0.0018585554,0.0016869227,0.0012416955,0.0023799792,0.00200605,0.0020040162,0.002344147,0.0023934243,0.0023185215,0.0013352359,0.0015634801
3_10332,3_10332.wav,pitch_up_2,3,Thunderstorm,3,True,Thunderstorm,Thunderstorm,False,True,0.0018967992,0.0015907068,0.95131725,0.0014683437,0.0010533485,0.001498195,0.003597483,0.0014809476,0.0023184307,0.0016110012,0.002008498,0.0024003007,0.0016601974,0.0013932326,0.0015045471,0.0020687492,0.0018585554,0.0016869227,0.0012416955,0.0023799792,0.00200605,0.0020040162,0.002344147,0.0023934243,0.0023185215,0.0013352359,0.0015634801
3_10334,3_10334.wav,original,3,Thunderstorm,3,True,Thunderstorm,Thunderstorm,False,True,0.002475398,0.062684745,0.84461194,0.0026456602,0.011222887,0.006072851,0.0018450158,0.0024233318,0.0032116415,0.0031086116,0.0048508113,0.0027008203,0.004039064,0.0027953852,0.0033164576,0.004144967,0.0035481725,0.0027723871,0.0049617384,0.0031760652,0.0037450844,0.004452401,0.0032598153,0.0035102523,0.002655748,0.0036726852,0.002096017
3_10334,3_10334.wav,pitch_down_2,3,Thunderstorm,3,True,Thunderstorm,Thunderstorm,False,True,0.002475398,0.062684745,0.84461194,0.0026456602,0.011222887,0.006072851,0.0018450158,0.0024233318,0.0032116415,0.0031086116,0.0048508113,0.0027008203,0.004039064,0.0027953852,0.0033164576,0.004144967,0.0035481725,0.0027723871,0.0049617384,0.0031760652,0.0037450844,0.004452401,0.0032598153,0.0035102523,0.002655748,0.0036726852,0.002096017
3_10342,3_10342.wav,original,3,Thunderstorm,3,True,Thunderstorm,Thunderstorm,False,True,0.0015996322,0.00089803874,0.9574272,0.0014171946,0.001236435,0.0016526934,0.0017871782,0.0012620104,0.0016200192,0.002064569,0.0016075876,0.001971294,0.0015756367,0.0009852574,0.0015432239,0.0019147173,0.0020535311,0.002082226,0.0014971369,0.0015707432,0.0019343455,0.0017995908,0.0018638732,0.0017675493,0.001566603,0.0014637423,0.0018379572
3_10343,3_10343.wav,pitch_down_2,3,Thunderstorm,3,True,Thunderstorm,Thunderstorm,False,True,0.0020896795,0.00220372,0.9392875,0.0018282306,0.0035514606,0.0020956984,0.0028372966,0.0014087221,0.0027525492,0.0026275076,0.0022720222,0.0026038857,0.002565099,0.0010401866,0.002111828,0.0022060827,0.0027611086,0.002378232,0.0024077266,0.0023946546,0.002471187,0.0023846794,0.0029184818,0.002277418,0.002203443,0.0019387343,0.00238291
3_10346,3_10346.wav,pitch_up_2,3,Thunderstorm,3,True,Thunderstorm,Thunderstorm,False,True,0.001389178,0.0011528614,0.95405036,0.0016536239,0.0013691661,0.0023351824,0.0011041686,0.0019152252,0.0015042447,0.002508579,0.0018367525,0.0024588061,0.0014664023,0.0010696183,0.0027902701,0.0015259241,0.0015583696,0.0019737573,0.0019893467,0.0019585835,0.0021320747,0.0016791094,0.0014606547,0.0017292602,0.0015423117,0.001757598,0.002088485
3_10347,3_10347.wav,pitch_down_2,3,Thunderstorm,3,True,Thunderstorm,Thunderstorm,False,True,0.00130891,0.0033786048,0.9598956,0.0010339069,0.0018970658,0.0009774518,0.0015852068,0.0015490372,0.001408673,0.0012829887,0.0016350802,0.001590136,0.0012098226,0.00054008653,0.0021510774,0.001828732,0.0016028866,0.0014704909,0.0016806534,0.0014982041,0.0026982215,0.0013223708,0.00097495253,0.0013339432,0.0010790313,0.0015634792,0.001503413
3_10348,3_10348.wav,pitch_up_2,3,Thunderstorm,3,True,Thunderstorm,Thunderstorm,False,True,0.0016843816,0.022706887,0.92609197,0.0011290881,0.0029207773,0.00113784,0.0017300565,0.0023147776,0.0015561631,0.001410059,0.0023402458,0.0026164663,0.0016412445,0.0005443644,0.0040084943,0.0026966678,0.0020303281,0.001997415,0.0029427873,0.00245073,0.0025117407,0.0025934356,0.0011266363,0.0021048924,0.0013351013,0.0023347966,0.0020425774
3_10349,3_10349.wav,pitch_up_2,3,Thunderstorm,3,True,Thunderstorm,Thunderstorm,False,True,0.0017841938,0.02865603,0.90643454,0.0016817305,0.0038958127,0.002510191,0.0020770326,0.0032829896,0.0020957773,0.0023735724,0.002885675,0.0027340127,0.0025884826,0.000790128,0.0033645623,0.0030996194,0.0029868465,0.0029032605,0.003121946,0.0027889225,0.0037009523,0.0019285943,0.0020504587,0.0021963764,0.0023537662,0.002354536,0.0033600403
3_10351,3_10351.wav,pitch_down_2,3,Thunderstorm,3,True,Thunderstorm,Thunderstorm,False,True,0.0012767998,0.00074508245,0.95751,0.001246584,0.0011274787,0.0018773074,0.00095119834,0.0012889407,0.0014564962,0.0018539395,0.0016245139,0.0021706093,0.0019322243,0.0022380466,0.002355513,0.0017057712,0.0020484377,0.0014021974,0.001637165,0.0023583826,0.001637681,0.0017093472,0.0017668618,0.0012918032,0.0013856065,0.0015676948,0.0018343087
3_10352,3_10352.wav,original,3,Thunderstorm,3,True,Thunderstorm,Thunderstorm,False,True,0.0013290048,0.000721247,0.9616511,0.0013987796,0.0011106412,0.0012983413,0.0008552756,0.0014561416,0.0011684312,0.0016849013,0.0014058746,0.0020642683,0.0017230349,0.0013904064,0.0011948707,0.0018917836,0.0018984127,0.0017722155,0.0016434165,0.001899189,0.0013623122,0.0014962885,0.0017118462,0.0013957537,0.001480456,0.0013752561,0.0016208129
3_10354,3_10354.wav,original,3,Thunderstorm,3,True,Thunderstorm,Thunderstorm,False,True,0.0011530212,0.0011707525,0.9523859,0.0015480793,0.0018706868,0.0019867152,0.0023610303,0.0015527583,0.0016677111,0.0018427265,0.002138804,0.0019835895,0.001704419,0.0008626992,0.001995506,0.001955855,0.0020504415,0.002028627,0.0020566515,0.0018673823,0.002190045,0.00234,0.0017379759,0.002622161,0.0019983486,0.0013353885,0.0015926611
3_10355,3_10355.wav,original,3,Thunderstorm,3,True,Thunderstorm,Thunderstorm,False,True,0.0021607876,0.0023378155,0.952949,0.0015540294,0.0011389054,0.0017040503,0.0013093516,0.0014095629,0.0016941064,0.002616249,0.0020689897,0.0022785831,0.0015625223,0.0009972086,0.0014090744,0.0015347513,0.0022397528,0.0019777035,0.0019522454,0.001967055,0.0021951988,0.0017456133,0.0022775594,0.0017488771,0.0016303967,0.0018395664,0.0017010845
3_10359,3_10359.wav,pitch_down_2,3,Thunderstorm,3,True,Thunderstorm,Thunderstorm,False,True,0.0013122718,0.00090155745,0.9595968,0.0017993446,0.0008595141,0.0015811063,0.0026692005,0.0019270414,0.0013841739,0.0013090192,0.0019797287,0.0014625018,0.0017004615,0.002220575,0.0011320271,0.0015238044,0.0019563474,0.0014857012,0.0014600375,0.001443266,0.0013235876,0.0018279449,0.002053751,0.00092414493,0.0009977798,0.0017808852,0.0013874294
3_10360,3_10360.wav,original,3,Thunderstorm,3,False,Thunderstorm,Thunderstorm,False,True,0.008293761,0.0060537974,0.7319505,0.006250134,0.0052715708,0.0069926367,0.0034717342,0.013526142,0.008402386,0.0074802875,0.008684651,0.005862612,0.0099840695,0.055863652,0.04568094,0.010426886,0.008065085,0.0053501036,0.005208273,0.0061493665,0.0051335767,0.005208358,0.0075332434,0.003184846,0.0062533594,0.0056632715,0.008054677
3_10360,3_10360.wav,pitch_down_2,3,Thunderstorm,3,False,Thunderstorm,Thunderstorm,False,True,0.008293761,0.0060537974,0.7319505,0.006250134,0.0052715708,0.0069926367,0.0034717342,0.013526142,0.008402386,0.0074802875,0.008684651,0.005862612,0.0099840695,0.055863652,0.04568094,0.010426886,0.008065085,0.0053501036,0.005208273,0.0061493665,0.0051335767,0.005208358,0.0075332434,0.003184846,0.0062533594,0.0056632715,0.008054677
3_10360,3_10360.wav,pitch_up_2,3,Thunderstorm,3,False,Thunderstorm,Thunderstorm,False,True,0.008293761,0.0060537974,0.7319505,0.006250134,0.0052715708,0.0069926367,0.0034717342,0.013526142,0.008402386,0.0074802875,0.008684651,0.005862612,0.0099840695,0.055863652,0.04568094,0.010426886,0.008065085,0.0053501036,0.005208273,0.0061493665,0.0051335767,0.005208358,0.0075332434,0.003184846,0.0062533594,0.0056632715,0.008054677
3_10362,3_10362.wav,pitch_down_2,3,Thunderstorm,3,True,Thunderstorm,Thunderstorm,False,True,0.0015190574,0.0017390504,0.9525063,0.0016354312,0.0016069165,0.0019701833,0.0010304233,0.0013111861,0.0013312642,0.0019489503,0.0022112946,0.001918078,0.0022493135,0.0010453693,0.0017665653,0.0020483353,0.0020219039,0.0020970707,0.0020877451,0.0016615513,0.0017366685,0.0023859723,0.0017855515,0.0022824213,0.0022940503,0.0017804342,0.002028974
3_10362,3_10362.wav,pitch_up_2,3,Thunderstorm,3,True,Thunderstorm,Thunderstorm,False,True,0.0015190574,0.0017390504,0.9525063,0.0016354312,0.0016069165,0.0019701833,0.0010304233,0.0013111861,0.0013312642,0.0019489503,0.0022112946,0.001918078,0.0022493135,0.0010453693,0.0017665653,0.0020483353,0.0020219039,0.0020970707,0.0020877451,0.0016615513,0.0017366685,0.0023859723,0.0017855515,0.0022824213,0.0022940503,0.0017804342,0.002028974
3_10364,3_10364.wav,original,3,Thunderstorm,3,True,Thunderstorm,Thunderstorm,False,True,0.0021007203,0.025588654,0.9105015,0.0030986404,0.0022951686,0.0027960415,0.0026985605,0.0028086898,0.0026195582,0.0029526951,0.0025054298,0.0035045892,0.0020687673,0.0019856764,0.0024734647,0.0028877335,0.0031536743,0.002814292,0.0028461404,0.0018833461,0.002690988,0.0020506384,0.0018796969,0.0018287733,0.0022288936,0.0021651632,0.0035724705
3_10366,3_10366.wav,pitch_down_2,3,Thunderstorm,3,True,Thunderstorm,Thunderstorm,False,True,0.0021143793,0.006463163,0.9107109,0.0022129777,0.01652277,0.0031615614,0.0017272328,0.0025878784,0.0019616385,0.0026806917,0.0033326645,0.002202208,0.0024382083,0.0032664805,0.0022632459,0.0022585231,0.003188391,0.0022551508,0.0037869178,0.003600064,0.0021933215,0.0051916763,0.0018858599,0.0051353825,0.0034123817,0.0013941457,0.002052148
3_10368,3_10368.wav,pitch_down_2,3,Thunderstorm,3,True,Thunderstorm,Thunderstorm,False,True,0.0016991622,0.0009821405,0.95234776,0.0017776932,0.0012232101,0.0014578818,0.0014787432,0.0019160159,0.0017280254,0.002739364,0.001795285,0.0023518035,0.0018732228,0.0009422961,0.0016379681,0.0019379811,0.0025261536,0.0021272993,0.0018229106,0.002143854,0.0023182386,0.0018427913,0.002390749,0.0014443182,0.0017938773,0.001686215,0.0020150493
3_10368,3_10368.wav,pitch_up_2,3,Thunderstorm,3,True,Thunderstorm,Thunderstorm,False,True,0.0016991622,0.0009821405,0.95234776,0.0017776932,0.0012232101,0.0014578818,0.0014787432,0.0019160159,0.0017280254,0.002739364,0.001795285,0.0023518035,0.0018732228,0.0009422961,0.0016379681,0.0019379811,0.0025261536,0.0021272993,0.0018229106,0.002143854,0.0023182386,0.0018427913,0.002390749,0.0014443182,0.0017938773,0.001686215,0.0020150493
3_10369,3_10369.wav,pitch_down_2,3,Thunderstorm,3,True,Thunderstorm,Thunderstorm,False,True,0.0019028216,0.0012157838,0.9511847,0.0018141052,0.0014544082,0.001736376,0.0038437357,0.0014185859,0.0014922279,0.0015117115,0.0020829493,0.001976088,0.001893272,0.0023402732,0.0017939854,0.0016579932,0.0016080941,0.0016411451,0.0017588176,0.0018584229,0.0018539483,0.0022241361,0.0022886014,0.0018764149,0.0017067055,0.0021841733,0.0016805419
3_10370,3_10370.wav,original,3,Thunderstorm,3,True,Thunderstorm,Thunderstorm,False,True,0.0014300128,0.00070863636,0.9524283,0.0031381808,0.0013181168,0.0016621988,0.0034013896,0.0013821876,0.00091911043,0.0013674578,0.0018863948,0.0012724688,0.0019932908,0.0020657468,0.0026868524,0.001585679,0.001903634,0.0013981118,0.0019701754,0.0020786475,0.0016354346,0.0023420425,0.001733338,0.0020338746,0.0023728674,0.0019155983,0.0013703541
3_10373,3_10373.wav,pitch_down_2,3,Thunderstorm,3,True,Thunderstorm,Thunderstorm,False,True,0.0024347014,0.0009605381,0.9457081,0.0020110686,0.0016319918,0.0018308545,0.0011149215,0.0014050925,0.0018555023,0.00232637,0.0019583686,0.0017302582,0.0019194029,0.005695553,0.0019795345,0.0019749443,0.0021949017,0.0021713923,0.0021291592,0.0025321508,0.0020063831,0.0017672976,0.0029319099,0.0018666635,0.002123676,0.0018646293,0.0018746358
3_10375,3_10375.wav,pitch_down_2,3,Thunderstorm,3,True,Thunderstorm,Thunderstorm,False,True,0.0011925879,0.0017458559,0.96238685,0.001014602,0.0010210979,0.0011722835,0.0011076425,0.001001056,0.00111934,0.0014273807,0.0019332054,0.0025345515,0.0014388397,0.0009895635,0.001215531,0.0012221276,0.001441514,0.0016941963,0.0012662505,0.0017392007,0.001481898,0.0015371996,0.0017537047,0.0017542593,0.0017740959,0.0018054243,0.0012296983
4_10402,4_10402.wav,pitch_down_2,4,WaterDrops,3,True,WaterDrops,WaterDrops,False,True,0.0013282183,0.0023098122,0.0019722597,0.94511956,0.0014129757,0.0012918002,0.0018936553,0.0015704433,0.0014606663,0.00108436,0.0024647184,0.0017918022,0.0016856528,0.0033054228,0.0012195206,0.0023412227,0.0046345596,0.0032760215,0.001996579,0.0023220142,0.0009805892,0.002016716,0.0033007965,0.0019527357,0.0033215994,0.0022908116,0.0016555005
4_10404,4_10404.wav,original,4,WaterDrops,3,True,WaterDrops,WaterDrops,False,True,0.0015413944,0.0018710867,0.004125566,0.92948693,0.0019511267,0.001566429,0.0031934606,0.0024331512,0.0021263154,0.0019330927,0.002368489,0.0030857334,0.0025890851,0.0026299327,0.0015582597,0.0016734122,0.0028241326,0.005588317,0.0024291717,0.0017940489,0.0009659394,0.0034909637,0.0019453444,0.0033465854,0.0033173144,0.0016325898,0.008532155
4_10404,4_10404.wav,pitch_down_2,4,WaterDrops,3,True,WaterDrops,WaterDrops,False,True,0.0015413944,0.0018710867,0.004125566,0.92948693,0.0019511267,0.001566429,0.0031934606,0.0024331512,0.0021263154,0.0019330927,0.002368489,0.0030857334,0.0025890851,0.0026299327,0.0015582597,0.0016734122,0.0028241326,0.005588317,0.0024291717,0.0017940489,0.0009659394,0.0034909637,0.0019453444,0.0033465854,0.0033173144,0.0016325898,0.008532155
4_10409,4_10409.wav,pitch_down_2,4,WaterDrops,3,True,WaterDrops,WaterDrops,False,True,0.0021774375,0.0028539503,0.0037568093,0.91501117,0.0018428713,0.0017822286,0.002620981,0.0038246354,0.0030105782,0.0013913525,0.003090972,0.0026908044,0.0024430205,0.0040908623,0.0019457154,0.001551201,0.0027109825,0.0028734112,0.0022399721,0.004394555,0.0014391094,0.008141802,0.0018013088,0.0031965345,0.0025636521,0.0021233757,0.014430714
4_10409,4_10409.wav,pitch_up_2,4,WaterDrops,3,True,WaterDrops,WaterDrops,False,True,0.0021774375,0.0028539503,0.0037568093,0.91501117,0.0018428713,0.0017822286,0.002620981,0.0038246354,0.0030105782,0.0013913525,0.003090972,0.0026908044,0.0024430205,0.0040908623,0.0019457154,0.001551201,0.0027109825,0.0028734112,0.0022399721,0.004394555,0.0014391094,0.008141802,0.0018013088,0.0031965345,0.0025636521,0.0021233757,0.014430714
4_10410,4_10410.wav,original,4,WaterDrops,3,True,WaterDrops,WaterDrops,False,True,0.0021664156,0.0025761,0.0030371763,0.91348886,0.0025870916,0.0028389052,0.0042660874,0.0026283895,0.0019262597,0.0036422487,0.0035173744,0.003282157,0.002561426,0.002859245,0.001827451,0.0032184252,0.0068650823,0.0029310118,0.002848339,0.0019253013,0.0029143393,0.0062451735,0.0038812757,0.0032004404,0.0056866407,0.00499293,0.0020858767
4_10410,4_10410.wav,pitch_up_2,4,WaterDrops,3,True,WaterDrops,WaterDrops,False,True,0.0021664156,0.0025761,0.0030371763,0.91348886,0.0025870916,0.0028389052,0.0042660874,0.0026283895,0.0019262597,0.0036422487,0.0035173744,0.003282157,0.002561426,0.002859245,0.001827451,0.0032184252,0.0068650823,0.0029310118,0.002848339,0.0019253013,0.0029143393,0.0062451735,0.0038812757,0.0032004404,0.0056866407,0.00499293,0.0020858767
4_10411,4_10411.wav,pitch_up_2,4,WaterDrops,3,True,WaterDrops,WaterDrops,False,True,0.005706191,0.007866112,0.0011023268,0.92695254,0.0019692006,0.006575504,0.001609691,0.0025476876,0.002031841,0.0036693874,0.003490095,0.0015421152,0.0016465847,0.0014207028,0.0023550147,0.0018759082,0.0028818876,0.0020700153,0.0006143744,0.0041930773,0.002966407,0.0013814304,0.0024044274,0.0037140956,0.0020342348,0.0029156227,0.0024634704
4_10412,4_10412.wav,pitch_down_2,4,WaterDrops,3,True,WaterDrops,WaterDrops,False,True,0.0014044164,0.0012080097,0.0015248269,0.94923896,0.002276605,0.0019248807,0.0014106628,0.0014717557,0.001601813,0.0017104507,0.0023405675,0.0017219343,0.00095526973,0.0011714837,0.0018262354,0.0012477959,0.0019172336,0.005291082,0.0015007219,0.0014533916,0.0010018463,0.003672493,0.0026236062,0.0012669816,0.00174047,0.0019808866,0.004515627
4_10414,4_10414.wav,pitch_down_2,4,WaterDrops,3,True,WaterDrops,WaterDrops,False,True,0.0015972671,0.0016402815,0.0019892654,0.9530893,0.0019577045,0.0015587396,0.0021451637,0.0022782485,0.0019802952,0.0013821997,0.0016354424,0.0025290977,0.0012751381,0.0023776798,0.0012583208,0.0009474801,0.0026145757,0.0013227103,0.0012093362,0.002073684,0.0010141997,0.0054716454,0.001520623,0.0015048542,0.001181319,0.0015774289,0.00086796173
4_10416,4_10416.wav,original,4,WaterDrops,3,True,WaterDrops,WaterDrops,False,True,0.002573623,0.0019330279,0.0038918026,0.90034723,0.0033944084,0.003122681,0.0034850575,0.0038239185,0.0033843934,0.008897441,0.004359381,0.00160305,0.0011789397,0.003832139,0.0032235,0.0024613035,0.0060853325,0.002740782,0.0029085844,0.0065140217,0.0015286752,0.006742883,0.0036695236,0.0021614744,0.0035949924,0.003988285,0.008553523
4_10416,4_10416.wav,pitch_down_2,4,WaterDrops,3,True,WaterDrops,WaterDrops,False,True,0.002573623,0.0019330279,0.0038918026,0.90034723,0.0033944084,0.003122681,0.0034850575,0.0038239185,0.0033843934,0.008897441,0.004359381,0.00160305,0.0011789397,0.003832139,0.0032235,0.0024613035,0.0060853325,0.002740782,0.0029085844,0.0065140217,0.0015286752,0.006742883,0.0036695236,0.0021614744,0.0035949924,0.003988285,0.008553523
4_10419,4_10419.wav,pitch_down_2,4,WaterDrops,3,True,WaterDrops,WaterDrops,False,True,0.0016421875,0.0010248757,0.0011553349,0.9645636,0.0010762508,0.0010569891,0.001076867,0.0010446948,0.001034658,0.0011695836,0.0014488893,0.0012424638,0.00088411523,0.0011018699,0.0016821688,0.0012054088,0.0011159369,0.0008138956,0.0006871531,0.005139009,0.0010215052,0.0013604631,0.0012536565,0.002190274,0.0014143698,0.0009450782,0.0016486837
4_10420,4_10420.wav,pitch_down_2,4,WaterDrops,3,True,WaterDrops,WaterDrops,False,True,0.004950716,0.004438166,0.002229715,0.9277623,0.0027643882,0.004706593,0.0014676357,0.001787082,0.0013382247,0.0014702586,0.0019499637,0.0016228541,0.0030604426,0.0030993691,0.002023662,0.0024976146,0.0025805077,0.0021222236,0.0014554774,0.005471461,0.0011656579,0.0012397192,0.0023718223,0.0023782076,0.0025530178,0.003365697,0.008127236
4_10420,4_10420.wav,pitch_up_2,4,WaterDrops,3,True,WaterDrops,WaterDrops,False,True,0.004950716,0.004438166,0.002229715,0.9277623,0.0027643882,0.004706593,0.0014676357,0.001787082,0.0013382247,0.0014702586,0.0019499637,0.0016228541,0.0030604426,0.0030993691,0.002023662,0.0024976146,0.0025805077,0.0021222236,0.0014554774,0.005471461,0.0011656579,0.0012397192,0.0023718223,0.0023782076,0.0025530178,0.003365697,0.008127236
4_10421,4_10421.wav,pitch_up_2,4,WaterDrops,3,True,WaterDrops,WaterDrops,False,True,0.0013814192,0.00076137617,0.0016886238,0.9527192,0.0021778268,0.001734391,0.0013057211,0.001369866,0.001925286,0.0026973032,0.0020357864,0.0015507763,0.0011042681,0.0015998809,0.003411282,0.0011269334,0.0024782622,0.0024372747,0.0016468596,0.0014763164,0.00081957615,0.0021144971,0.0016142592,0.001397544,0.0013388144,0.0027487613,0.0033378955
4_10422,4_10422.wav,pitch_down_2,4,WaterDrops,3,True,WaterDrops,WaterDrops,False,True,0.0023708234,0.0043616,0.0024610197,0.936927,0.0009369419,0.0014564344,0.0015063868,0.0018080858,0.0015091755,0.0026509904,0.0023155601,0.0028956856,0.0014053093,0.001748452,0.0013961792,0.001574765,0.0014981778,0.0015698153,0.0014962166,0.010936521,0.00268472,0.002802991,0.0021645979,0.003047026,0.0018363832,0.0019798207,0.0026592582
4_10428,4_10428.wav,original,4,WaterDrops,3,True,WaterDrops,WaterDrops,False,True,0.0057852734,0.0023314517,0.0018247841,0.941243,0.0012552793,0.001972259,0.0015866961,0.0016163125,0.0010842369,0.0025279573,0.0017953768,0.0027355126,0.0017915185,0.0011543111,0.0017673831,0.001291315,0.00193682,0.0013731443,0.0018687261,0.0051145917,0.001791939,0.0029403975,0.0015205672,0.0057979175,0.0018274757,0.0019484715,0.0021172941
4_10429,4_10429.wav,original,4,WaterDrops,3,True,WaterDrops,WaterDrops,False,True,0.0013436045,0.0014067675,0.003135817,0.9534695,0.001336032,0.0011942649,0.0019961873,0.0020081552,0.0021226874,0.0010991549,0.0018448186,0.0018858969,0.0016001979,0.0024887824,0.0016929231,0.0009984039,0.0022558123,0.0031146165,0.0014766208,0.0013985873,0.0007295601,0.0023714814,0.0013009404,0.0015167064,0.0018255981,0.001503542,0.0028832753
4_10429,4_10429.wav,pitch_down_2,4,WaterDrops,3,True,WaterDrops,WaterDrops,False,True,0.0013436045,0.0014067675,0.003135817,0.9534695,0.001336032,0.0011942649,0.0019961873,0.0020081552,0.0021226874,0.0010991549,0.0018448186,0.0018858969,0.0016001979,0.0024887824,0.0016929231,0.0009984039,0.0022558123,0.0031146165,0.0014766208,0.0013985873,0.0007295601,0.0023714814,0.0013009404,0.0015167064,0.0018255981,0.001503542,0.0028832753
4_10430,4_10430.wav,pitch_up_2,4,WaterDrops,3,True,WaterDrops,WaterDrops,False,True,0.0032617769,0.0012751432,0.0021463204,0.94475526,0.0020216873,0.00447674,0.0025134825,0.0021122498,0.0021516862,0.0020494089,0.0016279109,0.0018377734,0.0021179405,0.0019209236,0.0010656243,0.0027921062,0.0013429733,0.0014508604,0.0020172542,0.0013973828,0.0027040627,0.0019388661,0.0015059278,0.0010022948,0.0017191799,0.0013466041,0.005448617
4_10434,4_10434.wav,pitch_down_2,4,WaterDrops,3,True,WaterDrops,WaterDrops,False,True,0.009468797,0.0058564283,0.0054128417,0.8958786,0.00180295,0.002896876,0.003036756,0.0024844129,0.0030167196,0.0023179592,0.0042039664,0.0051225396,0.008443041,0.00303578,0.0026380236,0.0028703453,0.0035270313,0.003489318,0.002468278,0.0052955304,0.0031082528,0.004083073,0.0047970056,0.0045760255,0.004524483,0.0026820747,0.002962781
4_10437,4_10437.wav,original,4,WaterDrops,3,True,WaterDrops,WaterDrops,False,True,0.0019461982,0.0028587554,0.002688423,0.9539102,0.0013344707,0.0022286258,0.0017987323,0.0012485436,0.0015246564,0.0013110385,0.0012632739,0.0018115357,0.002085862,0.0019334741,0.0016757246,0.0013600312,0.0014571309,0.001624318,0.0010153454,0.002137498,0.0014012834,0.0018226582,0.0017810859,0.0012207935,0.0022022724,0.0021712978,0.0021867862
4_10439,4_10439.wav,original,4,WaterDrops,3,True,WaterDrops,WaterDrops,False,True,0.0026450001,0.0034687791,0.0035302613,0.8891439,0.0050135073,0.0041014324,0.0024125085,0.0037520726,0.0032641122,0.003312392,0.0023208924,0.0042261966,0.003617309,0.0034587523,0.0033736704,0.003919011,0.0035633016,0.0029518122,0.030268349,0.0027780843,0.0015824647,0.0026903336,0.0020144843,0.0023921875,0.0025550334,0.0033260754,0.004318125
4_10440,4_10440.wav,original,4,WaterDrops,3,True,WaterDrops,WaterDrops,False,True,0.013548692,0.003767724,0.004122415,0.89824986,0.0025556341,0.003656265,0.002297597,0.0026971216,0.0021054137,0.0024313994,0.0042931447,0.0045568566,0.0033900489,0.0023535292,0.0027399196,0.003242751,0.0032874404,0.0036174643,0.0024584008,0.005624434,0.001949062,0.003355853,0.0040594935,0.007958326,0.0044325213,0.003128223,0.0041204514
4_10440,4_10440.wav,pitch_down_2,4,WaterDrops,3,True,WaterDrops,WaterDrops,False,True,0.013548692,0.003767724,0.004122415,0.89824986,0.0025556341,0.003656265,0.002297597,0.0026971216,0.0021054137,0.0024313994,0.0042931447,0.0045568566,0.0033900489,0.0023535292,0.0027399196,0.003242751,0.0032874404,0.0036174643,0.0024584008,0.005624434,0.001949062,0.003355853,0.0040594935,0.007958326,0.0044325213,0.003128223,0.0041204514
4_10445,4_10445.wav,pitch_down_2,4,WaterDrops,3,True,WaterDrops,WaterDrops,False,True,0.0024566336,0.0013701562,0.0020574508,0.9394825,0.003693903,0.0012355259,0.0018861187,0.0021205829,0.0020398374,0.0017533116,0.0015751122,0.0021092542,0.0022951302,0.0018270835,0.002340369,0.0049299262,0.0017395951,0.001420308,0.00184942,0.0018343097,0.0018559344,0.0023862459,0.003246095,0.0021388566,0.0020884194,0.0028636653,0.0054043145
4_10446,4_10446.wav,original,4,WaterDrops,3,True,WaterDrops,WaterDrops,False,True,0.0023787806,0.0013762884,0.003016758,0.9324086,0.002531748,0.0023879157,0.0015435925,0.0021368011,0.0017035712,0.001946942,0.0028941121,0.0051726643,0.0028883896,0.0036314784,0.0036135223,0.0025489207,0.0033593848,0.0021295284,0.0020656192,0.0014888678,0.001792023,0.0023912778,0.003651319,0.0013248221,0.003364079,0.0027763091,0.0034767713
4_10447,4_10447.wav,pitch_up_2,4,WaterDrops,3,True,WaterDrops,WaterDrops,False,True,0.0013244763,0.0066220486,0.001821179,0.9174762,0.002775291,0.0009493064,0.0020538245,0.0009868598,0.009645554,0.0019485758,0.005666451,0.0029141959,0.0021505856,0.0026907616,0.0021689348,0.0016809612,0.002075969,0.001993961,0.0026664773,0.006546428,0.0020835365,0.008526642,0.0034231378,0.00085372786,0.0036809302,0.0014654006,0.003808663
4_10449,4_10449.wav,original,4,WaterDrops,3,True,WaterDrops,WaterDrops,False,True,0.004585295,0.0036908435,0.0024786706,0.9304047,0.0043921284,0.003154639,0.002058524,0.0018872694,0.0018505893,0.004109727,0.0024001522,0.0021203274,0.0025624433,0.0031253146,0.0018918366,0.0014897067,0.0020644155,0.0028982467,0.0021509782,0.0011715577,0.0038951943,0.00259996,0.0017723106,0.0016279541,0.0022910868,0.002147436,0.0051786113
4_10449,4_10449.wav,pitch_down_2,4,WaterDrops,3,True,WaterDrops,WaterDrops,False,True,0.004585295,0.0036908435,0.0024786706,0.9304047,0.0043921284,0.003154639,0.002058524,0.0018872694,0.0018505893,0.004109727,0.0024001522,0.0021203274,0.0025624433,0.0031253146,0.0018918366,0.0014897067,0.0020644155,0.0028982467,0.0021509782,0.0011715577,0.0038951943,0.00259996,0.0017723106,0.0016279541,0.0022910868,0.002147436,0.0051786113
4_10451,4_10451.wav,pitch_up_2,4,WaterDrops,3,True,WaterDrops,WaterDrops,False,True,0.0018792745,0.0029005148,0.004025445,0.90215707,0.0015413398,0.003351913,0.0022743682,0.0028461914,0.0028152533,0.0060348995,0.0026888244,0.0035360362,0.0021460715,0.0023398201,0.0026979642,0.0042695547,0.003844547,0.0031862094,0.0016306047,0.003471069,0.0036963036,0.0032267643,0.002397911,0.001066687,0.0024556164,0.0028153074,0.024704484
4_10452,4_10452.wav,pitch_down_2,4,WaterDrops,3,True,WaterDrops,WaterDrops,False,True,0.0011439753,0.0030586116,0.001373129,0.9500246,0.0019676979,0.0017874847,0.0014912608,0.0014536739,0.0016889893,0.004789257,0.0014100034,0.0019053575,0.0026720965,0.0019009616,0.00200696,0.0048789894,0.0012805881,0.0018086681,0.0010863413,0.00060908723,0.0019317971,0.0027436798,0.0012430211,0.0015720022,0.0013359357,0.0010987987,0.001737033
4_10453,4_10453.wav,original,4,WaterDrops,3,True,WaterDrops,WaterDrops,False,True,0.0014764658,0.0013158141,0.0023445003,0.9346773,0.0035461753,0.0035297947,0.0018692667,0.0018751589,0.0021296686,0.0014237439,0.0015753671,0.002108231,0.004900572,0.0017815689,0.0015658346,0.0030653703,0.0021901855,0.0021547626,0.007427924,0.0016299888,0.0011425236,0.0020920166,0.0025636721,0.0030786388,0.0023878685,0.0027760246,0.003371564
4_10454,4_10454.wav,pitch_down_2,4,WaterDrops,3,True,WaterDrops,WaterDrops,False,True,0.0018370725,0.0016206028,0.0018107314,0.9592832,0.0014544101,0.0011369125,0.0017035896,0.0025182515,0.0017627453,0.0011685169,0.0012235316,0.0017114297,0.0013378584,0.0017250584,0.0018544556,0.0010551185,0.0013606927,0.0015656301,0.001514952,0.0013155603,0.0009298769,0.0022672366,0.0016906527,0.0011371222,0.0015128887,0.0013157763,0.0021861878
4_10455,4_10455.wav,pitch_down_2,4,WaterDrops,3,True,WaterDrops,WaterDrops,False,True,0.002912597,0.0012055867,0.002012536,0.9360576,0.003375169,0.0016315979,0.0013634459,0.0034891535,0.00152596,0.0026250556,0.0034126372,0.0018482907,0.0015473933,0.0033207256,0.0022302286,0.0010684283,0.0023428395,0.0016408659,0.0013586902,0.0024421709,0.0012804373,0.0030804628,0.0021804965,0.001151136,0.0020561016,0.0026829003,0.010157344
4_10459,4_10459.wav,pitch_up_2,4,WaterDrops,3,True,WaterDrops,WaterDrops,False,True,0.0032631701,0.0020016355,0.0047363546,0.9359544,0.0029394913,0.0051962193,0.0017468309,0.0031516117,0.0017089167,0.0008611926,0.0019751068,0.0012419997,0.0014431683,0.001936067,0.0019916382,0.0017910366,0.0023011214,0.0022637064,0.0008191336,0.0017334955,0.004958386,0.0009871685,0.0018553905,0.002537651,0.00507055,0.0026736064,0.0028608528
4_10460,4_10460.wav,original,4,WaterDrops,3,True,WaterDrops,WaterDrops,False,True,0.0015114957,0.0018459557,0.001858041,0.9483373,0.0039743036,0.0014616936,0.0018220223,0.0023943582,0.0016280134,0.0016509407,0.0017486955,0.0013482835,0.0024074225,0.0020670027,0.0019129734,0.0020857586,0.0017109498,0.0028896919,0.002015063,0.0011040407,0.0011423762,0.0015291552,0.0032931564,0.0012893464,0.001210316,0.002486092,0.0032756368
4_10462,4_10462.wav,pitch_up_2,4,WaterDrops,3,True,WaterDrops,WaterDrops,False,True,0.0018275228,0.0038808372,0.0018967167,0.9338875,0.0027645882,0.0022564603,0.001365126,0.0021252027,0.0021346866,0.0056112297,0.001882969,0.0030126187,0.002642532,0.0029048554,0.002392773,0.004567579,0.0043527107,0.002368584,0.0014623486,0.0009872713,0.0022492202,0.0043285033,0.002446084,0.001832245,0.0020911952,0.0015451846,0.0011834766
4_10464,4_10464.wav,pitch_down_2,4,WaterDrops,3,True,WaterDrops,WaterDrops,False,True,0.0019433791,0.0016502055,0.0018953647,0.9360625,0.0035401061,0.003221675,0.0013253451,0.00194243,0.0017966029,0.0009925333,0.0016955634,0.0012889066,0.0065253177,0.0015771798,0.0017206596,0.01085638,0.0021898646,0.0025163929,0.003169927,0.0011366411,0.00082066533,0.000946672,0.0011486041,0.0017215227,0.0017856046,0.0020687287,0.004461234
4_10464,4_10464.wav,pitch_up_2,4,WaterDrops,3,True,WaterDrops,WaterDrops,False,True,0.0019433791,0.0016502055,0.0018953647,0.9360625,0.0035401061,0.003221675,0.0013253451,0.00194243,0.0017966029,0.0009925333,0.0016955634,0.0012889066,0.0065253177,0.0015771798,0.0017206596,0.01085638,0.0021898646,0.0025163929,0.003169927,0.0011366411,0.00082066533,0.000946672,0.0011486041,0.0017215227,0.0017856046,0.0020687287,0.004461234
4_10465,4_10465.wav,pitch_down_2,4,WaterDrops,3,True,WaterDrops,WaterDrops,False,True,0.0031375734,0.0017208391,0.0030084022,0.9295185,0.0015210031,0.002992857,0.0025470557,0.0030137163,0.002107138,0.00269753,0.0023726341,0.002429447,0.0018582573,0.0033277282,0.0013616831,0.0012144998,0.0022904843,0.0026551366,0.0070602647,0.004603527,0.0018668195,0.0025379064,0.0013993842,0.0006103989,0.0018701591,0.0028670449,0.0074100136
4_10466,4_10466.wav,pitch_down_2,4,WaterDrops,3,True,WaterDrops,WaterDrops,False,True,0.0016397334,0.0014028932,0.0018967727,0.9467638,0.0027295568,0.0010627508,0.0021186175,0.0023533495,0.0016189035,0.0010034698,0.001915892,0.001195437,0.0024965329,0.0015813279,0.0018155035,0.004425045,0.0015087519,0.0017567409,0.0013322941,0.0010604914,0.0012698601,0.0016725957,0.0071549476,0.0011450833,0.0015758172,0.002422196,0.003081598
4_10467,4_10467.wav,pitch_up_2,4,WaterDrops,3,True,WaterDrops,WaterDrops,False,True,0.002057219,0.0018203041,0.0034451652,0.9304338,0.0011692027,0.0018005051,0.002056103,0.0026864468,0.0023244612,0.0029670012,0.003046471,0.003722826,0.0013810891,0.0025055802,0.0018004123,0.0016969518,0.002585755,0.0023574638,0.0017733158,0.0048832577,0.0016410365,0.0031331808,0.002639193,0.0010697177,0.0018090633,0.0025196115,0.010674848
4_10469,4_10469.wav,original,4,WaterDrops,3,True,WaterDrops,WaterDrops,False,True,0.0025494543,0.0037700029,0.00452635,0.87060577,0.002868334,0.0030692609,0.0021602802,0.0056844377,0.004148572,0.004986026,0.0046957037,0.003170987,0.003265062,0.009450343,0.0176539,0.01028658,0.0037269231,0.008735447,0.0053426367,0.002133522,0.0032721756,0.0049242717,0.0035698784,0.0034408728,0.0033442972,0.0036813424,0.0049375147
5_10502,5_10502.wav,original,5,Wind,3,True,Wind,Wind,False,True,0.005091908,0.0048154145,0.010026672,0.0014799066,0.83372664,0.0025593357,0.0034006212,0.001771089,0.07122292,0.0032178296,0.0030927472,0.001894903,0.0043164124,0.0028341282,0.0023781732,0.005052829,0.0031758838,0.004965507,0.0036921992,0.0073906574,0.0022113782,0.003899552,0.0028726773,0.0038168412,0.0026870773,0.0056035384,0.002803113
5_10502,5_10502.wav,pitch_up_2,5,Wind,3,True,Wind,Wind,False,True,0.005091908,0.0048154145,0.010026672,0.0014799066,0.83372664,0.0025593357,0.0034006212,0.001771089,0.07122292,0.0032178296,0.0030927472,0.001894903,0.0043164124,0.0028341282,0.0023781732,0.005052829,0.0031758838,0.004965507,0.0036921992,0.0073906574,0.0022113782,0.003899552,0.0028726773,0.0038168412,0.0026870773,0.0056035384,0.002803113
5_10507,5_10507.wav,pitch_up_2,5,Wind,3,True,Wind,Wind,False,True,0.0018421101,0.0010760931,0.0027988527,0.0027910636,0.9179612,0.0063116136,0.0023113529,0.008503114,0.0018860056,0.0022019653,0.0025864912,0.002366644,0.0026734471,0.0018241449,0.0025533393,0.0017777862,0.0032727951,0.0019696364,0.0029897562,0.0028564297,0.0012540553,0.0030793194,0.0013624793,0.0013662855,0.0022013579,0.0017861834,0.016396485
5_10509,5_10509.wav,pitch_down_2,5,Wind,3,True,Wind,Wind,False,True,0.0048971614,0.0028956614,0.003044396,0.0038440991,0.9094381,0.005023908,0.0030375167,0.0025991674,0.003543799,0.0022798956,0.0032078137,0.0028238015,0.0033655996,0.0023192333,0.0028434107,0.0019988723,0.0020662227,0.0024749388,0.0029371043,0.0031688733,0.009316127,0.008470823,0.0007392286,0.004152997,0.0031537672,0.0027988635,0.003558654
5_10511,5_10511.wav,original,5,Wind,3,True,Wind,Wind,False,True,0.0040977425,0.020719374,0.0024180654,0.0037845352,0.90299606,0.00320654,0.0035682516,0.010556406,0.0021490941,0.0023192898,0.0022809897,0.0023143191,0.001877278,0.0030037807,0.002053498,0.0027115187,0.003249744,0.0028446892,0.0019448461,0.0030476016,0.0040479586,0.0024951028,0.0016937625,0.002244664,0.0025332626,0.0022094436,0.0036322207
5_10511,5_10511.wav,pitch_up_2,5,Wind,3,True,Wind,Wind,False,True,0.0040977425,0.020719374,0.0024180654,0.0037845352,0.90299606,0.00320654,0.0035682516,0.010556406,0.0021490941,0.0023192898,0.0022809897,0.0023143191,0.001877278,0.0030037807,0.002053498,0.0027115187,0.003249744,0.0028446892,0.0019448461,0.0030476016,0.0040479586,0.0024951028,0.0016937625,0.002244664,0.0025332626,0.0022094436,0.0036322207
5_10512,5_10512.wav,pitch_up_2,5,Wind,3,True,Wind,Wind,False,True,0.0020056162,0.0020828529,0.0025037278,0.0021479558,0.93394595,0.0032802445,0.0020001177,0.001956676,0.0019267527,0.0018207215,0.0024234974,0.0024366258,0.0020751848,0.0023091224,0.002159932,0.0022220162,0.0028330407,0.0018090341,0.0035669936,0.0026406934,0.0011476813,0.0032759842,0.0019041685,0.0012614003,0.0028060314,0.0017352946,0.009722677
5_10514,5_10514.wav,original,5,Wind,3,True,Wind,Wind,False,True,0.002482704,0.001171418,0.0021380663,0.0010420525,0.9502785,0.002134987,0.0027560506,0.0018359666,0.0034655184,0.001385386,0.002090935,0.0012485614,0.0017463997,0.0013790033,0.0016550181,0.0020945212,0.0023322555,0.0019005259,0.0014371177,0.0029584707,0.00058590085,0.0020381196,0.0011644197,0.0019223826,0.002027002,0.0027506056,0.001978115
5_10519,5_10519.wav,original,5,Wind,3,True,Wind,Wind,False,True,0.003696209,0.0040766136,0.0011512828,0.0019351277,0.9556844,0.0018866289,0.0012032284,0.0013590908,0.0012983856,0.0017425237,0.0013155408,0.0014287891,0.0011900297,0.0014864011,0.0010515692,0.001832013,0.0018506882,0.0022033656,0.0026318666,0.0013671095,0.0015370449,0.0010163431,0.0005985464,0.0006390709,0.0015622947,0.0014778926,0.0027778412
5_10520,5_10520.wav,pitch_down_2,5,Wind,3,True,Wind,Wind,False,True,0.0027108241,0.007260636,0.0029427821,0.0023626948,0.93072194,0.0027427513,0.0019268546,0.0018211668,0.0027642893,0.0022831496,0.002545215,0.0032532907,0.0023308392,0.0031887654,0.0028187486,0.0013937326,0.0027733108,0.0022298468,0.002220947,0.0037382233,0.0008887355,0.0036988056,0.0030927563,0.0010745778,0.0025773433,0.0021296954,0.0025081623
5_10521,5_10521.wav,pitch_down_2,5,Wind,3,True,Wind,Wind,False,True,0.0052073845,0.008996133,0.01138858,0.004009186,0.88169885,0.0077458206,0.004132482,0.0024647226,0.0050143735,0.0018849368,0.0046726395,0.0012843473,0.0038710218,0.002444738,0.0037238745,0.0046591447,0.003926391,0.0027970765,0.0021053937,0.0037305783,0.0034083065,0.004766986,0.003660253,0.0014853779,0.00921994,0.0028990787,0.008802397
5_10522,5_10522.wav,original,5,Wind,3,True,Wind,Wind,False,True,0.0020302555,0.0011629198,0.0016542071,0.001894195,0.9596627,0.0024904837,0.0027183502,0.000903384,0.0015089413,0.0014101974,0.0009753776,0.0015432471,0.0008522706,0.0014081086,0.0012652088,0.0016155032,0.0012676939,0.0015673396,0.0009678127,0.0015045897,0.0017372691,0.0012101392,0.0007980677,0.0016625501,0.0014418411,0.0012708846,0.0034765268
5_10522,5_10522.wav,pitch_up_2,5,Wind,3,True,Wind,Wind,False,True,0.0020302555,0.0011629198,0.0016542071,0.001894195,0.9596627,0.0024904837,0.0027183502,0.000903384,0.0015089413,0.0014101974,0.0009753776,0.0015432471,0.0008522706,0.0014081086,0.0012652088,0.0016155032,0.0012676939,0.0015673396,0.0009678127,0.0015045897,0.0017372691,0.0012101392,0.0007980677,0.0016625501,0.0014418411,0.0012708846,0.0034765268
5_10524,5_10524.wav,original,5,Wind,3,True,Wind,Wind,False,True,0.0011573337,0.005029038,0.002720235,0.0018580639,0.9407799,0.001386119,0.0023950294,0.0027253134,0.0020452084,0.0020932367,0.0018067401,0.0021134408,0.002443543,0.0024246245,0.0027027216,0.0027629167,0.0023476894,0.0016280486,0.0034099442,0.0016871426,0.0020500864,0.0024887712,0.001990758,0.002803726,0.0019860503,0.0019478343,0.0012163915
5_10525,5_10525.wav,pitch_up_2,5,Wind,3,True,Wind,Wind,False,True,0.0014143614,0.0144820735,0.0015763364,0.0015268199,0.9299934,0.0015920149,0.0019476911,0.0023334771,0.0025044235,0.001852732,0.0021984186,0.0016792176,0.0023779047,0.002083407,0.0027558233,0.0027760596,0.0021027655,0.002265999,0.0028388791,0.0023677882,0.005534642,0.0022878402,0.001431462,0.0016466253,0.0028242625,0.002587246,0.0010183854
5_10527,5_10527.wav,original,5,Wind,3,True,Wind,Wind,False,True,0.00070287706,0.00041235404,0.0010344464,0.0029629301,0.9644432,0.0009701595,0.0010978947,0.0009733248,0.0015040966,0.0015625336,0.0014285928,0.0010559476,0.0014137393,0.0010857579,0.0016040365,0.00092715473,0.0014169632,0.0015157745,0.0013825065,0.0021822238,0.00080649956,0.0012985134,0.0008325291,0.00084507,0.0012074098,0.0011174454,0.0042158864
5_10532,5_10532.wav,original,5,Wind,3,True,Wind,Wind,False,True,0.0013652273,0.0008042708,0.0021917382,0.0016923832,0.9495314,0.0014627068,0.0020559744,0.0017982334,0.002192004,0.0023509525,0.0022333383,0.0021788983,0.00252008,0.0020778135,0.0022745428,0.0012177656,0.0025805982,0.0023289246,0.0019399356,0.001365094,0.0053065135,0.0016238127,0.0013407926,0.000817345,0.0018340755,0.0018262146,0.0010892862
5_10532,5_10532.wav,pitch_down_2,5,Wind,3,True,Wind,Wind,False,True,0.0013652273,0.0008042708,0.0021917382,0.0016923832,0.9495314,0.0014627068,0.0020559744,0.0017982334,0.002192004,0.0023509525,0.0022333383,0.0021788983,0.00252008,0.0020778135,0.0022745428,0.0012177656,0.0025805982,0.0023289246,0.0019399356,0.001365094,0.0053065135,0.0016238127,0.0013407926,0.000817345,0.0018340755,0.0018262146,0.0010892862
5_10537,5_10537.wav,original,5,Wind,3,True,Wind,Wind,False,True,0.0017342423,0.0027968101,0.0016181393,0.0016292849,0.94337636,0.0010152344,0.0028915734,0.0024892099,0.0011760654,0.0018130072,0.001699746,0.006183179,0.0020996595,0.001835046,0.0022823024,0.0026800304,0.0023393224,0.002991608,0.0018979358,0.0016647511,0.0016335986,0.0016429775,0.0014953571,0.001715933,0.0028210294,0.002458478,0.0020190375
5_10538,5_10538.wav,original,5,Wind,3,True,Wind,Wind,False,True,0.0011701876,0.0014138826,0.0012033245,0.0013687863,0.96013004,0.001940156,0.0018731769,0.0014920122,0.0015360769,0.0014606888,0.0015803702,0.0011456358,0.0020539977,0.0013540323,0.0019629996,0.0012471509,0.0014842936,0.0018162698,0.0015698392,0.0019301199,0.0024015123,0.0014379956,0.000791343,0.0011712787,0.0018351651,0.0015718307,0.0010578334
5_10538,5_10538.wav,pitch_down_2,5,Wind,3,True,Wind,Wind,False,True,0.0011701876,0.0014138826,0.0012033245,0.0013687863,0.96013004,0.001940156,0.0018731769,0.0014920122,0.0015360769,0.0014606888,0.0015803702,0.0011456358,0.0020539977,0.0013540323,0.0019629996,0.0012471509,0.0014842936,0.0018162698,0.0015698392,0.0019301199,0.0024015123,0.0014379956,0.000791343,0.0011712787,0.0018351651,0.0015718307,0.0010578334
5_10540,5_10540.wav,original,5,Wind,3,True,Wind,Wind,False,True,0.0011209288,0.0017817091,0.0014974112,0.0012739958,0.94812655,0.0025945383,0.0012951442,0.0015753596,0.0023096958,0.0017452206,0.002298493,0.003645514,0.0025589745,0.0016420302,0.0018384006,0.0017540632,0.0025248444,0.0020015067,0.002562234,0.0028637678,0.0012359422,0.0019783983,0.0017423207,0.001887497,0.0019486974,0.0016705509,0.0025261678
5_10541,5_10541.wav,original,5,Wind,3,True,Wind,Wind,False,True,0.008096701,0.030704921,0.0029612565,0.008423214,0.85194117,0.0295833,0.003583355,0.0025951436,0.0016383464,0.0033358906,0.002486128,0.0028178059,0.002451601,0.0026060706,0.0026225627,0.0037968655,0.004606239,0.0028477246,0.0041868654,0.003546156,0.0038708954,0.0025161502,0.0028053646,0.0007570908,0.0044195675,0.0029919269,0.007807586
5_10544,5_10544.wav,pitch_down_2,5,Wind,3,True,Wind,Wind,False,True,0.0011259667,0.0050268997,0.0021041876,0.0022699535,0.94126624,0.0012629781,0.0022310636,0.0027773369,0.0026726767,0.0020001319,0.002510104,0.0020701038,0.002283579,0.0025946882,0.002737031,0.0020218012,0.0029886502,0.0018933043,0.0024727208,0.0016767625,0.004110201,0.002050034,0.0016007577,0.00090110936,0.0022853687,0.0022660925,0.000800242
5_10545,5_10545.wav,pitch_down_2,5,Wind,3,True,Wind,Wind,False,True,0.0016288621,0.0013289857,0.0015164884,0.0033558037,0.9487154,0.0017326837,0.0017289832,0.0016338578,0.0020466931,0.0016256572,0.002242854,0.0010773948,0.0015897849,0.0018471595,0.0025269047,0.0015637511,0.0017078986,0.0017453148,0.0019945065,0.0030232763,0.005821934,0.0015585147,0.000791014,0.0009839105,0.0021032987,0.0020397408,0.0020693743
5_10546,5_10546.wav,original,5,Wind,3,True,Wind,Wind,False,True,0.0021173952,0.0021650628,0.0014162511,0.004068238,0.9398137,0.003937078,0.0023798433,0.002369569,0.0022085088,0.0019922887,0.0025335948,0.0014368696,0.0015756482,0.0029747912,0.0020632397,0.001921181,0.002008206,0.0020522603,0.0023143643,0.0027432945,0.004861628,0.0019992117,0.00081331184,0.0009333021,0.0024995385,0.0021603422,0.0026413084
5_10546,5_10546.wav,pitch_down_2,5,Wind,3,True,Wind,Wind,False,True,0.0021173952,0.0021650628,0.0014162511,0.004068238,0.9398137,0.003937078,0.0023798433,0.002369569,0.0022085088,0.0019922887,0.0025335948,0.0014368696,0.0015756482,0.0029747912,0.0020632397,0.001921181,0.002008206,0.0020522603,0.0023143643,0.0027432945,0.004861628,0.0019992117,0.00081331184,0.0009333021,0.0024995385,0.0021603422,0.0026413084
5_10550,5_10550.wav,pitch_up_2,5,Wind,3,True,Wind,Wind,False,True,0.0012239466,0.0011194925,0.0019350933,0.0013905683,0.9439552,0.0021894018,0.0023543586,0.002281035,0.0020960101,0.0022086713,0.0017619781,0.0020081236,0.0026799033,0.0019178326,0.0026058946,0.0011976814,0.0025960275,0.0026365279,0.0017062383,0.0016241727,0.009267381,0.0018705499,0.0012472816,0.0013014646,0.0019395082,0.0019650918,0.0009205585
5_10551,5_10551.wav,pitch_down_2,5,Wind,3,True,Wind,Wind,False,True,0.001139134,0.0033955572,0.0017479527,0.0016164319,0.94840145,0.000496254,0.0015847409,0.0015968751,0.0010005037,0.0019436058,0.0018018344,0.0019486503,0.0014376283,0.0017357236,0.002523877,0.0021757197,0.0020297957,0.0016229207,0.0020135755,0.0013404884,0.0032681925,0.0011217779,0.0019029392,0.0019465716,0.0017719553,0.0019927893,0.0064430726
5_10560,5_10560.wav,pitch_down_2,5,Wind,3,True,Wind,Wind,False,True,0.008695408,0.018074822,0.007721184,0.0038566806,0.7542476,0.019817758,0.00938724,0.005026687,0.009949521,0.004801584,0.012259361,0.005533152,0.007864947,0.0076383543,0.0074694236,0.0062851426,0.006285947,0.0029497177,0.006132702,0.0036429875,0.029715503,0.01157378,0.027060566,0.0071907174,0.0065045026,0.0051893736,0.0051253834
5_10560,5_10560.wav,pitch_up_2,5,Wind,3,True,Wind,Wind,False,True,0.008695408,0.018074822,0.007721184,0.0038566806,0.7542476,0.019817758,0.00938724,0.005026687,0.009949521,0.004801584,0.012259361,0.005533152,0.007864947,0.0076383543,0.0074694236,0.0062851426,0.006285947,0.0029497177,0.006132702,0.0036429875,0.029715503,0.01157378,0.027060566,0.0071907174,0.0065045026,0.0051893736,0.0051253834
5_10561,5_10561.wav,original,5,Wind,3,True,Wind,Wind,False,True,0.0014193993,0.003044565,0.0015937797,0.0011780647,0.94664544,0.00081615895,0.0011825791,0.0017523076,0.0014430974,0.001841112,0.0026380343,0.0036948733,0.0024163867,0.0020626497,0.0021108773,0.0018673143,0.002307938,0.0021513419,0.0027599253,0.0022818528,0.0021542727,0.003087181,0.0030454488,0.0014352138,0.0019229903,0.0016204956,0.0015267081
5_10562,5_10562.wav,original,5,Wind,3,True,Wind,Wind,False,True,0.0012529913,0.0008988644,0.0013910295,0.0011313953,0.9562926,0.0043595624,0.0016364629,0.001567382,0.0015691252,0.0014528782,0.0016928846,0.0011793865,0.0020667675,0.0013861762,0.00197092,0.0018161669,0.0018732157,0.001712426,0.0019935407,0.0015738542,0.0023272715,0.0018232224,0.0009539158,0.0011376181,0.0019514868,0.0019131652,0.0010756949
5_10563,5_10563.wav,original,5,Wind,3,True,Wind,Wind,False,True,0.0035479125,0.0013467054,0.0029411528,0.0016575292,0.9264459,0.0013840498,0.0034526214,0.002725431,0.0030662033,0.0019243695,0.002008291,0.0068868604,0.0021650833,0.0016736126,0.002677002,0.0028556362,0.0019699559,0.0020434738,0.0021444585,0.004384855,0.0025046228,0.0020127152,0.007610233,0.0026808344,0.002392126,0.0027428798,0.0027555272
5_10563,5_10563.wav,pitch_up_2,5,Wind,3,True,Wind,Wind,False,True,0.0035479125,0.0013467054,0.0029411528,0.0016575292,0.9264459,0.0013840498,0.0034526214,0.002725431,0.0030662033,0.0019243695,0.002008291,0.0068868604,0.0021650833,0.0016736126,0.002677002,0.0028556362,0.0019699559,0.0020434738,0.0021444585,0.004384855,0.0025046228,0.0020127152,0.007610233,0.0026808344,0.002392126,0.0027428798,0.0027555272
5_10564,5_10564.wav,original,5,Wind,3,True,Wind,Wind,False,True,0.0020936436,0.0013101381,0.0017334601,0.0013107961,0.9451974,0.0019127881,0.0029518504,0.0015537924,0.0014447966,0.0033750043,0.002174098,0.0031103275,0.002401773,0.001490839,0.0023652704,0.0021186594,0.0019022428,0.0018669119,0.0020900213,0.0020232599,0.0035687985,0.0022230418,0.0018864317,0.0019655467,0.0026195052,0.0020357482,0.0012737982
5_10566,5_10566.wav,pitch_up_2,5,Wind,3,True,Wind,Wind,False,True,0.009708899,0.010966423,0.0030701936,0.0032400799,0.9004481,0.0010408327,0.004112575,0.0033550896,0.0028010688,0.0024157234,0.0028037762,0.0023708201,0.0044151247,0.0028697897,0.003135739,0.0051808706,0.0024644788,0.0029562295,0.002515546,0.0037524886,0.007927553,0.0017638399,0.0020364735,0.0022623402,0.003583518,0.0034099107,0.005392579
5_10567,5_10567.wav,pitch_up_2,5,Wind,3,True,Wind,Wind,False,True,0.0019441233,0.015152623,0.0014540512,0.0010585411,0.92835736,0.0026859634,0.0019691437,0.002634648,0.0024963666,0.0027714532,0.0031530748,0.0034012469,0.0023010587,0.003067179,0.0023250214,0.0019206187,0.0032845729,0.0017677987,0.0026902426,0.0020320432,0.0025923566,0.0030827608,0.0011128426,0.0012271809,0.002297546,0.001986116,0.0012340712
5_10568,5_10568.wav,pitch_down_2,5,Wind,3,True,Wind,Wind,False,True,0.0027515579,0.0022869932,0.0017717318,0.0013755668,0.9571417,0.00031686877,0.0015643463,0.0013662366,0.0013079098,0.001362964,0.0020718686,0.0017766794,0.0021204606,0.0013728795,0.0013884692,0.002273354,0.0013757207,0.0020028448,0.0013436781,0.0019107424,0.0019267686,0.0018273114,0.0008927798,0.0016726721,0.0016592192,0.0019730076,0.0011655885
5_10568,5_10568.wav,pitch_up_2,5,Wind,3,True,Wind,Wind,False,True,0.0027515579,0.0022869932,0.0017717318,0.0013755668,0.9571417,0.00031686877,0.0015643463,0.0013662366,0.0013079098,0.001362964,0.0020718686,0.0017766794,0.0021204606,0.0013728795,0.0013884692,0.002273354,0.0013757207,0.0020028448,0.0013436781,0.0019107424,0.0019267686,0.0018273114,0.0008927798,0.0016726721,0.0016592192,0.0019730076,0.0011655885
5_10569,5_10569.wav,pitch_down_2,5,Wind,3,True,Wind,Wind,False,True,0.0016808318,0.00633426,0.0050159493,0.0116834,0.8188512,0.023270445,0.003992855,0.00244538,0.00379732,0.005422097,0.003670812,0.003863136,0.0063478365,0.0033790574,0.029990554,0.0030218835,0.0036445528,0.0025128368,0.0072130836,0.006693601,0.0009296993,0.0055909776,0.017399272,0.0021128454,0.0085054515,0.0035987187,0.009032077
5_10569,5_10569.wav,pitch_up_2,5,Wind,3,True,Wind,Wind,False,True,0.0016808318,0.00633426,0.0050159493,0.0116834,0.8188512,0.023270445,0.003992855,0.00244538,0.00379732,0.005422097,0.003670812,0.003863136,0.0063478365,0.0033790574,0.029990554,0.0030218835,0.0036445528,0.0025128368,0.0072130836,0.006693601,0.0009296993,0.0055909776,0.017399272,0.0021128454,0.0085054515,0.0035987187,0.009032077
5_10570,5_10570.wav,original,5,Wind,3,True,Wind,Wind,False,True,0.0022050592,0.0029572807,0.0015067346,0.0014612958,0.94039536,0.0015113958,0.0040612635,0.00219075,0.0020558548,0.0015522573,0.0024700863,0.0031841646,0.0028571251,0.0013982464,0.0019177942,0.00279323,0.002456535,0.0025780213,0.001358091,0.0024377096,0.0009095914,0.0018635943,0.001970168,0.0038901728,0.0028986305,0.0028089627,0.0023106972
5_10573,5_10573.wav,original,5,Wind,3,True,Wind,Wind,False,True,0.0014072593,0.001276092,0.001463629,0.0014820439,0.9521274,0.0018639219,0.004106434,0.0011583515,0.0013301071,0.001419128,0.0019375085,0.001954408,0.002149048,0.0013132346,0.001721512,0.0023702402,0.0021621722,0.0026489564,0.0012628151,0.0016784418,0.00079875,0.0012869694,0.0012577536,0.0023140253,0.0021664265,0.0021420312,0.003201331
5_10575,5_10575.wav,pitch_up_2,5,Wind,3,True,Wind,Wind,False,True,0.004917604,0.009188361,0.0026008168,0.0007740219,0.88332254,0.0016987656,0.006560719,0.0020802782,0.004366449,0.0015840469,0.0020024127,0.0033712639,0.0035525586,0.0040454087,0.002848596,0.0046395236,0.0033206253,0.0018560668,0.0034362723,0.003395034,0.0025825447,0.009992645,0.014514373,0.012184682,0.0019069202,0.004656125,0.0046012956
6_10601,6_10601.wav,original,6,Silence,3,True,Silence,Silence,False,True,0.022047527,0.0012997892,0.0024152577,0.0024689313,0.009400502,0.8754696,0.004086652,0.0022058275,0.0029252393,0.0026677402,0.0048592705,0.0024921668,0.0016174848,0.0033076408,0.001346875,0.0026313968,0.0031360805,0.0031261307,0.002020595,0.0048893057,0.002195394,0.0015816633,0.0038791427,0.0017372635,0.0034594669,0.003265749,0.029467314
6_10604,6_10604.wav,pitch_down_2,6,Silence,3,True,Silence,Silence,False,True,0.03557992,0.0016969526,0.00182126,0.0040034195,0.0021178143,0.8836761,0.008887213,0.0034626985,0.0023224142,0.0031112088,0.0039616697,0.002543227,0.0037029309,0.0023836517,0.0034592643,0.0046825446,0.0027694486,0.0027408416,0.0026066843,0.005443486,0.0024923778,0.0015534145,0.0009673068,0.0016985307,0.0036130787,0.002987413,0.0057151467
6_10606,6_10606.wav,pitch_down_2,6,Silence,3,True,Silence,Silence,False,True,0.0025131442,0.006499341,0.0025103174,0.0014752493,0.0007945413,0.95942277,0.0034277607,0.0019812274,0.0015273687,0.0012491777,0.0016228784,0.0008027,0.00088634255,0.0011453672,0.0010666955,0.0012308749,0.0013574935,0.000764261,0.0010946154,0.0010189125,0.0009766674,0.0011315581,0.00051718374,0.001134292,0.0015123294,0.00085692835,0.001480015
6_10609,6_10609.wav,original,6,Silence,3,True,Silence,Silence,False,True,0.0016164497,0.0012712068,0.0029336258,0.0022540353,0.0051794657,0.9177468,0.002211642,0.002737852,0.0039635296,0.0025039671,0.002638583,0.0015387973,0.0040846807,0.0029374517,0.0034559641,0.0024324416,0.0030893756,0.0046145557,0.0027993666,0.004343765,0.005950292,0.002599743,0.0024252844,0.0036612868,0.0046079434,0.0024550294,0.0039468925
6_10612,6_10612.wav,pitch_down_2,6,Silence,3,True,Silence,Silence,False,True,0.0007827167,0.001030838,0.0024200904,0.0015726859,0.0032147032,0.9526947,0.0015208017,0.0013358364,0.002507082,0.0012072698,0.0021519803,0.0015731785,0.001780373,0.0019192565,0.0022461622,0.0016532401,0.001300634,0.0012266309,0.0017483128,0.0015480019,0.0013616459,0.0031320674,0.0010551146,0.0040729833,0.0031513143,0.001135609,0.00065668154
6_10613,6_10613.wav,pitch_down_2,6,Silence,3,True,Silence,Silence,False,True,0.0023154414,0.0010279975,0.002528475,0.0012810818,0.0032692628,0.9394102,0.0020466403,0.002158654,0.0020489094,0.0023619905,0.0028265582,0.0017591175,0.0028310406,0.0021300782,0.0017236527,0.0021157376,0.003055999,0.0029874954,0.0025511158,0.0024204042,0.0017512246,0.00191704,0.0020475595,0.00394058,0.002191116,0.002545261,0.0027572932
6_10614,6_10614.wav,original,6,Silence,3,True,Silence,Silence,False,True,0.002530447,0.0010913395,0.0026563203,0.0014573014,0.004100987,0.9339557,0.0024624004,0.002445984,0.003428263,0.00270711,0.0022172646,0.0020316245,0.0030988595,0.0022699006,0.001615614,0.001744571,0.003724381,0.0029161528,0.0024344935,0.003822434,0.002830228,0.0022418888,0.002121825,0.0035206669,0.0021198494,0.0027714176,0.0016828654
6_10614,6_10614.wav,pitch_down_2,6,Silence,3,True,Silence,Silence,False,True,0.002530447,0.0010913395,0.0026563203,0.0014573014,0.004100987,0.9339557,0.0024624004,0.002445984,0.003428263,0.00270711,0.0022172646,0.0020316245,0.0030988595,0.0022699006,0.001615614,0.001744571,0.003724381,0.0029161528,0.0024344935,0.003822434,0.002830228,0.0022418888,0.002121825,0.0035206669,0.0021198494,0.0027714176,0.0016828654
6_10616,6_10616.wav,original,6,Silence,3,True,Silence,Silence,False,True,0.0016773269,0.0007567597,0.00265695,0.0010710721,0.0027393624,0.9481528,0.0019955186,0.0016833013,0.0028445497,0.0018712537,0.0020070907,0.0014120671,0.0024128354,0.0019444368,0.0016079358,0.0012540239,0.0026408338,0.0022366778,0.0021259326,0.0020371645,0.0024223987,0.0021944596,0.0022279036,0.0024284176,0.0020402367,0.002417817,0.0011409083
6_10618,6_10618.wav,pitch_down_2,6,Silence,3,True,Silence,Silence,False,True,0.0025719835,0.003575896,0.0022870668,0.003887186,0.0014821161,0.9165463,0.00267486,0.0042405133,0.00549761,0.0048538353,0.0049836985,0.0021950516,0.0019316669,0.0023143345,0.0024794026,0.0043886527,0.0027287798,0.0024306693,0.004941886,0.0015034596,0.0023286028,0.0035434312,0.001725441,0.002198027,0.0044632484,0.004007704,0.0042186766
6_10619,6_10619.wav,original,6,Silence,3,True,Silence,Silence,False,True,0.00188576,0.0019413767,0.0026891537,0.0012475675,0.0011636607,0.94562227,0.0026728187,0.0035515314,0.0017374303,0.0013609356,0.0013974308,0.003250194,0.0024323754,0.0021427341,0.0014762706,0.0032248646,0.0024586562,0.0016799625,0.0013435323,0.0013132343,0.0016796654,0.0016912924,0.0030259723,0.0015504658,0.0026065158,0.003123806,0.0017304934
6_10619,6_10619.wav,pitch_up_2,6,Silence,3,True,Silence,Silence,False,True,0.00188576,0.0019413767,0.0026891537,0.0012475675,0.0011636607,0.94562227,0.0026728187,0.0035515314,0.0017374303,0.0013609356,0.0013974308,0.003250194,0.0024323754,0.0021427341,0.0014762706,0.0032248646,0.0024586562,0.0016799625,0.0013435323,0.0013132343,0.0016796654,0.0016912924,0.0030259723,0.0015504658,0.0026065158,0.003123806,0.0017304934
6_10621,6_10621.wav,pitch_up_2,6,Silence,3,True,Silence,Silence,False,True,0.0009989752,0.00094211893,0.0038337484,0.0023243956,0.001755831,0.9311641,0.0033178988,0.0035783157,0.0047309916,0.0025071108,0.002542115,0.0019042135,0.001872723,0.0018169746,0.0027633412,0.0031481602,0.003494621,0.0041374937,0.0019048172,0.002015097,0.001795305,0.002368395,0.003672635,0.0016561481,0.0027642194,0.004142931,0.0028474443
6_10625,6_10625.wav,pitch_up_2,6,Silence,3,True,Silence,Silence,False,True,0.0014359258,0.0021084098,0.0020137655,0.0028142428,0.0009969862,0.95201683,0.002012158,0.0018449408,0.0027207714,0.0016505361,0.0015821592,0.002469754,0.0019786488,0.001397287,0.0014687177,0.0023145655,0.002099361,0.00157871,0.0017135213,0.0011010614,0.0017437328,0.0016367551,0.0020821206,0.0012312381,0.0021662144,0.002842712,0.0009788591
6_10630,6_10630.wav,pitch_up_2,6,Silence,3,True,Silence,Silence,False,True,0.0018841578,0.0029413982,0.0012248821,0.0009820623,0.00106099,0.95620775,0.0020790114,0.0021733919,0.0022649553,0.0019588491,0.0019134189,0.001230073,0.0018443358,0.0019907623,0.0015193607,0.0016472009,0.001659572,0.0017262842,0.0014423002,0.0018359841,0.00092561374,0.0014362694,0.0010639327,0.0012276625,0.0012338832,0.0015416493,0.0029842295
6_10631,6_10631.wav,original,6,Silence,3,True,Silence,Silence,False,True,0.0025760971,0.0067468695,0.0025331415,0.001821015,0.0026971565,0.92865586,0.0016026743,0.004247455,0.0026500851,0.0025842364,0.003236022,0.0018638521,0.00420472,0.0025489118,0.005665498,0.0026460642,0.0027903542,0.0032553321,0.0013893279,0.0017652091,0.0009215695,0.0021435672,0.0024899864,0.0022216563,0.0016255649,0.0026760164,0.0024418035
6_10634,6_10634.wav,pitch_down_2,6,Silence,3,True,Silence,Silence,False,True,0.0019523323,0.0019594776,0.0013875519,0.0011621207,0.00138806,0.9560974,0.0015158298,0.0012447508,0.0019262418,0.0017655935,0.002147916,0.0015277085,0.0022949365,0.0024453413,0.0010678773,0.0015302608,0.0019472676,0.0017558642,0.0011781239,0.0016411105,0.0005385975,0.0011327666,0.0032471428,0.0019064225,0.0013291701,0.0012463656,0.0026636284
6_10637,6_10637.wav,pitch_down_2,6,Silence,3,True,Silence,Silence,False,True,0.0032425588,0.0009647643,0.0022610647,0.0015913026,0.0022563722,0.9379504,0.0030485608,0.0021702172,0.0023416036,0.0017446433,0.0019005839,0.0039701965,0.0043292237,0.002263326,0.0031392975,0.0016828729,0.0019725861,0.0023271034,0.0018228166,0.0033338654,0.002904702,0.0013467562,0.002076464,0.0033239962,0.0017732438,0.0023505941,0.0019108901
6_10639,6_10639.wav,original,6,Silence,3,True,Silence,Silence,False,True,0.003542006,0.0011687836,0.002780361,0.0020620718,0.0032537475,0.93792933,0.0023996455,0.0026909427,0.0022009688,0.0028272981,0.002117423,0.0018398307,0.0023839322,0.0023126223,0.0019223491,0.002233648,0.0024844194,0.0026079312,0.0029447125,0.002447907,0.0044208765,0.0018706567,0.00095182867,0.0021156583,0.0024981692,0.0021338628,0.001859031
6_10639,6_10639.wav,pitch_up_2,6,Silence,3,True,Silence,Silence,False,True,0.003542006,0.0011687836,0.002780361,0.0020620718,0.0032537475,0.93792933,0.0023996455,0.0026909427,0.0022009688,0.0028272981,0.002117423,0.0018398307,0.0023839322,0.0023126223,0.0019223491,0.002233648,0.0024844194,0.0026079312,0.0029447125,0.002447907,0.0044208765,0.0018706567,0.00095182867,0.0021156583,0.0024981692,0.0021338628,0.001859031
6_10643,6_10643.wav,pitch_down_2,6,Silence,3,True,Silence,Silence,False,True,0.0036640286,0.0014597098,0.0031033184,0.00213195,0.0025005164,0.933573,0.0028472834,0.0032267713,0.0022893848,0.0030958515,0.001989359,0.001882726,0.0025482085,0.0023538072,0.0022919914,0.002437809,0.002600747,0.0025207407,0.0030346315,0.0024224564,0.0053165364,0.0020498286,0.0010773833,0.00248581,0.0026658252,0.002242141,0.0021881575
6_10644,6_10644.wav,original,6,Silence,3,True,Silence,Silence,False,True,0.003150374,0.0014967312,0.002642721,0.002250681,0.0013714065,0.94482213,0.0022064338,0.0027299775,0.0018505603,0.0025178483,0.0019389893,0.0017150441,0.0021158513,0.0021648908,0.0019134159,0.0022261206,0.0021956284,0.0019414391,0.0023367712,0.0021193775,0.0026851764,0.0020850499,0.0011249412,0.002258281,0.0023511618,0.0017660353,0.0020228617
6_10645,6_10645.wav,pitch_up_2,6,Silence,3,True,Silence,Silence,False,True,0.0031731084,0.0011235875,0.0027676364,0.0021076992,0.0017731263,0.94192314,0.0023535946,0.0026443799,0.0022196816,0.002818131,0.0019023648,0.001921285,0.0022708077,0.002190965,0.0019265601,0.0022085842,0.0025277652,0.0023784644,0.0026544146,0.0023312783,0.0032044137,0.001700555,0.0011693385,0.0020708172,0.002347448,0.0019493202,0.0023415138
6_10646,6_10646.wav,pitch_down_2,6,Silence,3,True,Silence,Silence,False,True,0.0016867764,0.0010750728,0.0021080615,0.0027032848,0.0016778605,0.9396038,0.0021823877,0.00189404,0.002919793,0.0032704955,0.002416618,0.0017810367,0.002898156,0.0017023259,0.003189755,0.0026717258,0.0018680259,0.0018665696,0.0015780734,0.0019944329,0.0038219977,0.0054959953,0.0015205693,0.0027825914,0.0026434932,0.0013070217,0.0013400303
6_10648,6_10648.wav,pitch_down_2,6,Silence,3,True,Silence,Silence,False,True,0.0034808202,0.013478656,0.0014303419,0.0010027089,0.00019956012,0.93437487,0.0026665935,0.0016232864,0.0015895377,0.0028918784,0.001900341,0.002596864,0.001566741,0.0013259979,0.0022195198,0.0017865036,0.0015886341,0.0020002231,0.0015856056,0.0017674743,0.005411045,0.0020714665,0.004388836,0.002047185,0.001655885,0.001721501,0.0016279159
6_10650,6_10650.wav,pitch_down_2,6,Silence,3,True,Silence,Silence,False,True,0.0026112644,0.008743017,0.0016304961,0.0014083016,0.0019004225,0.93700176,0.00214208,0.001174112,0.003460733,0.0025028102,0.0022279904,0.0018547225,0.0022628652,0.001359711,0.0021552148,0.0028612101,0.001773161,0.005381957,0.0013796283,0.0022614968,0.00252874,0.00284349,0.0019299159,0.0020304297,0.0022577534,0.0014481827,0.00086854957
6_10651,6_10651.wav,original,6,Silence,3,True,Silence,Silence,False,True,0.0023719333,0.0037562328,0.0013469713,0.001456288,0.000534613,0.9312789,0.003186799,0.002185724,0.0019685037,0.003627911,0.0023348357,0.0021344088,0.0025397423,0.0011043719,0.0039692395,0.0022024924,0.0020609177,0.0016858574,0.0031012131,0.0024733485,0.0046547707,0.0027830459,0.007988275,0.0038962178,0.0021546965,0.002451223,0.0007515174
6_10652,6_10652.wav,original,6,Silence,3,True,Silence,Silence,False,True,0.0025281755,0.0053064213,0.0032552497,0.00260818,0.00048504173,0.9426045,0.0023699657,0.0018846244,0.0018436029,0.0020410388,0.0016003433,0.0023837958,0.002160568,0.001419871,0.0015992397,0.0022123086,0.0015130182,0.0014942382,0.0020386095,0.0019844475,0.0041693044,0.0014996276,0.0041649155,0.0012756534,0.0027018015,0.0017277398,0.0011277676
6_10654,6_10654.wav,pitch_up_2,6,Silence,3,True,Silence,Silence,False,True,0.0022114778,0.00093105756,0.0014424667,0.0020706153,0.0029511706,0.9606557,0.001673865,0.0014002345,0.001369283,0.0011672577,0.0018898062,0.0008862222,0.0014561657,0.0014028869,0.0012256792,0.0012492359,0.0016322648,0.0012371036,0.0007786427,0.0017884574,0.0010257849,0.0010713411,0.00061943586,0.0019770649,0.003328748,0.0011419317,0.0014160316
6_10655,6_10655.wav,pitch_down_2,6,Silence,3,True,Silence,Silence,False,True,0.0022973332,0.015043373,0.0012820839,0.0011944881,0.003457294,0.93731016,0.0015244874,0.0014242446,0.0016227206,0.0016107867,0.0022890002,0.0011972241,0.0015847437,0.0018839241,0.0016139018,0.002554308,0.0022101006,0.0017051174,0.001370058,0.0023887234,0.0011126479,0.002440969,0.0011518019,0.0042790016,0.0022953432,0.0014202503,0.0017359139
6_10656,6_10656.wav,pitch_up_2,6,Silence,3,True,Silence,Silence,False,True,0.0023021929,0.003850293,0.0019271061,0.000889833,0.0025372177,0.9440308,0.0017373319,0.003728979,0.0019072403,0.0023396413,0.002082167,0.0020957754,0.0017954254,0.002124298,0.0013402476,0.0021379406,0.0021021916,0.0017170667,0.0018854017,0.0018357063,0.0031256175,0.0030001265,0.0015599668,0.0038415294,0.0018042574,0.0018400563,0.00046157534
6_10657,6_10657.wav,original,6,Silence,3,True,Silence,Silence,False,True,0.0016884604,0.0021897713,0.0014085745,0.0020654157,0.0049132057,0.9479637,0.0017953642,0.0015403508,0.0025002758,0.002006235,0.0016802714,0.0020205814,0.0016831522,0.0024094847,0.0015155529,0.0019662743,0.001846858,0.002001051,0.001852648,0.0022254193,0.002879685,0.0024427455,0.0012483102,0.001603796,0.001653648,0.0021222178,0.0007769138
6_10657,6_10657.wav,pitch_up_2,6,Silence,3,True,Silence,Silence,False,True,0.0016884604,0.0021897713,0.0014085745,0.0020654157,0.0049132057,0.9479637,0.0017953642,0.0015403508,0.0025002758,0.002006235,0.0016802714,0.0020205814,0.0016831522,0.0024094847,0.0015155529,0.0019662743,0.001846858,0.002001051,0.001852648,0.0022254193,0.002879685,0.0024427455,0.0012483102,0.001603796,0.001653648,0.0021222178,0.0007769138
6_10659,6_10659.wav,original,6,Silence,3,True,Silence,Silence,False,True,0.0016432116,0.0028020928,0.0017905663,0.0015357607,0.002229714,0.94978076,0.0012534611,0.0017305956,0.0018086232,0.0020885433,0.0024631263,0.0019402974,0.0017021814,0.0026831198,0.0013587419,0.0027222151,0.0020168826,0.0027539767,0.0017066355,0.0020039694,0.0015108571,0.0025925778,0.001311313,0.0014032215,0.0019047471,0.0019981961,0.0012645299
6_10660,6_10660.wav,pitch_up_2,6,Silence,3,True,Silence,Silence,False,True,0.0012210504,0.0028443616,0.0011017146,0.0011318641,0.002983079,0.9606212,0.0012563838,0.0011887752,0.0011196156,0.0014986807,0.0019049408,0.0014216044,0.0013944445,0.0014421031,0.001069557,0.0013353644,0.002013554,0.0017663449,0.001418966,0.0018045289,0.0006516482,0.0016719103,0.00084872294,0.0021319648,0.0017264625,0.0010514024,0.0013796956
6_10661,6_10661.wav,pitch_down_2,6,Silence,3,True,Silence,Silence,False,True,0.0013168734,0.0014756195,0.0018031029,0.0018872865,0.0015924551,0.9507323,0.0014897954,0.0017535347,0.002558108,0.0018368624,0.0024964411,0.0021937015,0.0018276633,0.002049463,0.0016528628,0.0026863376,0.0018555312,0.0020265465,0.0022222342,0.0017808586,0.0014674956,0.0024089345,0.0020695238,0.0020148684,0.0017888355,0.001608252,0.0014045495
6_10667,6_10667.wav,pitch_up_2,6,Silence,3,True,Silence,Silence,False,True,0.0023631565,0.0031832505,0.002006319,0.0017197983,0.0025324402,0.92936754,0.0025523424,0.0015633004,0.0026485592,0.0021065592,0.004160214,0.002958495,0.0023237446,0.004172317,0.0023081151,0.0029677122,0.0025089374,0.0033358708,0.0030996792,0.0031998733,0.007107305,0.0017844579,0.0018515723,0.0025993881,0.001956764,0.0023703154,0.0012519559
6_10669,6_10669.wav,pitch_down_2,6,Silence,3,True,Silence,Silence,False,True,0.0020114772,0.0024577747,0.0015134807,0.0014467862,0.0021162129,0.94019383,0.0025101416,0.0014044498,0.0018695178,0.0014929554,0.0029806998,0.0020890015,0.002743327,0.0029915364,0.0022028286,0.0046125385,0.0035387122,0.0029426345,0.0015075314,0.0015752345,0.001777541,0.0016931522,0.000785878,0.003984516,0.001927873,0.0018377657,0.0037926615
6_10670,6_10670.wav,pitch_down_2,6,Silence,3,True,Silence,Silence,False,True,0.0019910662,0.0024128773,0.0015516668,0.0014092848,0.0023613968,0.9400038,0.0024010143,0.001451159,0.0019129656,0.0015887081,0.0032629082,0.0021081173,0.0027528547,0.0030079645,0.0022322375,0.0043128547,0.0034732253,0.002956587,0.0015039208,0.00162868,0.0018958165,0.0016422388,0.0007905061,0.0038580054,0.0019246758,0.0018664208,0.0036990792
6_10671,6_10671.wav,original,6,Silence,3,True,Silence,Silence,False,True,0.00190818,0.0022554926,0.0018425691,0.00077901693,0.0024750785,0.9429597,0.0023619768,0.0010998683,0.0017849774,0.0015719478,0.0018749451,0.002066612,0.002502643,0.003765773,0.0021121649,0.0032035357,0.0026373162,0.0034306252,0.003144907,0.0021334447,0.0034359172,0.0017608454,0.0010659278,0.0021319815,0.0018085795,0.0025571913,0.00132879
6_10671,6_10671.wav,pitch_down_2,6,Silence,3,True,Silence,Silence,False,True,0.00190818,0.0022554926,0.0018425691,0.00077901693,0.0024750785,0.9429597,0.0023619768,0.0010998683,0.0017849774,0.0015719478,0.0018749451,0.002066612,0.002502643,0.003765773,0.0021121649,0.0032035357,0.0026373162,0.0034306252,0.003144907,0.0021334447,0.0034359172,0.0017608454,0.0010659278,0.0021319815,0.0018085795,0.0025571913,0.00132879
6_10672,6_10672.wav,original,6,Silence,3,False,Silence,Silence,False,True,0.0019880375,0.002147295,0.0013507631,0.0011679558,0.0025461332,0.94500977,0.0019973929,0.0011945153,0.001571745,0.0016826056,0.0026806344,0.0020498934,0.0021153411,0.0034525373,0.001981621,0.0018762058,0.0022819068,0.002770879,0.002400826,0.0018977905,0.007522093,0.0013492677,0.0009254976,0.0017505715,0.0021224641,0.001417201,0.0007490608
6_10672,6_10672.wav,pitch_down_2,6,Silence,3,False,Silence,Silence,False,True,0.0019880375,0.002147295,0.0013507631,0.0011679558,0.0025461332,0.94500977,0.0019973929,0.0011945153,0.001571745,0.0016826056,0.0026806344,0.0020498934,0.0021153411,0.0034525373,0.001981621,0.0018762058,0.0022819068,0.002770879,0.002400826,0.0018977905,0.007522093,0.0013492677,0.0009254976,0.0017505715,0.0021224641,0.001417201,0.0007490608
6_10672,6_10672.wav,pitch_up_2,6,Silence,3,False,Silence,Silence,False,True,0.0019880375,0.002147295,0.0013507631,0.0011679558,0.0025461332,0.94500977,0.0019973929,0.0011945153,0.001571745,0.0016826056,0.0026806344,0.0020498934,0.0021153411,0.0034525373,0.001981621,0.0018762058,0.0022819068,0.002770879,0.002400826,0.0018977905,0.007522093,0.0013492677,0.0009254976,0.0017505715,0.0021224641,0.001417201,0.0007490608
6_10673,6_10673.wav,pitch_up_2,6,Silence,3,True,Silence,Silence,False,True,0.0015708958,0.0014566613,0.0010545615,0.0020058951,0.001302842,0.9556616,0.002124601,0.0008653637,0.0013468731,0.0012675627,0.0014629302,0.002386288,0.0022669814,0.0036911212,0.0016842653,0.0023399421,0.0017069295,0.0022917136,0.0012368662,0.0013279738,0.001783059,0.0009225814,0.0008699179,0.0018825956,0.002021366,0.0013652652,0.002103246
7_10704,7_10704.wav,pitch_down_2,7,TreeFalling,3,True,TreeFalling,TreeFalling,False,True,0.0044268067,0.0010785732,0.0030799054,0.0031822033,0.0018959314,0.0026155624,0.93831474,0.0021795053,0.0015770405,0.0023537916,0.0020014758,0.0025768608,0.008542557,0.001621209,0.0012940693,0.00083904475,0.0019692515,0.0032941913,0.00077826116,0.0013961293,0.003200016,0.0020286536,0.0024427853,0.000992821,0.0018687947,0.0023457457,0.0021040959
7_10706,7_10706.wav,pitch_down_2,7,TreeFalling,3,True,TreeFalling,TreeFalling,False,True,0.0014239233,0.0009531786,0.002376932,0.001926452,0.0012900505,0.002053853,0.9465808,0.0018048817,0.0017152969,0.0014164752,0.0010818928,0.0013333074,0.004714483,0.0019710867,0.0019531413,0.00073316833,0.0023836012,0.0026842076,0.0013457224,0.0015291992,0.0032269992,0.0030484458,0.0014345398,0.004549515,0.002431603,0.0018081288,0.0022290784
7_10709,7_10709.wav,original,7,TreeFalling,3,True,TreeFalling,TreeFalling,False,True,0.0011112392,0.00086445775,0.0011096316,0.00084486004,0.0025127707,0.0028359948,0.9482921,0.0014000534,0.0012113688,0.0036145134,0.0012261386,0.0015902041,0.0023713557,0.0024182966,0.0018457529,0.0062824213,0.001646075,0.0022433654,0.0024828787,0.0018617244,0.0018968416,0.0015059145,0.0011906187,0.0017069685,0.0018463196,0.0020987364,0.0019893479
7_10709,7_10709.wav,pitch_down_2,7,TreeFalling,3,True,TreeFalling,TreeFalling,False,True,0.0011112392,0.00086445775,0.0011096316,0.00084486004,0.0025127707,0.0028359948,0.9482921,0.0014000534,0.0012113688,0.0036145134,0.0012261386,0.0015902041,0.0023713557,0.0024182966,0.0018457529,0.0062824213,0.001646075,0.0022433654,0.0024828787,0.0018617244,0.0018968416,0.0015059145,0.0011906187,0.0017069685,0.0018463196,0.0020987364,0.0019893479
7_10710,7_10710.wav,pitch_down_2,7,TreeFalling,3,True,TreeFalling,TreeFalling,False,True,0.0018112077,0.0014615706,0.0016297713,0.0012333704,0.0025283166,0.0020035212,0.94923115,0.0017532455,0.0038512305,0.0014956049,0.001660009,0.0020198135,0.0018184822,0.0035529563,0.0020468615,0.0010112,0.0022287525,0.0013173443,0.0021124089,0.0014628234,0.0014570813,0.0016808814,0.0021427323,0.0028590579,0.0021550893,0.0017914367,0.0016840426
7_10711,7_10711.wav,pitch_up_2,7,TreeFalling,3,True,TreeFalling,TreeFalling,False,True,0.001021018,0.0012094649,0.0020425273,0.0013982864,0.0030390748,0.0019491739,0.953223,0.0015837275,0.0017588296,0.0016657589,0.0015190997,0.0025702047,0.0019138547,0.0012024025,0.0016483866,0.0010590238,0.0020341473,0.0012095164,0.0033273483,0.0012688596,0.0015676446,0.0017588539,0.0021391218,0.002530969,0.0024793043,0.0014625966,0.001417765
7_10712,7_10712.wav,pitch_down_2,7,TreeFalling,3,True,TreeFalling,TreeFalling,False,True,0.0023488582,0.002592819,0.040696338,0.004151109,0.0072652013,0.003799855,0.8616679,0.005095246,0.004240299,0.0024945114,0.0029105542,0.0043483665,0.0029575743,0.0013891873,0.015636863,0.0017670955,0.0039951573,0.0015511493,0.005327312,0.003557696,0.004095633,0.004142294,0.003088383,0.002332133,0.0027732225,0.002709191,0.0030661225
7_10712,7_10712.wav,pitch_up_2,7,TreeFalling,3,True,TreeFalling,TreeFalling,False,True,0.0023488582,0.002592819,0.040696338,0.004151109,0.0072652013,0.003799855,0.8616679,0.005095246,0.004240299,0.0024945114,0.0029105542,0.0043483665,0.0029575743,0.0013891873,0.015636863,0.0017670955,0.0039951573,0.0015511493,0.005327312,0.003557696,0.004095633,0.004142294,0.003088383,0.002332133,0.0027732225,0.002709191,0.0030661225
7_10713,7_10713.wav,pitch_up_2,7,TreeFalling,3,True,TreeFalling,TreeFalling,False,True,0.0016016205,0.0010280637,0.0035187618,0.0016525754,0.002109768,0.0016178427,0.95238227,0.0013286135,0.004782961,0.0012726393,0.0014019553,0.001689589,0.0011899127,0.0032291303,0.0018711254,0.00081925653,0.0017518979,0.0011409973,0.0015285308,0.0014962301,0.0016458892,0.0017198902,0.0015574828,0.0024753832,0.0021994577,0.0015063677,0.0014819076
7_10714,7_10714.wav,original,7,TreeFalling,3,True,TreeFalling,TreeFalling,False,True,0.0014555696,0.00076200574,0.0020243288,0.0013378859,0.003175257,0.0016754428,0.9578195,0.0015979124,0.0027103068,0.000800283,0.001769914,0.0017451318,0.001276899,0.000982116,0.0018699938,0.00070478884,0.0015075224,0.0010720706,0.0011851791,0.0017972257,0.0012220108,0.0019622557,0.0018763464,0.0033391546,0.0019291771,0.0012363383,0.0011652964
7_10714,7_10714.wav,pitch_up_2,7,TreeFalling,3,True,TreeFalling,TreeFalling,False,True,0.0014555696,0.00076200574,0.0020243288,0.0013378859,0.003175257,0.0016754428,0.9578195,0.0015979124,0.0027103068,0.000800283,0.001769914,0.0017451318,0.001276899,0.000982116,0.0018699938,0.00070478884,0.0015075224,0.0010720706,0.0011851791,0.0017972257,0.0012220108,0.0019622557,0.0018763464,0.0033391546,0.0019291771,0.0012363383,0.0011652964
7_10717,7_10717.wav,pitch_up_2,7,TreeFalling,3,True,TreeFalling,TreeFalling,False,True,0.001551049,0.0036789214,0.001320369,0.0024589014,0.0014967514,0.0019846654,0.94439596,0.0016698097,0.0014325912,0.001009199,0.0011533442,0.0018088553,0.009477609,0.0011847869,0.0013987742,0.0010932643,0.0017630067,0.0023382267,0.0008286159,0.0022455275,0.001753449,0.0012556057,0.0015374391,0.0036705115,0.0025304041,0.0019230464,0.003039318
7_10718,7_10718.wav,pitch_up_2,7,TreeFalling,3,True,TreeFalling,TreeFalling,False,True,0.0018152086,0.0010402842,0.001771173,0.0021563412,0.0012427898,0.0023725044,0.94427615,0.0022489447,0.001173662,0.0015131589,0.0049930993,0.001475901,0.0012300308,0.0033030577,0.0053646197,0.0030822083,0.0020406523,0.003675788,0.0008035679,0.00116416,0.0032007436,0.0012182747,0.0015340756,0.0010077307,0.0016173911,0.0025436438,0.002134826
7_10719,7_10719.wav,original,7,TreeFalling,3,True,TreeFalling,TreeFalling,False,True,0.00189366,0.0011436678,0.0012606503,0.0020161446,0.0010690531,0.0012802441,0.9569463,0.0017045505,0.0018681429,0.00147798,0.0039974633,0.0010360103,0.0009958938,0.0017636302,0.0033385847,0.0027224452,0.0019622247,0.0018193914,0.0011089807,0.00086685206,0.001899703,0.0012629572,0.0014814078,0.00071873254,0.0010400865,0.0017675335,0.0015576687
7_10719,7_10719.wav,pitch_down_2,7,TreeFalling,3,True,TreeFalling,TreeFalling,False,True,0.00189366,0.0011436678,0.0012606503,0.0020161446,0.0010690531,0.0012802441,0.9569463,0.0017045505,0.0018681429,0.00147798,0.0039974633,0.0010360103,0.0009958938,0.0017636302,0.0033385847,0.0027224452,0.0019622247,0.0018193914,0.0011089807,0.00086685206,0.001899703,0.0012629572,0.0014814078,0.00071873254,0.0010400865,0.0017675335,0.0015576687
7_10721,7_10721.wav,original,7,TreeFalling,3,True,TreeFalling,TreeFalling,False,True,0.0018527879,0.0015409989,0.0018761886,0.0011265593,0.0024422836,0.0019576927,0.95251364,0.0015657935,0.0015441912,0.0016378005,0.001499489,0.0014638758,0.0014361994,0.0049360464,0.0014588536,0.0020286662,0.0011578068,0.0013573134,0.00168662,0.0026489247,0.0017816926,0.0017994778,0.0024070102,0.0015418906,0.0013988231,0.0018234655,0.001515953
7_10723,7_10723.wav,pitch_up_2,7,TreeFalling,3,True,TreeFalling,TreeFalling,False,True,0.0028913154,0.0015864064,0.0009372045,0.002362053,0.004537258,0.0020732402,0.9369857,0.001871966,0.003078696,0.001768772,0.0019099865,0.002477804,0.0021887615,0.005452601,0.0017043605,0.0019801604,0.0020692374,0.0025278032,0.0017812276,0.0046246187,0.0013407381,0.0017785104,0.0027142335,0.0022109959,0.0027381238,0.002342676,0.0020656066
7_10725,7_10725.wav,original,7,TreeFalling,3,True,TreeFalling,TreeFalling,False,True,0.0013531434,0.001696662,0.002503324,0.0009514223,0.0016708387,0.0019004446,0.9578201,0.0011734335,0.0014717635,0.0022706545,0.0009962511,0.0013457816,0.0025206285,0.002155587,0.0012597699,0.0015331674,0.0018865283,0.0019657405,0.0005935302,0.0012493258,0.0014729854,0.0015916185,0.0017777659,0.0013524968,0.0031049047,0.001307665,0.0010745133
7_10727,7_10727.wav,pitch_up_2,7,TreeFalling,3,True,TreeFalling,TreeFalling,False,True,0.0015599144,0.001989831,0.0030086704,0.0013358413,0.0027901211,0.0021083923,0.9314241,0.0024248764,0.0027098677,0.015478563,0.0012680748,0.0021482501,0.0025043674,0.0013344674,0.0013163501,0.0024064581,0.0029574486,0.0019461038,0.0006240206,0.0019427603,0.0016888458,0.0021796993,0.002072206,0.005257027,0.0022501552,0.0017772267,0.0014964029
7_10733,7_10733.wav,pitch_down_2,7,TreeFalling,3,True,TreeFalling,TreeFalling,False,True,0.0016050771,0.0034825706,0.0019383599,0.0043767067,0.003250614,0.001975774,0.9424781,0.0043339725,0.0028633727,0.001518019,0.0017014155,0.0013290743,0.0020086935,0.001573734,0.0012020528,0.0015419364,0.0020891263,0.002109464,0.0010165962,0.0033155046,0.0018187474,0.002195922,0.0014180728,0.0028523013,0.0022097258,0.0018647105,0.0019303234
7_10735,7_10735.wav,pitch_down_2,7,TreeFalling,3,True,TreeFalling,TreeFalling,False,True,0.0025225747,0.0015036276,0.0027517301,0.002395696,0.0020019615,0.0032095509,0.91702557,0.004076808,0.0012697236,0.0023440542,0.0011724035,0.005810994,0.0011179551,0.004388744,0.0073007345,0.0022683856,0.003849656,0.0014049588,0.0054922313,0.003123252,0.002763749,0.0047859275,0.003190018,0.005054571,0.0042387657,0.002874419,0.0020619808
7_10736,7_10736.wav,pitch_up_2,7,TreeFalling,3,True,TreeFalling,TreeFalling,False,True,0.0010922477,0.0029308358,0.0028242592,0.001382158,0.0019112319,0.0021750305,0.94289523,0.0024731078,0.0022032878,0.0020648965,0.002980143,0.0031060677,0.0019492136,0.0016422152,0.0019014325,0.0020678348,0.0020772254,0.0016091542,0.0009244448,0.0012823342,0.0013542214,0.0023020844,0.0028891477,0.006601216,0.0019748376,0.0016014208,0.0017846306
7_10737,7_10737.wav,original,7,TreeFalling,3,True,TreeFalling,TreeFalling,False,True,0.001274984,0.0032631427,0.0018197402,0.0014537545,0.0017683081,0.0024471348,0.9306793,0.0020970914,0.0020095543,0.0012792,0.00087212655,0.002996697,0.0179447,0.0028642535,0.0020172114,0.0012091057,0.0017140768,0.002408813,0.00136638,0.0024745555,0.0030477662,0.0022335907,0.001894008,0.00240164,0.0025176425,0.0022492486,0.0016960003
7_10737,7_10737.wav,pitch_up_2,7,TreeFalling,3,True,TreeFalling,TreeFalling,False,True,0.001274984,0.0032631427,0.0018197402,0.0014537545,0.0017683081,0.0024471348,0.9306793,0.0020970914,0.0020095543,0.0012792,0.00087212655,0.002996697,0.0179447,0.0028642535,0.0020172114,0.0012091057,0.0017140768,0.002408813,0.00136638,0.0024745555,0.0030477662,0.0022335907,0.001894008,0.00240164,0.0025176425,0.0022492486,0.0016960003
7_10738,7_10738.wav,pitch_down_2,7,TreeFalling,3,True,TreeFalling,TreeFalling,False,True,0.002457222,0.0011509049,0.0019457933,0.0027570596,0.0017537703,0.0025715083,0.9408205,0.0033604864,0.001737418,0.0014060641,0.0013701582,0.0013986677,0.0024825356,0.0016809992,0.0011919899,0.001413187,0.0025484285,0.002659348,0.0031719403,0.003177153,0.0033273941,0.0015768929,0.0015977627,0.004391972,0.0026618065,0.002636343,0.0027526629
7_10739,7_10739.wav,original,7,TreeFalling,3,True,TreeFalling,TreeFalling,False,True,0.005131912,0.0014027165,0.0041403365,0.00260841,0.0024036681,0.003811952,0.8680494,0.004370487,0.0029829163,0.004921365,0.0027924953,0.006155474,0.030366838,0.0045756674,0.0029398806,0.0065918774,0.0044052745,0.0035352753,0.004322087,0.00865941,0.0056568254,0.0039777695,0.002380534,0.0034282126,0.0030646499,0.0033544905,0.003970088
7_10743,7_10743.wav,pitch_up_2,7,TreeFalling,3,True,TreeFalling,TreeFalling,False,True,0.0032372326,0.0024254746,0.0023071363,0.004471541,0.0016810354,0.0037005087,0.92343783,0.0028945077,0.0019238414,0.0014212789,0.0013470588,0.0016719025,0.0083809495,0.0015086262,0.0021788266,0.0014446314,0.0027031181,0.00274203,0.0052788644,0.002663401,0.0017107744,0.0022118317,0.0019563453,0.008285135,0.002570113,0.0024209956,0.0034250387
7_10744,7_10744.wav,pitch_down_2,7,TreeFalling,3,True,TreeFalling,TreeFalling,False,True,0.0009780894,0.0011377977,0.0030192863,0.00074842974,0.0011566379,0.0012322838,0.96368915,0.0012714299,0.0019082507,0.0009520866,0.0009506548,0.00094212405,0.0015765146,0.001716493,0.0014683582,0.0012352541,0.0014682785,0.002090028,0.0010624574,0.0021854478,0.0010678993,0.001674215,0.0012863913,0.0012388302,0.0013981784,0.0011952808,0.0013501294
7_10750,7_10750.wav,original,7,TreeFalling,3,False,TreeFalling,TreeFalling,False,True,0.006110057,0.0016958829,0.0019617511,0.0043964274,0.0032647585,0.0040601753,0.86751515,0.005607765,0.0026863085,0.0074794367,0.0024027617,0.0033665353,0.014601688,0.006192585,0.0033341628,0.013460216,0.006496452,0.005138909,0.001598951,0.008863717,0.0074222325,0.004588574,0.0025704438,0.0014206684,0.004084459,0.0044966806,0.005183272
7_10750,7_10750.wav,pitch_down_2,7,TreeFalling,3,False,TreeFalling,TreeFalling,False,True,0.006110057,0.0016958829,0.0019617511,0.0043964274,0.0032647585,0.0040601753,0.86751515,0.005607765,0.0026863085,0.0074794367,0.0024027617,0.0033665353,0.014601688,0.006192585,0.0033341628,0.013460216,0.006496452,0.005138909,0.001598951,0.008863717,0.0074222325,0.004588574,0.0025704438,0.0014206684,0.004084459,0.0044966806,0.005183272
7_10750,7_10750.wav,pitch_up_2,7,TreeFalling,3,False,TreeFalling,TreeFalling,False,True,0.006110057,0.0016958829,0.0019617511,0.0043964274,0.0032647585,0.0040601753,0.86751515,0.005607765,0.0026863085,0.0074794367,0.0024027617,0.0033665353,0.014601688,0.006192585,0.0033341628,0.013460216,0.006496452,0.005138909,0.001598951,0.008863717,0.0074222325,0.004588574,0.0025704438,0.0014206684,0.004084459,0.0044966806,0.005183272
7_10751,7_10751.wav,pitch_down_2,7,TreeFalling,3,True,TreeFalling,TreeFalling,False,True,0.005348773,0.0039406815,0.009482679,0.0037844246,0.0026688073,0.004881392,0.89625764,0.0022819221,0.0012198689,0.0031752212,0.0019998357,0.0016273762,0.0023701321,0.014538567,0.015333335,0.0022709172,0.003501556,0.0019632552,0.0031875893,0.003552132,0.002158126,0.0026369256,0.0033826903,0.0010760744,0.0026406234,0.0027647999,0.0019547371
7_10752,7_10752.wav,original,7,TreeFalling,3,True,TreeFalling,TreeFalling,False,True,0.0022579234,0.0014510895,0.01103147,0.0027791664,0.0017586659,0.0029243862,0.9375463,0.0019970369,0.0023620303,0.002408619,0.0019752274,0.0011885702,0.001132677,0.002978621,0.0010007218,0.0018178695,0.0017769905,0.0022389444,0.0016028424,0.0023147322,0.00264196,0.0024640271,0.0019685624,0.001615407,0.0020861113,0.0018114103,0.0028686242
7_10755,7_10755.wav,pitch_down_2,7,TreeFalling,3,True,TreeFalling,TreeFalling,False,True,0.0043707914,0.0021491656,0.0015445749,0.0020474058,0.0013482332,0.0019952757,0.9458317,0.0017054904,0.0027853278,0.0011140262,0.002955648,0.002421888,0.0014162547,0.00549799,0.0015500906,0.0012500397,0.0021840194,0.0013893782,0.0014539128,0.0015558862,0.0019732066,0.002017681,0.0017658182,0.0020276855,0.0014131424,0.0015218806,0.002713535
7_10757,7_10757.wav,pitch_up_2,7,TreeFalling,3,True,TreeFalling,TreeFalling,False,True,0.0022957812,0.0015499227,0.0029083325,0.0027248638,0.0020452002,0.0022427198,0.9423511,0.0029002398,0.0013963617,0.0016116778,0.0018297719,0.002709042,0.0017208989,0.001994585,0.002416041,0.0017411526,0.0027798235,0.0019621162,0.0013409429,0.0016896604,0.0020435806,0.0025178662,0.0016037943,0.005801341,0.001462603,0.0021150028,0.0022456173
7_10758,7_10758.wav,original,7,TreeFalling,3,True,TreeFalling,TreeFalling,False,True,0.0016030576,0.0010959936,0.002179587,0.0013190998,0.0016089304,0.0018969345,0.9567582,0.0017164968,0.00086987315,0.0018062949,0.0016428324,0.0024150908,0.0017202416,0.0012679879,0.0010661605,0.0010287656,0.0016658778,0.0018893102,0.0010736561,0.0020514478,0.0019183472,0.0016640105,0.0016486301,0.0030251145,0.0016991007,0.0016789351,0.0016900492
7_10761,7_10761.wav,original,7,TreeFalling,3,True,TreeFalling,TreeFalling,False,True,0.003256052,0.00089924195,0.003378181,0.0020144067,0.0017997412,0.0018130037,0.9583033,0.0013112315,0.0012835484,0.0014311495,0.00093277264,0.0013878782,0.00084749184,0.002625156,0.0011719271,0.0010069727,0.0013578684,0.0015073637,0.0009933239,0.001764427,0.002177303,0.0014577481,0.0014818638,0.0010826564,0.0012789372,0.0015796195,0.0018568326
7_10763,7_10763.wav,original,7,TreeFalling,3,True,TreeFalling,TreeFalling,False,True,0.0047291527,0.0018747401,0.0021868944,0.0017860547,0.0020874627,0.004419282,0.91919583,0.004085262,0.0029719258,0.003578636,0.0032344728,0.0024036588,0.002294686,0.0022313236,0.0011698902,0.002738012,0.0025455353,0.0035889295,0.0026408937,0.011359324,0.002702825,0.004356361,0.00200986,0.0016798369,0.0026205766,0.0032926633,0.002215843
7_10764,7_10764.wav,original,7,TreeFalling,3,True,TreeFalling,TreeFalling,False,True,0.002021157,0.0016188404,0.0013906542,0.0016228777,0.0015904455,0.0027389023,0.93294215,0.0021445812,0.0028652514,0.0024000031,0.0043355394,0.002463923,0.0020540033,0.0017067824,0.0025676554,0.0020915426,0.002216378,0.0025822883,0.0017458657,0.004599776,0.0017210728,0.003656975,0.0014031982,0.006311444,0.002035071,0.003832562,0.0033410385
7_10765,7_10765.wav,original,7,TreeFalling,3,True,TreeFalling,TreeFalling,False,True,0.009957238,0.021367805,0.007215908,0.0065470594,0.0053639016,0.005384328,0.6307916,0.0030318145,0.08502095,0.020711245,0.027793095,0.0742284,0.003713567,0.004930026,0.0053128325,0.007221153,0.005972715,0.0076419287,0.007376319,0.00659424,0.0064836345,0.006394503,0.0039544227,0.006162711,0.010455623,0.0080000935,0.012372798
7_10765,7_10765.wav,pitch_down_2,7,TreeFalling,3,True,TreeFalling,TreeFalling,False,True,0.009957238,0.021367805,0.007215908,0.0065470594,0.0053639016,0.005384328,0.6307916,0.0030318145,0.08502095,0.020711245,0.027793095,0.0742284,0.003713567,0.004930026,0.0053128325,0.007221153,0.005972715,0.0076419287,0.007376319,0.00659424,0.0064836345,0.006394503,0.0039544227,0.006162711,0.010455623,0.0080000935,0.012372798
7_10771,7_10771.wav,original,7,TreeFalling,3,True,TreeFalling,TreeFalling,False,True,0.0019455384,0.0014504279,0.00172239,0.0023051028,0.0031392667,0.0017633456,0.9452415,0.0016511214,0.0024364206,0.0014227224,0.0018688535,0.0021488236,0.001541255,0.004350244,0.0012399579,0.0018297299,0.0018883119,0.002388743,0.0016181538,0.003941187,0.0017562049,0.0018077757,0.002582627,0.0019620208,0.0022401682,0.0022168614,0.00154119
7_10772,7_10772.wav,pitch_up_2,7,TreeFalling,3,True,TreeFalling,TreeFalling,False,True,0.0060347393,0.0016196113,0.001842193,0.0016236292,0.0045761373,0.0058108685,0.8928165,0.003373286,0.013422818,0.003835462,0.011723819,0.003778753,0.006881807,0.003926203,0.0021381897,0.0020503567,0.0030699354,0.0026624743,0.0025099614,0.0028692354,0.0033453417,0.0024059985,0.0020012206,0.005653148,0.0016227752,0.0040155724,0.004389941
7_10773,7_10773.wav,original,7,TreeFalling,3,True,TreeFalling,TreeFalling,False,True,0.0020791716,0.003881533,0.0036018577,0.0022653711,0.005889539,0.0025057865,0.91023165,0.0024620488,0.0028154596,0.0017058877,0.0056430963,0.0060276543,0.00380975,0.0016701948,0.003510452,0.003911374,0.0023343267,0.0029065402,0.0025572772,0.0020988185,0.001980115,0.0072598103,0.005430697,0.005292459,0.0047339024,0.0018972323,0.001497992
7_10774,7_10774.wav,pitch_up_2,7,TreeFalling,3,True,TreeFalling,TreeFalling,False,True,0.0020531125,0.0012106122,0.0021604404,0.0018360937,0.0016028099,0.0026840307,0.94289297,0.0017156219,0.0011509425,0.0022705777,0.0025597801,0.00461998,0.0017953501,0.001438274,0.0017458871,0.0011523672,0.0018842822,0.0019009582,0.0012547143,0.0028583584,0.0025248334,0.0017267292,0.0019043806,0.006479617,0.0021261454,0.0026819455,0.0017692065
8_10802,8_10802.wav,pitch_up_2,8,Helicopter,3,True,Helicopter,Helicopter,False,True,0.0012544026,0.0008098286,0.001788203,0.001309277,0.0007450659,0.0012394394,0.001895573,0.9656523,0.0015528904,0.0014919458,0.00094747776,0.0008601341,0.0016512993,0.0010862252,0.0015491185,0.001402045,0.0013551855,0.0014816587,0.0011993175,0.0013258057,0.000999462,0.0015224443,0.001519301,0.0013279115,0.0011263265,0.0011865526,0.0017208402
8_10805,8_10805.wav,original,8,Helicopter,3,True,Helicopter,Helicopter,False,True,0.0022317292,0.0013375509,0.0020411087,0.0008672423,0.0008656884,0.0009276894,0.0012234665,0.95623165,0.0011445581,0.0012893792,0.001253747,0.0021931494,0.0014796882,0.00160664,0.0012568735,0.0013885187,0.0016918184,0.0026681384,0.0013987251,0.0013441815,0.003958165,0.0012538548,0.0043113264,0.0020723438,0.0012078715,0.0018166289,0.0009382433
8_10810,8_10810.wav,original,8,Helicopter,3,True,Helicopter,Helicopter,False,True,0.0024065322,0.0026904705,0.001302933,0.002933957,0.0013775866,0.0016252841,0.00198283,0.94616175,0.0016353015,0.0020206913,0.0034706558,0.0008340674,0.0024600755,0.0025622374,0.0013952908,0.0020899733,0.0025655413,0.0025333026,0.0021890893,0.0017894874,0.0012357109,0.0019299937,0.0022654186,0.0018064379,0.0027912098,0.001708418,0.0022357674
8_10811,8_10811.wav,pitch_up_2,8,Helicopter,3,True,Helicopter,Helicopter,False,True,0.0024065322,0.0026904705,0.001302933,0.002933957,0.0013775866,0.0016252841,0.00198283,0.94616175,0.0016353015,0.0020206913,0.0034706558,0.0008340674,0.0024600755,0.0025622374,0.0013952908,0.0020899733,0.0025655413,0.0025333026,0.0021890893,0.0017894874,0.0012357109,0.0019299937,0.0022654186,0.0018064379,0.0027912098,0.001708418,0.0022357674
8_10813,8_10813.wav,original,8,Helicopter,3,True,Helicopter,Helicopter,False,True,0.001607681,0.0017745603,0.002101382,0.0021192424,0.0013413006,0.001767511,0.0021586171,0.94216394,0.001166783,0.0042630443,0.0023152987,0.0021613871,0.002502715,0.0019722728,0.002618867,0.0016994175,0.0017149226,0.0025623792,0.0016480554,0.0013306608,0.0016689091,0.0039103446,0.0049667936,0.0024408614,0.0025771575,0.0019398473,0.0015060453
8_10813,8_10813.wav,pitch_down_2,8,Helicopter,3,True,Helicopter,Helicopter,False,True,0.001607681,0.0017745603,0.002101382,0.0021192424,0.0013413006,0.001767511,0.0021586171,0.94216394,0.001166783,0.0042630443,0.0023152987,0.0021613871,0.002502715,0.0019722728,0.002618867,0.0016994175,0.0017149226,0.0025623792,0.0016480554,0.0013306608,0.0016689091,0.0039103446,0.0049667936,0.0024408614,0.0025771575,0.0019398473,0.0015060453
8_10814,8_10814.wav,original,8,Helicopter,3,True,Helicopter,Helicopter,False,True,0.0019577295,0.0015692645,0.00164797,0.0018816121,0.0016159005,0.001492771,0.0026320964,0.9475947,0.0021301052,0.0023755764,0.002501853,0.0014084806,0.001830807,0.0027029265,0.0019136966,0.001446976,0.0022164441,0.0015594173,0.0017214554,0.0013082185,0.00095225143,0.0043786536,0.0029868828,0.0018766109,0.002167309,0.0021514383,0.0019787753
8_10815,8_10815.wav,pitch_up_2,8,Helicopter,3,True,Helicopter,Helicopter,False,True,0.0021953925,0.0016536118,0.0020486536,0.0022850027,0.0029327746,0.0017211423,0.0022260845,0.93657905,0.0028939636,0.0030405922,0.0033428986,0.007165889,0.0023070148,0.0024005433,0.0017674401,0.0018906468,0.0023022022,0.0022361812,0.0026156532,0.0026197024,0.0011330248,0.0019396985,0.0022990194,0.0015297787,0.002680504,0.0018668608,0.0023266969
8_10816,8_10816.wav,pitch_up_2,8,Helicopter,3,True,Helicopter,Helicopter,False,True,0.0019444303,0.0012195838,0.0070196125,0.0015657839,0.0012466166,0.0012589615,0.001522555,0.9490451,0.0009959877,0.0024795888,0.001851943,0.0006498474,0.0018211884,0.0010584072,0.0019060139,0.0017362502,0.0015487081,0.001769274,0.0013971518,0.0013554803,0.0022163296,0.002005534,0.0030348746,0.0019496313,0.0035869477,0.0017872903,0.002026886
8_10819,8_10819.wav,pitch_down_2,8,Helicopter,3,True,Helicopter,Helicopter,False,True,0.0018923301,0.0017420435,0.0018694862,0.0022660245,0.00271318,0.0013890223,0.0025136454,0.9222507,0.027197225,0.0019556389,0.0032057094,0.0013125794,0.0019139838,0.0015231562,0.0021597384,0.00195321,0.0017914902,0.0014101759,0.0024430417,0.0017847046,0.0026516914,0.0014704888,0.002051175,0.0024180186,0.0023124274,0.0015032826,0.0023058539
8_10820,8_10820.wav,pitch_down_2,8,Helicopter,3,True,Helicopter,Helicopter,False,True,0.0015435588,0.0014164854,0.0015551146,0.0026727794,0.0010030788,0.0011630985,0.0019484273,0.9485156,0.0077693094,0.001991419,0.0021011478,0.0009673315,0.00276188,0.0018992383,0.0013918999,0.0023736793,0.0024543998,0.0019199047,0.0017465196,0.0014984229,0.0018390277,0.001084486,0.0020131664,0.001415838,0.0013005859,0.0014814356,0.0021722026
8_10820,8_10820.wav,pitch_up_2,8,Helicopter,3,True,Helicopter,Helicopter,False,True,0.0015435588,0.0014164854,0.0015551146,0.0026727794,0.0010030788,0.0011630985,0.0019484273,0.9485156,0.0077693094,0.001991419,0.0021011478,0.0009673315,0.00276188,0.0018992383,0.0013918999,0.0023736793,0.0024543998,0.0019199047,0.0017465196,0.0014984229,0.0018390277,0.001084486,0.0020131664,0.001415838,0.0013005859,0.0014814356,0.0021722026
8_10821,8_10821.wav,pitch_down_2,8,Helicopter,3,True,Helicopter,Helicopter,False,True,0.0016415053,0.0012162133,0.0009022321,0.0016348074,0.0014724227,0.0014825902,0.0023035214,0.9574689,0.0020422915,0.0025438932,0.0007526951,0.0014274381,0.0016634049,0.00086754264,0.0013685351,0.0014049616,0.001332905,0.0012103413,0.002175005,0.0019326654,0.0017269604,0.0019651183,0.0013336892,0.0017774192,0.0028061832,0.0025646866,0.0009821561
8_10823,8_10823.wav,original,8,Helicopter,3,True,Helicopter,Helicopter,False,True,0.0022185135,0.007277193,0.001748175,0.0016747391,0.0043100677,0.0028531493,0.0022926282,0.9209674,0.0015009422,0.001389136,0.0031651685,0.0040753842,0.0028592162,0.0027900112,0.0027534347,0.0036403956,0.0029696792,0.003176076,0.0014044927,0.0038341517,0.001466902,0.0020319517,0.0014168695,0.0120856315,0.0023110535,0.002076635,0.0017109616
8_10824,8_10824.wav,pitch_up_2,8,Helicopter,3,True,Helicopter,Helicopter,False,True,0.0013681775,0.0024700447,0.0012017849,0.0022670282,0.0011677439,0.0016570562,0.0017493746,0.9573119,0.0016468875,0.0017339764,0.0016021192,0.0008153773,0.0021578367,0.0020621608,0.0013906533,0.0016294979,0.0018594569,0.0018218831,0.0019767603,0.0014893279,0.0013967325,0.0013496602,0.0021903983,0.001426171,0.0013844132,0.0017929417,0.001080599
8_10827,8_10827.wav,pitch_down_2,8,Helicopter,3,True,Helicopter,Helicopter,False,True,0.0016628715,0.0017145445,0.0010554121,0.0020655144,0.0011292378,0.001802381,0.001286514,0.95348114,0.0017753895,0.001837476,0.00309344,0.00084638706,0.0025824488,0.00233542,0.0011719236,0.0025679264,0.002642175,0.0024532005,0.002096669,0.001469562,0.001174298,0.0013790816,0.0025233468,0.0012024948,0.001261024,0.0017241453,0.001666091
8_10827,8_10827.wav,pitch_up_2,8,Helicopter,3,True,Helicopter,Helicopter,False,True,0.0016628715,0.0017145445,0.0010554121,0.0020655144,0.0011292378,0.001802381,0.001286514,0.95348114,0.0017753895,0.001837476,0.00309344,0.00084638706,0.0025824488,0.00233542,0.0011719236,0.0025679264,0.002642175,0.0024532005,0.002096669,0.001469562,0.001174298,0.0013790816,0.0025233468,0.0012024948,0.001261024,0.0017241453,0.001666091
8_10830,8_10830.wav,pitch_up_2,8,Helicopter,3,True,Helicopter,Helicopter,False,True,0.0030855453,0.0014405898,0.0131004825,0.0010147669,0.0022608435,0.0023209762,0.0023203224,0.9397324,0.0015144775,0.0012100228,0.0028749276,0.0014654221,0.0011477964,0.00093108934,0.0014582021,0.0020322294,0.002362139,0.0011530953,0.0014344562,0.0007443596,0.0021929222,0.0013134768,0.0010855602,0.007561146,0.0025913736,0.0010954434,0.0005559491
8_10831,8_10831.wav,original,8,Helicopter,3,False,Thunderstorm,Thunderstorm,False,False,0.0019078101,0.01712023,0.8796999,0.0023713203,0.0011532371,0.0029800935,0.0014313458,0.028035702,0.003777451,0.001959605,0.0051331916,0.004931033,0.0037247029,0.0011097518,0.0021955352,0.0048321052,0.00297544,0.0030885357,0.00497634,0.002698505,0.005183667,0.0030081363,0.0037642398,0.0014027312,0.0036280341,0.0043326286,0.002578811
8_10831,8_10831.wav,pitch_down_2,8,Helicopter,3,False,Thunderstorm,Thunderstorm,False,False,0.0019078101,0.01712023,0.8796999,0.0023713203,0.0011532371,0.0029800935,0.0014313458,0.028035702,0.003777451,0.001959605,0.0051331916,0.004931033,0.0037247029,0.0011097518,0.0021955352,0.0048321052,0.00297544,0.0030885357,0.00497634,0.002698505,0.005183667,0.0030081363,0.0037642398,0.0014027312,0.0036280341,0.0043326286,0.002578811
8_10831,8_10831.wav,pitch_up_2,8,Helicopter,3,False,Thunderstorm,Thunderstorm,False,False,0.0019078101,0.01712023,0.8796999,0.0023713203,0.0011532371,0.0029800935,0.0014313458,0.028035702,0.003777451,0.001959605,0.0051331916,0.004931033,0.0037247029,0.0011097518,0.0021955352,0.0048321052,0.00297544,0.0030885357,0.00497634,0.002698505,0.005183667,0.0030081363,0.0037642398,0.0014027312,0.0036280341,0.0043326286,0.002578811
8_10833,8_10833.wav,original,8,Helicopter,3,True,Helicopter,Helicopter,False,True,0.006003345,0.0036208828,0.004809096,0.004618786,0.0029476294,0.0076342896,0.0063176905,0.82604474,0.01738011,0.0053989743,0.010280942,0.0063264747,0.003732306,0.0037418257,0.0042122677,0.011395509,0.0041933013,0.011783659,0.0058660954,0.0059102215,0.011350993,0.0049328697,0.0050179013,0.008477086,0.0049573355,0.004457138,0.008588568
8_10833,8_10833.wav,pitch_down_2,8,Helicopter,3,True,Helicopter,Helicopter,False,True,0.006003345,0.0036208828,0.004809096,0.004618786,0.0029476294,0.0076342896,0.0063176905,0.82604474,0.01738011,0.0053989743,0.010280942,0.0063264747,0.003732306,0.0037418257,0.0042122677,0.011395509,0.0041933013,0.011783659,0.0058660954,0.0059102215,0.011350993,0.0049328697,0.0050179013,0.008477086,0.0049573355,0.004457138,0.008588568
8_10836,8_10836.wav,pitch_down_2,8,Helicopter,3,True,Helicopter,Helicopter,False,True,0.0063106455,0.0014488702,0.00479245,0.0017390567,0.00175793,0.0013665464,0.0029102622,0.9102779,0.003052786,0.0024366062,0.0033513347,0.0033182248,0.0028645943,0.0016733479,0.0037889348,0.0026288826,0.003100238,0.0027697256,0.0025591115,0.002960897,0.0127898,0.005319009,0.0021018737,0.001828696,0.007280112,0.0037413174,0.0018308385
8_10838,8_10838.wav,pitch_up_2,8,Helicopter,3,True,Helicopter,Helicopter,False,True,0.0016255373,0.0011328376,0.0013758414,0.0007101531,0.0035305184,0.0012273069,0.0018828089,0.9561816,0.0029025374,0.0015423902,0.00070613023,0.0009585183,0.0015205796,0.0008971279,0.0014046199,0.001227891,0.0018128083,0.0020625864,0.0011834267,0.0019153144,0.005658757,0.0011903156,0.0011949058,0.0022931825,0.0020030339,0.0012063595,0.0006529074
8_10839,8_10839.wav,original,8,Helicopter,3,True,Helicopter,Helicopter,False,True,0.0026673349,0.0028992083,0.0024677536,0.005008176,0.0023300108,0.002408536,0.004262832,0.93127304,0.002434186,0.002245006,0.0036487381,0.0011837742,0.002382256,0.0020789655,0.0021175954,0.003247952,0.003519416,0.0042145792,0.0026978308,0.0016694539,0.0017968258,0.002258054,0.002063666,0.002575721,0.0031275332,0.0015878711,0.0018336647
8_10842,8_10842.wav,original,8,Helicopter,3,True,Helicopter,Helicopter,False,True,0.0017203662,0.0018845089,0.0019808363,0.0014762097,0.0011886781,0.0028359818,0.0015055882,0.9550946,0.00083819823,0.0022995882,0.0020562152,0.0013149047,0.0021246027,0.0013361893,0.0014577926,0.0017576142,0.0015468063,0.0019353958,0.0017958997,0.001625591,0.0012845261,0.0018518935,0.002621039,0.0019382805,0.0017358939,0.0017883367,0.0010044529
8_10845,8_10845.wav,original,8,Helicopter,3,True,Helicopter,Helicopter,False,True,0.0026688084,0.0024292879,0.0037591476,0.0022603394,0.0014096316,0.003540514,0.002349211,0.94218516,0.002114811,0.001943247,0.0016339687,0.00087335665,0.0025170764,0.0016223723,0.002143327,0.0017802081,0.002831241,0.0022903283,0.0023575944,0.00256084,0.0021523132,0.0017222166,0.0017496549,0.0019073202,0.0019964378,0.0017635358,0.00343797
8_10849,8_10849.wav,pitch_down_2,8,Helicopter,3,True,Helicopter,Helicopter,False,True,0.0055207177,0.0049170866,0.010293166,0.006698033,0.013299218,0.012562492,0.0067050667,0.8189132,0.015992539,0.003317138,0.0042834734,0.005865757,0.0050766463,0.0023951733,0.0056226305,0.0055373665,0.005936473,0.00501902,0.0049503413,0.010589987,0.009630274,0.0046763015,0.0034728188,0.003339649,0.011647382,0.009410703,0.004327359
8_10849,8_10849.wav,pitch_up_2,8,Helicopter,3,True,Helicopter,Helicopter,False,True,0.0055207177,0.0049170866,0.010293166,0.006698033,0.013299218,0.012562492,0.0067050667,0.8189132,0.015992539,0.003317138,0.0042834734,0.005865757,0.0050766463,0.0023951733,0.0056226305,0.0055373665,0.005936473,0.00501902,0.0049503413,0.010589987,0.009630274,0.0046763015,0.0034728188,0.003339649,0.011647382,0.009410703,0.004327359
8_10856,8_10856.wav,pitch_up_2,8,Helicopter,3,True,Helicopter,Helicopter,False,True,0.0025718564,0.00274725,0.0016478939,0.0022013246,0.0015938248,0.0025081788,0.0020924576,0.945929,0.0015360616,0.0018468698,0.0027755105,0.00074848783,0.0019159984,0.0019210707,0.0017148736,0.0024891915,0.0022691293,0.002464477,0.0019551038,0.0020701382,0.002263707,0.0015474294,0.0026252614,0.0019952336,0.0028759164,0.0020029927,0.0016907543
8_10857,8_10857.wav,original,8,Helicopter,3,True,Helicopter,Helicopter,False,True,0.0018652821,0.0021699024,0.0014778724,0.0016092942,0.0013178689,0.002077446,0.0024360006,0.9485717,0.001725176,0.0025145563,0.0027694113,0.0016260374,0.0022638238,0.0021559717,0.0019635605,0.0019883795,0.0025251603,0.0019349217,0.002342325,0.0017851322,0.0011075715,0.001909722,0.002802009,0.0019017337,0.0020222336,0.0016865004,0.0014504053
8_10859,8_10859.wav,pitch_down_2,8,Helicopter,3,True,Helicopter,Helicopter,False,True,0.0021972468,0.0017211466,0.0018797956,0.0013467139,0.0012366864,0.0019156045,0.002206087,0.94961256,0.0015338528,0.0022301273,0.0032526322,0.00089102244,0.0016191493,0.0016353141,0.0017353348,0.0021620942,0.0021633422,0.002398933,0.002220432,0.0020170077,0.0024172922,0.0033007434,0.00128491,0.0014354823,0.0023121622,0.001926627,0.0013477347
8_10862,8_10862.wav,pitch_up_2,8,Helicopter,3,True,Helicopter,Helicopter,False,True,0.0038296704,0.0014831536,0.003974722,0.0012300605,0.0013703605,0.0026219003,0.0021013625,0.9446923,0.0022459824,0.001908302,0.0012721674,0.0022950566,0.0019149029,0.0008234054,0.0041068755,0.0032146687,0.002753223,0.0028787898,0.0020227395,0.0014798598,0.00060811423,0.0017732941,0.0019850517,0.0017282687,0.0017627976,0.0020982365,0.0018247956
8_10863,8_10863.wav,original,8,Helicopter,3,True,Helicopter,Helicopter,False,True,0.004102439,0.0024287717,0.004247589,0.0047379513,0.0025274598,0.0026612224,0.006299546,0.8101766,0.0025228297,0.0053042285,0.0048665665,0.041664254,0.0027087897,0.002325577,0.002222887,0.0062727095,0.0048068985,0.0017792498,0.005298831,0.003840191,0.013197129,0.004287205,0.030099683,0.004623044,0.003509403,0.0044750203,0.019013835
8_10866,8_10866.wav,pitch_down_2,8,Helicopter,3,True,VehicleEngine,VehicleEngine,False,False,0.0027277346,0.0010698681,0.0028331901,0.002700345,0.0019715512,0.0024227246,0.0021856504,0.31823185,0.5888751,0.0020453422,0.003460243,0.0034066746,0.0031395264,0.0034643775,0.0032009713,0.0033418767,0.002138687,0.0029280959,0.002272509,0.0032116466,0.007620783,0.0056944615,0.018510329,0.0037389484,0.0038314462,0.0020763746,0.0028997026
8_10866,8_10866.wav,pitch_up_2,8,Helicopter,3,True,VehicleEngine,VehicleEngine,False,False,0.0027277346,0.0010698681,0.0028331901,0.002700345,0.0019715512,0.0024227246,0.0021856504,0.31823185,0.5888751,0.0020453422,0.003460243,0.0034066746,0.0031395264,0.0034643775,0.0032009713,0.0033418767,0.002138687,0.0029280959,0.002272509,0.0032116466,0.007620783,0.0056944615,0.018510329,0.0037389484,0.0038314462,0.0020763746,0.0028997026
8_10869,8_10869.wav,original,8,Helicopter,3,False,Helicopter,Generator,True,False,0.0074515105,0.007406823,0.008399121,0.009536124,0.0063002207,0.010213311,0.008568346,0.20944506,0.15257496,0.008364913,0.007366791,0.381775,0.010377451,0.009352324,0.009222767,0.008427729,0.008450988,0.00952864,0.011851988,0.0062656566,0.017822346,0.009545296,0.043783907,0.0106236385,0.012619789,0.007844877,0.00688039
8_10869,8_10869.wav,pitch_down_2,8,Helicopter,3,False,Generator,Generator,False,False,0.0074515105,0.007406823,0.008399121,0.009536124,0.0063002207,0.010213311,0.008568346,0.20944506,0.15257496,0.008364913,0.007366791,0.381775,0.010377451,0.009352324,0.009222767,0.008427729,0.008450988,0.00952864,0.011851988,0.0062656566,0.017822346,0.009545296,0.043783907,0.0106236385,0.012619789,0.007844877,0.00688039
8_10869,8_10869.wav,pitch_up_2,8,Helicopter,3,False,VehicleEngine,Generator,True,False,0.0074515105,0.007406823,0.008399121,0.009536124,0.0063002207,0.010213311,0.008568346,0.20944506,0.15257496,0.008364913,0.007366791,0.381775,0.010377451,0.009352324,0.009222767,0.008427729,0.008450988,0.00952864,0.011851988,0.0062656566,0.017822346,0.009545296,0.043783907,0.0106236385,0.012619789,0.007844877,0.00688039
8_10870,8_10870.wav,pitch_down_2,8,Helicopter,3,True,Helicopter,Helicopter,False,True,0.0029713267,0.0016959175,0.0024544385,0.0026325472,0.0028079648,0.0054355883,0.0037533592,0.91933507,0.0035664318,0.0044608046,0.0020936127,0.0043003666,0.003040094,0.0021856062,0.0032128561,0.0031497402,0.004023482,0.003460931,0.0024411741,0.0036547452,0.0014366632,0.002899858,0.003712994,0.002267804,0.0027153827,0.003802695,0.0024886138
8_10871,8_10871.wav,pitch_down_2,8,Helicopter,3,True,Helicopter,Helicopter,False,True,0.0040482935,0.0056145876,0.028256953,0.00126706,0.0012587182,0.010901417,0.003359495,0.84763193,0.009875029,0.0023218656,0.0030153084,0.0017235536,0.0018324534,0.0035191085,0.0063775796,0.0044814833,0.0026584442,0.0028571552,0.0033459307,0.0036790892,0.0034705037,0.0027453036,0.0073636845,0.0076041077,0.023226112,0.0062430985,0.0013218356
8_10872,8_10872.wav,pitch_up_2,8,Helicopter,3,True,Helicopter,Helicopter,False,True,0.0021061806,0.0030879776,0.002386078,0.002302788,0.0042750644,0.0022521697,0.003085236,0.9312416,0.0020514752,0.0016790982,0.0039740046,0.0009648499,0.0026895904,0.005138435,0.0023423473,0.0028122354,0.0023850754,0.0017713445,0.0031627102,0.0027403764,0.0027885463,0.0020816922,0.001913742,0.0029523259,0.0032018397,0.0016929135,0.0029203368
8_10873,8_10873.wav,pitch_up_2,8,Helicopter,3,True,Helicopter,Helicopter,False,True,0.0021929732,0.0029597774,0.0030536859,0.0011314849,0.0015721591,0.002133319,0.0021089707,0.94939345,0.0032017818,0.0016573196,0.0017820421,0.001311987,0.001818384,0.0021406321,0.0017658448,0.0014232271,0.0014848234,0.0015541768,0.0015682151,0.0031698851,0.00185373,0.0014039002,0.0011505116,0.0031563218,0.0017132447,0.0013678638,0.00193023
8_10875,8_10875.wav,pitch_up_2,8,Helicopter,3,True,Helicopter,Helicopter,False,True,0.002373621,0.0038567486,0.0013858966,0.0013754037,0.004802858,0.001604715,0.0021701308,0.93980867,0.0013339514,0.0018795533,0.0028581622,0.0009984886,0.0027743897,0.0029759433,0.0021061457,0.0022391265,0.0023921554,0.002131688,0.0023990816,0.002481762,0.0024433702,0.0019753752,0.0018786535,0.0016238984,0.00292662,0.0026445144,0.0025590602
9_10902,9_10902.wav,pitch_up_2,9,VehicleEngine,3,True,VehicleEngine,VehicleEngine,False,True,0.0016907706,0.0022822102,0.0009426491,0.0011964644,0.0017604051,0.0016914596,0.00090118335,0.001344025,0.9577355,0.0017359476,0.0006549782,0.004102793,0.0014898429,0.0021059765,0.0011916466,0.0015272573,0.0015861698,0.0013042302,0.0017621182,0.0022880433,0.0015522629,0.0018555218,0.0023695945,0.00082573894,0.0011610548,0.0014635903,0.0014786054
9_10903,9_10903.wav,original,9,VehicleEngine,3,False,VehicleEngine,VehicleEngine,False,True,0.0120099215,0.004712852,0.0075855963,0.005544804,0.03359695,0.008719414,0.015673313,0.059975017,0.44810426,0.01507552,0.0062418827,0.10317826,0.008683259,0.0066354494,0.011940249,0.012298406,0.010916782,0.020999283,0.015622127,0.018060995,0.014303039,0.010936298,0.057161223,0.009762366,0.018662006,0.027308853,0.036291864
9_10903,9_10903.wav,pitch_down_2,9,VehicleEngine,3,False,VehicleEngine,VehicleEngine,False,True,0.0120099215,0.004712852,0.0075855963,0.005544804,0.03359695,0.008719414,0.015673313,0.059975017,0.44810426,0.01507552,0.0062418827,0.10317826,0.008683259,0.0066354494,0.011940249,0.012298406,0.010916782,0.020999283,0.015622127,0.018060995,0.014303039,0.010936298,0.057161223,0.009762366,0.018662006,0.027308853,0.036291864
9_10903,9_10903.wav,pitch_up_2,9,VehicleEngine,3,False,VehicleEngine,VehicleEngine,False,True,0.0120099215,0.004712852,0.0075855963,0.005544804,0.03359695,0.008719414,0.015673313,0.059975017,0.44810426,0.01507552,0.0062418827,0.10317826,0.008683259,0.0066354494,0.011940249,0.012298406,0.010916782,0.020999283,0.015622127,0.018060995,0.014303039,0.010936298,0.057161223,0.009762366,0.018662006,0.027308853,0.036291864
9_10914,9_10914.wav,pitch_down_2,9,VehicleEngine,3,True,VehicleEngine,VehicleEngine,False,True,0.0016728761,0.0017420249,0.0021318998,0.0010811059,0.0017095949,0.0024432642,0.0014605419,0.0033204332,0.9421622,0.0015886998,0.0027713242,0.013392332,0.002009109,0.0013780753,0.0010976943,0.0017453224,0.0014882187,0.0016106603,0.0018163485,0.001290724,0.0017811075,0.0015240622,0.0014793595,0.0013594264,0.0019237805,0.0019473754,0.0020724435
9_10917,9_10917.wav,original,9,VehicleEngine,3,True,VehicleEngine,VehicleEngine,False,True,0.0015285957,0.0014111887,0.0020178603,0.0019803187,0.0011335914,0.001427292,0.0018763413,0.002060531,0.95408374,0.0019581018,0.0008753834,0.00072711316,0.0024363028,0.0011828725,0.0022795948,0.0010457151,0.0018948094,0.0022170977,0.0021611615,0.0020592597,0.0018173596,0.003780342,0.0020096211,0.0012656343,0.0011621894,0.0020487553,0.0015592662
9_10921,9_10921.wav,original,9,VehicleEngine,3,True,VehicleEngine,VehicleEngine,False,True,0.0016791936,0.0013763867,0.0021682181,0.0019603672,0.0016298472,0.0011475772,0.00084351137,0.0012225321,0.9549806,0.0016008276,0.0016487363,0.0007903534,0.002432953,0.0016051992,0.0021543605,0.0017954506,0.0016703164,0.001694934,0.001841196,0.0018810633,0.002007411,0.0034169827,0.0020497784,0.0014625868,0.0014092359,0.001775811,0.001754454
9_10921,9_10921.wav,pitch_down_2,9,VehicleEngine,3,True,VehicleEngine,VehicleEngine,False,True,0.0016791936,0.0013763867,0.0021682181,0.0019603672,0.0016298472,0.0011475772,0.00084351137,0.0012225321,0.9549806,0.0016008276,0.0016487363,0.0007903534,0.002432953,0.0016051992,0.0021543605,0.0017954506,0.0016703164,0.001694934,0.001841196,0.0018810633,0.002007411,0.0034169827,0.0020497784,0.0014625868,0.0014092359,0.001775811,0.001754454
9_10924,9_10924.wav,pitch_up_2,9,VehicleEngine,3,True,Generator,VehicleEngine,True,True,0.0020596976,0.0032233717,0.00095683994,0.001814308,0.0010771182,0.0024177998,0.0012377015,0.001977912,0.6560041,0.003676582,0.0009265365,0.29564205,0.0020598292,0.0019994818,0.00080403127,0.001667742,0.0018034666,0.0017484889,0.0019386103,0.0022042647,0.0017848675,0.0014323242,0.0036155656,0.00090572424,0.002126577,0.0013164594,0.0035785285
9_10925,9_10925.wav,original,9,VehicleEngine,3,True,VehicleEngine,VehicleEngine,False,True,0.002630717,0.0027695522,0.0029985837,0.0018892189,0.0027637864,0.0013770139,0.0020103503,0.015173531,0.8967247,0.004004832,0.0021636516,0.025732672,0.0031165464,0.0025775682,0.0013767075,0.0025000996,0.0025191596,0.0022307101,0.0021006977,0.0022437538,0.0054696575,0.0013741577,0.0020703983,0.0013575974,0.0020689433,0.0030075628,0.005747803
9_10926,9_10926.wav,pitch_down_2,9,VehicleEngine,3,True,VehicleEngine,VehicleEngine,False,True,0.0027475755,0.009361741,0.0041560247,0.0029258041,0.0070306696,0.0041843206,0.0014575367,0.035942707,0.82887197,0.003317021,0.0044356026,0.034846175,0.003465603,0.0052514467,0.0044756723,0.00538644,0.0036397027,0.0025944957,0.0029025178,0.006568192,0.0051664202,0.0028875617,0.003963549,0.002103007,0.005086404,0.0032290956,0.004002747
9_10928,9_10928.wav,pitch_up_2,9,VehicleEngine,3,True,VehicleEngine,VehicleEngine,False,True,0.0022213946,0.0011442911,0.0020896771,0.0032651417,0.0015344676,0.0014795928,0.001837506,0.0023827525,0.9472802,0.0017427901,0.0027553365,0.001043578,0.0022390264,0.0017261781,0.0021516755,0.0016457272,0.0022321353,0.0018014796,0.002025813,0.0016510966,0.0019978576,0.0040095053,0.0016735584,0.0022426897,0.0019233503,0.002203828,0.0016992666
9_10930,9_10930.wav,pitch_up_2,9,VehicleEngine,3,True,VehicleEngine,VehicleEngine,False,True,0.0018205242,0.002002318,0.003619896,0.0013127319,0.0018182729,0.001618855,0.002331008,0.0020080002,0.948194,0.0020042353,0.0021576819,0.00056819693,0.0014293496,0.0011812258,0.0027120097,0.0017709885,0.0014363752,0.0017565278,0.002709085,0.0020008832,0.0016117232,0.004407793,0.0021508997,0.001684187,0.0032035976,0.0013177275,0.0011718796
9_10931,9_10931.wav,pitch_down_2,9,VehicleEngine,3,True,VehicleEngine,VehicleEngine,False,True,0.0012949485,0.0009046647,0.0018042353,0.0018080085,0.0019737168,0.0008536675,0.0017521735,0.0020219313,0.96376896,0.0011823047,0.0010892842,0.00022284446,0.0012252494,0.0011769385,0.0011305358,0.0013409614,0.0013581392,0.0012245957,0.0016968973,0.0014193997,0.0015001232,0.0016027995,0.001857258,0.0019314795,0.000843113,0.0017577341,0.0012580035
9_10935,9_10935.wav,original,9,VehicleEngine,3,True,VehicleEngine,VehicleEngine,False,True,0.0010902873,0.0011671839,0.0023168514,0.0012670682,0.0012539375,0.0010424592,0.0012313799,0.0015492408,0.96212816,0.0012660163,0.0010966301,0.00029303695,0.001411723,0.0010552095,0.0016169376,0.0010815766,0.001261141,0.0015240827,0.0015834527,0.0018564723,0.0018082432,0.003713981,0.0020443266,0.0019931647,0.0011041876,0.0015396597,0.00070353906
9_10935,9_10935.wav,pitch_down_2,9,VehicleEngine,3,True,VehicleEngine,VehicleEngine,False,True,0.0010902873,0.0011671839,0.0023168514,0.0012670682,0.0012539375,0.0010424592,0.0012313799,0.0015492408,0.96212816,0.0012660163,0.0010966301,0.00029303695,0.001411723,0.0010552095,0.0016169376,0.0010815766,0.001261141,0.0015240827,0.0015834527,0.0018564723,0.0018082432,0.003713981,0.0020443266,0.0019931647,0.0011041876,0.0015396597,0.00070353906
9_10936,9_10936.wav,original,9,VehicleEngine,3,True,VehicleEngine,VehicleEngine,False,True,0.0021007864,0.0010351465,0.0032107627,0.0015559722,0.0026679512,0.001636546,0.0011816247,0.0020743106,0.9426703,0.0016310773,0.0011938463,0.0010473098,0.0026733866,0.0015395503,0.0024959769,0.0025831324,0.0020719597,0.0020001403,0.002300877,0.002343339,0.0026531937,0.0060574724,0.0039561824,0.0016206348,0.0020158608,0.0018603025,0.0018223774
9_10937,9_10937.wav,pitch_up_2,9,VehicleEngine,3,True,VehicleEngine,VehicleEngine,False,True,0.001081768,0.0033271413,0.0017332487,0.0009306451,0.0014341148,0.0011688914,0.0026381456,0.0018431903,0.9578307,0.0011844785,0.0018114025,0.002052576,0.00097521715,0.0019882277,0.0021835603,0.00148618,0.0012560409,0.0012611196,0.0015478203,0.001630934,0.00075527816,0.0016333354,0.0011938392,0.001946486,0.0021559664,0.0011758852,0.0017737042
9_10938,9_10938.wav,pitch_up_2,9,VehicleEngine,3,True,VehicleEngine,VehicleEngine,False,True,0.0018126568,0.0043120305,0.0009963565,0.002490458,0.0016134316,0.0009214622,0.0014810212,0.0016771434,0.94581896,0.002193964,0.0017132092,0.0030903502,0.0019743217,0.0016634535,0.0016817012,0.002464453,0.003021625,0.004132393,0.0010936597,0.0011647701,0.0044144504,0.00096926506,0.0021764897,0.0007823924,0.0018072547,0.0021525025,0.0023801278
9_10939,9_10939.wav,pitch_down_2,9,VehicleEngine,3,True,Generator,VehicleEngine,True,True,0.007827199,0.038345527,0.009483714,0.004811758,0.004207609,0.004589543,0.0042123874,0.0059083593,0.6937844,0.008024594,0.013588235,0.09293061,0.0056704525,0.0033466972,0.003958404,0.013491664,0.011562627,0.007992209,0.005957259,0.002677519,0.017155154,0.0039359373,0.007897154,0.0023094574,0.013736022,0.0048393663,0.0077561936
9_10940,9_10940.wav,pitch_down_2,9,VehicleEngine,3,True,VehicleEngine,VehicleEngine,False,True,0.0013706117,0.0015002433,0.0012800434,0.0013569087,0.0009746454,0.0015175942,0.0010490499,0.0042140484,0.95895195,0.0015032123,0.0029640142,0.0003737734,0.0015005904,0.0010339235,0.0015358421,0.0015286695,0.0022389886,0.0017013904,0.0015937504,0.0014993086,0.0013025175,0.0011957253,0.0024228115,0.001219642,0.0007946515,0.0012142526,0.002161905
9_10941,9_10941.wav,pitch_down_2,9,VehicleEngine,3,True,VehicleEngine,VehicleEngine,False,True,0.0064609894,0.0035535712,0.0074432977,0.0027209735,0.0036874313,0.0029183452,0.0057078004,0.00528583,0.7679159,0.0043746545,0.11862936,0.0021609205,0.0056336834,0.004563616,0.0047137886,0.004981952,0.004097728,0.0050523295,0.0042029745,0.0018914066,0.008013149,0.006996228,0.0029195019,0.0012956812,0.0056840456,0.0033013753,0.005793532
9_10941,9_10941.wav,pitch_up_2,9,VehicleEngine,3,True,VehicleEngine,VehicleEngine,False,True,0.0064609894,0.0035535712,0.0074432977,0.0027209735,0.0036874313,0.0029183452,0.0057078004,0.00528583,0.7679159,0.0043746545,0.11862936,0.0021609205,0.0056336834,0.004563616,0.0047137886,0.004981952,0.004097728,0.0050523295,0.0042029745,0.0018914066,0.008013149,0.006996228,0.0029195019,0.0012956812,0.0056840456,0.0033013753,0.005793532
9_10943,9_10943.wav,original,9,VehicleEngine,3,True,VehicleEngine,VehicleEngine,False,True,0.0019295547,0.0023956192,0.0029152492,0.0019898557,0.003579596,0.0023226228,0.0047754217,0.00341113,0.92178255,0.0031705925,0.0029720906,0.003978194,0.0028731276,0.0031156733,0.0026988697,0.0033393737,0.0032370973,0.0035221865,0.0028422729,0.0037849862,0.0021511198,0.003504306,0.0021152776,0.0019630152,0.0035584366,0.002294321,0.003777404
9_10944,9_10944.wav,pitch_up_2,9,VehicleEngine,3,True,VehicleEngine,VehicleEngine,False,True,0.0018501045,0.0011686189,0.0015709813,0.0021786613,0.0014565889,0.002065203,0.002232067,0.00074811693,0.95176554,0.0025361024,0.002159851,0.001787073,0.0017272806,0.0015553092,0.0014846838,0.002037267,0.0018629245,0.001503962,0.0021414384,0.0018882994,0.0016150908,0.0022976405,0.0023403098,0.00204402,0.0014436087,0.001730998,0.0028081962
9_10945,9_10945.wav,pitch_down_2,9,VehicleEngine,3,True,VehicleEngine,VehicleEngine,False,True,0.0014904244,0.0034666515,0.0015414107,0.0010548525,0.0014487238,0.0016207745,0.0016676211,0.0046321605,0.9551554,0.0013022044,0.0015816045,0.00036971478,0.00219493,0.0014497819,0.0011388672,0.001555413,0.0029671572,0.00246764,0.002276517,0.0013996655,0.001461863,0.00087365514,0.0011657086,0.000755074,0.001337078,0.0016901897,0.0019349424
9_10948,9_10948.wav,pitch_down_2,9,VehicleEngine,3,True,VehicleEngine,VehicleEngine,False,True,0.0019614084,0.0016961144,0.0024561465,0.002075416,0.001570904,0.0017026096,0.0016789668,0.0016382099,0.9495284,0.0019542254,0.0011583426,0.00054061227,0.0031278643,0.0013587569,0.0020649387,0.0015269811,0.0020803001,0.0024045005,0.002338987,0.0019400428,0.0023001588,0.0042339633,0.0020643608,0.0014416337,0.0015571659,0.0020188515,0.0015801992
9_10950,9_10950.wav,pitch_up_2,9,VehicleEngine,3,True,VehicleEngine,VehicleEngine,False,True,0.0027438917,0.0021890702,0.0015403166,0.003349903,0.0015911848,0.0014105955,0.0021178115,0.0050564995,0.9265503,0.0017824151,0.003939157,0.0023163848,0.0022902607,0.0044712876,0.0014411099,0.002528596,0.0025412303,0.0035083543,0.002000002,0.002794304,0.0025077902,0.0054581366,0.006055283,0.0023704472,0.0014713365,0.0016661383,0.004308119
9_10952,9_10952.wav,original,9,VehicleEngine,3,True,VehicleEngine,VehicleEngine,False,True,0.0014571341,0.0014427569,0.00236314,0.002031078,0.0020754165,0.0016751764,0.0014411239,0.0012740702,0.9550701,0.0016044496,0.002132024,0.001687556,0.0017556852,0.0013165293,0.0018483205,0.0011805366,0.0019090617,0.0010847887,0.0021719225,0.002080125,0.0019216798,0.0024254324,0.0012966805,0.0024151586,0.0012046098,0.0021180206,0.0010174271
9_10953,9_10953.wav,pitch_down_2,9,VehicleEngine,3,True,VehicleEngine,VehicleEngine,False,True,0.0017107149,0.0016016575,0.0026727703,0.0026403253,0.0019429981,0.0032931168,0.0016244575,0.0010207928,0.9389052,0.0008140353,0.0074799103,0.0018973504,0.0027951805,0.0010404725,0.0017111184,0.0029538816,0.0023564664,0.00252596,0.0011271114,0.0013631365,0.0022697987,0.003288871,0.0012687872,0.001076498,0.007758733,0.0019113437,0.0009493264
9_10954,9_10954.wav,original,9,VehicleEngine,3,True,VehicleEngine,VehicleEngine,False,True,0.0049146926,0.004760095,0.002424447,0.00849096,0.006321493,0.005692095,0.007823717,0.015182238,0.7956812,0.003787065,0.022278087,0.028757567,0.004473398,0.0058985795,0.008065655,0.010278104,0.0044441186,0.0022150998,0.005124158,0.0056458567,0.005750556,0.009353213,0.0046800454,0.012111678,0.0038835388,0.0068867505,0.005075636
9_10954,9_10954.wav,pitch_down_2,9,VehicleEngine,3,True,VehicleEngine,VehicleEngine,False,True,0.0049146926,0.004760095,0.002424447,0.00849096,0.006321493,0.005692095,0.007823717,0.015182238,0.7956812,0.003787065,0.022278087,0.028757567,0.004473398,0.0058985795,0.008065655,0.010278104,0.0044441186,0.0022150998,0.005124158,0.0056458567,0.005750556,0.009353213,0.0046800454,0.012111678,0.0038835388,0.0068867505,0.005075636
9_10956,9_10956.wav,original,9,VehicleEngine,3,True,VehicleEngine,VehicleEngine,False,True,0.0024208107,0.0015247593,0.0015202161,0.0010689105,0.0018023439,0.0015603566,0.0017509869,0.0011459942,0.9513974,0.002114146,0.0018243868,0.00057779363,0.0019746458,0.0019948995,0.0010647835,0.0029759267,0.0016233171,0.0036257766,0.0016963737,0.0024464272,0.0017983628,0.0016617137,0.0018154676,0.0018173183,0.0035086058,0.0014870563,0.0018012306
9_10958,9_10958.wav,original,9,VehicleEngine,3,True,VehicleEngine,VehicleEngine,False,True,0.0033641923,0.00143652,0.002373494,0.0021223954,0.0019625388,0.0029206409,0.0039545363,0.07799615,0.85855246,0.0026892486,0.0013315753,0.001428795,0.0026365602,0.0032102007,0.0029348691,0.0019141944,0.002770097,0.0022150774,0.002163905,0.002968326,0.0026833194,0.0040364135,0.0021554697,0.0036221575,0.0024871558,0.0025692598,0.0015005014
9_10958,9_10958.wav,pitch_up_2,9,VehicleEngine,3,True,VehicleEngine,VehicleEngine,False,True,0.0033641923,0.00143652,0.002373494,0.0021223954,0.0019625388,0.0029206409,0.0039545363,0.07799615,0.85855246,0.0026892486,0.0013315753,0.001428795,0.0026365602,0.0032102007,0.0029348691,0.0019141944,0.002770097,0.0022150774,0.002163905,0.002968326,0.0026833194,0.0040364135,0.0021554697,0.0036221575,0.0024871558,0.0025692598,0.0015005014
9_10960,9_10960.wav,original,9,VehicleEngine,3,True,VehicleEngine,VehicleEngine,False,True,0.0017685898,0.002108118,0.001695889,0.0018064203,0.001144289,0.0016627889,0.0016866885,0.0036102638,0.9522833,0.0021592232,0.0011362735,0.0014586445,0.0025106021,0.001433249,0.0017769787,0.0014464296,0.0014427303,0.0020351843,0.0020187935,0.0018456996,0.0013213524,0.0028639797,0.001838232,0.0014988864,0.0019688264,0.0016753135,0.001803256
9_10963,9_10963.wav,pitch_down_2,9,VehicleEngine,3,True,VehicleEngine,VehicleEngine,False,True,0.0064091813,0.11212987,0.0037126874,0.003012634,0.0028839076,0.014452149,0.0036805272,0.009903906,0.5639756,0.008594396,0.0075332955,0.0384301,0.0038455806,0.0044880887,0.009624898,0.004738178,0.007894461,0.13433366,0.008023854,0.003609975,0.007490313,0.010165236,0.007494677,0.0047425325,0.0063072294,0.004929598,0.007593489
9_10963,9_10963.wav,pitch_up_2,9,VehicleEngine,3,True,Speaking,VehicleEngine,True,True,0.0064091813,0.11212987,0.0037126874,0.003012634,0.0028839076,0.014452149,0.0036805272,0.009903906,0.5639756,0.008594396,0.0075332955,0.0384301,0.0038455806,0.0044880887,0.009624898,0.004738178,0.007894461,0.13433366,0.008023854,0.003609975,0.007490313,0.010165236,0.007494677,0.0047425325,0.0063072294,0.004929598,0.007593489
9_10965,9_10965.wav,pitch_down_2,9,VehicleEngine,3,True,VehicleEngine,VehicleEngine,False,True,0.027339926,0.0331497,0.06320512,0.017425908,0.008887741,0.0075504556,0.055492636,0.008436686,0.54404724,0.008447821,0.0047367862,0.0059657185,0.013717137,0.02850092,0.016609518,0.023510672,0.012955728,0.011380501,0.0070939925,0.005576564,0.008245977,0.0073434003,0.007887724,0.01940356,0.020330248,0.014708356,0.01804998
9_10965,9_10965.wav,pitch_up_2,9,VehicleEngine,3,True,VehicleEngine,VehicleEngine,False,True,0.027339926,0.0331497,0.06320512,0.017425908,0.008887741,0.0075504556,0.055492636,0.008436686,0.54404724,0.008447821,0.0047367862,0.0059657185,0.013717137,0.02850092,0.016609518,0.023510672,0.012955728,0.011380501,0.0070939925,0.005576564,0.008245977,0.0073434003,0.007887724,0.01940356,0.020330248,0.014708356,0.01804998
9_10967,9_10967.wav,pitch_up_2,9,VehicleEngine,3,True,VehicleEngine,VehicleEngine,False,True,0.0013036396,0.0020505267,0.0021689076,0.0037814714,0.0016279264,0.002798443,0.0021978323,0.0033214388,0.9254925,0.0032265217,0.00090616214,0.005830031,0.0025794858,0.0023743878,0.0023639763,0.00293371,0.0023345808,0.0025086254,0.00506061,0.0031636439,0.0056697815,0.0056442036,0.0027332169,0.0012303562,0.0030404825,0.0026129603,0.0010446114
9_10968,9_10968.wav,pitch_down_2,9,VehicleEngine,3,True,VehicleEngine,VehicleEngine,False,True,0.0014423536,0.00086002145,0.005037114,0.0011904634,0.0012564929,0.0014408823,0.0017560831,0.00067160395,0.9583492,0.0015403251,0.0013227119,0.0010524214,0.0017066685,0.0011112593,0.0013444443,0.0018694914,0.0013860124,0.0021005932,0.001555774,0.0016887159,0.0013179492,0.001449641,0.0015334956,0.00085055194,0.0020899505,0.0021774396,0.0018983972
9_10969,9_10969.wav,original,9,VehicleEngine,3,True,VehicleEngine,VehicleEngine,False,True,0.0017061349,0.0015510145,0.002568334,0.0014485886,0.0009282299,0.0015906318,0.0010586731,0.0015987623,0.95772433,0.000828949,0.0012838467,0.0017426098,0.0015810966,0.0011770478,0.00086585997,0.0024519395,0.0016758452,0.0017329984,0.0011264234,0.002366143,0.0011252376,0.0015036442,0.0022243059,0.0017458916,0.0013276017,0.0017396248,0.003326253
9_10972,9_10972.wav,pitch_down_2,9,VehicleEngine,3,True,VehicleEngine,VehicleEngine,False,True,0.004488662,0.0046362537,0.0021622463,0.0033515105,0.0026011385,0.002674209,0.0040076096,0.025858909,0.88222235,0.0018731955,0.0018471194,0.00973559,0.0043916367,0.004358445,0.0031636758,0.0024815642,0.0031913996,0.0040832455,0.0025946887,0.0027787539,0.002303397,0.0048521203,0.0022024554,0.0022354084,0.008126198,0.0030147692,0.004763488
9_10973,9_10973.wav,pitch_down_2,9,VehicleEngine,3,True,VehicleEngine,VehicleEngine,False,True,0.0015354109,0.0014752761,0.0043288986,0.0015368451,0.0021122086,0.0013107182,0.0018127944,0.0018889052,0.9502625,0.0024128028,0.001649503,0.00092623633,0.0024654828,0.0011416059,0.0020540075,0.0019169259,0.0019860398,0.0022262456,0.0020399585,0.002382423,0.0011386512,0.002566781,0.0015563847,0.0014852606,0.002341569,0.002343337,0.0011032717
10_11001,10_11001.wav,original,10,Axe,3,True,Axe,Axe,False,True,0.005043231,0.0031363026,0.007056972,0.0033792404,0.0027311381,0.0070875175,0.011167697,0.004634068,0.0060385284,0.7831791,0.0071539623,0.0039190454,0.00630498,0.005978564,0.0041418285,0.07846175,0.0061850343,0.005031192,0.004610507,0.0015379712,0.0084510045,0.003975055,0.006199066,0.0061502676,0.0072123115,0.0038965435,0.0073370547
10_11002,10_11002.wav,pitch_down_2,10,Axe,3,True,Axe,Axe,False,True,0.0032196017,0.005522327,0.0023273567,0.005215323,0.0020637037,0.0046458007,0.0021981501,0.00438095,0.0034991752,0.9007793,0.0031934008,0.0025710808,0.0053915414,0.0038143024,0.0046107047,0.011790138,0.0036591936,0.0016773148,0.0025670696,0.0019624198,0.001866817,0.0008262068,0.0020367375,0.0019360525,0.002998253,0.0027385596,0.012508442
10_11005,10_11005.wav,original,10,Axe,3,True,Axe,Axe,False,True,0.0016929554,0.0017161248,0.0011148768,0.001728991,0.0013608482,0.0014794472,0.0016232877,0.0009098854,0.0012858468,0.9556668,0.0017424352,0.0017983351,0.00074578746,0.0021178443,0.002753391,0.004860159,0.0011247626,0.0015302621,0.00092086894,0.00082386844,0.0019053271,0.0030470507,0.0019800111,0.00079972966,0.0015771681,0.0018782647,0.0018157096
10_11009,10_11009.wav,pitch_down_2,10,Axe,3,True,Axe,Axe,False,True,0.0028402142,0.0012445815,0.0013516793,0.003295077,0.001435746,0.00080735487,0.0023915924,0.0012489903,0.0011943026,0.9606995,0.0009649188,0.0016863508,0.0017331146,0.00058142625,0.0006366719,0.004540395,0.0010582505,0.0007656655,0.0011349436,0.0010516149,0.0018268317,0.0008453605,0.0013068989,0.0008090223,0.0010853834,0.0011930345,0.0022711079
10_11011,10_11011.wav,original,10,Axe,3,True,Axe,Axe,False,True,0.045662165,0.0035926718,0.0029189717,0.0057642125,0.0073728766,0.005907154,0.004026238,0.0040408378,0.0032199423,0.787874,0.002861129,0.003226102,0.0015911725,0.0045227706,0.007227451,0.01953798,0.0038989475,0.0038853502,0.0538201,0.0043939347,0.0054922714,0.0025969804,0.0036788294,0.0017203147,0.0035204093,0.0039180643,0.0037291648
10_11011,10_11011.wav,pitch_up_2,10,Axe,3,True,Axe,Axe,False,True,0.045662165,0.0035926718,0.0029189717,0.0057642125,0.0073728766,0.005907154,0.004026238,0.0040408378,0.0032199423,0.787874,0.002861129,0.003226102,0.0015911725,0.0045227706,0.007227451,0.01953798,0.0038989475,0.0038853502,0.0538201,0.0043939347,0.0054922714,0.0025969804,0.0036788294,0.0017203147,0.0035204093,0.0039180643,0.0037291648
10_11012,10_11012.wav,original,10,Axe,3,True,WoodChop,Axe,True,True,0.0014228001,0.0056394017,0.0040144394,0.006788205,0.0030274547,0.0033377924,0.0047428706,0.0036878688,0.0030059991,0.66502714,0.0017750385,0.0020624662,0.0026693763,0.0023032185,0.002689369,0.2542473,0.0045711086,0.0043377783,0.001298693,0.003239276,0.003555718,0.004075148,0.0032195116,0.0019956944,0.0021458229,0.0023072418,0.0028132114
10_11016,10_11016.wav,original,10,Axe,3,False,Axe,Axe,False,True,0.0032197367,0.0051365243,0.007061811,0.0044589858,0.009872314,0.00446263,0.005501161,0.0020352395,0.007548044,0.7202511,0.00507329,0.0040816464,0.0047797957,0.0045162938,0.0032602511,0.14801884,0.012116776,0.003974492,0.00095295184,0.009726468,0.005656402,0.004371857,0.006941535,0.0041162283,0.0035710456,0.0041816845,0.00511293
10_11016,10_11016.wav,pitch_down_2,10,Axe,3,False,WoodChop,Axe,True,True,0.0032197367,0.0051365243,0.007061811,0.0044589858,0.009872314,0.00446263,0.005501161,0.0020352395,0.007548044,0.7202511,0.00507329,0.0040816464,0.0047797957,0.0045162938,0.0032602511,0.14801884,0.012116776,0.003974492,0.00095295184,0.009726468,0.005656402,0.004371857,0.006941535,0.0041162283,0.0035710456,0.0041816845,0.00511293
10_11016,10_11016.wav,pitch_up_2,10,Axe,3,False,Axe,Axe,False,True,0.0032197367,0.0051365243,0.007061811,0.0044589858,0.009872314,0.00446263,0.005501161,0.0020352395,0.007548044,0.7202511,0.00507329,0.0040816464,0.0047797957,0.0045162938,0.0032602511,0.14801884,0.012116776,0.003974492,0.00095295184,0.009726468,0.005656402,0.004371857,0.006941535,0.0041162283,0.0035710456,0.0041816845,0.00511293
10_11018,10_11018.wav,pitch_down_2,10,Axe,3,True,Axe,Axe,False,True,0.0019066596,0.004470883,0.0028565014,0.0018649683,0.002149361,0.0031745753,0.004068498,0.003519343,0.0042295507,0.85239714,0.002038866,0.0040655653,0.0015313309,0.0032060025,0.00063189777,0.04861145,0.0019565371,0.0025525163,0.0020594012,0.029418943,0.003894071,0.0036792716,0.00211594,0.0034979032,0.0019264296,0.0046839793,0.0034924687
10_11019,10_11019.wav,original,10,Axe,3,True,Axe,Axe,False,True,0.00076733826,0.001527797,0.002321278,0.0008621826,0.0011721508,0.0012045488,0.0024765234,0.0014704611,0.0015058481,0.9504617,0.0011075627,0.0017996148,0.0020455811,0.0008439121,0.00078528863,0.011101675,0.0019885125,0.0011897767,0.0030440118,0.0004371102,0.0015371302,0.0018696608,0.0018614912,0.0016330471,0.0012926111,0.0013661535,0.0023270876
10_11021,10_11021.wav,pitch_up_2,10,Axe,3,True,WoodChop,WoodChop,False,False,0.006504666,0.0021143246,0.0023343507,0.0033315988,0.004327775,0.002567779,0.0022639537,0.0036543151,0.0021650514,0.27278444,0.0043231156,0.0026242863,0.002577023,0.002330033,0.006456923,0.65378004,0.0024880539,0.0021425572,0.0011163811,0.0022305595,0.0020660437,0.0017353981,0.0030810114,0.0011467581,0.004050533,0.0021124426,0.0036905434
10_11023,10_11023.wav,pitch_down_2,10,Axe,3,True,Axe,Axe,False,True,0.010011822,0.0024874785,0.004092593,0.0044067483,0.0035271693,0.0027412213,0.005178776,0.0047844076,0.004673386,0.67076725,0.005495583,0.005902719,0.0027197034,0.0063821017,0.0030331903,0.19913761,0.0067136767,0.009326966,0.005782479,0.0009070035,0.0039473167,0.011752199,0.008193706,0.0026822195,0.0049321614,0.005425492,0.004995067
10_11023,10_11023.wav,pitch_up_2,10,Axe,3,True,WoodChop,Axe,True,True,0.010011822,0.0024874785,0.004092593,0.0044067483,0.0035271693,0.0027412213,0.005178776,0.0047844076,0.004673386,0.67076725,0.005495583,0.005902719,0.0027197034,0.0063821017,0.0030331903,0.19913761,0.0067136767,0.009326966,0.005782479,0.0009070035,0.0039473167,0.011752199,0.008193706,0.0026822195,0.0049321614,0.005425492,0.004995067
10_11024,10_11024.wav,pitch_up_2,10,Axe,3,True,WoodChop,Axe,True,True,0.0012218455,0.001817347,0.0021794357,0.0007210591,0.0021764094,0.0014146548,0.0077189603,0.002233274,0.0022747035,0.629886,0.0020202557,0.0016150153,0.0049603563,0.0016861,0.0030572608,0.31157443,0.0016608104,0.0033593718,0.0010877228,0.002035696,0.0021168047,0.0034755107,0.0020514245,0.0016383152,0.0014586622,0.0026218714,0.0019367704
10_11025,10_11025.wav,original,10,Axe,3,True,Axe,Axe,False,True,0.0014724684,0.0015141788,0.0024857863,0.0011128611,0.0021601254,0.0015890609,0.0065682177,0.0024506312,0.0022976694,0.9285862,0.0015662741,0.0024699809,0.004493641,0.0019991882,0.0011809424,0.01492156,0.0019803373,0.0019126389,0.0048986827,0.00114221,0.0020825337,0.0018781874,0.0021183854,0.0012926431,0.0014829375,0.0025597466,0.0017829196
10_11026,10_11026.wav,original,10,Axe,3,True,Axe,Axe,False,True,0.0007547857,0.0015243698,0.0026434318,0.0027798489,0.0023801762,0.0018187213,0.008349708,0.0024290513,0.0021803377,0.92085725,0.0024178084,0.003258147,0.010543592,0.0014331691,0.0016377539,0.0026096487,0.002943011,0.0053493106,0.005472138,0.0025085656,0.0025652996,0.0023883334,0.0034530268,0.0018107906,0.0015668524,0.002608546,0.0017163641
10_11026,10_11026.wav,pitch_down_2,10,Axe,3,True,Axe,Axe,False,True,0.0007547857,0.0015243698,0.0026434318,0.0027798489,0.0023801762,0.0018187213,0.008349708,0.0024290513,0.0021803377,0.92085725,0.0024178084,0.003258147,0.010543592,0.0014331691,0.0016377539,0.0026096487,0.002943011,0.0053493106,0.005472138,0.0025085656,0.0025652996,0.0023883334,0.0034530268,0.0018107906,0.0015668524,0.002608546,0.0017163641
10_11029,10_11029.wav,pitch_down_2,10,Axe,3,True,Axe,Axe,False,True,0.0015266757,0.0013657865,0.0024235474,0.00887644,0.0025393674,0.0020378772,0.0020036667,0.0021995688,0.0016471366,0.9208987,0.002005802,0.0023483199,0.003180435,0.000979864,0.0018920227,0.024047876,0.0022040375,0.0019305734,0.0021824343,0.0002963903,0.0022849243,0.0019922943,0.0020099862,0.0014042552,0.0020562334,0.0020670097,0.0015988174
10_11030,10_11030.wav,pitch_down_2,10,Axe,3,True,WingFlaping,Axe,True,True,0.0049987985,0.0061399587,0.007983572,0.0029804886,0.0041545425,0.009678188,0.032907072,0.0071743526,0.0070631863,0.40578476,0.0037255257,0.0059806127,0.005142572,0.00424457,0.044873018,0.048777014,0.0072846226,0.00845872,0.015803434,0.01579538,0.008159845,0.008809,0.0034437377,0.29369345,0.009575069,0.008789293,0.01857916
10_11030,10_11030.wav,pitch_up_2,10,Axe,3,True,WingFlaping,Axe,True,True,0.0049987985,0.0061399587,0.007983572,0.0029804886,0.0041545425,0.009678188,0.032907072,0.0071743526,0.0070631863,0.40578476,0.0037255257,0.0059806127,0.005142572,0.00424457,0.044873018,0.048777014,0.0072846226,0.00845872,0.015803434,0.01579538,0.008159845,0.008809,0.0034437377,0.29369345,0.009575069,0.008789293,0.01857916
10_11034,10_11034.wav,pitch_up_2,10,Axe,3,True,Axe,Axe,False,True,0.0014378601,0.0041819657,0.001871884,0.0067196414,0.0022566274,0.002142463,0.0033596393,0.0035337245,0.0023826503,0.8596575,0.002923907,0.00417801,0.0028422158,0.0013555195,0.0033519093,0.064628646,0.0021196725,0.003169081,0.0024274383,0.0005112053,0.0037174325,0.008984682,0.0036360703,0.0011709166,0.0012972801,0.0036024067,0.0025396487
10_11035,10_11035.wav,pitch_up_2,10,Axe,3,True,Axe,Axe,False,True,0.0047013084,0.0030500342,0.0029096405,0.00635233,0.0033658107,0.0037449321,0.0023086683,0.0032693103,0.0028827407,0.81206733,0.0020612013,0.002541937,0.0028186508,0.0019003997,0.003029329,0.114344835,0.0033114469,0.0030481506,0.0041260277,0.00027464738,0.0047597275,0.0016684858,0.0021452878,0.0015693675,0.0036233168,0.0026065058,0.0015185332
10_11038,10_11038.wav,pitch_down_2,10,Axe,3,True,Axe,Axe,False,True,0.0015105694,0.0042303787,0.003854751,0.0040472033,0.003678212,0.004165445,0.0064826943,0.004190531,0.004489105,0.8341582,0.0047534714,0.0043738536,0.017286872,0.002977582,0.0038119943,0.013023529,0.003375031,0.0035677573,0.0054979264,0.039115634,0.006637253,0.0045448528,0.004694478,0.0030607798,0.0038019822,0.004046045,0.0046239123
10_11038,10_11038.wav,pitch_up_2,10,Axe,3,True,Axe,Axe,False,True,0.0015105694,0.0042303787,0.003854751,0.0040472033,0.003678212,0.004165445,0.0064826943,0.004190531,0.004489105,0.8341582,0.0047534714,0.0043738536,0.017286872,0.002977582,0.0038119943,0.013023529,0.003375031,0.0035677573,0.0054979264,0.039115634,0.006637253,0.0045448528,0.004694478,0.0030607798,0.0038019822,0.004046045,0.0046239123
10_11040,10_11040.wav,pitch_down_2,10,Axe,3,True,Axe,Axe,False,True,0.0018667545,0.0018817289,0.00096151565,0.00057693577,0.0022659884,0.0017380704,0.0005424744,0.0016049342,0.0020298124,0.93948084,0.003129735,0.0020382188,0.00096042623,0.011472636,0.0036792655,0.0041047814,0.0011291554,0.0015751496,0.0026814798,0.00471882,0.001879362,0.0012418038,0.0015106475,0.0010408381,0.0015084343,0.0016033463,0.002776848
10_11046,10_11046.wav,original,10,Axe,3,True,WoodChop,Axe,True,True,0.0017846953,0.0024051282,0.0015277487,0.0014760593,0.0028129842,0.0017258492,0.0012443066,0.002108711,0.002440427,0.6249323,0.0024366775,0.0023440195,0.0013176881,0.004418412,0.0049961032,0.31568572,0.0027269672,0.0014644358,0.001683632,0.0006923525,0.0034038927,0.0014667265,0.0016508288,0.005562847,0.0012959111,0.003018856,0.0033767382
10_11048,10_11048.wav,original,10,Axe,3,True,WoodChop,Axe,True,True,0.0055152173,0.0038380008,0.0031038066,0.0017967372,0.004315702,0.005543826,0.042989135,0.0032870423,0.011139971,0.70043683,0.011962707,0.0062900777,0.019010672,0.009003996,0.0067726388,0.10679769,0.006376567,0.0034851963,0.015237915,0.003178548,0.0068220855,0.0034341505,0.005271032,0.0021659492,0.00484331,0.0037506267,0.003630637
10_11049,10_11049.wav,original,10,Axe,3,True,WoodChop,Axe,True,True,0.0046163476,0.007407648,0.0050351075,0.0057988376,0.0038141895,0.0039517134,0.0049661375,0.0026845958,0.006403394,0.44085857,0.0050398693,0.0040126145,0.0012837913,0.004402623,0.06378288,0.39122665,0.0024697408,0.010139285,0.0027077931,0.0055312775,0.002720834,0.004013883,0.0044244085,0.0019424511,0.0027059999,0.004445035,0.0036143735
10_11049,10_11049.wav,pitch_up_2,10,Axe,3,True,WoodChop,Axe,True,True,0.0046163476,0.007407648,0.0050351075,0.0057988376,0.0038141895,0.0039517134,0.0049661375,0.0026845958,0.006403394,0.44085857,0.0050398693,0.0040126145,0.0012837913,0.004402623,0.06378288,0.39122665,0.0024697408,0.010139285,0.0027077931,0.0055312775,0.002720834,0.004013883,0.0044244085,0.0019424511,0.0027059999,0.004445035,0.0036143735
10_11053,10_11053.wav,pitch_down_2,10,Axe,3,True,Footsteps,Axe,True,True,0.028469227,0.009531743,0.006717459,0.002791648,0.005070791,0.008143919,0.01101111,0.0060249157,0.00781649,0.38512397,0.004946518,0.0061799935,0.0070687295,0.003374893,0.005597301,0.11358941,0.0039475276,0.0037581965,0.30875444,0.029357458,0.009542155,0.0039505325,0.00426703,0.003043254,0.007339915,0.007645346,0.006935988
10_11053,10_11053.wav,pitch_up_2,10,Axe,3,True,Footsteps,Axe,True,True,0.028469227,0.009531743,0.006717459,0.002791648,0.005070791,0.008143919,0.01101111,0.0060249157,0.00781649,0.38512397,0.004946518,0.0061799935,0.0070687295,0.003374893,0.005597301,0.11358941,0.0039475276,0.0037581965,0.30875444,0.029357458,0.009542155,0.0039505325,0.00426703,0.003043254,0.007339915,0.007645346,0.006935988
10_11054,10_11054.wav,pitch_down_2,10,Axe,3,True,Axe,Axe,False,True,0.0007526367,0.00096829265,0.0014334595,0.0021366517,0.0018158004,0.001179706,0.0010044145,0.0021350915,0.001329657,0.95480126,0.00096064486,0.0010840505,0.0010904662,0.001107532,0.0013252255,0.012098741,0.00094607216,0.0010430695,0.0006107388,0.0024338097,0.002257639,0.0012896791,0.0013888316,0.0009676116,0.0014972765,0.001304668,0.001037055
10_11057,10_11057.wav,original,10,Axe,3,True,WoodChop,Axe,True,True,0.0044512725,0.0024579193,0.0023362292,0.0020719972,0.0023537695,0.0035488077,0.0018924782,0.003821483,0.0027595244,0.61617,0.002461234,0.0019281447,0.0016868234,0.0024573524,0.0013767885,0.32261702,0.0023386155,0.002485793,0.003616768,0.0003447343,0.0033735305,0.0016339701,0.0030791222,0.0020644595,0.0025387844,0.0026621402,0.0014711771
10_11057,10_11057.wav,pitch_up_2,10,Axe,3,True,Axe,Axe,False,True,0.0044512725,0.0024579193,0.0023362292,0.0020719972,0.0023537695,0.0035488077,0.0018924782,0.003821483,0.0027595244,0.61617,0.002461234,0.0019281447,0.0016868234,0.0024573524,0.0013767885,0.32261702,0.0023386155,0.002485793,0.003616768,0.0003447343,0.0033735305,0.0016339701,0.0030791222,0.0020644595,0.0025387844,0.0026621402,0.0014711771
10_11059,10_11059.wav,original,10,Axe,3,True,Axe,Axe,False,True,0.005411688,0.007830874,0.0055953027,0.016803263,0.009457125,0.007669225,0.0038970963,0.006003026,0.005368397,0.71000844,0.016924819,0.013172151,0.03300607,0.0027253432,0.0057087247,0.0779344,0.009712888,0.006907063,0.0048950776,0.0031574958,0.0073790047,0.0057411236,0.005480548,0.0037258954,0.00535816,0.0090519795,0.011074881
10_11059,10_11059.wav,pitch_down_2,10,Axe,3,True,Axe,Axe,False,True,0.005411688,0.007830874,0.0055953027,0.016803263,0.009457125,0.007669225,0.0038970963,0.006003026,0.005368397,0.71000844,0.016924819,0.013172151,0.03300607,0.0027253432,0.0057087247,0.0779344,0.009712888,0.006907063,0.0048950776,0.0031574958,0.0073790047,0.0057411236,0.005480548,0.0037258954,0.00535816,0.0090519795,0.011074881
10_11064,10_11064.wav,original,10,Axe,3,True,Axe,Axe,False,True,0.0033986021,0.0035740833,0.006920111,0.0045667025,0.004845075,0.0050809276,0.011838108,0.004489211,0.004761214,0.75433844,0.0019363392,0.0027811632,0.006169904,0.0022358147,0.024352526,0.035358824,0.0058301394,0.0038168337,0.07307432,0.0021200571,0.0073986356,0.0051820674,0.004809376,0.004364897,0.008632193,0.0038058187,0.0043186774
10_11064,10_11064.wav,pitch_up_2,10,Axe,3,True,Axe,Axe,False,True,0.0033986021,0.0035740833,0.006920111,0.0045667025,0.004845075,0.0050809276,0.011838108,0.004489211,0.004761214,0.75433844,0.0019363392,0.0027811632,0.006169904,0.0022358147,0.024352526,0.035358824,0.0058301394,0.0038168337,0.07307432,0.0021200571,0.0073986356,0.0051820674,0.004809376,0.004364897,0.008632193,0.0038058187,0.0043186774
10_11065,10_11065.wav,original,10,Axe,3,True,Axe,Axe,False,True,0.00094926805,0.0015013013,0.0020729809,0.001616892,0.0012830915,0.0020069263,0.0009426034,0.0013234527,0.0013771042,0.94681436,0.0010660635,0.0016466724,0.0014627948,0.0020675168,0.0008931647,0.011288893,0.0019024968,0.00208883,0.003508256,0.00042930062,0.0016774362,0.0012794298,0.0031872857,0.0018426861,0.0022551387,0.0016623037,0.00185371
10_11066,10_11066.wav,original,10,Axe,3,True,Axe,Axe,False,True,0.0050106724,0.0037842395,0.0044186567,0.001984961,0.0037012985,0.0037361926,0.0012958081,0.003737514,0.0026446192,0.8050065,0.0034638743,0.0038400718,0.0025964642,0.0016635658,0.0029539783,0.10710379,0.004438299,0.0015070392,0.0017421744,0.00945175,0.0031621607,0.0028340789,0.006135143,0.0030202044,0.0032163057,0.0034938091,0.004056818
10_11068,10_11068.wav,original,10,Axe,3,True,WoodChop,Axe,True,True,0.0015239053,0.0014288778,0.0019085974,0.0012631713,0.0015603587,0.0022397118,0.0006652789,0.0014220377,0.000996932,0.63945967,0.001634213,0.0018617343,0.0009533952,0.0012670037,0.0012129002,0.32325116,0.002371901,0.0017098127,0.0016967152,0.000317324,0.0019834372,0.0009336761,0.002091656,0.0014181989,0.0017099449,0.0014825825,0.0016358636
10_11069,10_11069.wav,original,10,Axe,3,True,Axe,Axe,False,True,0.0013957786,0.0011735895,0.0015679625,0.0005773594,0.0013037677,0.001502151,0.0008061508,0.0011045987,0.0008719258,0.95794505,0.0009996662,0.0017614509,0.0011642718,0.0011190306,0.0016573124,0.012903123,0.00093095814,0.0012261026,0.0008975502,0.0008838053,0.0010306222,0.0007949081,0.0013456983,0.0012747073,0.0011873887,0.0012429527,0.0013320805
10_11070,10_11070.wav,pitch_up_2,10,Axe,3,True,Axe,Axe,False,True,0.004526267,0.0030756586,0.0022771186,0.001029859,0.0020797348,0.003608723,0.0028542199,0.0014817709,0.0013439736,0.9147902,0.002615162,0.0031075317,0.0022640594,0.0035017738,0.004402256,0.017248997,0.0021331562,0.0026221175,0.00268575,0.002136893,0.0026997384,0.002553392,0.0022609031,0.0018457662,0.0061109937,0.0025734452,0.0021705013
11_11101,11_11101.wav,pitch_down_2,11,Chainsaw,3,True,Chainsaw,Chainsaw,False,True,0.0031084642,0.0026877883,0.0038152009,0.004344202,0.0064191963,0.004398422,0.0015420647,0.0032165125,0.0018086018,0.0045477753,0.84579206,0.011330888,0.009088567,0.006148527,0.0046726256,0.01845164,0.007982221,0.0049283705,0.014525436,0.0034268347,0.0038738057,0.0036172403,0.005014743,0.0126229385,0.004831133,0.0029898232,0.004814899
11_11101,11_11101.wav,pitch_up_2,11,Chainsaw,3,True,Chainsaw,Chainsaw,False,True,0.0031084642,0.0026877883,0.0038152009,0.004344202,0.0064191963,0.004398422,0.0015420647,0.0032165125,0.0018086018,0.0045477753,0.84579206,0.011330888,0.009088567,0.006148527,0.0046726256,0.01845164,0.007982221,0.0049283705,0.014525436,0.0034268347,0.0038738057,0.0036172403,0.005014743,0.0126229385,0.004831133,0.0029898232,0.004814899
11_11102,11_11102.wav,pitch_down_2,11,Chainsaw,3,True,Chainsaw,Chainsaw,False,True,0.0007780963,0.0020082167,0.0016746954,0.0011381806,0.0016429931,0.0020824864,0.0014234516,0.0014102914,0.0012473933,0.003188799,0.94801736,0.0041666147,0.0017533518,0.0023110989,0.0021329455,0.0013083055,0.0018769434,0.0015724966,0.0012241312,0.0055840705,0.0013975748,0.0015363459,0.0023399882,0.002634757,0.0013793753,0.0024943294,0.0016757249
11_11103,11_11103.wav,pitch_down_2,11,Chainsaw,3,True,Chainsaw,Chainsaw,False,True,0.0027210342,0.0019616038,0.0015356481,0.0015451099,0.0018867134,0.0016829642,0.0020414612,0.001396119,0.0011656531,0.0012063396,0.95577526,0.00081202,0.0020435036,0.0022568267,0.0013742838,0.0015998139,0.0017275261,0.0018992005,0.0016374419,0.0011777575,0.0013417251,0.0014470229,0.0015743775,0.0018863594,0.0019241786,0.0021685937,0.0022114543
11_11105,11_11105.wav,original,11,Chainsaw,3,True,Chainsaw,Chainsaw,False,True,0.0021791516,0.0019404072,0.0024545447,0.0019558847,0.0021258984,0.0021752964,0.002803764,0.001970311,0.001724726,0.0019539709,0.9459725,0.0011185782,0.0014158874,0.0019069345,0.0028596555,0.0013953486,0.0021809358,0.0026396487,0.0018878308,0.0017140607,0.0018935747,0.0021855067,0.0018669994,0.0021202092,0.002620794,0.0025957439,0.0023417808
11_11109,11_11109.wav,pitch_up_2,11,Chainsaw,3,True,Chainsaw,Chainsaw,False,True,0.004385701,0.0055589243,0.0034994613,0.0013157,0.0016510682,0.0021311746,0.0017712429,0.0021419006,0.0069902088,0.0010050763,0.92907476,0.00854326,0.0019440711,0.002027479,0.0019297343,0.0023263686,0.002309832,0.002172225,0.002387937,0.002000629,0.0015919436,0.0027073591,0.0020822051,0.00172663,0.0018197993,0.003029735,0.0018755427
11_11110,11_11110.wav,pitch_up_2,11,Chainsaw,3,True,Chainsaw,Chainsaw,False,True,0.005388128,0.011065512,0.0022197661,0.003862907,0.0021150594,0.004114916,0.0046159835,0.06058207,0.028695062,0.0024294604,0.8210821,0.0031917195,0.0027867116,0.003344326,0.0029158313,0.00497962,0.004935972,0.0032382396,0.0026054857,0.003562089,0.0032637545,0.0033139356,0.0032555554,0.004178621,0.0029760525,0.0024659797,0.0028151146
11_11111,11_11111.wav,pitch_down_2,11,Chainsaw,3,True,Chainsaw,Chainsaw,False,True,0.0018376451,0.0011927673,0.0025668999,0.001812955,0.002107272,0.0024223097,0.0047430634,0.0024032074,0.0008467732,0.0029186122,0.94047093,0.0016901292,0.0022463643,0.0021199535,0.0024399702,0.0025031639,0.0012418058,0.0022351416,0.0014718809,0.0019014264,0.002196305,0.0039010032,0.0015602295,0.0023917512,0.0034173615,0.0019730825,0.003387997
11_11112,11_11112.wav,pitch_down_2,11,Chainsaw,3,True,Chainsaw,Chainsaw,False,True,0.0026640166,0.0011963126,0.0019658075,0.0018249137,0.0018512126,0.0029506134,0.0037999724,0.0035917033,0.005157624,0.0019614678,0.9344906,0.00534055,0.0020379324,0.0017483776,0.0026039144,0.0017794641,0.0028186978,0.0025308395,0.0024147972,0.0021345036,0.00234035,0.003188682,0.002739743,0.0014215857,0.0015485631,0.0017335113,0.0021642155
11_11112,11_11112.wav,pitch_up_2,11,Chainsaw,3,True,Chainsaw,Chainsaw,False,True,0.0026640166,0.0011963126,0.0019658075,0.0018249137,0.0018512126,0.0029506134,0.0037999724,0.0035917033,0.005157624,0.0019614678,0.9344906,0.00534055,0.0020379324,0.0017483776,0.0026039144,0.0017794641,0.0028186978,0.0025308395,0.0024147972,0.0021345036,0.00234035,0.003188682,0.002739743,0.0014215857,0.0015485631,0.0017335113,0.0021642155
11_11115,11_11115.wav,pitch_down_2,11,Chainsaw,3,True,Chainsaw,Chainsaw,False,True,0.0029672037,0.0020081915,0.0024469683,0.002220134,0.0014031515,0.0019240957,0.0010676298,0.0024251612,0.00085497746,0.0015047848,0.9495848,0.003151171,0.0017463531,0.002418271,0.0011515181,0.00117673,0.0024626574,0.001993419,0.0019933942,0.0013074417,0.001822112,0.0023691456,0.0016510161,0.003015971,0.0015070323,0.0018736,0.0019530525
11_11117,11_11117.wav,original,11,Chainsaw,3,True,Chainsaw,Chainsaw,False,True,0.0014214175,0.0014517256,0.0019241711,0.002014551,0.0016983859,0.0020112616,0.0023644103,0.0016550234,0.0020736423,0.0012641764,0.9556729,0.00092670525,0.0017183438,0.0018516578,0.0014797011,0.0013456801,0.001511197,0.001393777,0.001482844,0.0017933944,0.0013313857,0.0026313153,0.0015261365,0.0017360075,0.0016222708,0.0019075148,0.0021903857
11_11117,11_11117.wav,pitch_down_2,11,Chainsaw,3,True,Chainsaw,Chainsaw,False,True,0.0014214175,0.0014517256,0.0019241711,0.002014551,0.0016983859,0.0020112616,0.0023644103,0.0016550234,0.0020736423,0.0012641764,0.9556729,0.00092670525,0.0017183438,0.0018516578,0.0014797011,0.0013456801,0.001511197,0.001393777,0.001482844,0.0017933944,0.0013313857,0.0026313153,0.0015261365,0.0017360075,0.0016222708,0.0019075148,0.0021903857
11_11120,11_11120.wav,original,11,Chainsaw,3,True,Chainsaw,Chainsaw,False,True,0.0027727273,0.002547812,0.001993448,0.0014512008,0.002507327,0.0016753768,0.0013583751,0.0013098676,0.0014127856,0.0016718637,0.95023364,0.0014580073,0.0015318622,0.002312091,0.001752072,0.0025603266,0.0018354451,0.0013874756,0.0014467739,0.0016296242,0.0015038952,0.0015017511,0.0017549106,0.0032939164,0.0017489279,0.002958578,0.0023899244
11_11120,11_11120.wav,pitch_up_2,11,Chainsaw,3,True,Chainsaw,Chainsaw,False,True,0.0027727273,0.002547812,0.001993448,0.0014512008,0.002507327,0.0016753768,0.0013583751,0.0013098676,0.0014127856,0.0016718637,0.95023364,0.0014580073,0.0015318622,0.002312091,0.001752072,0.0025603266,0.0018354451,0.0013874756,0.0014467739,0.0016296242,0.0015038952,0.0015017511,0.0017549106,0.0032939164,0.0017489279,0.002958578,0.0023899244
11_11123,11_11123.wav,original,11,Chainsaw,3,True,Chainsaw,Chainsaw,False,True,0.0027935728,0.0022423859,0.003956532,0.0034085251,0.0028437583,0.0025693157,0.0028531074,0.0027754363,0.001408807,0.0019654746,0.9249261,0.0061906073,0.0032438135,0.0027478433,0.0024333938,0.0024875381,0.0031475576,0.0023670197,0.002294449,0.0017881516,0.0026188034,0.002918632,0.002512229,0.0050006607,0.0024021824,0.0032839777,0.0028200753
11_11124,11_11124.wav,original,11,Chainsaw,3,True,Chainsaw,Chainsaw,False,True,0.0021899228,0.000968121,0.0018023456,0.0016559055,0.0019651197,0.0012123162,0.0014954036,0.0065408633,0.0017293323,0.0023632434,0.9361257,0.0062532276,0.0016080838,0.0012743912,0.0017192425,0.0012847524,0.0032752187,0.0012029038,0.0010968242,0.0023194423,0.00067657145,0.0015435378,0.009760576,0.0037555825,0.002267135,0.0010258143,0.002888415
11_11125,11_11125.wav,original,11,Chainsaw,3,True,Chainsaw,Chainsaw,False,True,0.0019993838,0.0017638163,0.0018343575,0.0015024577,0.001359893,0.0016470985,0.0014967617,0.0018406849,0.0008034356,0.0017695153,0.95906895,0.00085703976,0.0017786267,0.0018020511,0.0013194041,0.0016480732,0.0016985115,0.0013783736,0.0011782142,0.0017522246,0.0014824475,0.0017825511,0.0014289418,0.0019429689,0.0013775044,0.0014159885,0.002070763
11_11129,11_11129.wav,pitch_down_2,11,Chainsaw,3,True,Chainsaw,Chainsaw,False,True,0.0025172608,0.0021729628,0.0019375407,0.0016131112,0.0016484875,0.0018079631,0.003032252,0.0016839238,0.0016434413,0.0016057962,0.9500695,0.0032521365,0.0015925347,0.0014541913,0.0012560295,0.0018616435,0.00218019,0.0020651876,0.0022648463,0.0022437018,0.00092355773,0.0015309838,0.0016542411,0.0029201612,0.00108382,0.0016288509,0.0023556647
11_11133,11_11133.wav,original,11,Chainsaw,3,True,Chainsaw,Chainsaw,False,True,0.0029015085,0.0022786425,0.002518791,0.004671235,0.0027863442,0.0033549424,0.015298285,0.004198382,0.0029027748,0.0034805306,0.9016804,0.0016272113,0.004037965,0.0022064259,0.0033410124,0.0034699945,0.0037008442,0.0017504323,0.003544464,0.0041216924,0.002668888,0.0044303234,0.0028171616,0.0050923717,0.0045215464,0.0030739326,0.0035239514
11_11133,11_11133.wav,pitch_down_2,11,Chainsaw,3,True,Chainsaw,Chainsaw,False,True,0.0029015085,0.0022786425,0.002518791,0.004671235,0.0027863442,0.0033549424,0.015298285,0.004198382,0.0029027748,0.0034805306,0.9016804,0.0016272113,0.004037965,0.0022064259,0.0033410124,0.0034699945,0.0037008442,0.0017504323,0.003544464,0.0041216924,0.002668888,0.0044303234,0.0028171616,0.0050923717,0.0045215464,0.0030739326,0.0035239514
11_11134,11_11134.wav,pitch_up_2,11,Chainsaw,3,True,Chainsaw,Chainsaw,False,True,0.006373189,0.004030049,0.0018980276,0.0018389621,0.0022406934,0.0026367211,0.0023431156,0.0027394546,0.0013666645,0.0011867427,0.9150737,0.0043742475,0.002969631,0.0017610253,0.0017015018,0.0027591933,0.0038842645,0.0022115677,0.00229236,0.0014502363,0.0030698057,0.0033291809,0.0015970938,0.013507023,0.009810605,0.001965162,0.0015897145
11_11137,11_11137.wav,original,11,Chainsaw,3,True,Chainsaw,Chainsaw,False,True,0.0022393728,0.0026417163,0.002477624,0.003992719,0.0029049953,0.0018851123,0.0028352581,0.004662765,0.0045685093,0.002149379,0.93268555,0.00057773775,0.0011122903,0.0021318179,0.0008444814,0.0028057203,0.0021081355,0.0075908857,0.001384186,0.00122508,0.0011796384,0.002789988,0.0010546986,0.0029255264,0.0020816314,0.0031615861,0.0039836285
11_11139,11_11139.wav,pitch_down_2,11,Chainsaw,3,True,Chainsaw,Chainsaw,False,True,0.0015891056,0.0022735456,0.0025749158,0.0020890534,0.002141989,0.0027627784,0.0018853234,0.0060393554,0.0011012907,0.0014203781,0.9381873,0.008849564,0.00088462065,0.0016547153,0.0013239532,0.002801879,0.0021943452,0.0016238439,0.0024136861,0.0017422041,0.0015225974,0.0016671441,0.0016697268,0.0038534242,0.0018492459,0.0018406616,0.002043382
11_11141,11_11141.wav,pitch_up_2,11,Chainsaw,3,True,Chainsaw,Chainsaw,False,True,0.002860629,0.0019412687,0.0020508457,0.0019323762,0.0015397657,0.0017489722,0.0020988432,0.001853933,0.0014744942,0.0015624001,0.9508603,0.003698754,0.0020812785,0.001400142,0.0014717024,0.0014772159,0.0020090893,0.0015825367,0.0026650596,0.0021985993,0.0009181918,0.0015131101,0.0020998206,0.0022503335,0.0012767198,0.0015848969,0.0018486455
11_11142,11_11142.wav,pitch_down_2,11,Chainsaw,3,True,Chainsaw,Chainsaw,False,True,0.0019296607,0.0017925696,0.0023283747,0.0017437967,0.002933907,0.0023755946,0.0031995184,0.0021532318,0.0013360422,0.0025459344,0.94353914,0.0019224831,0.0018785245,0.0022597562,0.002067531,0.0017407504,0.0025584283,0.0016861715,0.0025822364,0.0018060576,0.0018461528,0.0021114126,0.0020013798,0.0028998796,0.0019431425,0.0019688923,0.002849389
11_11144,11_11144.wav,original,11,Chainsaw,3,True,Chainsaw,Chainsaw,False,True,0.005188067,0.0061897077,0.0102253165,0.008796379,0.0048501515,0.011014413,0.027362486,0.0061784517,0.010073482,0.005573707,0.747968,0.04499313,0.009138267,0.005419681,0.0042947344,0.010468975,0.0061706365,0.006464179,0.00413135,0.020119306,0.006435406,0.0061642253,0.006652312,0.006808186,0.008958486,0.005251782,0.005109191
11_11144,11_11144.wav,pitch_down_2,11,Chainsaw,3,True,Chainsaw,Chainsaw,False,True,0.005188067,0.0061897077,0.0102253165,0.008796379,0.0048501515,0.011014413,0.027362486,0.0061784517,0.010073482,0.005573707,0.747968,0.04499313,0.009138267,0.005419681,0.0042947344,0.010468975,0.0061706365,0.006464179,0.00413135,0.020119306,0.006435406,0.0061642253,0.006652312,0.006808186,0.008958486,0.005251782,0.005109191
11_11146,11_11146.wav,original,11,Chainsaw,3,True,Chainsaw,Chainsaw,False,True,0.0015078085,0.0019856868,0.0014041044,0.0015066209,0.0012149866,0.0020016648,0.00090505386,0.0013260962,0.0012761481,0.0033928473,0.9548622,0.0023532903,0.0031802661,0.001135807,0.0015447097,0.0019594163,0.001485827,0.0013248079,0.0025027872,0.0021366968,0.0021166068,0.0017356997,0.0013324065,0.00073519134,0.0017302609,0.0011201798,0.002222884
11_11150,11_11150.wav,pitch_down_2,11,Chainsaw,3,True,Chainsaw,Chainsaw,False,True,0.00280248,0.0028077867,0.002177195,0.0020376188,0.0019757226,0.0023074902,0.0017786386,0.0022703765,0.0011306436,0.0022074587,0.94368887,0.0012310476,0.0021922446,0.0023896273,0.001835344,0.0024384696,0.0026466355,0.0016076603,0.002150228,0.0015589596,0.0038353093,0.0018604387,0.002194307,0.0021538888,0.0020780507,0.0021933177,0.0024501926
11_11150,11_11150.wav,pitch_up_2,11,Chainsaw,3,True,Chainsaw,Chainsaw,False,True,0.00280248,0.0028077867,0.002177195,0.0020376188,0.0019757226,0.0023074902,0.0017786386,0.0022703765,0.0011306436,0.0022074587,0.94368887,0.0012310476,0.0021922446,0.0023896273,0.001835344,0.0024384696,0.0026466355,0.0016076603,0.002150228,0.0015589596,0.0038353093,0.0018604387,0.002194307,0.0021538888,0.0020780507,0.0021933177,0.0024501926
11_11154,11_11154.wav,original,11,Chainsaw,3,True,Chainsaw,Chainsaw,False,True,0.0026042613,0.0023060583,0.002025398,0.0014434768,0.002126166,0.0024267973,0.0016333353,0.0019651693,0.0013929675,0.0027550242,0.94512624,0.0015960988,0.002798043,0.0024378619,0.0022284943,0.0024737047,0.0028105404,0.0020290792,0.0020449266,0.0018113893,0.0022634375,0.0016193144,0.0017938749,0.0020758843,0.0022888794,0.001494315,0.002429201
11_11155,11_11155.wav,pitch_down_2,11,Chainsaw,3,True,Chainsaw,Chainsaw,False,True,0.0043727104,0.002181335,0.00382061,0.005002349,0.0031283556,0.004724545,0.0025461118,0.0043161837,0.0033988701,0.0065775607,0.8293614,0.009362807,0.0023576457,0.003833837,0.0024219423,0.014443301,0.0031865442,0.0066534244,0.05931854,0.0035900592,0.0022141093,0.0035049294,0.0043620476,0.004788364,0.0030479047,0.003992517,0.0034920182
11_11156,11_11156.wav,pitch_down_2,11,Chainsaw,3,True,Chainsaw,Chainsaw,False,True,0.0030810533,0.002155005,0.0020470314,0.0013516806,0.003083542,0.0021254055,0.0025628414,0.00081380276,0.0103049055,0.0020058432,0.9194456,0.0029621713,0.0029329627,0.0016581994,0.0015661484,0.0031759972,0.0026765894,0.0027309002,0.0013112071,0.0011035487,0.014943535,0.0041597253,0.0015732768,0.0019205717,0.0037869082,0.0019274879,0.0025940968
11_11157,11_11157.wav,original,11,Chainsaw,3,True,Chainsaw,Chainsaw,False,True,0.0027483029,0.0026828812,0.005195722,0.0027975251,0.0053888396,0.0038217579,0.001342795,0.0045624683,0.0017408524,0.007324997,0.8478759,0.011001888,0.0058563338,0.002679309,0.040635306,0.007256812,0.0030857886,0.003153314,0.0047859433,0.0076904483,0.0017768465,0.0046012956,0.003955387,0.007550094,0.0031402623,0.0037258845,0.0036230672
11_11158,11_11158.wav,original,11,Chainsaw,3,True,Chainsaw,Chainsaw,False,True,0.0019054551,0.0013375124,0.0023599993,0.0018991685,0.0016411372,0.0026311474,0.0028905843,0.0044219815,0.004609754,0.002063062,0.94126177,0.0038747739,0.0027106719,0.0016869059,0.001661542,0.0021662058,0.0020595219,0.001647822,0.0021012595,0.0022340023,0.0013936063,0.001700407,0.0021471425,0.0019246227,0.0015215544,0.001843602,0.0023048231
11_11163,11_11163.wav,pitch_down_2,11,Chainsaw,3,True,Chainsaw,Chainsaw,False,True,0.0068868697,0.006217073,0.0021295089,0.0025999013,0.0019555455,0.0016060938,0.001262272,0.0013975605,0.000998989,0.0018297974,0.9359102,0.0021571768,0.0032467197,0.0023033805,0.0021984654,0.0019320683,0.001787973,0.0029611706,0.0014371617,0.007289449,0.0017141951,0.0012952011,0.0017521246,0.0018477859,0.0023362695,0.0013865844,0.001560539
11_11166,11_11166.wav,original,11,Chainsaw,3,True,Chainsaw,Chainsaw,False,True,0.001707478,0.0040319846,0.0016260039,0.015643135,0.002667884,0.004293032,0.0027933598,0.0021871394,0.0023090874,0.0035301496,0.90014625,0.0026909902,0.0036729127,0.0026638943,0.007248443,0.003604142,0.0028863335,0.011782193,0.00159577,0.003687459,0.0035514531,0.0021164974,0.003371058,0.0017618169,0.0028708428,0.002702437,0.0028582262
11_11166,11_11166.wav,pitch_down_2,11,Chainsaw,3,True,Chainsaw,Chainsaw,False,True,0.001707478,0.0040319846,0.0016260039,0.015643135,0.002667884,0.004293032,0.0027933598,0.0021871394,0.0023090874,0.0035301496,0.90014625,0.0026909902,0.0036729127,0.0026638943,0.007248443,0.003604142,0.0028863335,0.011782193,0.00159577,0.003687459,0.0035514531,0.0021164974,0.003371058,0.0017618169,0.0028708428,0.002702437,0.0028582262
11_11167,11_11167.wav,pitch_down_2,11,Chainsaw,3,True,Chainsaw,Chainsaw,False,True,0.0018406957,0.0022552654,0.0017409289,0.0022543364,0.007082008,0.0032372728,0.0015392922,0.0025592854,0.0023925472,0.0055811075,0.86256534,0.013784573,0.0058935867,0.004141233,0.0043678456,0.010097816,0.006047278,0.0019860447,0.005034831,0.0033384506,0.0033122327,0.0043978747,0.0047527403,0.029372707,0.0051137046,0.002736235,0.0025747952
11_11167,11_11167.wav,pitch_up_2,11,Chainsaw,3,True,Chainsaw,Chainsaw,False,True,0.0018406957,0.0022552654,0.0017409289,0.0022543364,0.007082008,0.0032372728,0.0015392922,0.0025592854,0.0023925472,0.0055811075,0.86256534,0.013784573,0.0058935867,0.004141233,0.0043678456,0.010097816,0.006047278,0.0019860447,0.005034831,0.0033384506,0.0033122327,0.0043978747,0.0047527403,0.029372707,0.0051137046,0.002736235,0.0025747952
11_11169,11_11169.wav,original,11,Chainsaw,3,True,Chainsaw,Chainsaw,False,True,0.0014756597,0.0025121502,0.0018083613,0.0010843979,0.0017280093,0.0016191034,0.0016945534,0.0031571642,0.0012293069,0.0015930366,0.9510462,0.004204742,0.0017986976,0.0018195374,0.0017525852,0.0020135816,0.0019231779,0.001271023,0.002708832,0.0017138715,0.0009358003,0.0013602735,0.0015341371,0.0023759387,0.0014365191,0.0015619108,0.0026413351
11_11170,11_11170.wav,original,11,Chainsaw,3,True,Chainsaw,Chainsaw,False,True,0.0016922163,0.0020252133,0.0015682628,0.0017178844,0.0018171966,0.0014997734,0.0018283604,0.00096266513,0.0027194947,0.001839789,0.9560346,0.0016220097,0.0014001761,0.0018764917,0.001606393,0.0014628043,0.0017337124,0.0022944119,0.0015636015,0.0013176497,0.0019900622,0.0019132596,0.0016205468,0.0013084087,0.0016186466,0.0014010523,0.0015653126
11_11172,11_11172.wav,original,11,Chainsaw,3,True,Chainsaw,Chainsaw,False,True,0.0025408303,0.0022335276,0.0017650189,0.001976621,0.0022697076,0.0022450516,0.0018652132,0.0015514748,0.0013216832,0.0020934439,0.94657326,0.001211565,0.0019182633,0.0025454161,0.0019496562,0.00201325,0.002765084,0.0019653104,0.001983198,0.0015798643,0.002017867,0.0020764696,0.002398013,0.0018302101,0.0025865454,0.0022648312,0.0024585614
11_11174,11_11174.wav,pitch_down_2,11,Chainsaw,3,True,Chainsaw,Chainsaw,False,True,0.001774657,0.0019042826,0.0016860128,0.0016550206,0.00236355,0.0023985615,0.0020662916,0.0013912009,0.0018682618,0.0013822386,0.9429119,0.0026140686,0.0036709998,0.0027245192,0.0016838568,0.0017531067,0.0024211293,0.0018152194,0.0019574438,0.0012230141,0.0016665565,0.004030062,0.0023674502,0.0030139107,0.0033986783,0.0022785256,0.001979415
12_11203,12_11203.wav,pitch_down_2,12,Generator,3,True,Generator,Generator,False,True,0.002769383,0.0028545123,0.0021531687,0.0027650332,0.0018918578,0.002099109,0.0031339407,0.01962187,0.0071281213,0.0038335612,0.004308273,0.8819139,0.0024305752,0.00503448,0.0021608986,0.0025919552,0.0039209416,0.003779122,0.0025585692,0.0027206885,0.0022323655,0.0067827366,0.011000417,0.0043900036,0.011031761,0.0027589172,0.0021338388
12_11204,12_11204.wav,original,12,Generator,3,True,Rain,Generator,True,True,0.0055414173,0.08541921,0.0064046234,0.021569,0.002783527,0.0043992237,0.008524376,0.009190306,0.0067852587,0.01017698,0.017944349,0.68250304,0.017837275,0.0038505916,0.0042092144,0.009945694,0.020538561,0.0048374394,0.0052115154,0.015704777,0.007334973,0.009314273,0.007570802,0.011441781,0.00360493,0.008271755,0.009085077
12_11206,12_11206.wav,pitch_down_2,12,Generator,3,True,Generator,Generator,False,True,0.0022169063,0.0012940291,0.0014111443,0.001706969,0.0012959493,0.0012848171,0.0022390683,0.0070338356,0.003532038,0.0030061046,0.0023176838,0.94859904,0.0013434518,0.0019247696,0.0013052999,0.0009913933,0.0018221134,0.0025010153,0.0023759177,0.0011056318,0.0016165581,0.0009695575,0.0009765854,0.0013984848,0.0018582597,0.0014578638,0.0024155676
12_11207,12_11207.wav,pitch_up_2,12,Generator,3,True,Generator,Generator,False,True,0.0030344126,0.0009152217,0.0014166384,0.0023631528,0.0013231635,0.0010241241,0.002853092,0.00040687007,0.00443577,0.002557949,0.0019798565,0.9492729,0.0012521101,0.0017932291,0.0012310193,0.0016567729,0.0030032145,0.0014592134,0.0017374331,0.0017442316,0.0019274512,0.002503997,0.0007986948,0.0008686032,0.004207226,0.0018629464,0.002370854
12_11209,12_11209.wav,pitch_down_2,12,Generator,3,True,Generator,Generator,False,True,0.0012727705,0.0027643132,0.0018443012,0.0013101641,0.0014378428,0.0014076079,0.0021297624,0.00056290784,0.002344747,0.0019534398,0.0033974212,0.9551501,0.001501217,0.0018689443,0.0010805703,0.0009837108,0.0020491201,0.0011387212,0.0026179512,0.0012705877,0.001187514,0.0023126462,0.0013277289,0.0024329207,0.001521194,0.0015461802,0.0015855291
12_11210,12_11210.wav,original,12,Generator,3,True,Generator,Generator,False,True,0.0018586293,0.0027060846,0.00271447,0.0017620468,0.0016358861,0.0018929704,0.0021208513,0.0015899288,0.009563699,0.003320058,0.0022649432,0.93215925,0.0030670662,0.002309709,0.0011918825,0.002825643,0.0028604867,0.0018562292,0.0037181585,0.0022257855,0.003581419,0.0019355263,0.0024314502,0.0020979897,0.002534911,0.001977739,0.0017972272
12_11210,12_11210.wav,pitch_down_2,12,Generator,3,True,Generator,Generator,False,True,0.0018586293,0.0027060846,0.00271447,0.0017620468,0.0016358861,0.0018929704,0.0021208513,0.0015899288,0.009563699,0.003320058,0.0022649432,0.93215925,0.0030670662,0.002309709,0.0011918825,0.002825643,0.0028604867,0.0018562292,0.0037181585,0.0022257855,0.003581419,0.0019355263,0.0024314502,0.0020979897,0.002534911,0.001977739,0.0017972272
12_11212,12_11212.wav,original,12,Generator,3,True,Generator,Generator,False,True,0.006651512,0.002439315,0.0017893864,0.0059323222,0.002662908,0.0031949345,0.007898419,0.001142744,0.0072620795,0.0045280643,0.0116410395,0.8841354,0.004508876,0.0027813567,0.014470036,0.001152544,0.0041357656,0.0012112551,0.0019096812,0.0019030496,0.005193533,0.0036845345,0.0023801564,0.009296806,0.0043648467,0.002713222,0.0010162435
12_11214,12_11214.wav,pitch_up_2,12,Generator,3,True,Generator,Generator,False,True,0.0023182759,0.0040612714,0.0013759709,0.0017711669,0.0017017853,0.0035448645,0.0014151391,0.00096998777,0.004736761,0.00093941257,0.01152538,0.9366992,0.0020049664,0.0014113622,0.0014681268,0.0013042288,0.0019520937,0.0014369927,0.0016995402,0.0024313615,0.004318372,0.0016156757,0.0017714895,0.0015816757,0.0020557782,0.0022596403,0.0016294589
12_11216,12_11216.wav,pitch_up_2,12,Generator,3,True,Generator,Generator,False,True,0.0030524032,0.0047933855,0.001512379,0.0012617097,0.007876012,0.0014242501,0.0014378078,0.0022248672,0.0026370825,0.0036133693,0.0009155522,0.9406192,0.0020133234,0.0016902424,0.0016696759,0.0012081083,0.0017153356,0.0011246409,0.0014493602,0.0015566014,0.004660424,0.0012251328,0.0011258599,0.00085333287,0.0016317163,0.0019203828,0.004787924
12_11218,12_11218.wav,original,12,Generator,3,True,Generator,Generator,False,True,0.0022986254,0.0010642547,0.0022252856,0.0026720853,0.003594036,0.0032103078,0.0016999837,0.0034328268,0.010227839,0.0033904482,0.0009061085,0.9277459,0.0029272793,0.002422974,0.0016162569,0.0016932989,0.0026167606,0.001570658,0.0019817315,0.002072022,0.0050141183,0.0018658334,0.0019792893,0.0014466139,0.0035013186,0.001960047,0.0048641674
12_11220,12_11220.wav,original,12,Generator,3,True,Generator,Generator,False,True,0.0061660833,0.014381713,0.009845462,0.0018682588,0.0023750684,0.007477869,0.0047005303,0.0028638213,0.0030178642,0.005244259,0.0026604708,0.81890005,0.0047097565,0.0020396828,0.0013767066,0.0044313553,0.012548905,0.008434125,0.003876875,0.01331561,0.034514148,0.0020401992,0.00396855,0.007250814,0.0023271106,0.016607046,0.00305764
12_11220,12_11220.wav,pitch_up_2,12,Generator,3,True,Generator,Generator,False,True,0.0061660833,0.014381713,0.009845462,0.0018682588,0.0023750684,0.007477869,0.0047005303,0.0028638213,0.0030178642,0.005244259,0.0026604708,0.81890005,0.0047097565,0.0020396828,0.0013767066,0.0044313553,0.012548905,0.008434125,0.003876875,0.01331561,0.034514148,0.0020401992,0.00396855,0.007250814,0.0023271106,0.016607046,0.00305764
12_11227,12_11227.wav,original,12,Generator,3,True,Generator,Generator,False,True,0.003747424,0.0016494171,0.0037748127,0.00484951,0.0017676307,0.003830172,0.0031470067,0.00088446186,0.0038614748,0.0032670384,0.006116055,0.9028047,0.004650742,0.0021930526,0.0070398613,0.0021311538,0.00603719,0.001915932,0.0022210027,0.005720446,0.0021905259,0.0023703435,0.0031535046,0.0056457096,0.004073174,0.005645079,0.0053126677
12_11228,12_11228.wav,original,12,Generator,3,True,Squirrel,Generator,True,True,0.00325932,0.002807122,0.0024338705,0.0022762495,0.0056243124,0.003700385,0.0028605256,0.0018029478,0.014824566,0.0034128388,0.001012558,0.7203038,0.0030974841,0.0032666351,0.0017355041,0.0020848962,0.0024948958,0.0029995982,0.00330111,0.004088015,0.009106073,0.0020074623,0.003123617,0.0009487302,0.0029348999,0.0022002526,0.19229232
12_11229,12_11229.wav,pitch_up_2,12,Generator,3,True,Generator,Generator,False,True,0.0018968438,0.0025114547,0.002930201,0.002615246,0.0018890643,0.004352518,0.0038857206,0.002464196,0.01713248,0.004513595,0.008775044,0.89886665,0.004718199,0.0027198866,0.0033475135,0.0020206592,0.0027704902,0.0035649103,0.003439645,0.0031708938,0.0019743273,0.00403332,0.0067864372,0.0019694623,0.0031476908,0.0021289492,0.0023746209
12_11230,12_11230.wav,original,12,Generator,3,True,Generator,Generator,False,True,0.0030041847,0.0015962728,0.0018914719,0.002121662,0.0027193257,0.0019708849,0.0018654093,0.00089503085,0.0017187592,0.0019006231,0.00025030412,0.95952654,0.0017143651,0.0013552032,0.00089913135,0.0010196018,0.0016602216,0.0011329257,0.0011325206,0.0012079495,0.0009036947,0.0012777266,0.0019950336,0.0015506513,0.0017135603,0.0017564172,0.0012206095
12_11233,12_11233.wav,original,12,Generator,3,True,Generator,Generator,False,True,0.0014838655,0.0017243543,0.0018247692,0.001578746,0.0019201352,0.0018159315,0.004112445,0.0014687789,0.009156124,0.0022957672,0.0037901748,0.9416018,0.001633712,0.0017773082,0.0014589331,0.001209,0.0018669284,0.0013141629,0.0028803118,0.0020008113,0.0022105232,0.0022272097,0.0011967659,0.0021156662,0.0017353632,0.0015395965,0.0020607256
12_11235,12_11235.wav,pitch_up_2,12,Generator,3,True,Generator,Generator,False,True,0.0016891648,0.0010812078,0.0018429421,0.0021892188,0.001454854,0.0019188416,0.0030210682,0.00094923866,0.012414344,0.0023911532,0.0011918894,0.94501513,0.0018699289,0.0020341736,0.0016176755,0.0008996862,0.0018352462,0.0014260295,0.002036378,0.0018692975,0.0011879877,0.0024036493,0.0010695694,0.0014626887,0.0017838017,0.001490755,0.0018539686
12_11238,12_11238.wav,original,12,Generator,3,True,Generator,Generator,False,True,0.0042442386,0.0020808748,0.003728721,0.0038534969,0.0014712062,0.002801706,0.0031193532,0.0011639746,0.0037325348,0.0023150446,0.01362624,0.90380764,0.00208165,0.0024643992,0.003973757,0.0028609994,0.005596613,0.010471285,0.0021393916,0.0048238966,0.0034520647,0.003707695,0.0023179103,0.0013830744,0.0044954047,0.0024856294,0.0018012872
12_11238,12_11238.wav,pitch_down_2,12,Generator,3,True,Generator,Generator,False,True,0.0042442386,0.0020808748,0.003728721,0.0038534969,0.0014712062,0.002801706,0.0031193532,0.0011639746,0.0037325348,0.0023150446,0.01362624,0.90380764,0.00208165,0.0024643992,0.003973757,0.0028609994,0.005596613,0.010471285,0.0021393916,0.0048238966,0.0034520647,0.003707695,0.0023179103,0.0013830744,0.0044954047,0.0024856294,0.0018012872
12_11239,12_11239.wav,pitch_up_2,12,Generator,3,True,Generator,Generator,False,True,0.0026980957,0.0030247113,0.0013306164,0.001491542,0.001391138,0.0012084522,0.0011831837,0.0013476955,0.029272133,0.004409676,0.00434963,0.9141281,0.0013167802,0.0025659178,0.0017355476,0.0010263819,0.0035136293,0.0051834937,0.0023643465,0.0020527353,0.0015007812,0.0010940079,0.001746783,0.0015083518,0.0019786227,0.001663199,0.004914336
12_11240,12_11240.wav,pitch_up_2,12,Generator,3,True,Generator,Generator,False,True,0.008001909,0.008138683,0.0073859952,0.004716832,0.003928386,0.004513317,0.0082017975,0.017196907,0.0023225953,0.011293452,0.01955247,0.8132558,0.0047095115,0.007174065,0.006273305,0.0052998387,0.0056678387,0.008248802,0.004323358,0.004291769,0.0041128793,0.0040291985,0.002148616,0.0038261593,0.009619865,0.0026450118,0.019121692
12_11243,12_11243.wav,pitch_up_2,12,Generator,3,True,Generator,Generator,False,True,0.001896311,0.0031398702,0.001132917,0.0024813032,0.0017786539,0.0014671617,0.0012424006,0.0007665371,0.0033264218,0.0027177706,0.004864164,0.94635123,0.00081117684,0.0027295535,0.0038796898,0.0011451171,0.0021843314,0.0025402037,0.0015924621,0.0010100504,0.0018236442,0.0013203741,0.00053373724,0.00092548196,0.003624431,0.0012003809,0.0035146896
12_11244,12_11244.wav,original,12,Generator,3,True,Speaking,Generator,True,True,0.0061256415,0.01899259,0.0057899654,0.0027020166,0.0060087447,0.007409051,0.0020455408,0.0042018797,0.0049953344,0.006419573,0.00785848,0.72095615,0.0059088045,0.0039677136,0.015341493,0.0043564853,0.0066739866,0.09438709,0.007513594,0.004948668,0.0038761497,0.003282538,0.0387927,0.0012470369,0.0056814533,0.0031984148,0.007318929
12_11246,12_11246.wav,pitch_down_2,12,Generator,3,True,Generator,Generator,False,True,0.0017075398,0.0014994933,0.002561812,0.0030628012,0.0020461737,0.0028487435,0.0025929257,0.005415952,0.00061975705,0.0021457188,0.0021851053,0.9282482,0.0021554232,0.0019850146,0.003966435,0.0020874464,0.0026063854,0.0018232431,0.0012735067,0.005731625,0.0054468582,0.0023730018,0.0007539187,0.007905441,0.0022765943,0.0021042784,0.0025765398
12_11247,12_11247.wav,original,12,Generator,3,True,Generator,Generator,False,True,0.009732801,0.0027950127,0.0041968264,0.0025961078,0.0049224854,0.0070798458,0.001599222,0.0094394535,0.013901196,0.004901321,0.0011502987,0.8741533,0.0044666803,0.0027195087,0.0032323317,0.0033199766,0.0045444467,0.0023200363,0.0034031246,0.0037591641,0.013446629,0.0035576615,0.0050654486,0.0038296506,0.0046617235,0.003540247,0.0016655447
12_11247,12_11247.wav,pitch_up_2,12,Generator,3,True,Generator,Generator,False,True,0.009732801,0.0027950127,0.0041968264,0.0025961078,0.0049224854,0.0070798458,0.001599222,0.0094394535,0.013901196,0.004901321,0.0011502987,0.8741533,0.0044666803,0.0027195087,0.0032323317,0.0033199766,0.0045444467,0.0023200363,0.0034031246,0.0037591641,0.013446629,0.0035576615,0.0050654486,0.0038296506,0.0046617235,0.003540247,0.0016655447
12_11249,12_11249.wav,original,12,Generator,3,True,WaterDrops,Generator,True,True,0.006067356,0.0057521705,0.005822672,0.08236963,0.0037150474,0.00974557,0.0076379534,0.01643969,0.0055492814,0.0021480236,0.023074156,0.6390359,0.010196066,0.010991868,0.010834236,0.013295385,0.003202143,0.011785985,0.004791163,0.07174603,0.0056412537,0.016199723,0.004064497,0.00744055,0.004274335,0.011832088,0.0063473075
12_11250,12_11250.wav,pitch_down_2,12,Generator,3,True,Generator,Generator,False,True,0.0026000838,0.0015552504,0.0016246544,0.0023057812,0.0018676032,0.0010480392,0.0016913348,0.0044268426,0.000820945,0.0015904525,0.003569388,0.94803184,0.0013280628,0.0017810414,0.002470653,0.0017476351,0.0019722998,0.0022376,0.001942297,0.0014612697,0.0023108346,0.0016987476,0.0016027465,0.0017273381,0.0026316205,0.0022413693,0.0017142728
12_11253,12_11253.wav,original,12,Generator,3,True,Generator,Generator,False,True,0.0075162705,0.0064900587,0.0028678712,0.0028948823,0.005730095,0.008962817,0.010980626,0.019122118,0.05398926,0.003434804,0.0031976746,0.74930257,0.009660306,0.0036565417,0.0071022143,0.0070712375,0.005971914,0.004584767,0.008122921,0.003971506,0.013396348,0.0068314723,0.008354377,0.028462278,0.0053120665,0.010288691,0.0027243074
12_11256,12_11256.wav,original,12,Generator,3,True,Generator,Generator,False,True,0.0021337636,0.0019226661,0.0028501237,0.0010319286,0.003310493,0.0009011263,0.002562401,0.0037541904,0.0039997436,0.0008060169,0.0009361692,0.9492642,0.002569437,0.0016815794,0.0013903435,0.0021027087,0.0019330065,0.0020131879,0.0015960137,0.0017957013,0.001809123,0.0011424533,0.00081114826,0.0013943953,0.001679825,0.0020049762,0.002603271
12_11257,12_11257.wav,original,12,Generator,3,True,Generator,Generator,False,True,0.032831203,0.0073225736,0.006929031,0.004099107,0.009838923,0.0049938117,0.012340891,0.010304928,0.0060002864,0.003067133,0.046881903,0.73318744,0.006835517,0.0044629253,0.02016945,0.009565393,0.010124258,0.012024458,0.009854253,0.010436458,0.004659292,0.004131721,0.0017042874,0.0060122604,0.0041236267,0.00530209,0.012796844
12_11258,12_11258.wav,pitch_down_2,12,Generator,3,True,Generator,Generator,False,True,0.0041856947,0.0031045384,0.0027803357,0.0031963524,0.0026022738,0.0021009583,0.0014691137,0.0015950097,0.0025316759,0.0022661444,0.0025313916,0.9425126,0.0016874591,0.0034847816,0.00150046,0.0015696703,0.002693694,0.0040046694,0.0012982264,0.0018107014,0.0017899977,0.0011062699,0.0016418401,0.00073880795,0.0021065285,0.0011384948,0.0025523035
12_11259,12_11259.wav,pitch_up_2,12,Generator,3,True,Generator,Generator,False,True,0.0027492035,0.0012376889,0.0013211243,0.001212057,0.0008013263,0.0020332292,0.002053587,0.00047185156,0.004337813,0.0015404131,0.0060484,0.9476053,0.0022985102,0.0020455793,0.0015889712,0.0015403917,0.0017875755,0.00200794,0.0009900554,0.0016562993,0.0043413634,0.0015175478,0.0008809594,0.0014971608,0.0027718132,0.0022895567,0.0013742493
12_11260,12_11260.wav,pitch_up_2,12,Generator,3,True,Generator,Generator,False,True,0.0028348763,0.005465543,0.003012772,0.002964153,0.001702507,0.003869212,0.004182777,0.012299679,0.02439593,0.0037389111,0.011376244,0.86667675,0.0022026266,0.0050438116,0.0022834465,0.0026152031,0.0034202219,0.0042001694,0.005358478,0.0073306668,0.0016639311,0.005976452,0.0020174664,0.0032188708,0.0031549197,0.0018833462,0.007111048
12_11261,12_11261.wav,pitch_up_2,12,Generator,3,True,Generator,Generator,False,True,0.0013405131,0.0022059635,0.0011986186,0.0011610249,0.0029597918,0.0011876961,0.00230884,0.0014707652,0.0018003983,0.0013555996,0.002702252,0.95355564,0.0013884231,0.0018064809,0.0031723976,0.0013766331,0.0018544776,0.0007590221,0.0015730473,0.0018704875,0.0015832158,0.001903513,0.0012870055,0.004008254,0.0012088843,0.0015565208,0.0014045173
12_11263,12_11263.wav,pitch_down_2,12,Generator,3,True,VehicleEngine,Generator,True,True,0.0016506702,0.0019283127,0.0018939306,0.004496529,0.0035153844,0.004811043,0.0113211945,0.0020549176,0.1674216,0.0046941214,0.0058742855,0.73691344,0.0025662368,0.0018687601,0.0019885325,0.002143352,0.002840084,0.002014984,0.0029466925,0.0046756514,0.0056571267,0.0050207274,0.0023285372,0.009681695,0.0033827096,0.0039760615,0.0023334345
12_11264,12_11264.wav,pitch_down_2,12,Generator,3,True,Wind,Generator,True,True,0.0076051876,0.18388498,0.0038637556,0.0045537665,0.12368374,0.020250557,0.008750212,0.015792644,0.03957471,0.0075659067,0.003025338,0.38545242,0.013438184,0.010157461,0.010195795,0.011256255,0.008741986,0.005433624,0.020568008,0.0061410493,0.05051888,0.014947814,0.0045467108,0.0139781935,0.008027143,0.011545557,0.006500093
12_11264,12_11264.wav,pitch_up_2,12,Generator,3,True,Rain,Generator,True,True,0.0076051876,0.18388498,0.0038637556,0.0045537665,0.12368374,0.020250557,0.008750212,0.015792644,0.03957471,0.0075659067,0.003025338,0.38545242,0.013438184,0.010157461,0.010195795,0.011256255,0.008741986,0.005433624,0.020568008,0.0061410493,0.05051888,0.014947814,0.0045467108,0.0139781935,0.008027143,0.011545557,0.006500093
12_11266,12_11266.wav,original,12,Generator,3,True,Generator,Generator,False,True,0.002087201,0.0019349642,0.00204914,0.0026295576,0.0036449104,0.0026184537,0.0020316748,0.0026799303,0.00089173944,0.001473363,0.00089889014,0.9429198,0.0025898106,0.002047036,0.0030560947,0.0016610264,0.0030851245,0.0024321147,0.0018668032,0.0027716486,0.0017189911,0.0018161548,0.001670659,0.0024764438,0.0015697329,0.0029403698,0.0024383147
12_11270,12_11270.wav,pitch_down_2,12,Generator,3,True,Generator,Generator,False,True,0.0022267092,0.0016883436,0.0020870871,0.0019203508,0.0029677178,0.0009838617,0.0031205749,0.002562749,0.0014631826,0.0007815228,0.0007318568,0.9484506,0.0018968615,0.0017722676,0.0051421425,0.0026566952,0.0025846614,0.0016221969,0.0019222,0.0013535819,0.0012460476,0.0017625857,0.00088233437,0.001836073,0.0015254966,0.0024944346,0.002317789
12_11270,12_11270.wav,pitch_up_2,12,Generator,3,True,Generator,Generator,False,True,0.0022267092,0.0016883436,0.0020870871,0.0019203508,0.0029677178,0.0009838617,0.0031205749,0.002562749,0.0014631826,0.0007815228,0.0007318568,0.9484506,0.0018968615,0.0017722676,0.0051421425,0.0026566952,0.0025846614,0.0016221969,0.0019222,0.0013535819,0.0012460476,0.0017625857,0.00088233437,0.001836073,0.0015254966,0.0024944346,0.002317789
12_11273,12_11273.wav,original,12,Generator,3,True,Generator,Generator,False,True,0.0036295427,0.005959859,0.0043447646,0.003075337,0.002917055,0.0032688088,0.012038968,0.0013263616,0.012999121,0.005119173,0.0011453846,0.8713247,0.0013501085,0.0045322,0.0063986178,0.0011489749,0.0041129477,0.027468704,0.0053336546,0.0022063751,0.0032158263,0.001824643,0.002725444,0.0017364259,0.0033340491,0.005160648,0.0023023167
12_11274,12_11274.wav,pitch_up_2,12,Generator,3,True,Generator,Generator,False,True,0.0015794495,0.002086721,0.0012496657,0.0026749966,0.0020746605,0.0018542148,0.003850136,0.0016646258,0.003142278,0.0020914967,0.0024666872,0.94461393,0.0017196983,0.002321044,0.0010335745,0.00211124,0.0028407068,0.0011873193,0.0027950166,0.002716343,0.0020061776,0.002133007,0.0022629492,0.0026679595,0.0017378004,0.002128856,0.0009895071
13_11301,13_11301.wav,pitch_up_2,13,Handsaw,3,True,Handsaw,Handsaw,False,True,0.0015712231,0.0011920676,0.0019303872,0.0022791598,0.0020785301,0.0019258215,0.0019013527,0.0023306422,0.0018483122,0.001535867,0.0014530454,0.0017477823,0.95266676,0.0017582664,0.001549637,0.0012182489,0.002339564,0.0014492554,0.0028501095,0.0022851296,0.0014450145,0.0021916518,0.0020539365,0.0013911123,0.0017717845,0.0016384675,0.0015968382
13_11302,13_11302.wav,original,13,Handsaw,3,True,Handsaw,Handsaw,False,True,0.0019409995,0.0010599938,0.0016740883,0.0013733363,0.0020877298,0.0016134382,0.0018917777,0.0022220674,0.0015260945,0.0014004763,0.0013991599,0.0027437496,0.9569969,0.0014406586,0.0013373668,0.0014742565,0.0017748441,0.0016731938,0.0015224176,0.0015199526,0.0013218579,0.0018011453,0.0018094969,0.0013305541,0.0015121461,0.0019685323,0.0015836809
13_11305,13_11305.wav,pitch_down_2,13,Handsaw,3,True,Handsaw,Handsaw,False,True,0.001325243,0.0013805669,0.0014696884,0.0011553288,0.0014399205,0.0014438109,0.0026560733,0.0012730536,0.0015060772,0.0011317801,0.0017313678,0.000914267,0.96383125,0.0010577486,0.0009922805,0.0014060858,0.0015355725,0.0022953914,0.0011239207,0.0012802506,0.001290696,0.001253371,0.0008864633,0.0014553936,0.0013550846,0.001261082,0.0015481426
13_11306,13_11306.wav,pitch_down_2,13,Handsaw,3,True,Handsaw,Handsaw,False,True,0.0031266229,0.0019210917,0.002828405,0.0021505975,0.0017525847,0.001985456,0.0035955019,0.0020236638,0.0014029238,0.0016773706,0.0028222743,0.0016724253,0.9397154,0.0016001951,0.002018951,0.002937191,0.0017411773,0.003985952,0.0014131897,0.0034156607,0.0019475693,0.0027816985,0.0016842033,0.0027814284,0.0024425874,0.002318167,0.0022576891
13_11307,13_11307.wav,original,13,Handsaw,3,True,Handsaw,Handsaw,False,True,0.0024717322,0.0008903422,0.0019207312,0.0015977748,0.0018588012,0.0018481426,0.002769512,0.0018540869,0.0012083177,0.0014872429,0.0014734835,0.0012124932,0.9550185,0.0015593303,0.0015083211,0.00146932,0.0016218456,0.0028648034,0.0014001118,0.0024559496,0.0013984194,0.002522553,0.0013312962,0.0010637101,0.0015011613,0.002078248,0.0016138386
13_11307,13_11307.wav,pitch_down_2,13,Handsaw,3,True,Handsaw,Handsaw,False,True,0.0024717322,0.0008903422,0.0019207312,0.0015977748,0.0018588012,0.0018481426,0.002769512,0.0018540869,0.0012083177,0.0014872429,0.0014734835,0.0012124932,0.9550185,0.0015593303,0.0015083211,0.00146932,0.0016218456,0.0028648034,0.0014001118,0.0024559496,0.0013984194,0.002522553,0.0013312962,0.0010637101,0.0015011613,0.002078248,0.0016138386
13_11308,13_11308.wav,pitch_up_2,13,Handsaw,3,True,Handsaw,Handsaw,False,True,0.0011747229,0.0025664594,0.0021476632,0.0032697413,0.0015169134,0.0019421101,0.0010207858,0.0018939603,0.0015056032,0.0018329397,0.0030399042,0.0020107396,0.95054334,0.0015841988,0.0021077173,0.0024145786,0.0026461862,0.0014626686,0.0012279731,0.0012246388,0.002789541,0.0019438989,0.0011097407,0.0012985553,0.0014907261,0.00145456,0.002780226
13_11310,13_11310.wav,pitch_up_2,13,Handsaw,3,True,Handsaw,Handsaw,False,True,0.0018735314,0.002691712,0.002351219,0.004416051,0.002592312,0.0023063726,0.0012509375,0.0020505118,0.0022782553,0.0021200033,0.0067205206,0.0027219665,0.9351911,0.0023108937,0.0027444207,0.0019245412,0.004056672,0.002381819,0.0008030192,0.0014042192,0.0027728693,0.0016449001,0.0019211797,0.0019645037,0.002400892,0.0021479812,0.0029575478
13_11313,13_11313.wav,pitch_down_2,13,Handsaw,3,True,Handsaw,Handsaw,False,True,0.0023964113,0.0023698884,0.0020088777,0.0020669647,0.002269716,0.0019406914,0.0025669178,0.0033219594,0.0024535868,0.0030296035,0.0034072932,0.0015449439,0.9414303,0.0026291627,0.0020081003,0.0017809803,0.0029724247,0.001881307,0.0021473363,0.0014371607,0.0016003316,0.0020553751,0.0023275416,0.0020296543,0.002338107,0.0018529976,0.0021324346
13_11317,13_11317.wav,original,13,Handsaw,3,True,Handsaw,Handsaw,False,True,0.0023659093,0.0018946142,0.00204381,0.001925646,0.0017380965,0.0024394372,0.0013778595,0.002534006,0.0016240808,0.0022110029,0.0015625678,0.0016836695,0.9489215,0.0023982886,0.0015295941,0.0016907072,0.0015557879,0.0023599484,0.0007066168,0.0022526358,0.002041138,0.0025173288,0.0022527396,0.0027619924,0.0016215245,0.0021130603,0.0018764188
13_11319,13_11319.wav,original,13,Handsaw,3,True,Handsaw,Handsaw,False,True,0.001893714,0.0013893474,0.0013120709,0.001275943,0.0019530595,0.0014586487,0.0017414914,0.0017931684,0.0014848382,0.002605849,0.001251164,0.0011925044,0.9591915,0.0016188744,0.0011435737,0.0011694398,0.0014176205,0.002189315,0.0014521838,0.0013999826,0.0013655537,0.0017420176,0.0018838731,0.00144824,0.0012780013,0.0019761485,0.0013718343
13_11319,13_11319.wav,pitch_up_2,13,Handsaw,3,True,Handsaw,Handsaw,False,True,0.001893714,0.0013893474,0.0013120709,0.001275943,0.0019530595,0.0014586487,0.0017414914,0.0017931684,0.0014848382,0.002605849,0.001251164,0.0011925044,0.9591915,0.0016188744,0.0011435737,0.0011694398,0.0014176205,0.002189315,0.0014521838,0.0013999826,0.0013655537,0.0017420176,0.0018838731,0.00144824,0.0012780013,0.0019761485,0.0013718343
13_11320,13_11320.wav,original,13,Handsaw,3,True,Handsaw,Handsaw,False,True,0.0022525208,0.0014790496,0.0018980805,0.0014098032,0.0020856832,0.0013992299,0.0019555439,0.0021151314,0.0012374856,0.0013200669,0.0007834884,0.0014411323,0.9563326,0.0018346175,0.0015938032,0.0017143107,0.0014909059,0.0018462614,0.0012198603,0.0017336678,0.0011982141,0.0020402241,0.0016458691,0.0027228447,0.0013249997,0.002364673,0.0015598946
13_11320,13_11320.wav,pitch_up_2,13,Handsaw,3,True,Handsaw,Handsaw,False,True,0.0022525208,0.0014790496,0.0018980805,0.0014098032,0.0020856832,0.0013992299,0.0019555439,0.0021151314,0.0012374856,0.0013200669,0.0007834884,0.0014411323,0.9563326,0.0018346175,0.0015938032,0.0017143107,0.0014909059,0.0018462614,0.0012198603,0.0017336678,0.0011982141,0.0020402241,0.0016458691,0.0027228447,0.0013249997,0.002364673,0.0015598946
13_11321,13_11321.wav,pitch_up_2,13,Handsaw,3,True,Handsaw,Handsaw,False,True,0.0017349661,0.0011557913,0.0014418722,0.0012535875,0.0025238225,0.001481907,0.0020515304,0.0017898154,0.0013226714,0.0032349937,0.0013999584,0.0028995704,0.9513723,0.002208819,0.0011175515,0.0021281638,0.0015522315,0.0020594292,0.0024283032,0.0007505803,0.0013343482,0.0017000814,0.0014639635,0.0037965104,0.0013172728,0.0023190232,0.0021609084
13_11324,13_11324.wav,pitch_down_2,13,Handsaw,3,True,Handsaw,Handsaw,False,True,0.001319521,0.0016345797,0.0017361818,0.001400502,0.002132553,0.0019117616,0.002050217,0.0014959552,0.0016811797,0.0023161299,0.0020200943,0.0012693313,0.95276356,0.0022673833,0.0016728514,0.0012767091,0.0018901057,0.0021993748,0.0010950294,0.0025556178,0.002253959,0.0017137694,0.0013721789,0.0019096682,0.002197086,0.0019169934,0.0019477265
13_11326,13_11326.wav,original,13,Handsaw,3,True,Handsaw,Handsaw,False,True,0.0019937134,0.0025697632,0.0025077069,0.002322707,0.0019963125,0.0020548396,0.0014654556,0.00255942,0.0026566193,0.0022154332,0.0024759728,0.0019021557,0.945623,0.0017567013,0.0017108495,0.0022168022,0.0022105675,0.0022145205,0.0018718374,0.003013009,0.0020431434,0.0017971528,0.0015699686,0.0014529797,0.0019525938,0.0018401664,0.0020066695
13_11327,13_11327.wav,pitch_down_2,13,Handsaw,3,True,Handsaw,Handsaw,False,True,0.0016590318,0.001613019,0.0018620252,0.0020906609,0.0014787856,0.0017245036,0.0014150456,0.0022494327,0.0022860086,0.0016645134,0.0015287036,0.0014999062,0.95569754,0.0015658154,0.0015123634,0.0021207856,0.0018349462,0.0017961353,0.0019671114,0.0023027586,0.0016063309,0.0014226269,0.0015155029,0.0008975817,0.0016077518,0.0014343619,0.0016467083
13_11328,13_11328.wav,original,13,Handsaw,3,True,Handsaw,Handsaw,False,True,0.0015129154,0.0016369908,0.0017295578,0.002231737,0.0016380445,0.0016384976,0.0011932844,0.0018334929,0.0016254656,0.0017157303,0.0015195363,0.0014490801,0.95887685,0.0013257485,0.0015379131,0.0013055616,0.0018092511,0.001425228,0.0014357712,0.0015573202,0.0012328727,0.002141914,0.0012125868,0.0017008983,0.0013847741,0.001479839,0.0018491702
13_11332,13_11332.wav,original,13,Handsaw,3,True,Handsaw,Handsaw,False,True,0.0015188096,0.0013202699,0.0021527512,0.00128845,0.0018754822,0.0022669956,0.0017709663,0.002159408,0.0020367398,0.0013579956,0.001481648,0.001826512,0.945261,0.002329795,0.0024515204,0.0013689861,0.002311115,0.0014781248,0.0071953144,0.0015260866,0.00245867,0.0016558338,0.0019346635,0.0031875502,0.0019432288,0.0019338848,0.001908254
13_11334,13_11334.wav,original,13,Handsaw,3,True,Handsaw,Handsaw,False,True,0.000882396,0.0011633174,0.0017525483,0.0011190613,0.0014519118,0.002231126,0.0023122167,0.0016608061,0.0024101187,0.0014135902,0.0008551684,0.0016344342,0.9573433,0.0011799502,0.0017026806,0.0014282562,0.0013915356,0.0016716295,0.0023182866,0.00282553,0.0019722546,0.0014284606,0.0012653624,0.001843947,0.0012745279,0.0016545277,0.0018130081
13_11337,13_11337.wav,original,13,Handsaw,3,True,Handsaw,Handsaw,False,True,0.0019691288,0.0021266208,0.0017492514,0.0009567218,0.001240082,0.0014642444,0.0011644365,0.0018565549,0.002227871,0.001600199,0.0022765726,0.001536732,0.95918196,0.0031128468,0.0010598568,0.0011677694,0.0018581041,0.0018855953,0.0012934083,0.00074469345,0.0011942716,0.0013730857,0.0018379934,0.0011840384,0.0012991066,0.0012818262,0.0013570789
13_11337,13_11337.wav,pitch_down_2,13,Handsaw,3,True,Handsaw,Handsaw,False,True,0.0019691288,0.0021266208,0.0017492514,0.0009567218,0.001240082,0.0014642444,0.0011644365,0.0018565549,0.002227871,0.001600199,0.0022765726,0.001536732,0.95918196,0.0031128468,0.0010598568,0.0011677694,0.0018581041,0.0018855953,0.0012934083,0.00074469345,0.0011942716,0.0013730857,0.0018379934,0.0011840384,0.0012991066,0.0012818262,0.0013570789
13_11338,13_11338.wav,pitch_down_2,13,Handsaw,3,True,Handsaw,Handsaw,False,True,0.0021703776,0.0017150701,0.0018830983,0.0017264136,0.0019266871,0.0022405002,0.0014242147,0.0019051757,0.0021308584,0.002366446,0.0047233254,0.0014231649,0.944614,0.0043685413,0.0030491315,0.0016939029,0.0022284628,0.0023547777,0.0026903122,0.0013507726,0.0016530002,0.0015636635,0.0019730227,0.0011181844,0.0016400536,0.0020547167,0.0020120828
13_11339,13_11339.wav,pitch_up_2,13,Handsaw,3,True,Handsaw,Handsaw,False,True,0.0012448371,0.0012481263,0.0015767432,0.0014986228,0.0018533397,0.0021621792,0.0008350154,0.0016792078,0.0015249079,0.0031770256,0.00320441,0.0009998609,0.9509732,0.0018869311,0.0044682925,0.0027562883,0.0013221815,0.0017179223,0.00149881,0.002861217,0.0016640386,0.0013303887,0.0023845097,0.0010946711,0.0009055629,0.0023625668,0.0017691819
13_11340,13_11340.wav,pitch_down_2,13,Handsaw,3,True,Handsaw,Handsaw,False,True,0.0015319139,0.0011279444,0.0016695705,0.0018228559,0.002196934,0.0021228467,0.0017423838,0.0022526123,0.0015186365,0.002387433,0.002525734,0.0011547534,0.9521146,0.0025713232,0.0024882716,0.0015693238,0.0014344067,0.0019611544,0.0017268067,0.0024042514,0.001778889,0.0023482163,0.0011660102,0.0010056185,0.0012896342,0.0023639442,0.001723926
13_11340,13_11340.wav,pitch_up_2,13,Handsaw,3,True,Handsaw,Handsaw,False,True,0.0015319139,0.0011279444,0.0016695705,0.0018228559,0.002196934,0.0021228467,0.0017423838,0.0022526123,0.0015186365,0.002387433,0.002525734,0.0011547534,0.9521146,0.0025713232,0.0024882716,0.0015693238,0.0014344067,0.0019611544,0.0017268067,0.0024042514,0.001778889,0.0023482163,0.0011660102,0.0010056185,0.0012896342,0.0023639442,0.001723926
13_11344,13_11344.wav,pitch_up_2,13,Handsaw,3,True,Handsaw,Handsaw,False,True,0.0022204902,0.0018271686,0.0024086565,0.0024750412,0.0022950647,0.0022404806,0.0015337123,0.002581755,0.0026568386,0.0018674148,0.0028591265,0.0026164555,0.94372183,0.0020047065,0.0020463532,0.0018072071,0.0028393914,0.0017626326,0.001159577,0.0028665662,0.0019785336,0.0016449983,0.0016326746,0.0017750082,0.0018185215,0.0021305408,0.0032292039
13_11349,13_11349.wav,pitch_up_2,13,Handsaw,3,True,Handsaw,Handsaw,False,True,0.0029472187,0.0012411927,0.0012436154,0.0011396367,0.0020364178,0.0021347317,0.0026654936,0.0012004738,0.0019416023,0.0017488011,0.0014404611,0.001609074,0.9558926,0.001115,0.001607763,0.0019565846,0.0016915669,0.001837302,0.0014841947,0.0026152122,0.0022020133,0.0012346454,0.0015621199,0.0009251355,0.0015786256,0.0016612072,0.0012871522
13_11350,13_11350.wav,pitch_up_2,13,Handsaw,3,True,Handsaw,Handsaw,False,True,0.001343131,0.0015238464,0.0012632363,0.001257188,0.0013702585,0.0014703643,0.0014262935,0.0017454702,0.0015750717,0.0016985695,0.0012202384,0.001413436,0.9626823,0.001548349,0.0013100741,0.0011558015,0.0014980215,0.0016261102,0.0013844959,0.0022313835,0.0013628147,0.0011697251,0.0016950956,0.00074379775,0.001510729,0.0018398085,0.0009343946
13_11351,13_11351.wav,pitch_down_2,13,Handsaw,3,True,Handsaw,Handsaw,False,True,0.0015661054,0.0013232823,0.0015791788,0.0013728761,0.001469934,0.001721608,0.0018080032,0.0016387297,0.0016242027,0.001093033,0.0011314193,0.0016351393,0.9604078,0.0012969315,0.0016024705,0.0011161385,0.0014473805,0.0013696469,0.002073096,0.0030295032,0.0014923238,0.0011224992,0.0017447555,0.0008346571,0.0018712528,0.0015649445,0.0010631168
13_11353,13_11353.wav,pitch_down_2,13,Handsaw,3,True,Handsaw,Handsaw,False,True,0.0022914477,0.0010329005,0.0012113058,0.0013483876,0.0014139969,0.0020443527,0.0026673314,0.001191794,0.0012787994,0.0012357389,0.0027260866,0.0016966531,0.9572688,0.0014947188,0.0017950484,0.0017453488,0.0018211707,0.0020841418,0.0015929997,0.0010875536,0.0016182093,0.0011468087,0.0023184102,0.0005656143,0.0020922357,0.0017205571,0.0015095747
13_11353,13_11353.wav,pitch_up_2,13,Handsaw,3,True,Handsaw,Handsaw,False,True,0.0022914477,0.0010329005,0.0012113058,0.0013483876,0.0014139969,0.0020443527,0.0026673314,0.001191794,0.0012787994,0.0012357389,0.0027260866,0.0016966531,0.9572688,0.0014947188,0.0017950484,0.0017453488,0.0018211707,0.0020841418,0.0015929997,0.0010875536,0.0016182093,0.0011468087,0.0023184102,0.0005656143,0.0020922357,0.0017205571,0.0015095747
13_11354,13_11354.wav,pitch_up_2,13,Handsaw,3,True,Handsaw,Handsaw,False,True,0.0018944102,0.0013756991,0.0012486512,0.0013171482,0.0021565584,0.002278805,0.0016633369,0.0015227139,0.0015605885,0.0012840414,0.004076945,0.0014573556,0.95248467,0.0017389158,0.0013569738,0.00179734,0.0023053568,0.0029409847,0.0020832403,0.001325715,0.002139876,0.0015818503,0.0021706775,0.0008992103,0.0021431413,0.0019575667,0.001238156
13_11358,13_11358.wav,pitch_down_2,13,Handsaw,3,True,Handsaw,Handsaw,False,True,0.0015402905,0.0021685397,0.0017598193,0.0032414896,0.0010717493,0.002188513,0.0021094668,0.0012253445,0.0030732397,0.0019690578,0.0045004254,0.0019728786,0.9334598,0.0023774623,0.00329651,0.0014764616,0.0018830751,0.0022208805,0.00050250994,0.0012761991,0.00597416,0.0017781943,0.007143269,0.0033681865,0.002050776,0.0021202832,0.0042513628
13_11358,13_11358.wav,pitch_up_2,13,Handsaw,3,True,Handsaw,Handsaw,False,True,0.0015402905,0.0021685397,0.0017598193,0.0032414896,0.0010717493,0.002188513,0.0021094668,0.0012253445,0.0030732397,0.0019690578,0.0045004254,0.0019728786,0.9334598,0.0023774623,0.00329651,0.0014764616,0.0018830751,0.0022208805,0.00050250994,0.0012761991,0.00597416,0.0017781943,0.007143269,0.0033681865,0.002050776,0.0021202832,0.0042513628
13_11359,13_11359.wav,pitch_down_2,13,Handsaw,3,True,Handsaw,Handsaw,False,True,0.0007942657,0.0033379656,0.0013491958,0.001615092,0.0011814052,0.00078074686,0.0014327042,0.0018586336,0.0017115943,0.0057708924,0.0011261714,0.002728964,0.9490721,0.0014955314,0.00091073493,0.0036211482,0.0017900587,0.0023336827,0.0030008089,0.0011486126,0.0010369556,0.0022881404,0.0022661032,0.0008514756,0.0012260772,0.0018231329,0.003447703
13_11362,13_11362.wav,pitch_up_2,13,Handsaw,3,True,Handsaw,Handsaw,False,True,0.0011515348,0.003028476,0.0025346384,0.001760738,0.0015929863,0.0013358686,0.0026671567,0.0018121642,0.0016543785,0.0021987369,0.000794455,0.0020800526,0.95201176,0.0017271376,0.00090042216,0.0015646573,0.0021818716,0.0015397546,0.0016383339,0.001958702,0.0013438403,0.0028675639,0.0007820418,0.0010224764,0.0016520462,0.0013976762,0.004800525
13_11363,13_11363.wav,pitch_down_2,13,Handsaw,3,True,Handsaw,Handsaw,False,True,0.0010331195,0.001641953,0.0020405406,0.0022280274,0.0013331929,0.0010386504,0.0023847965,0.0019993677,0.0012133196,0.0049535953,0.0011874302,0.0019271796,0.95165914,0.00213934,0.0011917528,0.0011386514,0.0016732869,0.0019204045,0.0015732531,0.0015556627,0.0017636158,0.0020229563,0.0022767421,0.0009955616,0.0017381333,0.0020167686,0.0033535801
13_11367,13_11367.wav,pitch_up_2,13,Handsaw,3,True,Handsaw,Handsaw,False,True,0.00071946817,0.0027968783,0.0014307027,0.0019995358,0.0017892128,0.0021128396,0.006335236,0.0021352079,0.0029456539,0.0037434492,0.0064005223,0.001405208,0.9436154,0.0011144158,0.0012643553,0.0007910265,0.0018921731,0.0012177111,0.0013593562,0.0019965663,0.0013702138,0.0012179548,0.003463467,0.0011891766,0.0027230736,0.0018098895,0.0011613913
13_11368,13_11368.wav,original,13,Handsaw,3,True,Handsaw,Handsaw,False,True,0.0010812817,0.0007319937,0.004112783,0.009146173,0.0011601591,0.0014457403,0.0016366591,0.0014760637,0.0024269552,0.0022689095,0.0027908573,0.0014116411,0.93900007,0.0018230388,0.0015397606,0.0043217624,0.0013347148,0.0030069037,0.0013212367,0.0014007516,0.0013007348,0.001090658,0.0021343292,0.0048917653,0.0022040536,0.0021859144,0.0027551444
13_11373,13_11373.wav,pitch_up_2,13,Handsaw,3,True,Handsaw,Handsaw,False,True,0.0011496672,0.0013357905,0.003641174,0.01019582,0.002043769,0.0058843032,0.0037505266,0.0021724387,0.0018168725,0.0035475597,0.0027832,0.0032516432,0.90580755,0.0022485068,0.0014420178,0.007965766,0.0032923166,0.0021317515,0.0036263783,0.002088169,0.0014881258,0.004162808,0.0022776206,0.0047764294,0.0034100916,0.0021484417,0.011561293
13_11374,13_11374.wav,pitch_down_2,13,Handsaw,3,True,Handsaw,Handsaw,False,True,0.001925754,0.03944574,0.008910921,0.011242674,0.0115431985,0.0070395893,0.012694451,0.004798611,0.0067681535,0.016384415,0.009648253,0.014587264,0.63739675,0.008973569,0.005957442,0.0055492125,0.010168249,0.0047343005,0.05903141,0.018707154,0.009285066,0.0049715866,0.01564538,0.043496985,0.012043942,0.010756326,0.0082936045
13_11374,13_11374.wav,pitch_up_2,13,Handsaw,3,True,Handsaw,Handsaw,False,True,0.001925754,0.03944574,0.008910921,0.011242674,0.0115431985,0.0070395893,0.012694451,0.004798611,0.0067681535,0.016384415,0.009648253,0.014587264,0.63739675,0.008973569,0.005957442,0.0055492125,0.010168249,0.0047343005,0.05903141,0.018707154,0.009285066,0.0049715866,0.01564538,0.043496985,0.012043942,0.010756326,0.0082936045
13_11375,13_11375.wav,pitch_up_2,13,Handsaw,3,True,Handsaw,Handsaw,False,True,0.00064306066,0.010629141,0.0013938391,0.0017085732,0.0019010772,0.0015095397,0.015471075,0.0015776992,0.0025314467,0.002376476,0.001962832,0.0025119067,0.92525125,0.0024285524,0.0010265742,0.00082407845,0.002410488,0.001390291,0.0041011996,0.0018013924,0.0018649217,0.0015036616,0.0051950547,0.002252753,0.001786557,0.0021443502,0.0018021861
14_11402,14_11402.wav,pitch_up_2,14,Firework,3,True,Firework,Firework,False,True,0.0020513404,0.0015838643,0.03170612,0.0031927505,0.0019942303,0.003434334,0.0012891275,0.0022480655,0.0023913924,0.0012097692,0.0013667081,0.0008992781,0.0017241441,0.9174107,0.0010428355,0.0043891566,0.0024599724,0.0013280605,0.0015130121,0.0016448247,0.0015952414,0.0019185984,0.001613743,0.0046030064,0.0015514443,0.0019182382,0.0019200401
14_11403,14_11403.wav,pitch_down_2,14,Firework,3,True,Firework,Firework,False,True,0.0021291068,0.0018180319,0.0030978096,0.0023427154,0.0015856619,0.00249115,0.0013316382,0.0017506842,0.0026723342,0.00097194134,0.0017758001,0.0017447617,0.002216734,0.9426377,0.008626201,0.0023458477,0.0021227496,0.0015507754,0.0018454358,0.001553032,0.0016013474,0.0013665548,0.0020096197,0.0020468414,0.002215538,0.0022954058,0.001854536
14_11404,14_11404.wav,pitch_down_2,14,Firework,3,True,Firework,Firework,False,True,0.0033804344,0.0011872463,0.014630176,0.0028988637,0.0019538915,0.0025221945,0.001169944,0.0036180764,0.0025061746,0.0023477941,0.0031195097,0.0019403581,0.0032870872,0.89614034,0.0040189535,0.0026292761,0.0036567224,0.0015617866,0.003911218,0.0034901516,0.0025811354,0.0029597043,0.001972866,0.0028475781,0.021203503,0.0031302546,0.005334756
14_11404,14_11404.wav,pitch_up_2,14,Firework,3,True,Firework,Firework,False,True,0.0033804344,0.0011872463,0.014630176,0.0028988637,0.0019538915,0.0025221945,0.001169944,0.0036180764,0.0025061746,0.0023477941,0.0031195097,0.0019403581,0.0032870872,0.89614034,0.0040189535,0.0026292761,0.0036567224,0.0015617866,0.003911218,0.0034901516,0.0025811354,0.0029597043,0.001972866,0.0028475781,0.021203503,0.0031302546,0.005334756
14_11405,14_11405.wav,pitch_down_2,14,Firework,3,True,Firework,Firework,False,True,0.0018653837,0.0012579291,0.004642338,0.0015683043,0.001493988,0.0012866831,0.00079071213,0.0014261169,0.0016255883,0.0012077154,0.001534355,0.0015483183,0.0018850189,0.9597509,0.0014882475,0.0017388319,0.0011952464,0.0011595385,0.0013465686,0.001298125,0.0013320196,0.0019180033,0.0014411918,0.0008046969,0.001474057,0.0012209971,0.0016991211
14_11408,14_11408.wav,pitch_down_2,14,Firework,3,True,Firework,Firework,False,True,0.0016243394,0.0011901739,0.001662545,0.0016412901,0.0015536625,0.0016405615,0.0022862367,0.0012804314,0.0017942921,0.0010136329,0.0014448488,0.0011666435,0.0014106167,0.9615266,0.0011816225,0.0012675504,0.0016095806,0.0013410874,0.0015575048,0.0016116108,0.001667949,0.0014664418,0.0016429945,0.0006559309,0.0017970923,0.001368737,0.001595979
14_11409,14_11409.wav,pitch_down_2,14,Firework,3,True,Firework,Firework,False,True,0.0018947804,0.0011060344,0.00090719503,0.0011771511,0.001321678,0.0013296107,0.0046914616,0.0010735585,0.00106542,0.0013058684,0.0018117911,0.0017958824,0.0010678476,0.9613743,0.0006917119,0.0012958777,0.0013445587,0.0022296617,0.0018793602,0.0010009586,0.0012314523,0.0012163114,0.0014306096,0.0011719706,0.0016953984,0.0015581278,0.0013315406
14_11410,14_11410.wav,original,14,Firework,3,True,Firework,Firework,False,True,0.0026640573,0.0016447977,0.004298628,0.0011907663,0.0014581787,0.001716819,0.0033304456,0.0015940444,0.0017621209,0.0013472977,0.0011225052,0.0015601659,0.002368438,0.9484265,0.0012544574,0.0022945201,0.001995545,0.002603828,0.0020596094,0.0015084752,0.0021213319,0.0012979471,0.0018850149,0.0015527079,0.0019722395,0.0019747687,0.002994759
14_11414,14_11414.wav,pitch_down_2,14,Firework,3,True,Firework,Firework,False,True,0.009200346,0.0017881775,0.15776001,0.005859019,0.004780704,0.004453765,0.0031985894,0.00540936,0.007035622,0.0102502005,0.0069820904,0.004428888,0.0048119794,0.70459396,0.007416669,0.00766194,0.004944073,0.0032123302,0.0026630796,0.0046658157,0.004999259,0.006462754,0.0040749633,0.0028061934,0.007123884,0.004721264,0.008695042
14_11414,14_11414.wav,pitch_up_2,14,Firework,3,True,Firework,Firework,False,True,0.009200346,0.0017881775,0.15776001,0.005859019,0.004780704,0.004453765,0.0031985894,0.00540936,0.007035622,0.0102502005,0.0069820904,0.004428888,0.0048119794,0.70459396,0.007416669,0.00766194,0.004944073,0.0032123302,0.0026630796,0.0046658157,0.004999259,0.006462754,0.0040749633,0.0028061934,0.007123884,0.004721264,0.008695042
14_11415,14_11415.wav,pitch_down_2,14,Firework,3,True,Firework,Firework,False,True,0.0025809149,0.0013571576,0.009996608,0.0025364626,0.0014726501,0.0020931442,0.000972006,0.0022034645,0.0020536955,0.0031658069,0.0038558713,0.0025295531,0.002012493,0.9339079,0.00471946,0.0032886285,0.0019833676,0.0013183648,0.0022044692,0.0010353125,0.0019584515,0.0016672957,0.002199822,0.00071049173,0.0027513516,0.0026219347,0.002803326
14_11416,14_11416.wav,pitch_down_2,14,Firework,3,True,Firework,Firework,False,True,0.0018488461,0.0014413007,0.0029051937,0.001733778,0.0016423129,0.0014419914,0.0023321544,0.0014834772,0.0023843541,0.0012064563,0.0011122088,0.0013535212,0.0019270316,0.9558742,0.00092784845,0.0015580175,0.0015709134,0.0013393167,0.0018135795,0.0017649559,0.002614693,0.0016250191,0.0013931077,0.001262972,0.001873247,0.001255267,0.0023142786
14_11417,14_11417.wav,pitch_up_2,14,Firework,3,True,Firework,Firework,False,True,0.0022601988,0.0016479803,0.00155949,0.0022857713,0.0025253429,0.0017204345,0.001189994,0.0016898471,0.0032454866,0.0009502115,0.0015821159,0.0013713272,0.002621942,0.949853,0.003382615,0.0012881161,0.001613154,0.0018180102,0.0039855125,0.002373417,0.0012439339,0.0020486757,0.0015046778,0.0007203643,0.0020407988,0.0014721653,0.002005472
14_11419,14_11419.wav,original,14,Firework,3,True,Firework,Firework,False,True,0.0019172927,0.0015563917,0.0013311921,0.0019458669,0.0013537084,0.0015753694,0.001185832,0.00193249,0.0020669287,0.0025166709,0.0017144923,0.0014747208,0.0016022781,0.9550181,0.0030103966,0.0015055133,0.0016301697,0.0016798462,0.0010492118,0.0018290452,0.0018384907,0.0016035797,0.0019025253,0.0019924503,0.0017706887,0.0014499621,0.0015467772
14_11420,14_11420.wav,original,14,Firework,3,True,Firework,Firework,False,True,0.0029343031,0.0024397506,0.00089949084,0.0016546948,0.0017643456,0.0023390518,0.00077136286,0.0013331263,0.0029286759,0.006215247,0.0024345266,0.00244266,0.002023709,0.94712234,0.0021288095,0.0020767488,0.0019429255,0.0014396448,0.0013446129,0.0017788289,0.0020361524,0.0020757944,0.0011687743,0.0011523127,0.0017996732,0.0016814914,0.0020710034
14_11422,14_11422.wav,pitch_up_2,14,Firework,3,True,Firework,Firework,False,True,0.0015890751,0.00263174,0.002724768,0.0020395906,0.0016313569,0.002177232,0.0010210784,0.0013001183,0.001588836,0.0016668536,0.001801466,0.0015589924,0.0015469365,0.9517753,0.00494957,0.002296849,0.0022628177,0.0015505436,0.00095269753,0.001521578,0.002146411,0.0014392737,0.0011963963,0.0010466336,0.0015556345,0.002025659,0.0020024532
14_11424,14_11424.wav,pitch_up_2,14,Firework,3,True,Firework,Firework,False,True,0.0016577706,0.0014964486,0.0012344726,0.0019869655,0.002562706,0.0018905454,0.0013469672,0.0012903981,0.0022697551,0.0016958959,0.003619902,0.0016617199,0.0025221363,0.94735694,0.0045523713,0.0018567741,0.0019188827,0.0016701962,0.0015882473,0.0028401837,0.0023269057,0.0022404154,0.0011200801,0.0013736073,0.0023236196,0.0014873132,0.0021087627
14_11425,14_11425.wav,pitch_down_2,14,Firework,3,True,Firework,Firework,False,True,0.0013409936,0.001175644,0.0033266665,0.0017616668,0.0017009833,0.0016040271,0.0012816228,0.001186805,0.0015285006,0.0017556323,0.0021174322,0.0015530055,0.002590577,0.9529558,0.0032307447,0.00160611,0.0015904232,0.001201834,0.002147033,0.0014288892,0.001689596,0.0016211616,0.0015358554,0.0007932409,0.0029426264,0.0018228968,0.0025102415
14_11427,14_11427.wav,original,14,Firework,3,True,Firework,Firework,False,True,0.0029197298,0.002123804,0.0012353879,0.002126116,0.0017016988,0.0021421334,0.0026272351,0.0014308686,0.0021432675,0.002759158,0.0021376396,0.0014061729,0.0019511901,0.94375855,0.002552353,0.0012714568,0.002208731,0.0026964738,0.0031020392,0.0034400688,0.002709125,0.0013815537,0.002248713,0.0012622373,0.0029316365,0.0015655056,0.00216711
14_11429,14_11429.wav,original,14,Firework,3,True,Firework,Firework,False,True,0.0016967246,0.0027540093,0.0012890345,0.002034331,0.0013990276,0.0015419492,0.004642893,0.0014249958,0.0016247014,0.0037897842,0.0014698617,0.002750026,0.0010628485,0.94927996,0.0010525191,0.0023109375,0.0020739874,0.0015738057,0.0008752909,0.0016040915,0.0019342474,0.0022839925,0.0020646278,0.001322776,0.0024291112,0.002080054,0.0016344263
14_11430,14_11430.wav,pitch_down_2,14,Firework,3,True,Firework,Firework,False,True,0.0020637417,0.002274747,0.0010723072,0.0012752628,0.0015064297,0.0018026285,0.0016485256,0.001874236,0.00246449,0.001738978,0.0020825455,0.0016737562,0.0018085168,0.9535367,0.0026797217,0.0026099042,0.002078265,0.0012132246,0.0011026243,0.0013509681,0.0022669667,0.0019669437,0.0015344961,0.0007925362,0.001962744,0.001903952,0.001714798
14_11431,14_11431.wav,pitch_down_2,14,Firework,3,True,Firework,Firework,False,True,0.0022296396,0.0014870805,0.0058246586,0.0018813893,0.001858614,0.0017428164,0.0011315924,0.0018914905,0.002322391,0.00078607956,0.0015973262,0.0019001276,0.0027267325,0.9485166,0.0021712957,0.0013144567,0.0017880052,0.0016078163,0.001924375,0.0025490753,0.0022100771,0.002582451,0.0014922228,0.0014724658,0.0015384344,0.0017018247,0.0017509647
14_11433,14_11433.wav,original,14,Firework,3,True,Firework,Firework,False,True,0.0030306324,0.003118702,0.008332402,0.0022319518,0.0022202083,0.0022543825,0.0013895187,0.0033051325,0.002703579,0.002315958,0.0023952294,0.002463402,0.0027103468,0.9328788,0.0019537245,0.002687101,0.002553778,0.0018944788,0.0015667723,0.0017710421,0.0027154943,0.0024788075,0.0020796428,0.0013518872,0.0029605387,0.0019073625,0.0027291111
14_11438,14_11438.wav,pitch_down_2,14,Firework,3,True,Firework,Firework,False,True,0.010078773,0.0050761565,0.0019679165,0.0033622931,0.0054081418,0.0027680781,0.005733968,0.0023962397,0.0026821082,0.0029160688,0.002082192,0.0045824614,0.004246699,0.88363713,0.00967043,0.0017621171,0.003482039,0.0046683843,0.0014322099,0.0051706503,0.0045731193,0.0037172176,0.004382613,0.014775309,0.0038630336,0.001948407,0.0036161735
14_11439,14_11439.wav,pitch_down_2,14,Firework,3,True,Firework,Firework,False,True,0.002297679,0.0008733012,0.0017097201,0.0025526586,0.0020713483,0.0017403975,0.00090502854,0.0018102877,0.0026974634,0.0022128355,0.0022185321,0.0018899738,0.001900355,0.95044667,0.0026718446,0.0014048702,0.0016195982,0.0016856254,0.0022075383,0.0030181583,0.0018907879,0.0012662426,0.001402203,0.0013549275,0.001925249,0.001885177,0.002341486
14_11440,14_11440.wav,pitch_up_2,14,Firework,3,True,Axe,Firework,True,True,0.0049238545,0.0013751412,0.0030626226,0.0033312172,0.0033478641,0.0030860065,0.0027618818,0.0034022226,0.001957609,0.24766529,0.004877053,0.004288862,0.0035421818,0.65620977,0.010275577,0.0022197356,0.0065613203,0.0068779564,0.0023161573,0.0034786023,0.0016128825,0.010878589,0.0017167224,0.0012779683,0.003129062,0.003123651,0.0027001959
14_11441,14_11441.wav,pitch_up_2,14,Firework,3,True,Firework,Firework,False,True,0.006393649,0.0021408016,0.0017280438,0.0025919992,0.003632744,0.002014302,0.011605989,0.0029135656,0.0023878238,0.020142162,0.0018017894,0.0027342408,0.0033568975,0.9040206,0.0020066912,0.0014547486,0.0031092216,0.002221752,0.0017965365,0.0067958646,0.0026714038,0.0020404973,0.0017229539,0.0010844078,0.0025669686,0.0024892658,0.0025750364
14_11442,14_11442.wav,pitch_down_2,14,Firework,3,True,Firework,Firework,False,True,0.0011840531,0.0011970312,0.0012004409,0.001820907,0.0012593735,0.0012785007,0.0010447325,0.0016182411,0.0018292429,0.0013788268,0.0014086071,0.0013842123,0.0016191829,0.96379334,0.0019361931,0.001058336,0.0014904579,0.0014651008,0.0013801776,0.0012976725,0.0018082507,0.0014115917,0.0012276205,0.00092465297,0.0015290616,0.0011290732,0.0013250168
14_11444,14_11444.wav,pitch_down_2,14,Firework,3,True,Firework,Firework,False,True,0.0016778499,0.0017526426,0.0015747864,0.0020783127,0.0015232204,0.0016146428,0.0026801361,0.0020544506,0.0018358909,0.0020132319,0.0014576641,0.0010577053,0.0029900912,0.9509786,0.0029236504,0.0013076541,0.0019290834,0.0016019712,0.001406893,0.0015024929,0.0024083352,0.0015890539,0.0019720204,0.0032199968,0.0015676501,0.0015731825,0.0017088534
14_11446,14_11446.wav,pitch_down_2,14,Firework,3,True,Firework,Firework,False,True,0.0017052524,0.0036490143,0.0010104215,0.0015199031,0.002104033,0.0014526616,0.0011425443,0.001506531,0.0018290346,0.0012701348,0.0017097852,0.0018527604,0.0015357641,0.9541371,0.0034952238,0.0011020335,0.0017676591,0.0014330843,0.0018436456,0.002671782,0.001856319,0.001576475,0.0016526369,0.0015732488,0.0020272208,0.0012290358,0.0013467161
14_11448,14_11448.wav,pitch_down_2,14,Firework,3,True,Firework,Firework,False,True,0.002214797,0.00072966056,0.0018361352,0.0018823654,0.0015886262,0.0016880189,0.001332127,0.00211269,0.0028962542,0.0012205263,0.0025885815,0.00133316,0.001957963,0.9486062,0.0074085523,0.0025574155,0.0013964301,0.0012373921,0.0013630233,0.0009168731,0.0010697828,0.0017692085,0.0020881838,0.0009416479,0.0040352796,0.0014205175,0.0018086369
14_11449,14_11449.wav,pitch_up_2,14,Firework,3,True,Firework,Firework,False,True,0.00088108605,0.0039287484,0.00082068966,0.0014341036,0.0011211168,0.0012657014,0.001134127,0.0010338437,0.0014917151,0.001667791,0.0015594694,0.0010204234,0.0013943437,0.9608366,0.0014591807,0.0009954105,0.0012870954,0.0016897217,0.001226322,0.0036025557,0.0016239298,0.0014316873,0.001248906,0.0011887071,0.0020215749,0.0014564,0.0011787807
14_11451,14_11451.wav,pitch_down_2,14,Firework,3,True,Firework,Firework,False,True,0.0033158588,0.0060863476,0.011685719,0.0047499076,0.006770888,0.002624673,0.007465206,0.0028453514,0.0027489588,0.0026763594,0.00235467,0.0030275357,0.0039486727,0.88679093,0.017866584,0.0047085485,0.003741568,0.0014294052,0.0012615809,0.003659901,0.0030778341,0.0028641198,0.0016230395,0.0011787979,0.0038602923,0.003753069,0.0038841944
14_11451,14_11451.wav,pitch_up_2,14,Firework,3,True,Firework,Firework,False,True,0.0033158588,0.0060863476,0.011685719,0.0047499076,0.006770888,0.002624673,0.007465206,0.0028453514,0.0027489588,0.0026763594,0.00235467,0.0030275357,0.0039486727,0.88679093,0.017866584,0.0047085485,0.003741568,0.0014294052,0.0012615809,0.003659901,0.0030778341,0.0028641198,0.0016230395,0.0011787979,0.0038602923,0.003753069,0.0038841944
14_11452,14_11452.wav,pitch_down_2,14,Firework,3,True,Firework,Firework,False,True,0.001499619,0.0012924438,0.00092582795,0.0015550699,0.0013902603,0.0011977142,0.00079587125,0.001027151,0.0018818859,0.0023874436,0.001268241,0.0013882718,0.0012856325,0.9656515,0.00059988786,0.0010833932,0.0015355361,0.0011769729,0.0011044005,0.0011843384,0.0014484549,0.0015057108,0.0010273387,0.0010367422,0.0018377149,0.0012832439,0.0016292896
14_11455,14_11455.wav,pitch_down_2,14,Firework,3,True,Firework,Firework,False,True,0.001830374,0.0022427738,0.002314644,0.0017914051,0.0013036857,0.0017273851,0.0014199073,0.0036889238,0.0014325114,0.0016171061,0.0020281805,0.0018417198,0.0013509042,0.95282006,0.001938058,0.0018160172,0.0018011471,0.001437599,0.0009304509,0.0011625724,0.0014616032,0.0014599565,0.0016891734,0.003246298,0.0019854943,0.0018607533,0.001801346
14_11456,14_11456.wav,pitch_down_2,14,Firework,3,True,Firework,Firework,False,True,0.001716914,0.0026356156,0.0013591619,0.0018961192,0.0012225771,0.0014929558,0.0011546692,0.0035255991,0.0016122317,0.001883253,0.0019584803,0.0022758248,0.0013581446,0.95443183,0.0014342833,0.0018540748,0.0019736849,0.0016176151,0.0011886924,0.0010299407,0.0016096606,0.001583021,0.0021063674,0.0021084726,0.0020411024,0.0015616639,0.0013680278
14_11456,14_11456.wav,pitch_up_2,14,Firework,3,True,Firework,Firework,False,True,0.001716914,0.0026356156,0.0013591619,0.0018961192,0.0012225771,0.0014929558,0.0011546692,0.0035255991,0.0016122317,0.001883253,0.0019584803,0.0022758248,0.0013581446,0.95443183,0.0014342833,0.0018540748,0.0019736849,0.0016176151,0.0011886924,0.0010299407,0.0016096606,0.001583021,0.0021063674,0.0021084726,0.0020411024,0.0015616639,0.0013680278
14_11457,14_11457.wav,pitch_up_2,14,Firework,3,True,Firework,Firework,False,True,0.0016657301,0.0028837414,0.0015226221,0.0018546213,0.0012860836,0.0017694553,0.0021671967,0.002813124,0.001779494,0.0015835898,0.0018483604,0.0018656194,0.001546402,0.94801587,0.0033672664,0.0013452271,0.0020450864,0.002151715,0.001557637,0.0021333487,0.0017069835,0.0013556121,0.0014789797,0.00333625,0.0028492974,0.002053785,0.002016913
14_11460,14_11460.wav,original,14,Firework,3,True,Firework,Firework,False,True,0.0027983391,0.0018636858,0.0009374163,0.0013527666,0.0014644079,0.0013457948,0.004245974,0.0014404434,0.00141107,0.0017458306,0.0011497496,0.0014317557,0.0027954178,0.9524779,0.00076989783,0.0012307713,0.0017798819,0.0018944839,0.0024085985,0.0011901014,0.0017363956,0.0013463515,0.0023784281,0.0030564393,0.0018839304,0.0021201253,0.0017441147
14_11460,14_11460.wav,pitch_up_2,14,Firework,3,True,Firework,Firework,False,True,0.0027983391,0.0018636858,0.0009374163,0.0013527666,0.0014644079,0.0013457948,0.004245974,0.0014404434,0.00141107,0.0017458306,0.0011497496,0.0014317557,0.0027954178,0.9524779,0.00076989783,0.0012307713,0.0017798819,0.0018944839,0.0024085985,0.0011901014,0.0017363956,0.0013463515,0.0023784281,0.0030564393,0.0018839304,0.0021201253,0.0017441147
14_11464,14_11464.wav,pitch_down_2,14,Firework,3,True,Firework,Firework,False,True,0.002207563,0.0023278983,0.0054173428,0.0026698804,0.00175323,0.0012372076,0.0015028619,0.0012774029,0.0020748277,0.0022781037,0.0015420197,0.0048992923,0.0018817278,0.9316408,0.0030415438,0.0024698323,0.002710265,0.011426211,0.0016311151,0.0017826991,0.0025999034,0.0015681465,0.0015651352,0.0011078857,0.0024470189,0.0024019494,0.0025381357
14_11467,14_11467.wav,pitch_down_2,14,Firework,3,True,Firework,Firework,False,True,0.0030639244,0.0016693524,0.001613692,0.0023206058,0.0023968925,0.0013774498,0.0007786744,0.0019705163,0.0021653778,0.0021197437,0.0017218324,0.0016454706,0.0027019652,0.9494238,0.0024270376,0.0013680385,0.0027275223,0.0016317981,0.001514108,0.0014807535,0.0017894745,0.001476658,0.0017305141,0.0029851105,0.0018388921,0.0019639966,0.0020967918
14_11471,14_11471.wav,pitch_up_2,14,Firework,3,True,Firework,Firework,False,True,0.0032386193,0.0049808077,0.048767734,0.0025608095,0.0029903983,0.007076787,0.001404723,0.0035418633,0.005753219,0.0019945055,0.0035268124,0.0031733327,0.003199226,0.86737585,0.005223012,0.0026219895,0.0034443282,0.0019259326,0.003235735,0.003413446,0.0037960208,0.0029132387,0.0020075464,0.0018489268,0.0033284526,0.0030509785,0.003605648
14_11472,14_11472.wav,original,14,Firework,3,True,Firework,Firework,False,True,0.001582051,0.0017325439,0.0007367939,0.0013198587,0.002211135,0.001568406,0.0008648443,0.0013872242,0.0020119941,0.0014345571,0.001531825,0.0020814699,0.0032170909,0.9515651,0.002375418,0.0014696023,0.0014516577,0.0015097206,0.004312456,0.0019490576,0.0015449071,0.0015406333,0.0021951662,0.0031154917,0.0018245666,0.0014842526,0.0019820707
15_11501,15_11501.wav,pitch_down_2,15,Gunshot,3,True,Gunshot,Gunshot,False,True,0.0034013558,0.0025887869,0.001977215,0.0012978652,0.0031984777,0.003208515,0.005197583,0.0026455065,0.002648283,0.01184522,0.0015018774,0.0014241398,0.0026648538,0.004645181,0.91175723,0.0085829655,0.0041768383,0.0018451574,0.0014474542,0.0026806572,0.005182702,0.0021913818,0.0023965228,0.0040116967,0.0021842513,0.0022256721,0.003072597
15_11503,15_11503.wav,pitch_down_2,15,Gunshot,3,True,Gunshot,Gunshot,False,True,0.0043751677,0.00204967,0.0018600937,0.0029224406,0.0043786536,0.0051575215,0.005337848,0.005601629,0.0023454137,0.0020877828,0.0029362496,0.0029549536,0.004779395,0.01971075,0.7928135,0.007114712,0.005025739,0.0049547045,0.008141906,0.074664004,0.00713204,0.0037126492,0.003940059,0.006654059,0.008712343,0.0071560764,0.0034806936
15_11503,15_11503.wav,pitch_up_2,15,Gunshot,3,True,Gunshot,Gunshot,False,True,0.0043751677,0.00204967,0.0018600937,0.0029224406,0.0043786536,0.0051575215,0.005337848,0.005601629,0.0023454137,0.0020877828,0.0029362496,0.0029549536,0.004779395,0.01971075,0.7928135,0.007114712,0.005025739,0.0049547045,0.008141906,0.074664004,0.00713204,0.0037126492,0.003940059,0.006654059,0.008712343,0.0071560764,0.0034806936
15_11504,15_11504.wav,pitch_down_2,15,Gunshot,3,True,WingFlaping,Gunshot,True,True,0.0031005319,0.009952889,0.016284697,0.02013524,0.009636895,0.008890501,0.0031796414,0.010281826,0.011074033,0.0030392818,0.008288309,0.011277154,0.023283498,0.0205819,0.3405914,0.05207418,0.01389821,0.012295567,0.006762132,0.02018369,0.020847512,0.0063534775,0.009618957,0.32993743,0.007845151,0.006467572,0.014118343
15_11504,15_11504.wav,pitch_up_2,15,Gunshot,3,True,WingFlaping,Gunshot,True,True,0.0031005319,0.009952889,0.016284697,0.02013524,0.009636895,0.008890501,0.0031796414,0.010281826,0.011074033,0.0030392818,0.008288309,0.011277154,0.023283498,0.0205819,0.3405914,0.05207418,0.01389821,0.012295567,0.006762132,0.02018369,0.020847512,0.0063534775,0.009618957,0.32993743,0.007845151,0.006467572,0.014118343
15_11506,15_11506.wav,original,15,Gunshot,3,True,Gunshot,Gunshot,False,True,0.002062321,0.0014462721,0.0013011725,0.0026993614,0.0024585158,0.0018121417,0.0016106777,0.0027692176,0.0021919163,0.003407453,0.0014319575,0.0025160469,0.0036487763,0.004081142,0.93695277,0.0006456159,0.0029502076,0.001837336,0.0016247128,0.003773174,0.002523665,0.0017492133,0.0036064405,0.0034475718,0.0031817493,0.0024568646,0.0018137633
15_11507,15_11507.wav,pitch_down_2,15,Gunshot,3,True,Gunshot,Gunshot,False,True,0.0011182585,0.0007946195,0.0012621862,0.0012240509,0.002258895,0.0017752144,0.0014268787,0.0018776235,0.0010525304,0.0008164111,0.0023787979,0.003877686,0.0012814244,0.0042908634,0.955743,0.00086752855,0.0018876788,0.002058136,0.0010775136,0.0022185778,0.001241017,0.0020619526,0.001553943,0.0012832435,0.001660559,0.0015681303,0.0013432718
15_11512,15_11512.wav,pitch_down_2,15,Gunshot,3,True,Gunshot,Gunshot,False,True,0.0017862292,0.0013832498,0.0021344821,0.0021440375,0.0024876955,0.0013847979,0.0020398942,0.0018141578,0.0019469825,0.001491481,0.0019341178,0.0014403939,0.0016096142,0.00060786237,0.9423525,0.001201746,0.0022372035,0.0017930277,0.0034102984,0.009825386,0.0026984399,0.0019039329,0.0021136815,0.0019794519,0.0014839391,0.0023805716,0.0024149108
15_11514,15_11514.wav,pitch_down_2,15,Gunshot,3,True,Gunshot,Gunshot,False,True,0.0015659576,0.0011609572,0.0011949978,0.0012597047,0.002542148,0.001423695,0.0010166542,0.0018677553,0.0014914816,0.0010215888,0.001523109,0.001936805,0.0025432361,0.003850513,0.95534676,0.0012138746,0.0021107676,0.0025067132,0.000995248,0.0017082685,0.0019633286,0.0015274062,0.0015639385,0.0021819219,0.0014392553,0.0015595957,0.0014842879
15_11516,15_11516.wav,pitch_up_2,15,Gunshot,3,True,Gunshot,Gunshot,False,True,0.0017282848,0.0026175554,0.009594777,0.0012510048,0.002382554,0.004515126,0.0015248175,0.0044836337,0.0036174618,0.0010583663,0.0019079647,0.0022177037,0.0021734235,0.003836019,0.935057,0.00095259055,0.0014435081,0.0017430196,0.0017485367,0.0015459334,0.0023117943,0.0017007372,0.0026840798,0.002508344,0.0018388155,0.0019204452,0.0016365935
15_11517,15_11517.wav,pitch_down_2,15,Gunshot,3,True,Gunshot,Gunshot,False,True,0.0036995925,0.0016486399,0.0016659539,0.0022612207,0.0022820542,0.002593404,0.004594442,0.0034101366,0.0023004378,0.0015801965,0.0018548123,0.0020149634,0.0032152755,0.016651997,0.91976506,0.0019982432,0.0027956788,0.0017960853,0.002616463,0.0018622071,0.0027243278,0.0031449797,0.0032934584,0.0022646713,0.0031326103,0.0025159882,0.0023170912
15_11518,15_11518.wav,original,15,Gunshot,3,True,Gunshot,Gunshot,False,True,0.0017775538,0.0014638109,0.0019476855,0.0037500921,0.0015532746,0.001976709,0.0018624644,0.0021034258,0.002171018,0.000979392,0.0019358926,0.002065999,0.0026437773,0.000441969,0.94450617,0.0021819342,0.0018317361,0.0022509843,0.0044347714,0.002033661,0.0025536742,0.0024036712,0.0020265386,0.0021729486,0.0022766741,0.002179853,0.0024743096
15_11518,15_11518.wav,pitch_down_2,15,Gunshot,3,True,Gunshot,Gunshot,False,True,0.0017775538,0.0014638109,0.0019476855,0.0037500921,0.0015532746,0.001976709,0.0018624644,0.0021034258,0.002171018,0.000979392,0.0019358926,0.002065999,0.0026437773,0.000441969,0.94450617,0.0021819342,0.0018317361,0.0022509843,0.0044347714,0.002033661,0.0025536742,0.0024036712,0.0020265386,0.0021729486,0.0022766741,0.002179853,0.0024743096
15_11521,15_11521.wav,pitch_down_2,15,Gunshot,3,True,Gunshot,Gunshot,False,True,0.0033491608,0.0026124322,0.0129322065,0.0032585673,0.00483859,0.00530945,0.01550074,0.0031145662,0.0020205292,0.0031743823,0.00364572,0.0034758926,0.0027161215,0.06347648,0.8280962,0.0010182146,0.0038081268,0.0038553711,0.005170517,0.0020845658,0.0032077024,0.0014184937,0.004607147,0.0041970443,0.004338234,0.0054677613,0.0033057581
15_11522,15_11522.wav,original,15,Gunshot,3,True,Gunshot,Gunshot,False,True,0.0028205242,0.0044770814,0.0023042578,0.004410031,0.004535275,0.005523041,0.0015490513,0.005159468,0.0032010365,0.0029587562,0.0078569725,0.0092711495,0.0022160083,0.0070484295,0.8804242,0.0046316097,0.005191038,0.006229292,0.0039159674,0.0030187864,0.004644077,0.0050644926,0.0053665466,0.008031205,0.003811532,0.003780933,0.0025593583
15_11522,15_11522.wav,pitch_down_2,15,Gunshot,3,True,Gunshot,Gunshot,False,True,0.0028205242,0.0044770814,0.0023042578,0.004410031,0.004535275,0.005523041,0.0015490513,0.005159468,0.0032010365,0.0029587562,0.0078569725,0.0092711495,0.0022160083,0.0070484295,0.8804242,0.0046316097,0.005191038,0.006229292,0.0039159674,0.0030187864,0.004644077,0.0050644926,0.0053665466,0.008031205,0.003811532,0.003780933,0.0025593583
15_11523,15_11523.wav,pitch_down_2,15,Gunshot,3,True,Gunshot,Gunshot,False,True,0.008322586,0.005131932,0.0042144633,0.006896753,0.0048391935,0.0025717525,0.003468212,0.0057501625,0.003841089,0.001908232,0.008882406,0.0034457205,0.0067529604,0.002113012,0.81694573,0.0032746717,0.0050874273,0.003917214,0.002987572,0.064876206,0.0041970755,0.0053789355,0.0050295675,0.0026592466,0.003617328,0.009162673,0.0047279145
15_11523,15_11523.wav,pitch_up_2,15,Gunshot,3,True,Gunshot,Gunshot,False,True,0.008322586,0.005131932,0.0042144633,0.006896753,0.0048391935,0.0025717525,0.003468212,0.0057501625,0.003841089,0.001908232,0.008882406,0.0034457205,0.0067529604,0.002113012,0.81694573,0.0032746717,0.0050874273,0.003917214,0.002987572,0.064876206,0.0041970755,0.0053789355,0.0050295675,0.0026592466,0.003617328,0.009162673,0.0047279145
15_11526,15_11526.wav,pitch_up_2,15,Gunshot,3,True,Gunshot,Gunshot,False,True,0.0007260993,0.00069914263,0.0010227768,0.0020378602,0.0036887547,0.0019286778,0.00036378717,0.0017493414,0.000499953,0.0045723207,0.0013003111,0.0014850018,0.0009616064,0.0034802773,0.960515,0.0009910633,0.0008301055,0.0007296898,0.0014873439,0.00038349812,0.00047709062,0.0013530189,0.002313622,0.0030049223,0.0009749297,0.0010259304,0.0013979137
15_11529,15_11529.wav,pitch_down_2,15,Gunshot,3,True,Gunshot,Gunshot,False,True,0.0027366846,0.0012509818,0.0016597193,0.0017422355,0.0022706522,0.0015049968,0.0011546989,0.0018232483,0.0017485907,0.0019354286,0.0021229188,0.0017458744,0.0017455005,0.0015832983,0.94529295,0.0010260735,0.0026768076,0.0018053384,0.0033363306,0.0071526766,0.0018767109,0.0017161189,0.0018062481,0.0028976249,0.0016538556,0.0018647857,0.0018696995
15_11530,15_11530.wav,pitch_down_2,15,Gunshot,3,True,Gunshot,Gunshot,False,True,0.0029974824,0.0029022507,0.0021403704,0.00610945,0.0031245276,0.0026982713,0.0048600207,0.0028022963,0.0027069466,0.005613676,0.004710371,0.002656699,0.0027376318,0.008667935,0.90082246,0.012160458,0.0029359448,0.0028645312,0.0031045198,0.001311332,0.002299784,0.0021060647,0.0033394862,0.0019760116,0.006322088,0.0028064244,0.003223058
15_11534,15_11534.wav,pitch_down_2,15,Gunshot,3,True,Gunshot,Gunshot,False,True,0.00250226,0.0011483737,0.0025048037,0.0016664048,0.0024260574,0.0035747478,0.0020789083,0.0025428662,0.0017843473,0.002399601,0.0023798735,0.0011758836,0.002592432,0.006163171,0.94369787,0.0010396963,0.0019714914,0.0013645334,0.0020923202,0.0013365318,0.0020663019,0.00180734,0.002481396,0.0014206419,0.002165122,0.0017722115,0.0018447908
15_11535,15_11535.wav,pitch_up_2,15,Gunshot,3,True,Gunshot,Gunshot,False,True,0.0028412722,0.0019083949,0.0020808724,0.0014869189,0.001814199,0.0016593859,0.0016648337,0.0021353883,0.0020274033,0.004358965,0.0033403563,0.0030825436,0.0016025364,0.0032732468,0.93815994,0.00092596,0.0024539428,0.0017331542,0.0024454228,0.006181644,0.0020348805,0.0020757266,0.0017706454,0.0011265244,0.0023307905,0.001911539,0.003573494
15_11537,15_11537.wav,pitch_down_2,15,Gunshot,3,True,Gunshot,Gunshot,False,True,0.0022799422,0.0013826825,0.0025821053,0.0014158342,0.0015657675,0.0013140921,0.0014433464,0.0017964607,0.0012223558,0.002571623,0.0011617383,0.0008447775,0.0017829217,0.0013153973,0.95381016,0.0013153389,0.0018924652,0.0024953727,0.0026026058,0.0053034,0.0014200917,0.0015818406,0.0015191082,0.00097215717,0.0011894914,0.0013778628,0.0018410479
15_11538,15_11538.wav,pitch_down_2,15,Gunshot,3,True,Gunshot,Gunshot,False,True,0.0031898778,0.0042855497,0.0019570363,0.005471664,0.0026694976,0.003033435,0.005001513,0.0027918157,0.0027349691,0.0012805476,0.0054190108,0.0029081826,0.002434856,0.002064455,0.8912881,0.00886239,0.0047435877,0.0039591584,0.003387688,0.022557026,0.0027058795,0.002666926,0.003458197,0.002378398,0.0029323949,0.0029794446,0.0028383387
15_11540,15_11540.wav,pitch_up_2,15,Gunshot,3,True,Gunshot,Gunshot,False,True,0.0014414679,0.0012321832,0.0017928124,0.0012602572,0.0013942338,0.0019789764,0.0026873231,0.0025148273,0.0013446342,0.002223132,0.0009446009,0.0014191683,0.0015064859,0.0015716995,0.9562202,0.0016396247,0.0018403754,0.0017519702,0.0012375951,0.001404463,0.0022089316,0.0014283081,0.001028254,0.0032735977,0.0009858682,0.0015337254,0.0021352533
15_11542,15_11542.wav,pitch_down_2,15,Gunshot,3,True,Gunshot,Gunshot,False,True,0.0016591357,0.0013091263,0.0010165864,0.0012290925,0.002591436,0.0023010613,0.0008322434,0.0030416173,0.0008775447,0.0018470353,0.0016385905,0.0012623639,0.0017905082,0.0037653276,0.9533233,0.0015477078,0.002420312,0.0018563623,0.0013907226,0.0006979666,0.002032015,0.0012796217,0.0016864614,0.0028460196,0.0012984757,0.0019998832,0.0024594937
15_11543,15_11543.wav,original,15,Gunshot,3,True,Gunshot,Gunshot,False,True,0.0019971516,0.0011376017,0.0009916787,0.0015122067,0.002657763,0.002063304,0.0010812794,0.0023109128,0.0019440913,0.00372097,0.002106132,0.0018596357,0.008105844,0.005518696,0.93935114,0.0008973234,0.0016780733,0.0014160373,0.0016142786,0.0048458404,0.0021671639,0.0011481487,0.002541201,0.0023846976,0.0014797176,0.0016273073,0.0018417902
15_11546,15_11546.wav,pitch_down_2,15,Gunshot,3,True,Gunshot,Gunshot,False,True,0.0015222625,0.0018152124,0.0032672852,0.0019222215,0.0019712723,0.0025220453,0.0012471685,0.0030222072,0.0012953976,0.00061284075,0.001953935,0.0022577,0.0012153108,0.00058812415,0.9551324,0.0013591438,0.0012424242,0.0012454848,0.001771946,0.00226441,0.0012134099,0.0016320888,0.0012846378,0.0019328911,0.0025170746,0.0017600799,0.0014310363
15_11548,15_11548.wav,original,15,Gunshot,3,True,Gunshot,Gunshot,False,True,0.002183053,0.0017574207,0.0022698627,0.0016068639,0.0016795996,0.0019946382,0.0016267922,0.0019075857,0.001492056,0.0030178593,0.0013210722,0.0014337534,0.0020456864,0.0011655494,0.9532234,0.0011197085,0.0022287674,0.0020754512,0.0009775601,0.0035805693,0.0013799104,0.0016867277,0.0017348357,0.0016127786,0.0015333596,0.0019904908,0.0013547059
15_11550,15_11550.wav,pitch_down_2,15,Gunshot,3,True,Gunshot,Gunshot,False,True,0.0017314898,0.0011646951,0.0014670176,0.0013093367,0.0020517663,0.0016630208,0.0014900394,0.0011068713,0.0014464256,0.0022483512,0.0012998589,0.0023108043,0.0015648514,0.0034284245,0.9553816,0.0019171126,0.0015084742,0.0018613948,0.0009513342,0.0013205413,0.001425602,0.0014098398,0.002591935,0.0015885102,0.0014411168,0.0017660403,0.0025536143
15_11553,15_11553.wav,pitch_down_2,15,Gunshot,3,True,Gunshot,Gunshot,False,True,0.0018969778,0.0025073125,0.0018431246,0.0018397085,0.001355498,0.0016184387,0.0023951605,0.0009357107,0.0023617258,0.0015089586,0.008743834,0.0068365945,0.0023244005,0.0020802217,0.94006896,0.0024115434,0.0017160191,0.0010755562,0.0020913107,0.0024900893,0.0010777031,0.0008716945,0.002549036,0.0021136433,0.0027043829,0.001113207,0.001469131
15_11554,15_11554.wav,pitch_down_2,15,Gunshot,3,True,Gunshot,Gunshot,False,True,0.000994822,0.002163483,0.0014777272,0.0012206607,0.001063571,0.0021009417,0.0026245955,0.0009470326,0.0022216504,0.0014444129,0.0025074345,0.0035087427,0.0015900484,0.002016776,0.9518625,0.0019684506,0.0027553502,0.002251178,0.0023875951,0.0026301115,0.0014803297,0.0017562587,0.0013113996,0.0008345444,0.0017046552,0.0013071349,0.0018686359
15_11557,15_11557.wav,original,15,Gunshot,3,True,Gunshot,Gunshot,False,True,0.0039667524,0.0022921257,0.0026232188,0.0020105876,0.0026994552,0.0023055582,0.0013997154,0.003197466,0.0021116517,0.0015463363,0.002100032,0.0010318111,0.0024900613,0.0017932713,0.93562675,0.004919574,0.0022013457,0.0023263686,0.0017684192,0.002470552,0.0019732176,0.0016448047,0.0017352886,0.0071184007,0.0016308088,0.0018560804,0.003160369
15_11558,15_11558.wav,original,15,Gunshot,3,True,Gunshot,Gunshot,False,True,0.0015648348,0.0023763434,0.0014382317,0.0021582476,0.0019063879,0.0014145995,0.0028275538,0.0014906563,0.0020065003,0.0007405677,0.001106261,0.001145135,0.0020306427,0.0012522428,0.9514844,0.001822001,0.0014331308,0.002057654,0.0022937744,0.004527537,0.0020575072,0.0014952916,0.001396548,0.0027240387,0.0012079073,0.0016834,0.0023586233
15_11559,15_11559.wav,pitch_down_2,15,Gunshot,3,True,Gunshot,Gunshot,False,True,0.0026048867,0.0036661078,0.002155049,0.0020052837,0.002119042,0.0021994484,0.0057298155,0.0018870934,0.0026051989,0.00055757916,0.0027264284,0.0028445842,0.0019627677,0.0020806016,0.9351317,0.0020445385,0.0020054982,0.0027248738,0.0032301713,0.0038978672,0.003329477,0.0022679537,0.001365943,0.0014334843,0.0019926073,0.0022225927,0.0032093963
15_11561,15_11561.wav,pitch_up_2,15,Gunshot,3,True,Gunshot,Gunshot,False,True,0.0020568161,0.001522882,0.0015503376,0.0010099884,0.00151103,0.0014634985,0.0013707142,0.0015029559,0.0016483915,0.0022631262,0.001028041,0.0017104369,0.0017616786,0.0010648016,0.9575786,0.001281187,0.001979121,0.0014781387,0.00095815497,0.0032697544,0.0020547067,0.0009293442,0.0016945958,0.0024263167,0.0017438423,0.0019886128,0.0011528687
15_11563,15_11563.wav,original,15,Gunshot,3,True,Gunshot,Gunshot,False,True,0.004438082,0.0023104458,0.0022095155,0.0024179358,0.006373271,0.0015484319,0.003632793,0.006043782,0.0019233263,0.0060893367,0.0043698163,0.003273199,0.0015655031,0.01840021,0.77396065,0.0073024123,0.0028098626,0.0036544753,0.001669608,0.002543344,0.11600316,0.007154152,0.003358175,0.003970871,0.0039553964,0.003936795,0.0050853663
15_11565,15_11565.wav,pitch_up_2,15,Gunshot,3,True,Gunshot,Gunshot,False,True,0.0015758834,0.0024403557,0.0026151936,0.001880723,0.0013602646,0.0016258998,0.0025125623,0.0017635144,0.0019488283,0.0011603822,0.0017435782,0.0016813055,0.00198265,0.0021608602,0.9539302,0.0008797415,0.0017654005,0.0017022813,0.0019124037,0.0009976,0.002284568,0.001230812,0.0025193456,0.0013235597,0.0018946835,0.0016316385,0.0014758129
15_11566,15_11566.wav,original,15,Gunshot,3,True,Gunshot,Gunshot,False,True,0.0018279203,0.0018172106,0.0011152704,0.0023383666,0.0015638262,0.0012334487,0.002637542,0.0013950592,0.0013217699,0.0031890043,0.0020065694,0.0012616456,0.0017378693,0.0025067287,0.94969505,0.00057753496,0.002935752,0.0059985593,0.0006305667,0.0010894337,0.0018382702,0.0010102409,0.0041342196,0.001158459,0.0012567694,0.0021761814,0.0015468845
15_11568,15_11568.wav,pitch_down_2,15,Gunshot,3,True,Gunshot,Gunshot,False,True,0.0030517774,0.0029883615,0.0034263711,0.0015921486,0.0063078795,0.0028447432,0.00451672,0.003651998,0.0021927443,0.0012701873,0.002018145,0.004834522,0.0033394946,0.019172821,0.9088321,0.0010055912,0.0021018744,0.002646034,0.0024865142,0.0027787166,0.0023590177,0.0020549514,0.001918451,0.0030354755,0.002790965,0.0026872894,0.0040950817
15_11571,15_11571.wav,pitch_down_2,15,Gunshot,3,True,Gunshot,Gunshot,False,True,0.0020623498,0.0014822556,0.0016358116,0.0022364047,0.0012361282,0.0016080053,0.00243424,0.0016032625,0.0023696048,0.0010852433,0.0018112832,0.0015244073,0.0020606085,0.0016106673,0.9511159,0.00067025697,0.002141442,0.0020976497,0.003786566,0.0015736766,0.0020425373,0.0015175221,0.0025416587,0.001603861,0.0023415338,0.00189419,0.0019129099
15_11574,15_11574.wav,pitch_up_2,15,Gunshot,3,True,Gunshot,Gunshot,False,True,0.0022784034,0.0031872317,0.0014765555,0.0036400754,0.0015400923,0.0021378044,0.0018739089,0.002623503,0.0039008658,0.0018778901,0.0021486063,0.0029803042,0.0031693252,0.0013785072,0.93426234,0.0027015375,0.0027251446,0.002084949,0.0017093566,0.002333239,0.0035598443,0.0027065678,0.0021457104,0.0036698969,0.0029233927,0.002738054,0.0022268288
15_11575,15_11575.wav,original,15,Gunshot,3,True,Gunshot,Gunshot,False,True,0.0021129807,0.002638385,0.0017602484,0.001667757,0.0019380854,0.0018867295,0.0012393054,0.0020676677,0.0018805661,0.0013734683,0.0013608321,0.0037336096,0.0017052578,0.0019283652,0.95233744,0.00084966974,0.0017332766,0.0014819383,0.0017419303,0.0013693963,0.0021713022,0.0013747812,0.001566478,0.0021770166,0.0023391857,0.0019460344,0.0016183151
15_11575,15_11575.wav,pitch_down_2,15,Gunshot,3,True,Gunshot,Gunshot,False,True,0.0021129807,0.002638385,0.0017602484,0.001667757,0.0019380854,0.0018867295,0.0012393054,0.0020676677,0.0018805661,0.0013734683,0.0013608321,0.0037336096,0.0017052578,0.0019283652,0.95233744,0.00084966974,0.0017332766,0.0014819383,0.0017419303,0.0013693963,0.0021713022,0.0013747812,0.001566478,0.0021770166,0.0023391857,0.0019460344,0.0016183151
16_11603,16_11603.wav,original,16,WoodChop,3,True,WoodChop,WoodChop,False,True,0.0054805162,0.0054938607,0.012341242,0.008394924,0.0035294248,0.012958612,0.031383622,0.008022257,0.005597727,0.024315402,0.02303172,0.0055879126,0.020344058,0.0065533533,0.011410367,0.68564266,0.010026073,0.013737369,0.023950966,0.005337017,0.004342427,0.010100697,0.011543983,0.011785458,0.010218612,0.012252275,0.01661751
16_11607,16_11607.wav,original,16,WoodChop,3,True,Axe,WoodChop,True,True,0.006884704,0.0058501824,0.0060785688,0.0033693432,0.0054924325,0.004352177,0.04255785,0.0041372394,0.0057056784,0.16966021,0.0056528538,0.0074094436,0.0056416895,0.008498316,0.006372666,0.66222245,0.0051798658,0.0035532797,0.00082420796,0.002194207,0.006104632,0.004765095,0.004753932,0.004933319,0.0050759935,0.0058036167,0.0069259894
16_11608,16_11608.wav,pitch_down_2,16,WoodChop,3,True,Axe,WoodChop,True,True,0.0045706253,0.0035667329,0.0030089673,0.0013262536,0.0024294704,0.005286133,0.0022082657,0.003452029,0.003410274,0.24071223,0.001806342,0.0042741476,0.0019670539,0.0025867692,0.0019850705,0.67676926,0.0030446174,0.0024232904,0.001870734,0.007356487,0.007036526,0.0023388264,0.0021670505,0.0029205503,0.0024833076,0.0040562046,0.004942835
16_11612,16_11612.wav,original,16,WoodChop,3,True,WoodChop,WoodChop,False,True,0.0014187377,0.0016025399,0.002710684,0.0014815624,0.0017922415,0.002882453,0.0013812842,0.0031260701,0.001898334,0.019433724,0.0021843573,0.0011283589,0.0031359678,0.001280637,0.0044449256,0.922616,0.0018357207,0.0015930319,0.0013608582,0.008185279,0.0025587382,0.0015014275,0.0022233797,0.0017136141,0.002221137,0.0018689358,0.0024199227
16_11613,16_11613.wav,pitch_down_2,16,WoodChop,3,True,Axe,Axe,False,False,0.0029065683,0.004749549,0.0025352743,0.002045688,0.0029810101,0.0062313345,0.004785225,0.004532075,0.0029531976,0.45779148,0.0047460604,0.0028013599,0.004236868,0.0037906338,0.003918748,0.45126763,0.0034901833,0.0029408485,0.0043627447,0.0035680607,0.0038869642,0.0032832378,0.0037862093,0.002191361,0.0026559222,0.002819833,0.004741883
16_11614,16_11614.wav,pitch_down_2,16,WoodChop,3,True,WoodChop,WoodChop,False,True,0.0017671111,0.0014043353,0.0041774716,0.008418709,0.003348396,0.0031182563,0.0022355644,0.0030094746,0.002725849,0.2755432,0.00272628,0.0018741878,0.0024776577,0.0011008711,0.0010032925,0.6626003,0.0033383744,0.0017893239,0.00394862,0.00035014134,0.0024345703,0.0017343261,0.002566072,0.001222113,0.0015926016,0.001788729,0.0017041311
16_11616,16_11616.wav,pitch_down_2,16,WoodChop,3,True,Firework,WoodChop,True,True,0.0068383603,0.010496994,0.0049226363,0.008809804,0.0042008553,0.008932854,0.0038948606,0.006341876,0.013869581,0.010888208,0.0061561703,0.008819141,0.0076320902,0.25847456,0.0039246385,0.34480202,0.0070448904,0.004208021,0.09049221,0.011297586,0.011351085,0.0053429604,0.009550952,0.11721611,0.0081197815,0.0096064,0.016765371
16_11616,16_11616.wav,pitch_up_2,16,WoodChop,3,True,Firework,WoodChop,True,True,0.0068383603,0.010496994,0.0049226363,0.008809804,0.0042008553,0.008932854,0.0038948606,0.006341876,0.013869581,0.010888208,0.0061561703,0.008819141,0.0076320902,0.25847456,0.0039246385,0.34480202,0.0070448904,0.004208021,0.09049221,0.011297586,0.011351085,0.0053429604,0.009550952,0.11721611,0.0081197815,0.0096064,0.016765371
16_11617,16_11617.wav,original,16,WoodChop,3,True,Axe,WoodChop,True,True,0.0012600013,0.0028356565,0.0019753503,0.0011854621,0.002765174,0.0028735409,0.0074655036,0.0021683406,0.0032053273,0.28549445,0.0017766036,0.0019508541,0.002259928,0.0019190419,0.0015817638,0.65035933,0.002947028,0.0030147962,0.0057783364,0.0031878722,0.0026231837,0.0018410078,0.0020687394,0.0018922874,0.0017932747,0.0020391727,0.0017380095
16_11619,16_11619.wav,pitch_down_2,16,WoodChop,3,True,WoodChop,WoodChop,False,True,0.003691477,0.0035969634,0.0057080276,0.004829603,0.003987851,0.0048482963,0.010088687,0.0044898726,0.005857149,0.15410899,0.0033115984,0.003410525,0.0044275722,0.0034074376,0.004523507,0.7284573,0.0057633896,0.007750668,0.0054638325,0.0008026176,0.005694848,0.0030666012,0.0039690356,0.0041488665,0.003906637,0.0055258702,0.0051627015
16_11619,16_11619.wav,pitch_up_2,16,WoodChop,3,True,WoodChop,WoodChop,False,True,0.003691477,0.0035969634,0.0057080276,0.004829603,0.003987851,0.0048482963,0.010088687,0.0044898726,0.005857149,0.15410899,0.0033115984,0.003410525,0.0044275722,0.0034074376,0.004523507,0.7284573,0.0057633896,0.007750668,0.0054638325,0.0008026176,0.005694848,0.0030666012,0.0039690356,0.0041488665,0.003906637,0.0055258702,0.0051627015
16_11621,16_11621.wav,pitch_up_2,16,WoodChop,3,True,WoodChop,WoodChop,False,True,0.0023449303,0.0019533194,0.002122922,0.00058697053,0.0019789182,0.0019288497,0.003016901,0.0026033912,0.0030463682,0.04035418,0.0020995813,0.003433738,0.002499026,0.0044835336,0.0019201586,0.89417344,0.0027824547,0.0030223571,0.007317692,0.002850075,0.0023679202,0.0015655918,0.0016834285,0.0018549096,0.0018352581,0.0028977233,0.0032763958
16_11622,16_11622.wav,original,16,WoodChop,3,True,WoodChop,WoodChop,False,True,0.0035954483,0.0023379377,0.004924878,0.0026340578,0.0033743258,0.0038666297,0.04242303,0.004031195,0.0058572534,0.09109873,0.0035553959,0.0027946236,0.0033528765,0.0057146065,0.00091163703,0.77536434,0.005404515,0.0059813187,0.008839888,0.00096762506,0.0033169948,0.004233061,0.0040184464,0.0022064622,0.0018548868,0.0036517577,0.0036881284
16_11622,16_11622.wav,pitch_down_2,16,WoodChop,3,True,WoodChop,WoodChop,False,True,0.0035954483,0.0023379377,0.004924878,0.0026340578,0.0033743258,0.0038666297,0.04242303,0.004031195,0.0058572534,0.09109873,0.0035553959,0.0027946236,0.0033528765,0.0057146065,0.00091163703,0.77536434,0.005404515,0.0059813187,0.008839888,0.00096762506,0.0033169948,0.004233061,0.0040184464,0.0022064622,0.0018548868,0.0036517577,0.0036881284
16_11623,16_11623.wav,pitch_up_2,16,WoodChop,3,True,WoodChop,WoodChop,False,True,0.0008690357,0.002612128,0.0016382267,0.0033011485,0.0013057207,0.001651857,0.0022348836,0.0021364135,0.0019732274,0.0047970517,0.0009214037,0.001252823,0.003657341,0.0021098363,0.0011664641,0.94947666,0.0010812812,0.0015990244,0.0015894979,0.0017566346,0.001252371,0.0017478348,0.0012107814,0.0027917682,0.0012666801,0.0016258863,0.002974077
16_11625,16_11625.wav,pitch_up_2,16,WoodChop,3,True,WoodChop,WoodChop,False,True,0.003196738,0.0017986071,0.0019062568,0.0019414009,0.002932648,0.0016157506,0.0013378024,0.0015348596,0.0019878445,0.005298754,0.0039285165,0.001679312,0.0017950694,0.0020435918,0.0032036023,0.9419283,0.0028742608,0.002469472,0.0020415902,0.0016350163,0.001504603,0.001566908,0.0028450612,0.00078815455,0.0020538948,0.002159023,0.0019328719
16_11627,16_11627.wav,original,16,WoodChop,3,True,Axe,WoodChop,True,True,0.0046243537,0.0038079014,0.0017424971,0.0010811988,0.0039066747,0.0033030438,0.013232246,0.0032423811,0.004216797,0.21643128,0.0020269633,0.0023735447,0.0026890894,0.0030359589,0.0056391787,0.6963729,0.0037092716,0.0018504742,0.0021267182,0.0009796327,0.004425627,0.0029037527,0.0029236923,0.0020441979,0.002940487,0.0027790347,0.005591156
16_11634,16_11634.wav,original,16,WoodChop,3,True,WoodChop,WoodChop,False,True,0.0021782068,0.0050634253,0.002651005,0.0017514635,0.0016833302,0.0028992386,0.0044240113,0.0030390557,0.003516873,0.114055894,0.0022640212,0.0032377979,0.0032437106,0.0019295552,0.0049004606,0.8019754,0.0029276842,0.0024801013,0.0031774605,0.00085264124,0.0037333572,0.0053606234,0.0019707857,0.011352134,0.0020637244,0.0036600137,0.0036079995
16_11635,16_11635.wav,pitch_down_2,16,WoodChop,3,True,WoodChop,WoodChop,False,True,0.0013233465,0.0019578417,0.0015952578,0.0028242664,0.0014090921,0.0014970725,0.00092534436,0.0022647202,0.0023906976,0.12543212,0.001698778,0.0012405288,0.0017274868,0.0011952567,0.0004200423,0.83505625,0.0015975566,0.0010735652,0.0010424157,0.0011789041,0.0019473713,0.0015905168,0.0026018585,0.0014114282,0.0014359521,0.0018439108,0.0013185035
16_11638,16_11638.wav,pitch_down_2,16,WoodChop,3,True,Axe,WoodChop,True,True,0.002508954,0.0027152793,0.0041147512,0.005483892,0.0031423222,0.0042307614,0.0027808612,0.0039498447,0.0035993217,0.15610208,0.0052245646,0.0057283416,0.002135442,0.008843283,0.0023636867,0.7375941,0.0048620417,0.0053811255,0.005268304,0.0018834266,0.002797114,0.0029014125,0.004556504,0.0035630884,0.0059667905,0.005644804,0.0066579077
16_11640,16_11640.wav,original,16,WoodChop,3,True,WoodChop,WoodChop,False,True,0.001571958,0.0019781792,0.0022986669,0.0016905954,0.0015123853,0.0016914416,0.0030429633,0.0022118536,0.0028398924,0.011111896,0.0021317394,0.0015415814,0.003615153,0.0014403709,0.003091267,0.9320893,0.0015596971,0.0021886323,0.0023013977,0.0041213655,0.0026404848,0.0010177653,0.0019705244,0.0012547404,0.002568737,0.0028488787,0.0036685008
16_11642,16_11642.wav,original,16,WoodChop,3,True,Axe,WoodChop,True,True,0.000803448,0.0016129194,0.0017964096,0.0009191983,0.0017801201,0.0019142268,0.0016861119,0.0012646503,0.0026748339,0.32464528,0.00098866,0.0010343887,0.0020885437,0.0013458292,0.0011635582,0.6397802,0.0011664728,0.0011444847,0.0005347287,0.0008560088,0.0018572599,0.0013275887,0.0013539679,0.0015312145,0.0011927201,0.0020590664,0.0014780607
16_11642,16_11642.wav,pitch_up_2,16,WoodChop,3,True,WoodChop,WoodChop,False,True,0.000803448,0.0016129194,0.0017964096,0.0009191983,0.0017801201,0.0019142268,0.0016861119,0.0012646503,0.0026748339,0.32464528,0.00098866,0.0010343887,0.0020885437,0.0013458292,0.0011635582,0.6397802,0.0011664728,0.0011444847,0.0005347287,0.0008560088,0.0018572599,0.0013275887,0.0013539679,0.0015312145,0.0011927201,0.0020590664,0.0014780607
16_11646,16_11646.wav,original,16,WoodChop,3,True,WoodChop,WoodChop,False,True,0.001391569,0.0021346735,0.0021445828,0.0014952765,0.0022078708,0.0025197964,0.0038357198,0.002212859,0.0020482792,0.02538521,0.0024079408,0.0018216814,0.0015465692,0.001095093,0.00086680934,0.92206484,0.0016558516,0.0018908959,0.0029352233,0.0028713385,0.0023640683,0.0018665591,0.0024928944,0.0010127417,0.0027005698,0.0019274666,0.0031035754
16_11647,16_11647.wav,original,16,WoodChop,3,True,Axe,WoodChop,True,True,0.014971919,0.009367826,0.006314747,0.0051746196,0.004177152,0.009195758,0.052144643,0.004236474,0.010858378,0.1177758,0.0018910385,0.0069198967,0.008443466,0.007473005,0.0047720512,0.6820953,0.0066565187,0.009417895,0.0027946003,0.002878418,0.003813756,0.0072499816,0.0021381353,0.001638672,0.0071465955,0.002842323,0.007611049
16_11649,16_11649.wav,pitch_down_2,16,WoodChop,3,True,WoodChop,WoodChop,False,True,0.004694363,0.0013712695,0.0045724325,0.007457588,0.0033523878,0.0024008618,0.0010881639,0.0039304807,0.0022748902,0.09001145,0.009600253,0.005498061,0.0041533937,0.0042408053,0.0024765092,0.80369943,0.0060119852,0.002871408,0.0013415646,0.0032210343,0.0053525115,0.0022837792,0.0027761152,0.015101,0.0021962284,0.0028937738,0.0051282956
16_11650,16_11650.wav,original,16,WoodChop,3,True,WoodChop,WoodChop,False,True,0.0028849908,0.0074954703,0.007863109,0.0063908286,0.004123568,0.008122825,0.009677216,0.008026408,0.007802351,0.059137493,0.0031267286,0.0032968838,0.012850671,0.0019073304,0.0059314943,0.7074565,0.01315983,0.009624907,0.02339209,0.04682764,0.0077847824,0.008736566,0.007236507,0.009499904,0.0059660617,0.0051396354,0.006538179
16_11651,16_11651.wav,pitch_down_2,16,WoodChop,3,True,WoodChop,WoodChop,False,True,0.002805519,0.0031677324,0.0055519403,0.002511765,0.0045504076,0.0105787,0.008199704,0.004526939,0.0039752363,0.048519824,0.00846612,0.0036173475,0.002528435,0.0060235863,0.002703946,0.81790733,0.004748517,0.0073372857,0.0019561765,0.004211181,0.0037692413,0.003090946,0.0042572594,0.0035908807,0.01902746,0.0043695653,0.008007041
16_11652,16_11652.wav,pitch_up_2,16,WoodChop,3,True,WoodChop,WoodChop,False,True,0.0022722038,0.0014767534,0.0013488061,0.0015451349,0.0037642347,0.002143014,0.001517757,0.0017906539,0.0023277185,0.026320266,0.0017802045,0.0015033577,0.0016663681,0.0018178079,0.0022278018,0.9210004,0.0014529377,0.0012899521,0.0011699526,0.006471753,0.002955885,0.001372363,0.0029512688,0.0010393438,0.0020981757,0.0022607418,0.0024351527
16_11653,16_11653.wav,original,16,WoodChop,3,True,Clapping,WoodChop,True,True,0.063199796,0.0052793752,0.0047783987,0.0035697864,0.0075421147,0.007103676,0.0067484304,0.0044654408,0.00380266,0.005473374,0.0067784837,0.0150584625,0.007283589,0.0059175044,0.030881485,0.64742386,0.0026728616,0.004495721,0.0023989833,0.12780951,0.0036532085,0.003422332,0.002838323,0.0054960377,0.009162008,0.0061233025,0.0066211955
16_11654,16_11654.wav,original,16,WoodChop,3,False,Fire,Fire,False,False,0.44432518,0.009740453,0.012857102,0.09080714,0.0129014915,0.013159073,0.009889805,0.01573146,0.009607161,0.025691396,0.012089468,0.020878443,0.016031055,0.012071819,0.0127286315,0.12607476,0.01086866,0.015349214,0.030056052,0.026266465,0.0084618805,0.00763589,0.011254872,0.009358146,0.009616205,0.014112716,0.012435426
16_11654,16_11654.wav,pitch_down_2,16,WoodChop,3,False,Fire,Fire,False,False,0.44432518,0.009740453,0.012857102,0.09080714,0.0129014915,0.013159073,0.009889805,0.01573146,0.009607161,0.025691396,0.012089468,0.020878443,0.016031055,0.012071819,0.0127286315,0.12607476,0.01086866,0.015349214,0.030056052,0.026266465,0.0084618805,0.00763589,0.011254872,0.009358146,0.009616205,0.014112716,0.012435426
16_11654,16_11654.wav,pitch_up_2,16,WoodChop,3,False,WoodChop,Fire,True,False,0.44432518,0.009740453,0.012857102,0.09080714,0.0129014915,0.013159073,0.009889805,0.01573146,0.009607161,0.025691396,0.012089468,0.020878443,0.016031055,0.012071819,0.0127286315,0.12607476,0.01086866,0.015349214,0.030056052,0.026266465,0.0084618805,0.00763589,0.011254872,0.009358146,0.009616205,0.014112716,0.012435426
16_11655,16_11655.wav,original,16,WoodChop,3,True,WoodChop,WoodChop,False,True,0.0027750283,0.010789157,0.0061631068,0.0028503537,0.0047661667,0.006131111,0.01003547,0.0030559134,0.0054355953,0.006518768,0.0033470225,0.0042982595,0.0020815537,0.0017143474,0.0026013833,0.78840256,0.0032403304,0.0038522484,0.04005116,0.027508758,0.008766177,0.00866059,0.0030663044,0.02539704,0.009012931,0.004270434,0.005208148
16_11655,16_11655.wav,pitch_up_2,16,WoodChop,3,True,WoodChop,WoodChop,False,True,0.0027750283,0.010789157,0.0061631068,0.0028503537,0.0047661667,0.006131111,0.01003547,0.0030559134,0.0054355953,0.006518768,0.0033470225,0.0042982595,0.0020815537,0.0017143474,0.0026013833,0.78840256,0.0032403304,0.0038522484,0.04005116,0.027508758,0.008766177,0.00866059,0.0030663044,0.02539704,0.009012931,0.004270434,0.005208148
16_11656,16_11656.wav,pitch_down_2,16,WoodChop,3,True,WoodChop,WoodChop,False,True,0.0013620931,0.0035817241,0.0026155617,0.0033700352,0.0019428408,0.0021596036,0.003236594,0.003016932,0.0027692185,0.00864588,0.0020966278,0.0026386047,0.00086358184,0.0013760844,0.0010004028,0.93241954,0.0028137795,0.0023246738,0.0015584793,0.004350651,0.0040614107,0.0022635737,0.0015060365,0.0020931212,0.0025091057,0.0017283504,0.0016955421
16_11657,16_11657.wav,pitch_up_2,16,WoodChop,3,True,WoodChop,WoodChop,False,True,0.000574668,0.0017923237,0.001455346,0.0008063461,0.001298305,0.0017500571,0.00076425326,0.0017387735,0.0014388817,0.0026848253,0.0016056383,0.0007434541,0.0012173064,0.0006755547,0.0003166701,0.96159554,0.0013271862,0.0011783936,0.0007166189,0.0076971254,0.0009876648,0.001607038,0.0014697922,0.0010392745,0.0012058734,0.0011134613,0.0011996186
16_11658,16_11658.wav,original,16,WoodChop,3,True,WoodChop,WoodChop,False,True,0.0061141723,0.014212892,0.010099025,0.014999513,0.0047693825,0.004204173,0.0027674206,0.007918404,0.0066079604,0.008960598,0.0076935664,0.003906268,0.0024754836,0.0030841029,0.024680711,0.74957544,0.0071243155,0.0058831256,0.011309829,0.023930728,0.010976474,0.0055992487,0.0058140797,0.033303633,0.007998343,0.0073089316,0.008682185
16_11659,16_11659.wav,pitch_down_2,16,WoodChop,3,True,WoodChop,WoodChop,False,True,0.0010961066,0.003160624,0.0023847986,0.0025145786,0.0017300827,0.00206495,0.0019223654,0.0014906502,0.0020044118,0.013357359,0.0020765134,0.0011248882,0.0018477627,0.0007686291,0.0012922256,0.9428687,0.0025454964,0.0012546219,0.0026154711,0.001548551,0.0017021146,0.0012423306,0.0011269323,0.0014922739,0.0020477537,0.0012408812,0.0014788605
16_11662,16_11662.wav,original,16,WoodChop,3,True,WoodChop,WoodChop,False,True,0.0005305912,0.0015600381,0.001246509,0.0006989138,0.0011253551,0.0010476484,0.0018864329,0.00073668786,0.0009515779,0.0006789053,0.00044432058,0.0014632071,0.0012721852,0.00081011263,0.0010781041,0.9709804,0.0008372925,0.0009992776,0.00053274055,0.0015464891,0.0014477986,0.0011546785,0.00054573646,0.0021019245,0.0022729395,0.001060273,0.0009899596
16_11663,16_11663.wav,pitch_down_2,16,WoodChop,3,True,WoodChop,WoodChop,False,True,0.0014880337,0.001636487,0.0037362117,0.010974099,0.003263154,0.005869324,0.026167935,0.002497995,0.00722111,0.008357851,0.00083982263,0.027601043,0.0048465943,0.0035242492,0.009478605,0.8199472,0.003852629,0.0065676644,0.0039579053,0.0012937619,0.010741473,0.004760188,0.001535111,0.012573756,0.00974779,0.004106781,0.0034132365
16_11665,16_11665.wav,original,16,WoodChop,3,True,WoodChop,WoodChop,False,True,0.0014918154,0.0011164524,0.0019425385,0.0015513004,0.002618054,0.0011962409,0.0011823138,0.002058834,0.0022535294,0.003813186,0.0024727047,0.0025319362,0.0013350407,0.0025104221,0.0010938217,0.9372769,0.0012674865,0.0017105141,0.004268562,0.013224483,0.0015978711,0.002106234,0.0013104916,0.0015492173,0.002637666,0.0012888629,0.0025934612
16_11666,16_11666.wav,original,16,WoodChop,3,True,Axe,WoodChop,True,True,0.0013949111,0.0020304902,0.001856635,0.0019199242,0.0019626706,0.002246217,0.0011160694,0.0024901235,0.0025189018,0.25779524,0.002553274,0.0017370223,0.0029902307,0.0016444545,0.0028634134,0.6843143,0.002348802,0.0063411356,0.00173487,0.00061977055,0.0012951926,0.001834541,0.005085611,0.002787893,0.0016807425,0.0019886391,0.0028488806
16_11669,16_11669.wav,original,16,WoodChop,3,True,WoodChop,WoodChop,False,True,0.0023019218,0.004807668,0.0037374708,0.0023144148,0.0023599507,0.0024612567,0.01731837,0.0048304317,0.005183989,0.11775809,0.0035010802,0.0027670583,0.0024679713,0.0025999863,0.0014856203,0.775202,0.003664529,0.003775907,0.0106705325,0.0015832089,0.004872271,0.0046356884,0.0049556564,0.0024363166,0.002636385,0.004435581,0.005236668
16_11675,16_11675.wav,pitch_up_2,16,WoodChop,3,True,WoodChop,WoodChop,False,True,0.0020215632,0.001274166,0.0019554682,0.006954051,0.0020172617,0.0042591323,0.0021184573,0.0022789054,0.0017833527,0.0021891932,0.0035281505,0.0015847221,0.0018453905,0.0017864463,0.0035729085,0.9301141,0.0020619286,0.0023488624,0.0010506349,0.0016328025,0.0015622131,0.0010274962,0.002236317,0.0030040212,0.0018331041,0.0029160876,0.0110432245
17_11701,17_11701.wav,original,17,Whistling,3,True,Whistling,Whistling,False,True,0.002285584,0.0012969789,0.002090275,0.0023947647,0.0016043797,0.0020427562,0.0019515568,0.0015139668,0.0015712882,0.0022028098,0.0018557938,0.003366913,0.0021459956,0.0015547336,0.0025483456,0.0017890789,0.9506614,0.0017536342,0.001820783,0.0018900908,0.0013804667,0.0018488582,0.0019448693,0.0017287005,0.0017046327,0.00157979,0.0014714889
17_11701,17_11701.wav,pitch_up_2,17,Whistling,3,True,Whistling,Whistling,False,True,0.002285584,0.0012969789,0.002090275,0.0023947647,0.0016043797,0.0020427562,0.0019515568,0.0015139668,0.0015712882,0.0022028098,0.0018557938,0.003366913,0.0021459956,0.0015547336,0.0025483456,0.0017890789,0.9506614,0.0017536342,0.001820783,0.0018900908,0.0013804667,0.0018488582,0.0019448693,0.0017287005,0.0017046327,0.00157979,0.0014714889
17_11702,17_11702.wav,original,17,Whistling,3,True,Whistling,Whistling,False,True,0.0017886787,0.0014079522,0.0020532561,0.0016962178,0.0015103634,0.001851704,0.001785687,0.0015245895,0.0018797332,0.0016048207,0.0016257713,0.0016387255,0.0016616108,0.0015651872,0.0019337637,0.0015441552,0.9561755,0.0014480617,0.0022093502,0.0023733692,0.00097096595,0.0018594587,0.0017024897,0.0016439453,0.001618464,0.0011328388,0.0017932957
17_11703,17_11703.wav,pitch_up_2,17,Whistling,3,True,Whistling,Whistling,False,True,0.0024643564,0.0021982484,0.002177974,0.002059881,0.0012655075,0.0025172408,0.0023048029,0.0027382167,0.0017633667,0.0016504725,0.0023475185,0.0014782553,0.0017981584,0.002252857,0.0025496616,0.0022302612,0.94186616,0.0023166556,0.0016033241,0.003077767,0.0044422033,0.0019979405,0.0028737166,0.0025054633,0.0021473037,0.002406979,0.00096569024
17_11706,17_11706.wav,original,17,Whistling,3,True,Whistling,Whistling,False,True,0.0017094016,0.0016663605,0.0019388363,0.0025058559,0.001966216,0.0021681187,0.001744127,0.0018347505,0.0015241201,0.0011291903,0.0015217914,0.0025485053,0.0019857527,0.001935541,0.0015237588,0.0015263496,0.95227075,0.0018007159,0.0026167862,0.00168142,0.0015764685,0.0018550688,0.0016108515,0.0017786886,0.0013042974,0.0011965347,0.003079703
17_11708,17_11708.wav,pitch_down_2,17,Whistling,3,True,Whistling,Whistling,False,True,0.0016609974,0.0020960278,0.0018222962,0.001991222,0.0026890244,0.0022724767,0.0016183091,0.001985382,0.0018202503,0.001580753,0.0017052799,0.0016786366,0.0017962571,0.00227393,0.0019566447,0.0018696793,0.94880676,0.0021222206,0.0027981622,0.0014489471,0.0015503047,0.0010785059,0.0025137896,0.0016617306,0.0014859494,0.0029934698,0.0027230445
17_11712,17_11712.wav,original,17,Whistling,3,True,Whistling,Whistling,False,True,0.0041331775,0.0032714426,0.005695898,0.0019083153,0.002878579,0.00463287,0.0042734933,0.0033446904,0.0037187897,0.005164156,0.004262276,0.0063195652,0.004074901,0.0027710714,0.0044590593,0.0042869593,0.8670296,0.003798735,0.0030180598,0.0035163034,0.0027316276,0.0017724704,0.004012942,0.0047734003,0.0019739575,0.036671672,0.0055059833
17_11712,17_11712.wav,pitch_down_2,17,Whistling,3,True,Whistling,Whistling,False,True,0.0041331775,0.0032714426,0.005695898,0.0019083153,0.002878579,0.00463287,0.0042734933,0.0033446904,0.0037187897,0.005164156,0.004262276,0.0063195652,0.004074901,0.0027710714,0.0044590593,0.0042869593,0.8670296,0.003798735,0.0030180598,0.0035163034,0.0027316276,0.0017724704,0.004012942,0.0047734003,0.0019739575,0.036671672,0.0055059833
17_11713,17_11713.wav,original,17,Whistling,3,True,Whistling,Whistling,False,True,0.003896414,0.0026132641,0.0043598264,0.0035693322,0.0022792711,0.0026264365,0.0027040935,0.004006372,0.0025839962,0.0063092564,0.007246362,0.0022162835,0.00324393,0.003591873,0.0040875264,0.004881115,0.90055203,0.0036546302,0.0029654654,0.0025616386,0.0062367767,0.0028623354,0.006272344,0.003525331,0.0033284116,0.0038261435,0.0039995126
17_11715,17_11715.wav,pitch_up_2,17,Whistling,3,True,Whistling,Whistling,False,True,0.0013419412,0.002146436,0.001509667,0.0016029851,0.0014766185,0.0010411312,0.0019272622,0.0032646514,0.0010216798,0.0009254545,0.0020290047,0.001598376,0.002561287,0.0015221251,0.0012247213,0.0032115013,0.9538607,0.001102253,0.0021688747,0.0012907238,0.002421803,0.0037655581,0.001972396,0.0013067992,0.001331835,0.0010347689,0.0013394906
17_11721,17_11721.wav,original,17,Whistling,3,True,Whistling,Whistling,False,True,0.0014586411,0.0019089911,0.0015727066,0.0023765115,0.0019528508,0.0014919225,0.0013711768,0.0017384758,0.0013052848,0.00182452,0.0017684378,0.0013646468,0.0019261813,0.0013862643,0.0017812372,0.0011333758,0.95751953,0.0012602588,0.0018157697,0.0017186626,0.0012696268,0.0024583442,0.0019144,0.002028635,0.0014634915,0.0010877075,0.0011023089
17_11722,17_11722.wav,pitch_up_2,17,Whistling,3,True,Whistling,Whistling,False,True,0.003558269,0.0018390276,0.0015456934,0.0008769869,0.0041495482,0.0017448118,0.002355154,0.003209255,0.0012335721,0.0015297515,0.001209456,0.002860032,0.0020120495,0.002294548,0.0015230132,0.0014530726,0.95008016,0.0016795449,0.0017839054,0.0011377252,0.001913832,0.0009062539,0.00081487984,0.0017175738,0.0018664867,0.0024780328,0.0022273948
17_11724,17_11724.wav,pitch_up_2,17,Whistling,3,True,Whistling,Whistling,False,True,0.0019994394,0.002289514,0.002072419,0.003580221,0.0028685273,0.0017925472,0.0021073287,0.0022988727,0.0024657056,0.0019795578,0.0024396,0.0020228315,0.002500955,0.0029628708,0.001531497,0.0023486249,0.9418993,0.001902314,0.002156058,0.0021267417,0.001390682,0.004073789,0.0015107048,0.0020334602,0.0022331302,0.0012352885,0.002178026
17_11725,17_11725.wav,pitch_up_2,17,Whistling,3,True,Whistling,Whistling,False,True,0.0019735794,0.0019076192,0.0015298625,0.00186291,0.0023091205,0.0022205957,0.001694786,0.0016534497,0.00190162,0.0022213615,0.0015169735,0.0024974095,0.0020080844,0.0017162011,0.0015511821,0.0016040622,0.95199203,0.0018261052,0.0014651841,0.0013459194,0.0020550564,0.0017725606,0.0014368488,0.0018815111,0.002060536,0.0016693218,0.002326102
17_11728,17_11728.wav,pitch_down_2,17,Whistling,3,True,Whistling,Whistling,False,True,0.0013973551,0.001698875,0.0021759279,0.0012804839,0.0010856042,0.0017049513,0.0010968614,0.0013776408,0.0010542726,0.0010515917,0.0017680996,0.001441978,0.0013034657,0.0012692352,0.0011526194,0.0016822303,0.96236056,0.0010709796,0.0015400444,0.002284934,0.0019526425,0.0010472798,0.0019386407,0.0017709658,0.0014365833,0.0014523104,0.0006038978
17_11733,17_11733.wav,pitch_up_2,17,Whistling,3,True,Whistling,Whistling,False,True,0.0015019664,0.0016445507,0.0017415694,0.0013310452,0.0017830767,0.0013797028,0.0012436914,0.0013216181,0.0018910047,0.0014156034,0.00164075,0.0014703209,0.001123927,0.0011650857,0.0015149126,0.0013941041,0.9535163,0.0044486965,0.0021393273,0.0021613974,0.002523132,0.0045519467,0.0015591333,0.0009990748,0.0022596605,0.0009640183,0.0013143945
17_11734,17_11734.wav,pitch_up_2,17,Whistling,3,True,Whistling,Whistling,False,True,0.0016583997,0.001809188,0.0021059762,0.0017301616,0.0011485779,0.001457475,0.0015804026,0.002299004,0.0015499924,0.001929497,0.0020040257,0.0014510233,0.0018568067,0.0017597006,0.002064713,0.0017068122,0.95386004,0.001730384,0.0015938453,0.0019007153,0.0031672998,0.0017645924,0.0016747103,0.001767828,0.0017477092,0.001610495,0.001070561
17_11735,17_11735.wav,pitch_down_2,17,Whistling,3,True,Whistling,Whistling,False,True,0.0021272858,0.0017180294,0.002154235,0.0011904546,0.003421068,0.001336501,0.0024784966,0.0024859842,0.0022277178,0.002137852,0.0016361593,0.002228815,0.0014720642,0.0012543746,0.0022070922,0.0021912877,0.94916916,0.002205157,0.0018938953,0.0015975471,0.0011943354,0.0020411059,0.0014709182,0.0018492838,0.0017136267,0.0015009558,0.0030965854
17_11740,17_11740.wav,pitch_down_2,17,Whistling,3,True,Whistling,Whistling,False,True,0.0015460126,0.0017662259,0.0016826264,0.0013759128,0.0017714779,0.0015493031,0.0017884938,0.0018779668,0.0015112603,0.002134128,0.0018928157,0.0015246385,0.0016579911,0.0020569463,0.0017620422,0.0016499629,0.9567744,0.0015884103,0.0015058503,0.0021098868,0.0010653443,0.0010718469,0.002004481,0.0018980774,0.0017198399,0.0011264794,0.0015875566
17_11741,17_11741.wav,pitch_up_2,17,Whistling,3,True,Whistling,Whistling,False,True,0.0019553422,0.0017777839,0.002008912,0.0016544778,0.0016706289,0.001449647,0.00205673,0.0016243245,0.002752708,0.0015921445,0.0020319202,0.0012736829,0.0021280868,0.0014903578,0.0018467461,0.0029265725,0.9529583,0.0014046226,0.0018675408,0.0016787866,0.0012642029,0.0030792432,0.0015866854,0.0011579233,0.0021037885,0.0013303044,0.001328527
17_11742,17_11742.wav,original,17,Whistling,3,True,Whistling,Whistling,False,True,0.0019676846,0.0020296278,0.0022677972,0.0018823924,0.0023463818,0.00201922,0.0017510544,0.001671993,0.0021687988,0.0027368555,0.0021370417,0.0020260871,0.0019212888,0.0018765795,0.0018366749,0.0017660906,0.9461227,0.0022669379,0.0022246686,0.0017548638,0.0021496161,0.0024438489,0.0023043058,0.0026724625,0.0021862837,0.0014024029,0.00206635
17_11743,17_11743.wav,original,17,Whistling,3,True,Whistling,Whistling,False,True,0.0019458722,0.0023737655,0.0020450081,0.0017067627,0.0012789615,0.0024197213,0.0017462712,0.0016860563,0.0022812898,0.0021678538,0.0016267194,0.0017552851,0.0016902442,0.0017666548,0.0018962118,0.002448378,0.9483953,0.0033685926,0.0022056263,0.0024172135,0.0014013831,0.0016622514,0.0031713033,0.0015467302,0.0015714578,0.0015858678,0.0018392237
17_11743,17_11743.wav,pitch_down_2,17,Whistling,3,True,Whistling,Whistling,False,True,0.0019458722,0.0023737655,0.0020450081,0.0017067627,0.0012789615,0.0024197213,0.0017462712,0.0016860563,0.0022812898,0.0021678538,0.0016267194,0.0017552851,0.0016902442,0.0017666548,0.0018962118,0.002448378,0.9483953,0.0033685926,0.0022056263,0.0024172135,0.0014013831,0.0016622514,0.0031713033,0.0015467302,0.0015714578,0.0015858678,0.0018392237
17_11745,17_11745.wav,original,17,Whistling,3,True,Whistling,Whistling,False,True,0.0019104994,0.002375382,0.0018824005,0.0015773248,0.0016243332,0.0022073619,0.0016514314,0.0014662165,0.0019464995,0.0019614836,0.0021774967,0.0023619325,0.0016716303,0.0018939435,0.0014386986,0.0023200235,0.9500955,0.001984428,0.0019564333,0.0020182782,0.0017265012,0.0015429716,0.0017122995,0.0019989777,0.0018927711,0.0019364902,0.0026686154
17_11746,17_11746.wav,original,17,Whistling,3,True,Whistling,Whistling,False,True,0.0016025322,0.0013492877,0.0021187754,0.002695676,0.0016597259,0.0016508476,0.001855298,0.0029195875,0.0012769559,0.0015091854,0.0019855446,0.002633463,0.0023711773,0.002314164,0.0019284901,0.0013097203,0.9480681,0.0013234481,0.002258367,0.0012438925,0.002287293,0.0025949425,0.0029979616,0.0017333865,0.0012922705,0.0018433105,0.0031766414
17_11747,17_11747.wav,pitch_up_2,17,Whistling,3,True,Whistling,Whistling,False,True,0.002108453,0.0016594632,0.001696099,0.0017251006,0.0021443132,0.0026644699,0.001757216,0.0016363278,0.0021883326,0.0019991428,0.0011620113,0.0030232936,0.0019391057,0.002028983,0.0016489164,0.00234192,0.94740725,0.0022614624,0.0016026581,0.0014612683,0.002098292,0.0018279366,0.0011516836,0.0020332765,0.0021671124,0.004347809,0.0019181481
17_11748,17_11748.wav,original,17,Whistling,3,False,Whistling,Whistling,False,True,0.0015874216,0.0014679522,0.0014743167,0.0012666034,0.001435528,0.0013189134,0.0021339778,0.0013723918,0.0013570581,0.0013094692,0.0016379032,0.0012387164,0.0016831924,0.0010201631,0.0017993888,0.0015802992,0.96263283,0.0012878532,0.0013091285,0.0011498838,0.0010608741,0.0011770059,0.0017019553,0.0016275832,0.0015395262,0.0017039959,0.001126024
17_11748,17_11748.wav,pitch_down_2,17,Whistling,3,False,Whistling,Whistling,False,True,0.0015874216,0.0014679522,0.0014743167,0.0012666034,0.001435528,0.0013189134,0.0021339778,0.0013723918,0.0013570581,0.0013094692,0.0016379032,0.0012387164,0.0016831924,0.0010201631,0.0017993888,0.0015802992,0.96263283,0.0012878532,0.0013091285,0.0011498838,0.0010608741,0.0011770059,0.0017019553,0.0016275832,0.0015395262,0.0017039959,0.001126024
17_11748,17_11748.wav,pitch_up_2,17,Whistling,3,False,Whistling,Whistling,False,True,0.0015874216,0.0014679522,0.0014743167,0.0012666034,0.001435528,0.0013189134,0.0021339778,0.0013723918,0.0013570581,0.0013094692,0.0016379032,0.0012387164,0.0016831924,0.0010201631,0.0017993888,0.0015802992,0.96263283,0.0012878532,0.0013091285,0.0011498838,0.0010608741,0.0011770059,0.0017019553,0.0016275832,0.0015395262,0.0017039959,0.001126024
17_11749,17_11749.wav,original,17,Whistling,3,True,Whistling,Whistling,False,True,0.0019678995,0.0022992056,0.001759944,0.0019317,0.0025242947,0.002378485,0.0018935652,0.0016348044,0.0022870414,0.0021173768,0.002044572,0.0021152184,0.0014972514,0.0019053245,0.0016428147,0.0017927393,0.9492633,0.0020391585,0.0020846454,0.0018834438,0.0015280283,0.0018317224,0.0016524638,0.0017570372,0.0019480633,0.0013809544,0.0028390249
17_11753,17_11753.wav,pitch_down_2,17,Whistling,3,True,Whistling,Whistling,False,True,0.0017712181,0.002018189,0.0017918813,0.0020631475,0.0021955052,0.0017120192,0.0019561842,0.0020111224,0.00207839,0.0023759094,0.0023659088,0.00203785,0.0018309,0.0017556498,0.0021161318,0.0020647685,0.94664496,0.0020910262,0.0023325447,0.0020484996,0.0018687997,0.0022724054,0.0019882922,0.0027114032,0.0021720945,0.0017571797,0.0019680902
17_11754,17_11754.wav,pitch_up_2,17,Whistling,3,True,Whistling,Whistling,False,True,0.0016936319,0.0016093164,0.0016130457,0.0015111086,0.0019132706,0.0018860846,0.0017717518,0.001528176,0.0021365478,0.002001146,0.001577943,0.0015751085,0.0015096132,0.001434275,0.0015069215,0.00204016,0.95666534,0.0014477945,0.0014065019,0.0019119121,0.0015190635,0.0014493925,0.0014405766,0.0020482177,0.0020382192,0.0013271566,0.0014377321
17_11755,17_11755.wav,pitch_down_2,17,Whistling,3,True,Whistling,Whistling,False,True,0.0016918522,0.0018579435,0.0015675031,0.0018601672,0.0020447082,0.0018175584,0.0018284377,0.001846802,0.0017932812,0.0018118721,0.002017111,0.0016856006,0.0015739094,0.0015681838,0.0018842295,0.0017986908,0.9527332,0.001860315,0.0018150703,0.0016426615,0.0018005221,0.002243169,0.0019383576,0.0018944883,0.001904017,0.0016696515,0.0018506978
17_11756,17_11756.wav,pitch_up_2,17,Whistling,3,True,Whistling,Whistling,False,True,0.0015234341,0.0012219697,0.0018351614,0.0012435267,0.0011828783,0.0019111591,0.0020041228,0.001611385,0.0018988078,0.0014715184,0.0019610764,0.001966655,0.002019722,0.0013498614,0.0015022452,0.0018287372,0.95710415,0.001461239,0.0016482444,0.0017881155,0.001226364,0.0017639254,0.0011952128,0.0014155045,0.0017936487,0.0025226285,0.0015487289
17_11758,17_11758.wav,pitch_down_2,17,Whistling,3,True,Whistling,Whistling,False,True,0.0053342623,0.0073569026,0.009421154,0.0049386206,0.004266355,0.0078911055,0.0051124482,0.0051927385,0.0051507377,0.0041765715,0.01548529,0.016359696,0.01627992,0.00710235,0.0066371732,0.019750526,0.78856283,0.0051107365,0.008603623,0.011849191,0.0042939014,0.0059744217,0.005162626,0.003404688,0.0055785426,0.012044191,0.008959331
17_11758,17_11758.wav,pitch_up_2,17,Whistling,3,True,Whistling,Whistling,False,True,0.0053342623,0.0073569026,0.009421154,0.0049386206,0.004266355,0.0078911055,0.0051124482,0.0051927385,0.0051507377,0.0041765715,0.01548529,0.016359696,0.01627992,0.00710235,0.0066371732,0.019750526,0.78856283,0.0051107365,0.008603623,0.011849191,0.0042939014,0.0059744217,0.005162626,0.003404688,0.0055785426,0.012044191,0.008959331
17_11763,17_11763.wav,pitch_down_2,17,Whistling,3,True,Whistling,Whistling,False,True,0.0015132212,0.0017642401,0.0016726139,0.0023128155,0.0014234278,0.0017751738,0.0018090428,0.0014648553,0.001498669,0.0018018399,0.0016965428,0.001851966,0.0014195965,0.001516315,0.0016242807,0.0016044577,0.9579069,0.0015791935,0.0016227844,0.0017157929,0.0011581407,0.0016135502,0.0015360556,0.0018052157,0.0016953098,0.0012866046,0.0013314117
17_11764,17_11764.wav,pitch_down_2,17,Whistling,3,True,Whistling,Whistling,False,True,0.0020806058,0.0015525869,0.002134701,0.001273211,0.002617335,0.0013072635,0.001806248,0.0014544941,0.001994487,0.0017543429,0.0016175009,0.0023822712,0.0011226535,0.0012793631,0.001433516,0.0020844666,0.9550538,0.0016641786,0.0019082212,0.0013674544,0.0010656625,0.0012237784,0.0013171812,0.0012854246,0.001498134,0.0016503365,0.0040707486
17_11765,17_11765.wav,pitch_down_2,17,Whistling,3,True,Whistling,Whistling,False,True,0.0016215456,0.0015087655,0.0021382638,0.0014906605,0.001369514,0.0013112315,0.0018786486,0.0023321796,0.001443124,0.0016409601,0.0019005433,0.001319822,0.0018538547,0.0020460582,0.0013706615,0.001241879,0.9558607,0.0016725836,0.0016670047,0.001531371,0.002062956,0.0016209757,0.0028094416,0.0017899043,0.0016797044,0.0012875941,0.0015499879
17_11767,17_11767.wav,pitch_up_2,17,Whistling,3,True,Whistling,Whistling,False,True,0.0022878114,0.0019338564,0.0025382617,0.0013168355,0.003207038,0.001389449,0.002053378,0.0015515314,0.0019570943,0.0019419316,0.0016984072,0.0020305223,0.0015693353,0.0015915935,0.0014134791,0.0031133562,0.9466596,0.0024789895,0.0023854745,0.0020323985,0.0012300693,0.0012891749,0.0022873564,0.0018921257,0.0016890065,0.0019832947,0.00447848
17_11768,17_11768.wav,original,17,Whistling,3,True,Whistling,Whistling,False,True,0.0020018306,0.0020961305,0.0018507956,0.0017698904,0.0015778145,0.0017385188,0.0016907473,0.0022098718,0.0018238742,0.0019700883,0.0018446106,0.0017377621,0.0025058072,0.0021108866,0.0022756944,0.0017522838,0.9507289,0.00155289,0.0018955026,0.0024837782,0.0012359302,0.001235501,0.0033135451,0.0016741017,0.0019588857,0.0013411227,0.0016232263
17_11769,17_11769.wav,pitch_up_2,17,Whistling,3,True,Whistling,Whistling,False,True,0.0018028185,0.0018168682,0.0016000242,0.002139588,0.0024198901,0.0017520414,0.0020903733,0.0019655956,0.0018356851,0.0019060342,0.0019837006,0.0016616,0.0017644119,0.0016837254,0.0019887283,0.001659226,0.95053095,0.0020002278,0.0018005591,0.0017724788,0.0019904922,0.0024761383,0.0018920001,0.0020825288,0.0019883376,0.0015006419,0.0018953587
17_11773,17_11773.wav,pitch_down_2,17,Whistling,3,True,Whistling,Whistling,False,True,0.0017001053,0.0014508488,0.001436392,0.0015590804,0.0016694892,0.0013236847,0.0015772841,0.0015332395,0.0016924235,0.0023405356,0.0017238461,0.0016874039,0.0015496192,0.0014343836,0.0014857362,0.0015543835,0.95778805,0.00177998,0.0013971142,0.0011048685,0.0017804326,0.0015616972,0.0010427659,0.0021369157,0.0020023773,0.0017786907,0.001908624
17_11773,17_11773.wav,pitch_up_2,17,Whistling,3,True,Whistling,Whistling,False,True,0.0017001053,0.0014508488,0.001436392,0.0015590804,0.0016694892,0.0013236847,0.0015772841,0.0015332395,0.0016924235,0.0023405356,0.0017238461,0.0016874039,0.0015496192,0.0014343836,0.0014857362,0.0015543835,0.95778805,0.00177998,0.0013971142,0.0011048685,0.0017804326,0.0015616972,0.0010427659,0.0021369157,0.0020023773,0.0017786907,0.001908624
17_11775,17_11775.wav,pitch_up_2,17,Whistling,3,True,Whistling,Whistling,False,True,0.0016216914,0.0021025462,0.001600607,0.0018126747,0.0018375131,0.002368841,0.0015162822,0.0015337438,0.0020068656,0.002137781,0.0018625855,0.0021164287,0.0017693117,0.0016500758,0.0015757084,0.0017582789,0.95147943,0.0019493792,0.0018343647,0.0017894538,0.0018172193,0.0018302331,0.0018227133,0.0021193742,0.0020178242,0.0022082757,0.0018607819
18_11803,18_11803.wav,original,18,Speaking,3,True,Speaking,Speaking,False,True,0.0026660021,0.0010701913,0.002812159,0.0015127516,0.0017369306,0.0026976326,0.0011661953,0.002099504,0.0016715558,0.0020497146,0.0023918767,0.002517144,0.0014249525,0.0026634121,0.0021546436,0.002197436,0.0019380241,0.9490325,0.0015270836,0.0018765744,0.0016041091,0.0019922676,0.0030031234,0.0014378913,0.0021008297,0.001618706,0.0010368827
18_11804,18_11804.wav,pitch_up_2,18,Speaking,3,True,Speaking,Speaking,False,True,0.0025964517,0.0024611626,0.0018108012,0.0026557334,0.0011489572,0.0077581215,0.003927194,0.0020194922,0.0024858303,0.0026342373,0.0034477003,0.0021898083,0.0038679696,0.0017246375,0.0022755607,0.0023368169,0.0025857042,0.8725725,0.003702703,0.0022257688,0.0045243106,0.0023061621,0.0036701954,0.054221462,0.0028830555,0.0028031531,0.003164525
18_11806,18_11806.wav,original,18,Speaking,3,True,Speaking,Speaking,False,True,0.002279986,0.0009524229,0.0022789936,0.0010994863,0.0021870278,0.0018913853,0.0022461559,0.001749978,0.0017331558,0.0019150589,0.0012596739,0.002954444,0.0010862561,0.0013278779,0.0014049644,0.0018593498,0.0020601044,0.9558232,0.0014146258,0.0011727241,0.0016031339,0.0012175444,0.002693314,0.0006754645,0.0016532345,0.0014598545,0.0020006231
18_11806,18_11806.wav,pitch_down_2,18,Speaking,3,True,Speaking,Speaking,False,True,0.002279986,0.0009524229,0.0022789936,0.0010994863,0.0021870278,0.0018913853,0.0022461559,0.001749978,0.0017331558,0.0019150589,0.0012596739,0.002954444,0.0010862561,0.0013278779,0.0014049644,0.0018593498,0.0020601044,0.9558232,0.0014146258,0.0011727241,0.0016031339,0.0012175444,0.002693314,0.0006754645,0.0016532345,0.0014598545,0.0020006231
18_11808,18_11808.wav,pitch_up_2,18,Speaking,3,True,Speaking,Speaking,False,True,0.0014615137,0.0032065206,0.0014992147,0.0013252419,0.0019222427,0.0007830081,0.0020473686,0.0018456626,0.001562628,0.0013000931,0.0010683825,0.0015709329,0.0019536766,0.0015370674,0.0013720003,0.0016433791,0.0014097895,0.95752555,0.0022801394,0.0015917561,0.0013806728,0.0013253759,0.0016702308,0.0025618959,0.0016965521,0.001388092,0.0010710618
18_11809,18_11809.wav,pitch_up_2,18,Speaking,3,True,Speaking,Speaking,False,True,0.0024626472,0.0005212387,0.002455957,0.0007624884,0.0011613709,0.0022092676,0.0017300528,0.002013149,0.0020082388,0.0017091209,0.0015565548,0.0021875445,0.0020713767,0.0030069898,0.003028251,0.002077011,0.0068864436,0.93733305,0.0019502625,0.0012082001,0.0035702235,0.0065099853,0.0010417226,0.0015030814,0.0023539418,0.001567864,0.0051139886
18_11810,18_11810.wav,pitch_down_2,18,Speaking,3,True,Speaking,Speaking,False,True,0.0015778356,0.0013706746,0.0011857032,0.0026273422,0.0014633076,0.0011658644,0.0022822295,0.0013973907,0.0021990275,0.0019017048,0.0027922757,0.00089616555,0.0025986116,0.0017081253,0.0021663294,0.0011378085,0.0022406543,0.95232826,0.0011106213,0.0020329996,0.0015393979,0.0027577172,0.0012683311,0.0030406278,0.0012200787,0.0013763397,0.0026144683
18_11811,18_11811.wav,pitch_up_2,18,Speaking,3,True,Speaking,Speaking,False,True,0.0019208454,0.0018561259,0.0024832857,0.0016696039,0.0019722215,0.00163515,0.0021620253,0.0016831122,0.0017459128,0.0023317467,0.002173089,0.0014130841,0.0027870794,0.0022109398,0.0019465176,0.0021591126,0.0023342783,0.94766325,0.0014560152,0.0026529303,0.0022441251,0.0022053272,0.0021752974,0.00144711,0.0022898202,0.0019248299,0.0014572628
18_11815,18_11815.wav,original,18,Speaking,3,True,Speaking,Speaking,False,True,0.0016674692,0.00383849,0.0017865911,0.0010013668,0.0017510193,0.0027060993,0.0015243605,0.0031894464,0.0020094344,0.0021850723,0.0020582073,0.002256322,0.0016201517,0.0020308567,0.0014083642,0.0019294713,0.0021361306,0.9472263,0.0015302239,0.0014178628,0.001642288,0.0019738649,0.0045507667,0.0012724722,0.001922845,0.0013281495,0.002036419
18_11819,18_11819.wav,original,18,Speaking,3,True,Speaking,Speaking,False,True,0.0015209023,0.0015409888,0.0022846216,0.0013375209,0.0017155643,0.0014982916,0.0012027988,0.0017634648,0.0012021629,0.0018395708,0.0018933596,0.0013047463,0.0024258832,0.0022528507,0.0018562326,0.001559825,0.0016397322,0.9562214,0.0015393816,0.0020540804,0.0013872022,0.0024799875,0.001056082,0.0019123051,0.0012020179,0.0017019454,0.0016070391
18_11819,18_11819.wav,pitch_up_2,18,Speaking,3,True,Speaking,Speaking,False,True,0.0015209023,0.0015409888,0.0022846216,0.0013375209,0.0017155643,0.0014982916,0.0012027988,0.0017634648,0.0012021629,0.0018395708,0.0018933596,0.0013047463,0.0024258832,0.0022528507,0.0018562326,0.001559825,0.0016397322,0.9562214,0.0015393816,0.0020540804,0.0013872022,0.0024799875,0.001056082,0.0019123051,0.0012020179,0.0017019454,0.0016070391
18_11822,18_11822.wav,pitch_down_2,18,Speaking,3,True,Speaking,Speaking,False,True,0.0018758889,0.0011488922,0.0018072888,0.0025999518,0.0014145332,0.0024735471,0.002003608,0.0019620361,0.0017303423,0.0016061572,0.0017126682,0.0028647305,0.0020245651,0.0029741358,0.0017021404,0.0034018895,0.0020836268,0.93727964,0.0027376795,0.0032172687,0.002032878,0.002030881,0.003973275,0.0046402514,0.0019796418,0.0017003268,0.005022166
18_11828,18_11828.wav,pitch_up_2,18,Speaking,3,True,Speaking,Speaking,False,True,0.0021357418,0.0019184708,0.0032734934,0.0014147352,0.0018728673,0.0028573845,0.0017476719,0.00248602,0.0020303556,0.0026358205,0.0022044412,0.0020518939,0.0027017116,0.0027407624,0.0021247198,0.0022347516,0.0023916215,0.9383409,0.0022189997,0.0031424752,0.002046097,0.0024763464,0.0031896913,0.0031348339,0.0026996143,0.0022152176,0.0017133871
18_11830,18_11830.wav,pitch_up_2,18,Speaking,3,True,Speaking,Speaking,False,True,0.0025134056,0.0025148974,0.0016049142,0.0014213104,0.0010128891,0.0015056431,0.0018461276,0.0013260064,0.0017492404,0.0020937016,0.0012807925,0.0016808104,0.0017351242,0.0011309508,0.001654423,0.0018422956,0.001440166,0.95623654,0.001677151,0.0017792919,0.00163696,0.0015087723,0.0014489066,0.0018929206,0.0014612651,0.0013450257,0.002660412
18_11831,18_11831.wav,pitch_down_2,18,Speaking,3,True,Speaking,Speaking,False,True,0.0016652662,0.0011833151,0.0012761448,0.0013030389,0.0019782493,0.0011252748,0.002256373,0.0018813092,0.0019416735,0.0010786155,0.0010247539,0.004634387,0.0009027747,0.00446091,0.0015900616,0.0013914133,0.0022475154,0.9493975,0.001187598,0.0059598386,0.0012397739,0.0013597131,0.0010263595,0.0026608072,0.0018813006,0.0018562136,0.001489832
18_11834,18_11834.wav,pitch_up_2,18,Speaking,3,True,Speaking,Speaking,False,True,0.0025780567,0.0011648095,0.002774324,0.0013774652,0.0024105783,0.0011989094,0.0023462938,0.0019740465,0.00315242,0.0012203674,0.0019816663,0.0011866252,0.0015029922,0.0018366552,0.0017159363,0.002259095,0.0026217245,0.9508126,0.0015471694,0.0024734484,0.002236361,0.0016827965,0.0014240997,0.0008093346,0.0016574506,0.0021355657,0.0019192835
18_11835,18_11835.wav,pitch_down_2,18,Speaking,3,True,Speaking,Speaking,False,True,0.0032789214,0.0015396671,0.0022783114,0.0013174502,0.0013927784,0.0051450874,0.004001788,0.0027972795,0.0022571038,0.002945141,0.002839749,0.003237184,0.0019174839,0.0016600465,0.0027753206,0.0020577079,0.0014043353,0.9230981,0.0021177935,0.0018000073,0.0015133292,0.0018171283,0.008907606,0.006397095,0.004017499,0.0014886678,0.0059973598
18_11837,18_11837.wav,pitch_up_2,18,Speaking,3,True,Speaking,Speaking,False,True,0.0020292639,0.0011775532,0.002343401,0.0013018436,0.0009155202,0.001096834,0.0021098054,0.0011743992,0.0016293377,0.0030313702,0.0016120087,0.0015979529,0.0009966824,0.0018352276,0.002221359,0.0022072291,0.0012500387,0.959722,0.0010478824,0.0009912268,0.0014912133,0.0020138174,0.0007119393,0.00082491356,0.0022425002,0.00094233133,0.0014823709
18_11839,18_11839.wav,pitch_down_2,18,Speaking,3,True,Speaking,Speaking,False,True,0.0065596118,0.0041432953,0.0132743465,0.005190842,0.011100366,0.00996031,0.0035746032,0.0057328413,0.002147411,0.0052777347,0.005353973,0.10916846,0.003742167,0.0041460446,0.008455508,0.006149166,0.0045028524,0.74464494,0.0030556377,0.009032222,0.0051431567,0.0028332751,0.0048009697,0.0016002791,0.0028436051,0.0043521733,0.013214155
18_11839,18_11839.wav,pitch_up_2,18,Speaking,3,True,Speaking,Speaking,False,True,0.0065596118,0.0041432953,0.0132743465,0.005190842,0.011100366,0.00996031,0.0035746032,0.0057328413,0.002147411,0.0052777347,0.005353973,0.10916846,0.003742167,0.0041460446,0.008455508,0.006149166,0.0045028524,0.74464494,0.0030556377,0.009032222,0.0051431567,0.0028332751,0.0048009697,0.0016002791,0.0028436051,0.0043521733,0.013214155
18_11840,18_11840.wav,pitch_down_2,18,Speaking,3,True,Speaking,Speaking,False,True,0.002355004,0.0027609228,0.0017022695,0.0011849727,0.0015741019,0.0014374019,0.0016108457,0.0023753743,0.0129878195,0.0016552844,0.0016816147,0.0012806989,0.0021071087,0.0010332956,0.0022255662,0.0022987404,0.0020321312,0.94103426,0.0019270605,0.001619087,0.001527164,0.002303444,0.0019429092,0.0025252562,0.0014672736,0.001955807,0.0013945792
18_11841,18_11841.wav,pitch_down_2,18,Speaking,3,True,Speaking,Speaking,False,True,0.0037914356,0.0012281606,0.003631083,0.0017313128,0.0011650684,0.0026228365,0.0016609551,0.0012611925,0.0014465675,0.0021274055,0.002623409,0.0013487237,0.0027733108,0.0013506017,0.0019083911,0.0024877435,0.0020487164,0.9406839,0.0011933179,0.001958459,0.0026363663,0.0029953532,0.0024531789,0.0013548103,0.004352396,0.00606179,0.0011034877
18_11842,18_11842.wav,pitch_up_2,18,Speaking,3,True,Speaking,Speaking,False,True,0.0014066539,0.0011965451,0.0014829872,0.0022374035,0.0009522934,0.0015595178,0.0019183228,0.0014758655,0.0012175114,0.0024537353,0.0015753303,0.0016352398,0.0013908617,0.0018058488,0.0035851744,0.0016318454,0.0014646553,0.95049906,0.0030333914,0.0012005552,0.0014098891,0.002483791,0.000737035,0.0070004705,0.001158564,0.0018156929,0.0016718087
18_11844,18_11844.wav,pitch_down_2,18,Speaking,3,True,Speaking,Speaking,False,True,0.0013235634,0.001375737,0.0020283656,0.0014662966,0.0012879578,0.0013048304,0.0012320343,0.0014961284,0.0019786751,0.0010170143,0.002361076,0.0008670942,0.0014492823,0.0010789,0.0018604336,0.0014037057,0.0013578059,0.9594028,0.0014621146,0.0017727906,0.0019338353,0.0031677915,0.0018480202,0.0011817828,0.0013082732,0.0017390546,0.0012945932
18_11845,18_11845.wav,pitch_down_2,18,Speaking,3,True,Speaking,Speaking,False,True,0.0014396417,0.0013281348,0.001772427,0.0014711587,0.0010089074,0.0011539868,0.0015379294,0.0014062966,0.0020329158,0.0014934369,0.0014665965,0.0015015751,0.0016235892,0.0016531184,0.0015956523,0.0014970652,0.0017062012,0.9620673,0.0015568938,0.0018837393,0.001153001,0.0015344139,0.0010254319,0.001048409,0.001285293,0.0014480377,0.0013088988
18_11845,18_11845.wav,pitch_up_2,18,Speaking,3,True,Speaking,Speaking,False,True,0.0014396417,0.0013281348,0.001772427,0.0014711587,0.0010089074,0.0011539868,0.0015379294,0.0014062966,0.0020329158,0.0014934369,0.0014665965,0.0015015751,0.0016235892,0.0016531184,0.0015956523,0.0014970652,0.0017062012,0.9620673,0.0015568938,0.0018837393,0.001153001,0.0015344139,0.0010254319,0.001048409,0.001285293,0.0014480377,0.0013088988
18_11851,18_11851.wav,pitch_up_2,18,Speaking,3,True,Speaking,Speaking,False,True,0.0021862497,0.001394055,0.0041695493,0.00413058,0.0011620773,0.008234608,0.0017455445,0.0024935203,0.001437352,0.00310872,0.0021218797,0.0033148432,0.0013581322,0.0016805744,0.0031338446,0.002356546,0.0023805294,0.9233077,0.0029485421,0.0024199572,0.004944756,0.0022661847,0.0023848994,0.0013169646,0.005860073,0.0066017495,0.0015405412
18_11852,18_11852.wav,pitch_up_2,18,Speaking,3,True,Speaking,Speaking,False,True,0.0014615599,0.0026820533,0.0037247303,0.0026831627,0.007050313,0.0044329073,0.0062420056,0.0052264393,0.00409638,0.0013608675,0.0028424093,0.002122069,0.0017132434,0.0025559315,0.0015241144,0.0031617165,0.0043748636,0.8872221,0.0021793179,0.005026326,0.00202086,0.0042883237,0.0018375124,0.0037093267,0.003349889,0.008206029,0.024905516
18_11854,18_11854.wav,pitch_up_2,18,Speaking,3,True,Speaking,Speaking,False,True,0.0021982875,0.0012522553,0.0026310142,0.0011631174,0.0016384827,0.0029687544,0.0021396203,0.0022223296,0.0023170414,0.0027120765,0.0015118121,0.0029820343,0.0018068756,0.0021716596,0.0013212106,0.0026051828,0.0020149692,0.9441864,0.0018179069,0.0019098631,0.0022378368,0.0018403583,0.004261444,0.0011180612,0.0030434302,0.002138444,0.0017895683
18_11855,18_11855.wav,original,18,Speaking,3,True,Speaking,Speaking,False,True,0.005710948,0.0037753154,0.00734992,0.004714981,0.005571121,0.0051626354,0.008605499,0.005027011,0.0071952543,0.0027110993,0.007458499,0.004244164,0.008335314,0.0033180725,0.0100570945,0.0026996834,0.013413512,0.7976133,0.0044143037,0.008198858,0.024852077,0.024841128,0.001703789,0.0069794096,0.005675072,0.013718824,0.0066531175
18_11855,18_11855.wav,pitch_up_2,18,Speaking,3,True,Speaking,Speaking,False,True,0.005710948,0.0037753154,0.00734992,0.004714981,0.005571121,0.0051626354,0.008605499,0.005027011,0.0071952543,0.0027110993,0.007458499,0.004244164,0.008335314,0.0033180725,0.0100570945,0.0026996834,0.013413512,0.7976133,0.0044143037,0.008198858,0.024852077,0.024841128,0.001703789,0.0069794096,0.005675072,0.013718824,0.0066531175
18_11857,18_11857.wav,pitch_down_2,18,Speaking,3,True,Speaking,Speaking,False,True,0.0031049151,0.0036338007,0.0022490385,0.0019181642,0.0014360594,0.0042585,0.0027156025,0.0012842488,0.0030233327,0.0025042368,0.0018860535,0.0026523806,0.0027132246,0.0019122218,0.002741808,0.0022765922,0.0021521796,0.9392765,0.001668482,0.0018324956,0.0018866198,0.002871425,0.0038489643,0.0014572312,0.0019118752,0.0015907943,0.0011931559
18_11857,18_11857.wav,pitch_up_2,18,Speaking,3,True,Speaking,Speaking,False,True,0.0031049151,0.0036338007,0.0022490385,0.0019181642,0.0014360594,0.0042585,0.0027156025,0.0012842488,0.0030233327,0.0025042368,0.0018860535,0.0026523806,0.0027132246,0.0019122218,0.002741808,0.0022765922,0.0021521796,0.9392765,0.001668482,0.0018324956,0.0018866198,0.002871425,0.0038489643,0.0014572312,0.0019118752,0.0015907943,0.0011931559
18_11859,18_11859.wav,original,18,Speaking,3,True,Speaking,Speaking,False,True,0.0023898967,0.0010853707,0.0029935178,0.0020933033,0.0014664353,0.0030102811,0.0034397163,0.0021610858,0.002124104,0.0026444106,0.0024566741,0.0013926813,0.001827278,0.0012625844,0.0039533856,0.0021135195,0.0020941813,0.92497224,0.002475189,0.0044050547,0.0059747077,0.0037346433,0.003965439,0.0023210503,0.0024901493,0.002880439,0.008272654
18_11861,18_11861.wav,original,18,Speaking,3,True,Speaking,Speaking,False,True,0.0033583005,0.0026083218,0.0022378296,0.0045161354,0.00066726404,0.0014586188,0.0015008142,0.0025225938,0.0015101222,0.002149877,0.003164216,0.0022211839,0.0023491245,0.0028498925,0.001837741,0.002016621,0.0031201735,0.9024671,0.029321715,0.0026464488,0.003473053,0.0023359335,0.005053876,0.0049695633,0.0027113995,0.0037613919,0.0031707736
18_11861,18_11861.wav,pitch_down_2,18,Speaking,3,True,Speaking,Speaking,False,True,0.0033583005,0.0026083218,0.0022378296,0.0045161354,0.00066726404,0.0014586188,0.0015008142,0.0025225938,0.0015101222,0.002149877,0.003164216,0.0022211839,0.0023491245,0.0028498925,0.001837741,0.002016621,0.0031201735,0.9024671,0.029321715,0.0026464488,0.003473053,0.0023359335,0.005053876,0.0049695633,0.0027113995,0.0037613919,0.0031707736
18_11862,18_11862.wav,pitch_up_2,18,Speaking,3,True,Speaking,Speaking,False,True,0.0020353424,0.001247157,0.0015594437,0.0010946123,0.0012515673,0.0016504,0.0016957395,0.0011227212,0.0017139203,0.0017562187,0.001624518,0.001052807,0.0013028438,0.001352332,0.001556524,0.0018865763,0.0015717954,0.963063,0.0014634043,0.0011865386,0.0014224304,0.0014542761,0.0017462844,0.0006944991,0.001230593,0.0013500471,0.00091436337
18_11863,18_11863.wav,original,18,Speaking,3,True,Speaking,Speaking,False,True,0.002902243,0.0036620472,0.0016527111,0.0013610693,0.0019255843,0.0022928454,0.0026168588,0.0023053838,0.0040748916,0.0015064994,0.0018449114,0.0014405338,0.0023007095,0.0020192575,0.0033195352,0.003851482,0.0019337875,0.9262993,0.0040397146,0.0037755452,0.0076542967,0.0034751585,0.0028595645,0.003004744,0.0017134893,0.0044287285,0.0017391295
18_11863,18_11863.wav,pitch_down_2,18,Speaking,3,True,Speaking,Speaking,False,True,0.002902243,0.0036620472,0.0016527111,0.0013610693,0.0019255843,0.0022928454,0.0026168588,0.0023053838,0.0040748916,0.0015064994,0.0018449114,0.0014405338,0.0023007095,0.0020192575,0.0033195352,0.003851482,0.0019337875,0.9262993,0.0040397146,0.0037755452,0.0076542967,0.0034751585,0.0028595645,0.003004744,0.0017134893,0.0044287285,0.0017391295
18_11867,18_11867.wav,pitch_up_2,18,Speaking,3,True,Speaking,Speaking,False,True,0.0024290495,0.0016309904,0.0018297957,0.0020343994,0.0024171139,0.0013390505,0.0009463586,0.0015558088,0.0024381105,0.001622864,0.002458885,0.00074375217,0.0020234203,0.0018419361,0.0019878077,0.0010305126,0.0020204878,0.9483512,0.0025604959,0.0030481983,0.0033945367,0.003989219,0.0020234145,0.0016552802,0.0015740999,0.0022505801,0.000802559
18_11868,18_11868.wav,pitch_up_2,18,Speaking,3,True,Speaking,Speaking,False,True,0.0017937641,0.001849926,0.001014209,0.0004147772,0.001023157,0.0028957648,0.0009480536,0.0033397928,0.0021297198,0.0026070073,0.0010742635,0.0031679978,0.0011477681,0.0018492745,0.0022167412,0.002042807,0.0018011444,0.9531465,0.0019274199,0.00070944015,0.00079583534,0.0015062192,0.00088078826,0.0029627637,0.0015335102,0.00157834,0.003643021
18_11869,18_11869.wav,original,18,Speaking,3,True,Speaking,Speaking,False,True,0.0025961644,0.0019248814,0.0018415614,0.0024623862,0.0011701029,0.0032139977,0.0016296537,0.0026726648,0.0024912274,0.0015471306,0.0045080157,0.0020608327,0.0042736963,0.0020086917,0.008411493,0.002628282,0.0051089465,0.9208514,0.0020641584,0.0047356864,0.0019363457,0.0033402108,0.0037499908,0.0017104353,0.0020757183,0.005385708,0.0036006225
18_11871,18_11871.wav,pitch_up_2,18,Speaking,3,True,Speaking,Speaking,False,True,0.0032341667,0.0012451564,0.004471574,0.003161127,0.0016831136,0.0024618544,0.0022821852,0.0021169987,0.001424777,0.0016510988,0.0018262704,0.0017509639,0.0020136407,0.0026492188,0.0022355241,0.0033370943,0.0033139559,0.9403489,0.0018794729,0.0025483852,0.0022827808,0.0012385254,0.0026906722,0.0023864247,0.0023140332,0.0022690508,0.0011829898
18_11873,18_11873.wav,pitch_up_2,18,Speaking,3,True,Speaking,Speaking,False,True,0.0017124442,0.0017172463,0.0019633018,0.0019738895,0.001261724,0.004110964,0.00246783,0.0018237751,0.001397747,0.0023009945,0.0013600927,0.0013648589,0.0013991167,0.0018301097,0.004019905,0.0015696078,0.0016873596,0.93797225,0.0021779884,0.0012546912,0.0013526911,0.002574868,0.007558672,0.005845254,0.0016871729,0.0016860083,0.003929317
18_11875,18_11875.wav,pitch_down_2,18,Speaking,3,True,Speaking,Speaking,False,True,0.0025121258,0.0013733124,0.0028947247,0.0014945144,0.0017416151,0.0024420281,0.0012981606,0.0014537809,0.0015971251,0.001657912,0.0019465651,0.00089596555,0.0019019168,0.0025320726,0.0011002455,0.0021919634,0.0022692855,0.9497611,0.0015558079,0.0033157978,0.0026907993,0.0020248245,0.0017767744,0.00092708314,0.0022318794,0.0029594416,0.0014531527
19_11901,19_11901.wav,original,19,Footsteps,3,True,Footsteps,Footsteps,False,True,0.0015575382,0.0009697131,0.002295552,0.0019848475,0.0016603024,0.0019293724,0.001230104,0.0018280199,0.0023245197,0.00209776,0.0021496257,0.0013635583,0.0013970429,0.0013929069,0.0019728455,0.0017046483,0.0020596196,0.0022433877,0.9516258,0.0014848212,0.0025412869,0.0020554552,0.0010678828,0.0044453735,0.0014089989,0.0015870538,0.0016219547
19_11904,19_11904.wav,original,19,Footsteps,3,True,Fire,Footsteps,True,True,0.1713589,0.0011354195,0.0037831047,0.006966869,0.002812028,0.0049558687,0.0054202857,0.0039286655,0.004481954,0.002457823,0.003580772,0.0031187152,0.0038235176,0.0014521597,0.004905785,0.0031005153,0.0033084303,0.005526913,0.7307976,0.0015433007,0.005161571,0.0033138085,0.004020977,0.008017437,0.0038812475,0.003277119,0.003869245
19_11908,19_11908.wav,original,19,Footsteps,3,True,Footsteps,Footsteps,False,True,0.0048837406,0.0023731452,0.002057122,0.0016426983,0.0017414199,0.002572136,0.0015495372,0.002817341,0.0022810528,0.0035161094,0.0024981464,0.002388947,0.0027464293,0.0013427165,0.0022727347,0.0019452693,0.0023131361,0.0018953591,0.94131094,0.0015021622,0.002664055,0.0020707038,0.0025254623,0.00096300495,0.0016152469,0.0023045333,0.0022068385
19_11909,19_11909.wav,pitch_down_2,19,Footsteps,3,True,Footsteps,Footsteps,False,True,0.0025199347,0.001395767,0.0018794662,0.0017777585,0.0013492694,0.0018582827,0.0036680445,0.0026699288,0.0018405127,0.0013509975,0.0024376037,0.0013161331,0.0017009256,0.0012720756,0.0019649554,0.001455335,0.0021765626,0.002185002,0.9482332,0.003371273,0.0022050205,0.0020599056,0.0016684259,0.0015186692,0.00219318,0.0021194106,0.0018123947
19_11914,19_11914.wav,original,19,Footsteps,3,True,Footsteps,Footsteps,False,True,0.0004882192,0.0014953334,0.0014189292,0.00066583237,0.0015038572,0.001379271,0.0012162171,0.0017022967,0.0030031365,0.0017329492,0.0018127834,0.0017077802,0.0007648957,0.0021598611,0.0012866586,0.0015006297,0.0015199324,0.0015065987,0.9600544,0.0014268918,0.0017536468,0.0015189773,0.0015209223,0.0017683891,0.0017896561,0.0019550307,0.0013468433
19_11914,19_11914.wav,pitch_down_2,19,Footsteps,3,True,Footsteps,Footsteps,False,True,0.0004882192,0.0014953334,0.0014189292,0.00066583237,0.0015038572,0.001379271,0.0012162171,0.0017022967,0.0030031365,0.0017329492,0.0018127834,0.0017077802,0.0007648957,0.0021598611,0.0012866586,0.0015006297,0.0015199324,0.0015065987,0.9600544,0.0014268918,0.0017536468,0.0015189773,0.0015209223,0.0017683891,0.0017896561,0.0019550307,0.0013468433
19_11916,19_11916.wav,pitch_down_2,19,Footsteps,3,True,Footsteps,Footsteps,False,True,0.0008085985,0.001242971,0.002401823,0.0022154048,0.001476959,0.0016454291,0.0015500354,0.0033706694,0.0019110261,0.0010393428,0.0027755797,0.0013272837,0.0045187864,0.0025839603,0.0020706507,0.0008503336,0.002167938,0.0020958346,0.94415504,0.0037527569,0.0021495535,0.0018469623,0.0016383844,0.0040863883,0.0015374579,0.002101159,0.0026796472
19_11919,19_11919.wav,pitch_down_2,19,Footsteps,3,True,Footsteps,Footsteps,False,True,0.0030841026,0.0014384803,0.0037539715,0.0028494268,0.0031142875,0.0018911263,0.0032921482,0.0038517937,0.0037214793,0.0050518154,0.0051392056,0.0031879544,0.009867243,0.0029816565,0.0021649445,0.0016987562,0.004147659,0.0021644628,0.910305,0.0022546898,0.0050066086,0.0022715584,0.0019601355,0.0047847047,0.0030779068,0.0026585457,0.004280325
19_11920,19_11920.wav,original,19,Footsteps,3,True,Footsteps,Footsteps,False,True,0.012530143,0.0026848728,0.0037398722,0.0034388306,0.0033554842,0.0053442284,0.0019454132,0.0031278508,0.004286211,0.0016323043,0.0029685397,0.0021860788,0.0010744185,0.002472065,0.003278991,0.0025753279,0.003022941,0.002971926,0.91289645,0.0023670485,0.003345403,0.0036128021,0.0021739933,0.005279426,0.0022312615,0.0035120957,0.001946035
19_11920,19_11920.wav,pitch_down_2,19,Footsteps,3,True,Footsteps,Footsteps,False,True,0.012530143,0.0026848728,0.0037398722,0.0034388306,0.0033554842,0.0053442284,0.0019454132,0.0031278508,0.004286211,0.0016323043,0.0029685397,0.0021860788,0.0010744185,0.002472065,0.003278991,0.0025753279,0.003022941,0.002971926,0.91289645,0.0023670485,0.003345403,0.0036128021,0.0021739933,0.005279426,0.0022312615,0.0035120957,0.001946035
19_11923,19_11923.wav,pitch_down_2,19,Footsteps,3,True,Footsteps,Footsteps,False,True,0.021435117,0.0036382086,0.004543429,0.0029020084,0.0028042097,0.0038383715,0.0032388114,0.0044078045,0.003961071,0.0036943469,0.0028769604,0.002866701,0.010655124,0.0026460283,0.003546396,0.0088011185,0.0033698569,0.003217981,0.8347923,0.03955293,0.0073792296,0.002450662,0.0035100083,0.007247769,0.0034327104,0.003755293,0.005435497
19_11924,19_11924.wav,pitch_down_2,19,Footsteps,3,True,Footsteps,Footsteps,False,True,0.006189139,0.0017193598,0.0033330035,0.007304304,0.002785112,0.0093931705,0.013920634,0.006763863,0.003599504,0.0017295474,0.0031818433,0.0042169066,0.0015435073,0.015849495,0.008605029,0.0019279021,0.00307572,0.0022912293,0.8540675,0.008096843,0.0043926216,0.005664699,0.0022889648,0.016477218,0.0031343203,0.0027630934,0.005685499
19_11926,19_11926.wav,original,19,Footsteps,3,True,Footsteps,Footsteps,False,True,0.0029887771,0.0017606824,0.0016592625,0.0011487874,0.0011836115,0.0017577823,0.0011268859,0.0014119102,0.0016588498,0.0016147709,0.0022932522,0.0009807331,0.0036462403,0.001682953,0.0019561802,0.0012637308,0.0019301474,0.0027099836,0.9539586,0.0012200904,0.0016433895,0.0018254427,0.0020233626,0.0011276286,0.0020056227,0.0017795078,0.0016418739
19_11928,19_11928.wav,original,19,Footsteps,3,True,Footsteps,Footsteps,False,True,0.0016885406,0.002720211,0.0019272907,0.0092839375,0.0016705897,0.0012600253,0.002010195,0.0015147565,0.0015470191,0.0020013852,0.0015064235,0.00188701,0.0040873913,0.0014953826,0.0014632558,0.0012673083,0.0023478994,0.0014072811,0.9478109,0.0017815839,0.0018503726,0.0009941468,0.001403648,0.00063231104,0.0016682893,0.0013323884,0.0014405148
19_11929,19_11929.wav,pitch_up_2,19,Footsteps,3,True,Footsteps,Footsteps,False,True,0.0018469646,0.0013247562,0.0021246488,0.0014159502,0.001785349,0.0015185328,0.00065649184,0.0020416772,0.0019747347,0.0019793913,0.0027890017,0.0019419751,0.0036949676,0.0026831653,0.0014888087,0.001270773,0.0021821223,0.0024383997,0.95132303,0.0014880261,0.0011665713,0.0017146074,0.0018381489,0.001163703,0.0016332931,0.0022220206,0.0022928983
19_11931,19_11931.wav,original,19,Footsteps,3,True,Footsteps,Footsteps,False,True,0.002849703,0.0015757702,0.002076432,0.0007161242,0.0013972066,0.0017597638,0.0011891109,0.0016679171,0.001657309,0.002620304,0.0038122411,0.0014418884,0.002717562,0.0016232994,0.0019601546,0.0011918247,0.0017243376,0.0016251192,0.9518412,0.0030598734,0.0014769742,0.0020111895,0.0015911595,0.0011120253,0.0018118568,0.0017166656,0.001773026
19_11931,19_11931.wav,pitch_up_2,19,Footsteps,3,True,Footsteps,Footsteps,False,True,0.002849703,0.0015757702,0.002076432,0.0007161242,0.0013972066,0.0017597638,0.0011891109,0.0016679171,0.001657309,0.002620304,0.0038122411,0.0014418884,0.002717562,0.0016232994,0.0019601546,0.0011918247,0.0017243376,0.0016251192,0.9518412,0.0030598734,0.0014769742,0.0020111895,0.0015911595,0.0011120253,0.0018118568,0.0017166656,0.001773026
19_11933,19_11933.wav,pitch_down_2,19,Footsteps,3,True,Footsteps,Footsteps,False,True,0.010468807,0.009773164,0.013675819,0.005533938,0.0034002971,0.0032144915,0.012111198,0.0061888457,0.0045906827,0.0036066945,0.007072479,0.005073751,0.03448734,0.0061923545,0.006866762,0.005270222,0.0060824635,0.005997149,0.79793996,0.0040468755,0.0059164115,0.0043806285,0.0035329442,0.010626706,0.0060581365,0.0040912605,0.013800595
19_11933,19_11933.wav,pitch_up_2,19,Footsteps,3,True,Footsteps,Footsteps,False,True,0.010468807,0.009773164,0.013675819,0.005533938,0.0034002971,0.0032144915,0.012111198,0.0061888457,0.0045906827,0.0036066945,0.007072479,0.005073751,0.03448734,0.0061923545,0.006866762,0.005270222,0.0060824635,0.005997149,0.79793996,0.0040468755,0.0059164115,0.0043806285,0.0035329442,0.010626706,0.0060581365,0.0040912605,0.013800595
19_11935,19_11935.wav,pitch_up_2,19,Footsteps,3,True,Footsteps,Footsteps,False,True,0.0075456067,0.0022787217,0.0017964799,0.0006074332,0.0016542614,0.002790643,0.0012170211,0.0013768136,0.0019412729,0.0022358214,0.0012310782,0.001416532,0.0063721947,0.002031584,0.0022906307,0.001394534,0.0019243885,0.0018571606,0.94000334,0.0012280253,0.0017700201,0.0025299953,0.0012902458,0.0048543215,0.0019506373,0.0019020303,0.0025091777
19_11937,19_11937.wav,original,19,Footsteps,3,True,Footsteps,Footsteps,False,True,0.001748084,0.003233281,0.0016100706,0.00090442767,0.0016216981,0.0020918807,0.0014883146,0.0015054216,0.0017132364,0.003909269,0.001655107,0.0017577148,0.0026989852,0.0016313527,0.0013535753,0.0014960185,0.0020681273,0.0019620701,0.9529323,0.0013745376,0.0015934923,0.0015087086,0.0016666353,0.00089639676,0.0017085318,0.0018321996,0.002038589
19_11938,19_11938.wav,pitch_up_2,19,Footsteps,3,True,Footsteps,Footsteps,False,True,0.003924156,0.002141536,0.002500802,0.0055686147,0.002086613,0.0020396076,0.0017759897,0.0027125375,0.002612184,0.0021206848,0.0025549587,0.0033622037,0.001972453,0.0019439257,0.0029193864,0.0020619142,0.0026127335,0.0019935684,0.9358159,0.0022774434,0.0029037588,0.0017656811,0.0021887233,0.001236245,0.002792228,0.002698878,0.0014172216
19_11939,19_11939.wav,original,19,Footsteps,3,True,Footsteps,Footsteps,False,True,0.0008285122,0.0011474715,0.0017990028,0.0013036566,0.0015433421,0.0016191095,0.0047573945,0.0024198354,0.002145118,0.001672492,0.0021797628,0.0030117547,0.0011408312,0.002688382,0.0019482034,0.0007231107,0.0016835913,0.0017927354,0.94863224,0.0023076143,0.0017767834,0.0020000762,0.0015479025,0.0026267907,0.0025097912,0.0018650613,0.0023294268
19_11939,19_11939.wav,pitch_down_2,19,Footsteps,3,True,Footsteps,Footsteps,False,True,0.0008285122,0.0011474715,0.0017990028,0.0013036566,0.0015433421,0.0016191095,0.0047573945,0.0024198354,0.002145118,0.001672492,0.0021797628,0.0030117547,0.0011408312,0.002688382,0.0019482034,0.0007231107,0.0016835913,0.0017927354,0.94863224,0.0023076143,0.0017767834,0.0020000762,0.0015479025,0.0026267907,0.0025097912,0.0018650613,0.0023294268
19_11941,19_11941.wav,pitch_down_2,19,Footsteps,3,True,Footsteps,Footsteps,False,True,0.001963465,0.0016296032,0.0017701326,0.00223125,0.0022571294,0.0034471394,0.0035475455,0.0022515494,0.0029002347,0.0041286116,0.002961903,0.0018449306,0.0039183632,0.0018044441,0.004336124,0.003423717,0.0028671038,0.002715542,0.93111867,0.0023678169,0.0021617226,0.0020951084,0.0036675986,0.002121976,0.0019151936,0.0021230592,0.002430027
19_11945,19_11945.wav,original,19,Footsteps,3,True,Footsteps,Footsteps,False,True,0.003624158,0.0021044232,0.0024835004,0.0014142563,0.0025734426,0.0031641962,0.0045467475,0.0024041538,0.0027573938,0.002563772,0.0027198934,0.0012544921,0.0021208094,0.0053521045,0.003017842,0.0017351587,0.0019973333,0.002424929,0.9304011,0.003135521,0.0020213167,0.00232472,0.0031634334,0.002248751,0.0032712135,0.0023939805,0.002781364
19_11947,19_11947.wav,original,19,Footsteps,3,True,Footsteps,Footsteps,False,True,0.0016161267,0.0010140062,0.0019751757,0.0018604388,0.0016738857,0.0013965607,0.0012658514,0.0025000637,0.0022940347,0.0021279147,0.0027866075,0.0019316742,0.0034851748,0.0025925087,0.0021674929,0.0009819856,0.0022314987,0.0017633345,0.9469871,0.0025181514,0.0021677844,0.0015909824,0.0018550535,0.0018546702,0.0022467356,0.0021326512,0.0029825547
19_11949,19_11949.wav,original,19,Footsteps,3,True,Footsteps,Footsteps,False,True,0.0025895962,0.0013345574,0.0018513249,0.0012757955,0.0013152836,0.0013048038,0.0014788024,0.001692885,0.0017650583,0.0023423987,0.0021737253,0.0015393732,0.002457102,0.0016881431,0.002047332,0.0008132754,0.0020420174,0.0013890864,0.9566255,0.0018533446,0.0014447076,0.001733716,0.0018153436,0.00071665476,0.0016632229,0.0016204588,0.0014263815
19_11949,19_11949.wav,pitch_up_2,19,Footsteps,3,True,Footsteps,Footsteps,False,True,0.0025895962,0.0013345574,0.0018513249,0.0012757955,0.0013152836,0.0013048038,0.0014788024,0.001692885,0.0017650583,0.0023423987,0.0021737253,0.0015393732,0.002457102,0.0016881431,0.002047332,0.0008132754,0.0020420174,0.0013890864,0.9566255,0.0018533446,0.0014447076,0.001733716,0.0018153436,0.00071665476,0.0016632229,0.0016204588,0.0014263815
19_11950,19_11950.wav,original,19,Footsteps,3,True,Footsteps,Footsteps,False,True,0.001520977,0.0018647664,0.0025383255,0.0015838849,0.0017421567,0.0037399323,0.0032613857,0.002170096,0.0038367354,0.001718813,0.0035162773,0.0027867223,0.0013389684,0.016937336,0.0023372888,0.0039453465,0.0020202186,0.002026946,0.9157014,0.0027151702,0.0028211393,0.0020040509,0.0029312593,0.005590739,0.0028739895,0.002880206,0.00359592
19_11950,19_11950.wav,pitch_down_2,19,Footsteps,3,True,Footsteps,Footsteps,False,True,0.001520977,0.0018647664,0.0025383255,0.0015838849,0.0017421567,0.0037399323,0.0032613857,0.002170096,0.0038367354,0.001718813,0.0035162773,0.0027867223,0.0013389684,0.016937336,0.0023372888,0.0039453465,0.0020202186,0.002026946,0.9157014,0.0027151702,0.0028211393,0.0020040509,0.0029312593,0.005590739,0.0028739895,0.002880206,0.00359592
19_11952,19_11952.wav,original,19,Footsteps,3,True,Footsteps,Footsteps,False,True,0.0091801835,0.0026396594,0.0016961908,0.003881789,0.006747223,0.0036956624,0.014625605,0.002669669,0.00445559,0.035862643,0.0035567519,0.010790199,0.002397856,0.0029779181,0.004913855,0.023263516,0.0039226376,0.004672363,0.81036735,0.0045966557,0.009830368,0.0034997882,0.0061877836,0.008299614,0.0036118245,0.006477659,0.0051797014
19_11957,19_11957.wav,original,19,Footsteps,3,True,Axe,Footsteps,True,True,0.005248725,0.0024655731,0.0040882058,0.0075307996,0.0052029463,0.0026465403,0.0046401117,0.0029739991,0.0022075109,0.25775275,0.006224808,0.0021177882,0.001885096,0.004002921,0.0020188936,0.008606065,0.0034307716,0.0030308336,0.6415877,0.0037721798,0.002050109,0.0027882347,0.004112134,0.0038818745,0.0047305822,0.0049818126,0.00602107
19_11960,19_11960.wav,pitch_down_2,19,Footsteps,3,True,Footsteps,Footsteps,False,True,0.0017946749,0.00089037867,0.0022056794,0.0012683215,0.0012640799,0.0016668941,0.0014578993,0.0021787088,0.0020070246,0.0020029743,0.0017291865,0.0014308187,0.0012620435,0.0010009379,0.0013333465,0.0010687973,0.0015279204,0.0013971956,0.959444,0.0010195916,0.0021847158,0.0016468753,0.0015805537,0.0018838956,0.0016388819,0.0015265349,0.0015880166
19_11961,19_11961.wav,original,19,Footsteps,3,True,Footsteps,Footsteps,False,True,0.0022167515,0.0025920968,0.0043595904,0.00773233,0.0043511214,0.006674764,0.04051363,0.005431108,0.005618363,0.007520871,0.005712952,0.0052388012,0.0027125522,0.0037320263,0.01711229,0.0035418111,0.0034473483,0.0054773106,0.8098397,0.008336631,0.0033441568,0.0045114425,0.0026441908,0.022474572,0.0059635765,0.0027969033,0.0061031207
19_11965,19_11965.wav,original,19,Footsteps,3,True,Footsteps,Footsteps,False,True,0.0031727364,0.0013169912,0.0014428886,0.0023699284,0.0018987395,0.0016276526,0.0050072274,0.0019120971,0.0022661947,0.0039213817,0.002025638,0.0027621062,0.0028096277,0.0020393129,0.0014682052,0.0020921875,0.0018164199,0.0022387581,0.93585324,0.006807213,0.0018539579,0.0022995302,0.0026424658,0.00092885393,0.002237252,0.002174426,0.0030149298
19_11966,19_11966.wav,pitch_down_2,19,Footsteps,3,True,Footsteps,Footsteps,False,True,0.00061043975,0.0009620373,0.002183893,0.002098097,0.0016545886,0.0015192045,0.0013712057,0.001917291,0.002463706,0.0017693088,0.002211033,0.0016429042,0.0013857903,0.0015577081,0.001507028,0.0014922909,0.0017643465,0.001672398,0.95763874,0.0018737795,0.0016347583,0.0018564077,0.0015047224,0.0008457694,0.0016086446,0.0014145941,0.0018393385
19_11968,19_11968.wav,pitch_down_2,19,Footsteps,3,True,Footsteps,Footsteps,False,True,0.0006377396,0.0010015374,0.0019803701,0.006410912,0.0014234,0.0019641232,0.002513576,0.0024144466,0.001401179,0.0027729375,0.001466981,0.0024530084,0.0013849965,0.0016808602,0.0014684991,0.001809827,0.002462986,0.0019712124,0.9476587,0.00324786,0.0023054897,0.0014276042,0.0016543664,0.0012665844,0.0015268965,0.0022175906,0.0014763275
19_11969,19_11969.wav,original,19,Footsteps,3,True,Footsteps,Footsteps,False,True,0.002153422,0.001677229,0.002211763,0.0026913576,0.0020206694,0.002977114,0.005175291,0.003405656,0.0023120653,0.0022218209,0.0021141446,0.0015382966,0.0011131229,0.0028415162,0.0019884186,0.0016103165,0.0021239317,0.0030796574,0.924886,0.0098757185,0.0025131197,0.0026594924,0.002965129,0.00600142,0.002133127,0.003303957,0.0024062719
19_11970,19_11970.wav,original,19,Footsteps,3,True,Footsteps,Footsteps,False,True,0.0007764813,0.0015612493,0.0015245423,0.0006847633,0.0014651488,0.0013419703,0.0012369166,0.0019477657,0.0017014099,0.0013207732,0.0011422868,0.0010360306,0.0047274637,0.0014349878,0.0026284426,0.00090311747,0.0014727925,0.001237034,0.9569605,0.0022468872,0.0018548969,0.0014784496,0.0015554959,0.0025789829,0.0014046062,0.00151916,0.0022577995
19_11971,19_11971.wav,pitch_down_2,19,Footsteps,3,True,Footsteps,Footsteps,False,True,0.003850483,0.002649172,0.005168023,0.0073535326,0.006495269,0.005217628,0.004048828,0.005479006,0.00555788,0.008239838,0.006210635,0.007518865,0.009376231,0.10623905,0.013695456,0.0047220946,0.008440421,0.0036961741,0.74933845,0.0055211824,0.0036912907,0.0024134177,0.005044636,0.0039522084,0.0036911836,0.007369744,0.0050192513
19_11972,19_11972.wav,original,19,Footsteps,3,True,Footsteps,Footsteps,False,True,0.020424342,0.0033324242,0.0054565743,0.0053573023,0.0036263831,0.0035121571,0.0076987874,0.0041003837,0.003244567,0.008250128,0.002449742,0.013457026,0.007247712,0.0037553553,0.002008885,0.010065773,0.006955479,0.0025384994,0.844405,0.0035519982,0.0031950802,0.0049439566,0.0031489767,0.01121594,0.003588317,0.0033334196,0.009135731
19_11972,19_11972.wav,pitch_down_2,19,Footsteps,3,True,Footsteps,Footsteps,False,True,0.020424342,0.0033324242,0.0054565743,0.0053573023,0.0036263831,0.0035121571,0.0076987874,0.0041003837,0.003244567,0.008250128,0.002449742,0.013457026,0.007247712,0.0037553553,0.002008885,0.010065773,0.006955479,0.0025384994,0.844405,0.0035519982,0.0031950802,0.0049439566,0.0031489767,0.01121594,0.003588317,0.0033334196,0.009135731
19_11973,19_11973.wav,pitch_up_2,19,Footsteps,3,True,Footsteps,Footsteps,False,True,0.0066264533,0.0017633121,0.0027697475,0.0025656626,0.0028087317,0.0020826946,0.004383895,0.0037300338,0.0019962096,0.0048152413,0.002363261,0.002273039,0.02704749,0.0025522548,0.0027174249,0.009899396,0.0042359014,0.002205333,0.89142615,0.0014202289,0.0037884198,0.0017139277,0.0018172663,0.002596911,0.002495669,0.002906107,0.004999178
19_11974,19_11974.wav,original,19,Footsteps,3,True,Footsteps,Footsteps,False,True,0.0021042603,0.0019326535,0.002683074,0.0017483002,0.0019345713,0.0022613762,0.0017676075,0.0025684272,0.0035529437,0.0023146693,0.0028815977,0.0020459814,0.0017582811,0.00310443,0.0020037033,0.0017936714,0.0027946087,0.0025116606,0.94077015,0.0017545074,0.0023900608,0.0025465328,0.0023454349,0.0016531587,0.0027057307,0.0024214962,0.0016510485
20_12002,20_12002.wav,pitch_down_2,20,Clapping,3,True,Clapping,Clapping,False,True,0.002163995,0.0012124922,0.00171718,0.0056235245,0.0016579545,0.0017229976,0.0019945686,0.0017952699,0.0016731726,0.0011878489,0.0016084579,0.0016356705,0.001070543,0.0011815615,0.001881557,0.001454289,0.0019009364,0.0011418692,0.017127518,0.9339412,0.0026302214,0.002577923,0.0014029508,0.003537039,0.0021650486,0.0022447985,0.0017494081
20_12005,20_12005.wav,pitch_down_2,20,Clapping,3,True,Clapping,Clapping,False,True,0.0030236363,0.0019099126,0.0021739078,0.0043604835,0.0020628658,0.002044609,0.0029236062,0.0028114729,0.0026796919,0.0008512969,0.0028494939,0.0025714475,0.0013964098,0.0022610717,0.0010769696,0.006173371,0.0030376974,0.0017175167,0.0017321269,0.9363301,0.0017720925,0.0037830805,0.0020373354,0.0009774012,0.0018433663,0.0023944478,0.0032046132
20_12007,20_12007.wav,original,20,Clapping,3,True,Clapping,Clapping,False,True,0.0018711048,0.0012702594,0.004059559,0.029039377,0.0061888453,0.004840908,0.0020710235,0.0050927326,0.0054502883,0.004637837,0.0052317977,0.0033038806,0.004649079,0.005991092,0.0029708843,0.012072292,0.005648078,0.0049138526,0.019145949,0.8344647,0.0039811437,0.0053020897,0.0058537982,0.0051356917,0.0041641705,0.0080643175,0.0045852535
20_12008,20_12008.wav,pitch_up_2,20,Clapping,3,True,Clapping,Clapping,False,True,0.0029313762,0.00386997,0.0024854243,0.0018145324,0.0022902405,0.0021616323,0.0017011926,0.001890886,0.0027406162,0.001924303,0.0015095477,0.0023367906,0.0028477625,0.0014826386,0.001438215,0.006849523,0.0024916292,0.0039104703,0.0074868253,0.9296951,0.0029213484,0.0024323885,0.0024293128,0.0016186737,0.0024201432,0.0021307433,0.002188653
20_12009,20_12009.wav,pitch_up_2,20,Clapping,3,True,Clapping,Clapping,False,True,0.0016850061,0.0008445293,0.0012495477,0.0021370375,0.0012203624,0.0015833423,0.0012673616,0.0011760473,0.0011856336,0.00071620644,0.0016380181,0.0012189499,0.0015512947,0.0014522715,0.00088279817,0.0040934864,0.0012031324,0.0008809553,0.001476802,0.96218985,0.0015921396,0.0016517773,0.0010481552,0.0012642917,0.001375863,0.0014289123,0.0019862086
20_12010,20_12010.wav,pitch_down_2,20,Clapping,3,True,Clapping,Clapping,False,True,0.0024541821,0.0020279584,0.00092662656,0.0032174233,0.0014491653,0.0016368582,0.001300272,0.0023247804,0.0021682137,0.0017855217,0.0012053312,0.0022375642,0.001599636,0.0027049219,0.001021328,0.0017646669,0.0027271323,0.0033676128,0.0013530231,0.94701624,0.0020452922,0.0014319265,0.0014208271,0.0029663295,0.0018977416,0.0048483256,0.0011011346
20_12011,20_12011.wav,pitch_up_2,20,Clapping,3,True,Clapping,Clapping,False,True,0.0022880344,0.0013120249,0.0014049368,0.0018805118,0.002325596,0.0020654204,0.002787875,0.002163783,0.0010555432,0.0014303843,0.0020390633,0.0035280474,0.0019102022,0.0042873602,0.0020432088,0.0016082408,0.0021025066,0.0051677264,0.0016700315,0.9433182,0.0015071895,0.0016746462,0.0007660454,0.003012372,0.0015932606,0.0027364644,0.0023213027
20_12016,20_12016.wav,pitch_down_2,20,Clapping,3,True,Clapping,Clapping,False,True,0.0035886255,0.00270449,0.0016975943,0.0031690386,0.0026291364,0.0020174943,0.002563326,0.0026096206,0.0022295697,0.0050195036,0.004224305,0.0023490514,0.0031651668,0.0039071892,0.014081799,0.0047629657,0.004006571,0.0025524376,0.0034321705,0.90824777,0.003661521,0.0016680863,0.002177081,0.0010256396,0.0061338865,0.0033247154,0.0030512223
20_12017,20_12017.wav,pitch_down_2,20,Clapping,3,True,Clapping,Clapping,False,True,0.0022047774,0.0016553127,0.0016707532,0.0011354442,0.0009817947,0.0018761844,0.0015414022,0.0015020132,0.0015996605,0.0010522066,0.0006214424,0.0010171988,0.0014016827,0.0014890068,0.00073585403,0.002033324,0.00201554,0.0011529183,0.00084832933,0.9627393,0.0015574023,0.0015502581,0.0017026406,0.0012429779,0.0013856385,0.0013274072,0.0019595933
20_12018,20_12018.wav,pitch_down_2,20,Clapping,3,True,Clapping,Clapping,False,True,0.00087301276,0.0016796496,0.0019250428,0.0013495308,0.0011966443,0.0013632001,0.0009247999,0.0011447169,0.0019585683,0.00048807324,0.001274642,0.0018947171,0.0031492484,0.0011598868,0.0024575724,0.0009619871,0.0019848498,0.0018993896,0.0029574083,0.95769197,0.002269923,0.0018904777,0.0018208727,0.0017941026,0.0013738027,0.0010578119,0.0014580985
20_12018,20_12018.wav,pitch_up_2,20,Clapping,3,True,Clapping,Clapping,False,True,0.00087301276,0.0016796496,0.0019250428,0.0013495308,0.0011966443,0.0013632001,0.0009247999,0.0011447169,0.0019585683,0.00048807324,0.001274642,0.0018947171,0.0031492484,0.0011598868,0.0024575724,0.0009619871,0.0019848498,0.0018993896,0.0029574083,0.95769197,0.002269923,0.0018904777,0.0018208727,0.0017941026,0.0013738027,0.0010578119,0.0014580985
20_12019,20_12019.wav,pitch_up_2,20,Clapping,3,True,Clapping,Clapping,False,True,0.002842358,0.0034499578,0.0052775857,0.004721378,0.0041893437,0.0067511997,0.0029271469,0.0032118494,0.0057230704,0.0058285743,0.008279654,0.002084209,0.057272915,0.0029319117,0.0029618356,0.004636854,0.0034803164,0.0053208848,0.009059096,0.83207893,0.0038993962,0.0048366934,0.003648455,0.0016504806,0.00413011,0.004785878,0.004019959
20_12020,20_12020.wav,pitch_down_2,20,Clapping,3,True,Clapping,Clapping,False,True,0.0021853694,0.0012918954,0.0022308326,0.0016043931,0.0028213987,0.0014407998,0.0031460747,0.0019864843,0.001823079,0.0017766071,0.0021049401,0.0014901051,0.0060051833,0.0018794619,0.001437616,0.0018698779,0.0019129268,0.002912322,0.00569033,0.9399247,0.0018258445,0.002703137,0.0022041982,0.0012747278,0.0019396753,0.0017782775,0.002739743
20_12021,20_12021.wav,pitch_down_2,20,Clapping,3,True,Clapping,Clapping,False,True,0.0035802706,0.0022072254,0.0043432345,0.0045250603,0.010775584,0.00450708,0.0153004825,0.0044837543,0.0020832338,0.007353212,0.0039445166,0.0023357396,0.002817888,0.007389478,0.002316973,0.007503916,0.0046082814,0.011548534,0.004876979,0.81987876,0.0029816858,0.002832142,0.0027648564,0.0056166784,0.0040014233,0.049679015,0.0057439655
20_12021,20_12021.wav,pitch_up_2,20,Clapping,3,True,Clapping,Clapping,False,True,0.0035802706,0.0022072254,0.0043432345,0.0045250603,0.010775584,0.00450708,0.0153004825,0.0044837543,0.0020832338,0.007353212,0.0039445166,0.0023357396,0.002817888,0.007389478,0.002316973,0.007503916,0.0046082814,0.011548534,0.004876979,0.81987876,0.0029816858,0.002832142,0.0027648564,0.0056166784,0.0040014233,0.049679015,0.0057439655
20_12023,20_12023.wav,pitch_up_2,20,Clapping,3,True,Clapping,Clapping,False,True,0.0017341496,0.0013026405,0.0011325536,0.0020929694,0.0013290554,0.0011579833,0.0014595143,0.0014534885,0.0011091781,0.0010024986,0.0011986246,0.0012235168,0.0009434494,0.0015857966,0.0007211917,0.00096023135,0.0013713865,0.0009950834,0.0021766226,0.9663475,0.00097136764,0.0016339972,0.0015959883,0.0005492316,0.0017877845,0.0011654088,0.0009987693
20_12025,20_12025.wav,pitch_up_2,20,Clapping,3,True,Clapping,Clapping,False,True,0.0017819075,0.0015520356,0.001964634,0.0012504935,0.0015494247,0.0014803944,0.0010244317,0.001636064,0.0022924375,0.0019534791,0.0021777546,0.0014182255,0.003477956,0.0014307498,0.0014110872,0.0018724576,0.0018992089,0.0013370743,0.002340534,0.9539558,0.0025619592,0.0013133385,0.0018646171,0.0008856168,0.0021753858,0.0015616958,0.0018312045
20_12026,20_12026.wav,pitch_up_2,20,Clapping,3,True,Clapping,Clapping,False,True,0.0006234643,0.0022746562,0.002288188,0.00511564,0.0011310148,0.0017855479,0.0016851593,0.001320575,0.0030452136,0.0010363212,0.0010777373,0.0024318546,0.0014873686,0.0015617415,0.0009773984,0.0063086455,0.0016539082,0.001271746,0.0020846853,0.9492815,0.0018617989,0.0023308627,0.002112915,0.000830474,0.001708657,0.0010739799,0.0016389183
20_12027,20_12027.wav,original,20,Clapping,3,True,Clapping,Clapping,False,True,0.001395929,0.0060726977,0.0022512248,0.00094612845,0.0037700012,0.0015709271,0.0025187517,0.002986391,0.0053855754,0.005785436,0.0030469222,0.0054226574,0.002965911,0.0021100892,0.008938951,0.004389122,0.0030306976,0.0031611205,0.0017577013,0.91413313,0.0049510025,0.002933191,0.0018439334,0.0023202135,0.002665654,0.0019710835,0.0016755833
20_12028,20_12028.wav,original,20,Clapping,3,True,Axe,Clapping,True,True,0.0024624022,0.0033019641,0.0036473973,0.0025345157,0.0031895603,0.0033076082,0.0051405015,0.0023267427,0.0024617773,0.31224915,0.0015378636,0.004854724,0.005040082,0.0027128395,0.005272962,0.018605083,0.0033508677,0.0030824516,0.0032547296,0.5815053,0.00346933,0.0050240946,0.0029850241,0.0053565004,0.0023641374,0.0026538812,0.008308559
20_12028,20_12028.wav,pitch_up_2,20,Clapping,3,True,Clapping,Clapping,False,True,0.0024624022,0.0033019641,0.0036473973,0.0025345157,0.0031895603,0.0033076082,0.0051405015,0.0023267427,0.0024617773,0.31224915,0.0015378636,0.004854724,0.005040082,0.0027128395,0.005272962,0.018605083,0.0033508677,0.0030824516,0.0032547296,0.5815053,0.00346933,0.0050240946,0.0029850241,0.0053565004,0.0023641374,0.0026538812,0.008308559
20_12033,20_12033.wav,original,20,Clapping,3,True,Clapping,Clapping,False,True,0.0023023922,0.0019224011,0.0027448938,0.00317977,0.0014347307,0.0016016047,0.003218159,0.0018612646,0.0019184126,0.00060689123,0.0016239685,0.0023695005,0.002926015,0.0010534695,0.0045366124,0.0011048088,0.0028883724,0.001353626,0.0032297515,0.94146395,0.0039268555,0.0021447067,0.0015409063,0.0021541414,0.002111749,0.0016257879,0.0031552846
20_12035,20_12035.wav,pitch_up_2,20,Clapping,3,True,Clapping,Clapping,False,True,0.00914294,0.0024255197,0.0023081969,0.0091144955,0.0022566922,0.0031703857,0.0031051838,0.0021189547,0.0024465395,0.0037843257,0.0059347115,0.0022778106,0.00554385,0.0031358376,0.003360924,0.034262467,0.0030896917,0.0064625368,0.0018864368,0.8486171,0.006298018,0.0017893485,0.0037167214,0.0019665926,0.0027804573,0.0036402575,0.025364002
20_12038,20_12038.wav,original,20,Clapping,3,True,Clapping,Clapping,False,True,0.0023698967,0.002104325,0.0023719284,0.0034488111,0.0023404947,0.0025441241,0.0014705611,0.007197431,0.002691226,0.0070960256,0.0027575295,0.0018353496,0.0033501766,0.006411353,0.0021209319,0.033557866,0.0027178403,0.0017890636,0.0015458671,0.88125634,0.0039937007,0.0027773443,0.0021352137,0.009175607,0.0031953163,0.0024257305,0.0053199236
20_12040,20_12040.wav,original,20,Clapping,3,True,Clapping,Clapping,False,True,0.0019195363,0.0015091399,0.0025435353,0.0008085126,0.0012241597,0.0015508776,0.0039932025,0.002109736,0.0018697729,0.0011593986,0.0010603232,0.0016675061,0.0035605766,0.00096907624,0.0041081845,0.0033724932,0.0028627769,0.0017344486,0.002447971,0.9455355,0.003057103,0.0021682307,0.0013077037,0.0014648292,0.0019366024,0.0011401761,0.002918572
20_12040,20_12040.wav,pitch_up_2,20,Clapping,3,True,Clapping,Clapping,False,True,0.0019195363,0.0015091399,0.0025435353,0.0008085126,0.0012241597,0.0015508776,0.0039932025,0.002109736,0.0018697729,0.0011593986,0.0010603232,0.0016675061,0.0035605766,0.00096907624,0.0041081845,0.0033724932,0.0028627769,0.0017344486,0.002447971,0.9455355,0.003057103,0.0021682307,0.0013077037,0.0014648292,0.0019366024,0.0011401761,0.002918572
20_12041,20_12041.wav,pitch_up_2,20,Clapping,3,True,Clapping,Clapping,False,True,0.002375912,0.0026546123,0.0027819772,0.0016608086,0.0019773971,0.0018906854,0.0019313594,0.0023370779,0.003241173,0.0012403923,0.0025649322,0.0020552126,0.023785956,0.0019107927,0.0022113414,0.004223135,0.00246258,0.00248059,0.0031474729,0.91637206,0.002261912,0.001969515,0.0024588688,0.0011218862,0.002837111,0.002181818,0.0038633842
20_12042,20_12042.wav,pitch_up_2,20,Clapping,3,True,Clapping,Clapping,False,True,0.0039930944,0.0023146234,0.0023019628,0.0016891934,0.0020247465,0.0015994385,0.0017822603,0.0017124714,0.0024716575,0.0028973038,0.0016685213,0.0014830761,0.0029186641,0.0019508613,0.0038613405,0.0025260001,0.0036503475,0.0024366665,0.0013170767,0.94075745,0.0023044557,0.0016556679,0.0024893049,0.0016132124,0.0026378867,0.0024732624,0.0014695065
20_12043,20_12043.wav,pitch_down_2,20,Clapping,3,True,Clapping,Clapping,False,True,0.002683023,0.0020752607,0.0025447102,0.0017958329,0.0022060806,0.0027533725,0.0015978618,0.0018666373,0.0028244797,0.0013864267,0.002792835,0.0020725452,0.014881115,0.0021465493,0.008128545,0.0022558582,0.00216446,0.0018453724,0.0027037933,0.9212156,0.002462485,0.0023047416,0.0032046621,0.001919171,0.0025647536,0.002845849,0.0027579593
20_12045,20_12045.wav,original,20,Clapping,3,False,Clapping,Clapping,False,True,0.0011507991,0.0025489356,0.002148092,0.0008218749,0.0011494937,0.00091281557,0.0008512205,0.00093354256,0.0014153249,0.00040567215,0.0009500606,0.0015812035,0.0013885335,0.0012210504,0.0008400323,0.0012812169,0.0016914656,0.0017277873,0.0019256747,0.9646371,0.002765989,0.0011721773,0.0014700647,0.001110172,0.0013830758,0.0009399587,0.0015766677
20_12045,20_12045.wav,pitch_down_2,20,Clapping,3,False,Clapping,Clapping,False,True,0.0011507991,0.0025489356,0.002148092,0.0008218749,0.0011494937,0.00091281557,0.0008512205,0.00093354256,0.0014153249,0.00040567215,0.0009500606,0.0015812035,0.0013885335,0.0012210504,0.0008400323,0.0012812169,0.0016914656,0.0017277873,0.0019256747,0.9646371,0.002765989,0.0011721773,0.0014700647,0.001110172,0.0013830758,0.0009399587,0.0015766677
20_12045,20_12045.wav,pitch_up_2,20,Clapping,3,False,Clapping,Clapping,False,True,0.0011507991,0.0025489356,0.002148092,0.0008218749,0.0011494937,0.00091281557,0.0008512205,0.00093354256,0.0014153249,0.00040567215,0.0009500606,0.0015812035,0.0013885335,0.0012210504,0.0008400323,0.0012812169,0.0016914656,0.0017277873,0.0019256747,0.9646371,0.002765989,0.0011721773,0.0014700647,0.001110172,0.0013830758,0.0009399587,0.0015766677
20_12047,20_12047.wav,pitch_down_2,20,Clapping,3,True,Clapping,Clapping,False,True,0.0013779686,0.0013978924,0.002136398,0.0016982062,0.0013819787,0.0011606511,0.0024407934,0.0017487864,0.0018950783,0.0003754618,0.0019600675,0.0018126856,0.0018080926,0.00065115705,0.007478572,0.00050061336,0.0015469006,0.0012465323,0.00121386,0.953535,0.001562803,0.002190654,0.0014668526,0.0015006604,0.002628573,0.0016387898,0.0016449587
20_12047,20_12047.wav,pitch_up_2,20,Clapping,3,True,Clapping,Clapping,False,True,0.0013779686,0.0013978924,0.002136398,0.0016982062,0.0013819787,0.0011606511,0.0024407934,0.0017487864,0.0018950783,0.0003754618,0.0019600675,0.0018126856,0.0018080926,0.00065115705,0.007478572,0.00050061336,0.0015469006,0.0012465323,0.00121386,0.953535,0.001562803,0.002190654,0.0014668526,0.0015006604,0.002628573,0.0016387898,0.0016449587
20_12049,20_12049.wav,original,20,Clapping,3,True,Clapping,Clapping,False,True,0.01349543,0.0036436867,0.005520215,0.00825205,0.0076652733,0.008802902,0.0067707337,0.006251114,0.0073579215,0.0037875392,0.0052186097,0.0060242247,0.0072344714,0.0056462004,0.016030362,0.023910357,0.014925253,0.00957176,0.0017990054,0.78806925,0.0072269565,0.005180773,0.0093331905,0.003008127,0.010675885,0.0069207884,0.007677896
20_12049,20_12049.wav,pitch_up_2,20,Clapping,3,True,Clapping,Clapping,False,True,0.01349543,0.0036436867,0.005520215,0.00825205,0.0076652733,0.008802902,0.0067707337,0.006251114,0.0073579215,0.0037875392,0.0052186097,0.0060242247,0.0072344714,0.0056462004,0.016030362,0.023910357,0.014925253,0.00957176,0.0017990054,0.78806925,0.0072269565,0.005180773,0.0093331905,0.003008127,0.010675885,0.0069207884,0.007677896
20_12050,20_12050.wav,original,20,Clapping,3,True,Clapping,Clapping,False,True,0.0017783091,0.0009631494,0.0013245646,0.0010256037,0.0015887081,0.0014023172,0.0011909002,0.0017752593,0.0017012819,0.0037082203,0.0015613115,0.0013451069,0.0017042486,0.0018996373,0.0009647349,0.0028877084,0.0015507935,0.0014860263,0.003193789,0.9569507,0.0014825984,0.0017446663,0.0015334953,0.00056808087,0.0013628029,0.0014606459,0.0018453711
20_12052,20_12052.wav,pitch_up_2,20,Clapping,3,True,Clapping,Clapping,False,True,0.0047027078,0.0030928825,0.0021981904,0.0023497313,0.001576943,0.002186979,0.0014887581,0.0024274017,0.002875423,0.0011490452,0.0021592532,0.0023844647,0.0010962106,0.0021906397,0.0014815273,0.004830569,0.0025315832,0.0017349636,0.0013343411,0.93958145,0.0027323144,0.0012040063,0.0022904074,0.0019099157,0.0023730935,0.0030286508,0.0030885097
20_12056,20_12056.wav,pitch_down_2,20,Clapping,3,True,Clapping,Clapping,False,True,0.00222718,0.0015102458,0.001109751,0.000991183,0.0022052315,0.0015321771,0.002268928,0.0016020578,0.0011049747,0.0019024446,0.002209264,0.0020971936,0.0011561137,0.002399672,0.0018372275,0.0022229925,0.0017322646,0.002052001,0.00093008764,0.957195,0.0014529707,0.00117107,0.00111905,0.0015078828,0.0015651733,0.0014774157,0.0014205008
20_12061,20_12061.wav,pitch_down_2,20,Clapping,3,True,Clapping,Clapping,False,True,0.003700637,0.0024937307,0.0025470154,0.0017741661,0.0018293235,0.0015229279,0.000885852,0.002201461,0.0026678608,0.0010709853,0.0030067544,0.0025450133,0.004403547,0.0018447484,0.0019810777,0.002118884,0.0021873105,0.0016418913,0.0014959668,0.9422944,0.0037199103,0.0013609532,0.0023071824,0.001423566,0.002548841,0.0020438232,0.0023821143
20_12065,20_12065.wav,pitch_down_2,20,Clapping,3,True,Clapping,Clapping,False,True,0.0013089282,0.003336344,0.0030534286,0.028962562,0.0025695555,0.0031872324,0.0035279589,0.0034800468,0.0022887734,0.0010024399,0.0033505277,0.004388073,0.003709913,0.0035058428,0.001488728,0.00818046,0.0042315098,0.0017226456,0.0016311597,0.880668,0.002816416,0.004082386,0.003088134,0.0016724508,0.003327397,0.002078383,0.017340703
20_12066,20_12066.wav,original,20,Clapping,3,True,Clapping,Clapping,False,True,0.007984064,0.0018831502,0.0027524743,0.009183223,0.0037227545,0.0029556584,0.006761107,0.0048082354,0.0022427437,0.002495567,0.006171983,0.0045849597,0.002350543,0.00634953,0.0024662775,0.0042965175,0.0025248795,0.0028174052,0.00823081,0.89232713,0.0024394838,0.005804769,0.003924932,0.001110538,0.0040362966,0.0028931259,0.0028818806
20_12066,20_12066.wav,pitch_down_2,20,Clapping,3,True,Clapping,Clapping,False,True,0.007984064,0.0018831502,0.0027524743,0.009183223,0.0037227545,0.0029556584,0.006761107,0.0048082354,0.0022427437,0.002495567,0.006171983,0.0045849597,0.002350543,0.00634953,0.0024662775,0.0042965175,0.0025248795,0.0028174052,0.00823081,0.89232713,0.0024394838,0.005804769,0.003924932,0.001110538,0.0040362966,0.0028931259,0.0028818806
20_12070,20_12070.wav,original,20,Clapping,3,True,Clapping,Clapping,False,True,0.002271047,0.001555709,0.0025597452,0.0046462673,0.0026891788,0.0016299401,0.0021335944,0.0020492289,0.00366221,0.0002745137,0.0016997522,0.0024717469,0.0028357476,0.002150123,0.002529092,0.009041664,0.0027039044,0.0022847007,0.0011847347,0.9303746,0.002806836,0.0017350143,0.0014889686,0.0026302163,0.0025215587,0.0027022453,0.0053676968
20_12072,20_12072.wav,pitch_down_2,20,Clapping,3,True,Clapping,Clapping,False,True,0.007775405,0.0017652073,0.0027290576,0.0045225844,0.002148236,0.001925201,0.001637112,0.0022698084,0.0021956176,0.0017485445,0.0022228842,0.0021548592,0.0015288321,0.0021325154,0.0011519663,0.0020546478,0.0031514887,0.0017901609,0.001440295,0.9371779,0.0020503958,0.0018641148,0.00344758,0.0011915577,0.0021597326,0.00284506,0.002919234
21_12107,21_12107.wav,pitch_up_2,21,Insect,3,True,Insect,Insect,False,True,0.0032912195,0.0018336037,0.002762761,0.0010963922,0.0013155936,0.0011433782,0.002383913,0.0026307087,0.0022621118,0.0033399668,0.0017201303,0.0014863162,0.0023787061,0.001783398,0.003431448,0.0019526876,0.0026518463,0.0025426487,0.0014335765,0.001790485,0.9385101,0.0019237534,0.005881779,0.0028628327,0.0027916692,0.0019913993,0.0028076023
21_12108,21_12108.wav,pitch_down_2,21,Insect,3,True,Insect,Insect,False,True,0.0011550399,0.0027405305,0.0016660182,0.00075685605,0.0019256817,0.00065941334,0.0027373612,0.0018245713,0.0024544396,0.001981481,0.0016001506,0.0016471386,0.0014323927,0.0014026595,0.0022559839,0.0018819914,0.0016639084,0.0011594176,0.0015473701,0.0020705226,0.9462435,0.0028945636,0.0014411486,0.0014014579,0.001477341,0.0071601104,0.004818871
21_12109,21_12109.wav,pitch_up_2,21,Insect,3,True,Insect,Insect,False,True,0.003249202,0.0010790359,0.0021765395,0.0013855421,0.0022946822,0.0010594744,0.0018322002,0.0013704879,0.002234773,0.0027555723,0.0016713673,0.0011424416,0.0021011718,0.0015241116,0.001895008,0.001295066,0.0024894504,0.0021841973,0.0012328574,0.0014011217,0.9317185,0.001481484,0.000898011,0.00164553,0.0017894822,0.0018904498,0.024202183
21_12111,21_12111.wav,pitch_down_2,21,Insect,3,True,Insect,Insect,False,True,0.0059330515,0.004403356,0.0016711081,0.0014428921,0.0010188442,0.001277045,0.0017713452,0.0027005298,0.0029072666,0.0031127085,0.0013231286,0.0058509824,0.0013689775,0.0024706759,0.002391509,0.0019773657,0.00086203933,0.0026950466,0.0015713467,0.0018183199,0.91830546,0.021741161,0.00069169834,0.0014048722,0.0038951377,0.002737824,0.0026563415
21_12112,21_12112.wav,pitch_down_2,21,Insect,3,True,Insect,Insect,False,True,0.0045938566,0.012584675,0.003768149,0.0029443305,0.01626268,0.06634294,0.004355436,0.0052655675,0.0043778806,0.003091362,0.0059463843,0.0041629556,0.0074473545,0.0036540327,0.0055793636,0.005288293,0.0036881214,0.0066407714,0.0086811995,0.0033740525,0.77719647,0.016913531,0.00085306517,0.0035782082,0.006599745,0.008787754,0.0080218455
21_12112,21_12112.wav,pitch_up_2,21,Insect,3,True,Insect,Insect,False,True,0.0045938566,0.012584675,0.003768149,0.0029443305,0.01626268,0.06634294,0.004355436,0.0052655675,0.0043778806,0.003091362,0.0059463843,0.0041629556,0.0074473545,0.0036540327,0.0055793636,0.005288293,0.0036881214,0.0066407714,0.0086811995,0.0033740525,0.77719647,0.016913531,0.00085306517,0.0035782082,0.006599745,0.008787754,0.0080218455
21_12113,21_12113.wav,pitch_down_2,21,Insect,3,True,Insect,Insect,False,True,0.005386917,0.07715633,0.0035685431,0.002382895,0.0040346743,0.011969193,0.008236668,0.007787166,0.028975891,0.0065822178,0.0013922037,0.0109694535,0.0045469194,0.0037140956,0.0030946082,0.0070109344,0.005298877,0.0035064742,0.003367724,0.0027807439,0.77282387,0.004636608,0.0063946876,0.001099369,0.0039636116,0.002686317,0.006633029
21_12116,21_12116.wav,original,21,Insect,3,True,Insect,Insect,False,True,0.0018624974,0.0033778169,0.002600948,0.0012874549,0.001997453,0.0040315147,0.0024932679,0.003227381,0.0022007388,0.0025877822,0.0019504785,0.0011966564,0.0019542242,0.0027449385,0.0023670366,0.0028849284,0.0019317254,0.0021009326,0.002232369,0.0031599745,0.92718816,0.010903885,0.0017456202,0.0026198523,0.0023587141,0.0018723271,0.0051213163
21_12116,21_12116.wav,pitch_down_2,21,Insect,3,True,Insect,Insect,False,True,0.0018624974,0.0033778169,0.002600948,0.0012874549,0.001997453,0.0040315147,0.0024932679,0.003227381,0.0022007388,0.0025877822,0.0019504785,0.0011966564,0.0019542242,0.0027449385,0.0023670366,0.0028849284,0.0019317254,0.0021009326,0.002232369,0.0031599745,0.92718816,0.010903885,0.0017456202,0.0026198523,0.0023587141,0.0018723271,0.0051213163
21_12118,21_12118.wav,original,21,Insect,3,True,Insect,Insect,False,True,0.002119456,0.00082548714,0.0025651616,0.0007830434,0.001332373,0.0008332755,0.000930085,0.001517422,0.0012769081,0.0017365337,0.0013512014,0.0015972505,0.0012840312,0.0017206358,0.0024388842,0.000917281,0.001036752,0.0012770045,0.0019020388,0.0011725914,0.96220255,0.0018561214,0.0013309751,0.0011271083,0.0013164576,0.0020695562,0.0014797738
21_12119,21_12119.wav,original,21,Insect,3,True,Insect,Insect,False,True,0.002139345,0.0026896407,0.001294694,0.0014458651,0.0020236962,0.0024619938,0.002354214,0.0031199597,0.0015940717,0.0015699408,0.0019893507,0.0018449159,0.0018536806,0.0017136006,0.001928419,0.003702584,0.0015710649,0.0013079654,0.0017545497,0.0029684247,0.9444406,0.0013412588,0.0007585943,0.0022091772,0.0025789898,0.004275655,0.003067788
21_12119,21_12119.wav,pitch_down_2,21,Insect,3,True,Insect,Insect,False,True,0.002139345,0.0026896407,0.001294694,0.0014458651,0.0020236962,0.0024619938,0.002354214,0.0031199597,0.0015940717,0.0015699408,0.0019893507,0.0018449159,0.0018536806,0.0017136006,0.001928419,0.003702584,0.0015710649,0.0013079654,0.0017545497,0.0029684247,0.9444406,0.0013412588,0.0007585943,0.0022091772,0.0025789898,0.004275655,0.003067788
21_12120,21_12120.wav,original,21,Insect,3,True,Insect,Insect,False,True,0.0014899623,0.0008417877,0.001714671,0.00065596827,0.001345306,0.003416622,0.001511203,0.0009963244,0.0019317585,0.0016409052,0.0018097637,0.0015231777,0.0019524926,0.0016984865,0.0024980705,0.0012942661,0.0017821835,0.0016923468,0.0012256455,0.0016516879,0.95625615,0.0032842995,0.0010937405,0.0015513235,0.0020402456,0.0011856497,0.001915961
21_12121,21_12121.wav,original,21,Insect,3,True,Insect,Insect,False,True,0.0016096464,0.002573361,0.0043298085,0.0012016852,0.014311589,0.0073662973,0.002740047,0.0036140091,0.0038898035,0.0029731765,0.0022140704,0.0018723542,0.0032888588,0.0022487429,0.003223192,0.003425713,0.0015134785,0.0030392837,0.0026356291,0.0020144072,0.89892125,0.0024245977,0.0011840141,0.0030770393,0.004167341,0.003180633,0.01696003
21_12121,21_12121.wav,pitch_up_2,21,Insect,3,True,Insect,Insect,False,True,0.0016096464,0.002573361,0.0043298085,0.0012016852,0.014311589,0.0073662973,0.002740047,0.0036140091,0.0038898035,0.0029731765,0.0022140704,0.0018723542,0.0032888588,0.0022487429,0.003223192,0.003425713,0.0015134785,0.0030392837,0.0026356291,0.0020144072,0.89892125,0.0024245977,0.0011840141,0.0030770393,0.004167341,0.003180633,0.01696003
21_12123,21_12123.wav,pitch_up_2,21,Insect,3,True,Insect,Insect,False,True,0.0041723284,0.0025000132,0.0069494336,0.0038260238,0.06045689,0.02622925,0.007087404,0.0071782656,0.0045038816,0.0035601116,0.003950628,0.0073291454,0.00614853,0.004678746,0.0055039264,0.0036781032,0.0034452083,0.005151933,0.0060015316,0.0033888668,0.7969492,0.0038758463,0.0060346234,0.003212598,0.0071052215,0.0038486354,0.0032336384
21_12128,21_12128.wav,pitch_down_2,21,Insect,3,True,Insect,Insect,False,True,0.001649593,0.0014931075,0.0018714749,0.0015015119,0.0011588278,0.002992684,0.002724976,0.0019866065,0.002270184,0.0025394235,0.0022300615,0.0011808119,0.002239709,0.002033578,0.002283546,0.0021598295,0.002133107,0.0020108128,0.002209532,0.0015497998,0.9478356,0.0019304137,0.0022962114,0.002279164,0.0018056174,0.0020779294,0.0015558499
21_12128,21_12128.wav,pitch_up_2,21,Insect,3,True,Insect,Insect,False,True,0.001649593,0.0014931075,0.0018714749,0.0015015119,0.0011588278,0.002992684,0.002724976,0.0019866065,0.002270184,0.0025394235,0.0022300615,0.0011808119,0.002239709,0.002033578,0.002283546,0.0021598295,0.002133107,0.0020108128,0.002209532,0.0015497998,0.9478356,0.0019304137,0.0022962114,0.002279164,0.0018056174,0.0020779294,0.0015558499
21_12129,21_12129.wav,original,21,Insect,3,True,Insect,Insect,False,True,0.0031445166,0.0020289465,0.0046482,0.008898347,0.004099857,0.0022355698,0.005468331,0.004623729,0.0020110921,0.0059446283,0.0040878956,0.0038566636,0.0033541424,0.006102031,0.0034609248,0.0021813032,0.0022148818,0.0035984376,0.0032316307,0.0048653116,0.86248374,0.007507298,0.015133546,0.0024588518,0.0062069334,0.0044840914,0.02166909
21_12130,21_12130.wav,original,21,Insect,3,True,Insect,Insect,False,True,0.0010079133,0.0029849398,0.0024835113,0.0015430675,0.0014348157,0.002061919,0.0014948185,0.0022562284,0.0012235976,0.0010519781,0.0014178815,0.0017867476,0.0018991008,0.0013778285,0.0015081348,0.0023727838,0.00086354994,0.0016520239,0.0010093335,0.0016755866,0.95859295,0.0018125381,0.0012675117,0.002178871,0.0014845794,0.0011825985,0.00037512404
21_12131,21_12131.wav,pitch_down_2,21,Insect,3,True,Insect,Insect,False,True,0.0016920908,0.0025804834,0.001614315,0.0012429619,0.0010691286,0.0017352985,0.0034748267,0.0023405962,0.0018000216,0.0023677156,0.0015323175,0.0013829338,0.0013647914,0.0020860273,0.0020217113,0.001594203,0.0018640067,0.0017932326,0.0015014032,0.002589565,0.94423914,0.0028351878,0.008866618,0.0017766549,0.0016879508,0.0018119199,0.0011349141
21_12132,21_12132.wav,pitch_up_2,21,Insect,3,True,Insect,Insect,False,True,0.0021165374,0.0016832348,0.0013791425,0.000652773,0.0008686182,0.0006259958,0.0022026575,0.00089689717,0.0014521867,0.0014790915,0.0024086663,0.005213507,0.001614416,0.0016192142,0.001643744,0.0033573594,0.005060466,0.0012182291,0.0009995486,0.0026911132,0.9456072,0.0065649212,0.0020615265,0.0014927253,0.0017152956,0.002261831,0.0011131695
21_12134,21_12134.wav,pitch_up_2,21,Insect,3,True,Insect,Insect,False,True,0.004674932,0.0048715826,0.003491442,0.0021213507,0.0038316448,0.001650116,0.0047604255,0.004333072,0.0030415703,0.0034524605,0.0108956,0.0034805567,0.002153768,0.0040147523,0.0037429733,0.0043405504,0.0036045231,0.018258762,0.003041391,0.0024537526,0.884064,0.004985394,0.003216098,0.0034553173,0.002612583,0.0038688688,0.005582467
21_12136,21_12136.wav,original,21,Insect,3,True,Insect,Insect,False,True,0.0011728158,0.0015552659,0.002293295,0.0010241205,0.0029587233,0.0031404558,0.0016918667,0.0022241725,0.0012214615,0.0022947525,0.0016697994,0.0037208505,0.0010941686,0.0021943206,0.0028131092,0.0024537097,0.0015689504,0.0020318085,0.002012043,0.0024855155,0.9275201,0.00089385314,0.019054184,0.004046175,0.0022591173,0.0021876812,0.0024176633
21_12137,21_12137.wav,original,21,Insect,3,True,Insect,Insect,False,True,0.0027404905,0.0014519785,0.001655207,0.0016073091,0.0010570438,0.0018343056,0.0032201298,0.0009643286,0.0035827402,0.0045616776,0.0017173629,0.002921124,0.0019864645,0.0013267837,0.0038052902,0.002100668,0.015212585,0.0017991094,0.0021816737,0.003811433,0.906045,0.019546894,0.008040673,0.0016422844,0.0019967037,0.001534941,0.0016557629
21_12137,21_12137.wav,pitch_down_2,21,Insect,3,True,Insect,Insect,False,True,0.0027404905,0.0014519785,0.001655207,0.0016073091,0.0010570438,0.0018343056,0.0032201298,0.0009643286,0.0035827402,0.0045616776,0.0017173629,0.002921124,0.0019864645,0.0013267837,0.0038052902,0.002100668,0.015212585,0.0017991094,0.0021816737,0.003811433,0.906045,0.019546894,0.008040673,0.0016422844,0.0019967037,0.001534941,0.0016557629
21_12141,21_12141.wav,original,21,Insect,3,True,Insect,Insect,False,True,0.0033610098,0.028218897,0.0022839746,0.002472149,0.043027952,0.0014275821,0.0035409194,0.0045030625,0.003897989,0.001771384,0.0075312257,0.007990619,0.007015116,0.0055001043,0.0052552796,0.010066933,0.0023504714,0.003454268,0.007308435,0.006078674,0.8038812,0.01988873,0.0022681167,0.0049306317,0.0036395623,0.004439803,0.003895866
21_12141,21_12141.wav,pitch_down_2,21,Insect,3,True,Insect,Insect,False,True,0.0033610098,0.028218897,0.0022839746,0.002472149,0.043027952,0.0014275821,0.0035409194,0.0045030625,0.003897989,0.001771384,0.0075312257,0.007990619,0.007015116,0.0055001043,0.0052552796,0.010066933,0.0023504714,0.003454268,0.007308435,0.006078674,0.8038812,0.01988873,0.0022681167,0.0049306317,0.0036395623,0.004439803,0.003895866
21_12143,21_12143.wav,pitch_up_2,21,Insect,3,True,Insect,Insect,False,True,0.0026792937,0.0028992787,0.0020172568,0.0015905675,0.0017927376,0.0019483789,0.00211907,0.0012503127,0.0020302737,0.0027429077,0.0017397088,0.004515895,0.0030499157,0.0016740151,0.0025733777,0.0012350157,0.0014104849,0.0022296386,0.0022368287,0.001804008,0.9430733,0.0021120966,0.0018756464,0.002374145,0.0025923674,0.002597025,0.0018365773
21_12145,21_12145.wav,original,21,Insect,3,True,Insect,Insect,False,True,0.0033412755,0.00427162,0.0029420967,0.00097652926,0.0015174724,0.0041274778,0.0015850178,0.0017347602,0.003435978,0.002759899,0.0025164667,0.0042645694,0.0019246866,0.0020031088,0.0029710617,0.0044249673,0.003066438,0.0012763002,0.0024415248,0.005802019,0.86841947,0.0042490936,0.055981856,0.0028753646,0.0042683324,0.003654348,0.003168213
21_12147,21_12147.wav,pitch_down_2,21,Insect,3,True,Insect,Insect,False,True,0.0010896288,0.0025756198,0.0014657257,0.001541101,0.0016172688,0.0063973833,0.001179432,0.0011902415,0.0020391115,0.0023355214,0.0012855026,0.0034613265,0.0013812728,0.0017681228,0.0009503563,0.0017288784,0.0012966488,0.0030254563,0.0024984258,0.0032551289,0.94668907,0.0012116636,0.0017491942,0.0037358068,0.0020601363,0.0016245736,0.00084738457
21_12151,21_12151.wav,pitch_up_2,21,Insect,3,True,Insect,Insect,False,True,0.0015483531,0.0008698261,0.0026356273,0.0011425387,0.0012132375,0.0014700884,0.0028517693,0.002869483,0.0021042759,0.0018331228,0.0013565962,0.0010326584,0.0018342612,0.0017652173,0.0019181309,0.005583228,0.001948211,0.0018375745,0.0011149319,0.0019634084,0.94533515,0.0018236354,0.002574692,0.004868845,0.0030696804,0.0015134161,0.0019220569
21_12153,21_12153.wav,original,21,Insect,3,True,Insect,Insect,False,True,0.00197136,0.0024089182,0.0017456316,0.0024649682,0.0013153459,0.0028299636,0.0018066196,0.0025761528,0.0017736838,0.0021888386,0.0013256812,0.0016117237,0.0035100293,0.0023072641,0.0023457722,0.0021964523,0.0048169666,0.0014398503,0.00077545847,0.0026983665,0.9421138,0.0017609778,0.0030734532,0.0023282971,0.0019864386,0.0014327049,0.0031952157
21_12159,21_12159.wav,pitch_up_2,21,Insect,3,True,Insect,Insect,False,True,0.0019121604,0.0011221339,0.0018913094,0.0013956539,0.0009998506,0.0036570216,0.0021837766,0.0028268164,0.0018953709,0.0011046937,0.0010900846,0.0023422802,0.0014220484,0.001471939,0.002396349,0.0021134529,0.0017119464,0.0014120162,0.0021529223,0.0018989494,0.9518142,0.001033315,0.0042181127,0.0018057766,0.0012738351,0.0016624741,0.0011914748
21_12163,21_12163.wav,pitch_down_2,21,Insect,3,True,Insect,Insect,False,True,0.0040465035,0.004245411,0.0032722645,0.0025406394,0.0028389583,0.004717877,0.0043824883,0.010899752,0.0053694285,0.0035746954,0.0065770014,0.009946824,0.0038232123,0.006043549,0.004802585,0.006352959,0.0037367546,0.009689057,0.004179694,0.007265119,0.86724025,0.0055600065,0.0034861465,0.005012545,0.0035617172,0.003553902,0.0032807365
21_12164,21_12164.wav,pitch_down_2,21,Insect,3,True,Insect,Insect,False,True,0.0013188967,0.0036550944,0.0018990535,0.0026862752,0.0021721162,0.0019525901,0.0027129548,0.0023343991,0.0018570902,0.0011594776,0.001662685,0.0031069473,0.003734245,0.0019531455,0.003202136,0.0025446897,0.0024181693,0.002481797,0.0023119368,0.0040627527,0.9290468,0.0019595434,0.007704457,0.006013243,0.0025570036,0.0015360048,0.0019565073
21_12165,21_12165.wav,pitch_up_2,21,Insect,3,True,Insect,Insect,False,True,0.0019605216,0.0013296405,0.0020120675,0.0011274243,0.0011285995,0.001809123,0.0035778128,0.0035711683,0.003934981,0.0012591458,0.0015949061,0.0015641489,0.0014883362,0.0026094622,0.002177588,0.0044519026,0.0014688495,0.0029972696,0.0013537587,0.0019443812,0.94432354,0.002151787,0.0009900331,0.0025814555,0.003401249,0.0017336361,0.0014571524
21_12166,21_12166.wav,original,21,Insect,3,True,Insect,Insect,False,True,0.0018118465,0.0042610303,0.001537791,0.0014464865,0.004446403,0.0016276889,0.0009935916,0.001001574,0.0010446032,0.0013211473,0.001128343,0.0021233829,0.0019144961,0.0018622818,0.0017290534,0.0011737746,0.0006718587,0.0014405292,0.0011184489,0.0012829924,0.9548456,0.0048173973,0.00076923636,0.0015396989,0.0021418892,0.0012584312,0.00069045246
21_12167,21_12167.wav,original,21,Insect,3,True,Insect,Insect,False,True,0.0014809378,0.0018614223,0.001759803,0.0013646446,0.0012091364,0.0010101693,0.0024290273,0.0019679498,0.0024865002,0.0016487889,0.0010920521,0.0013153412,0.0014147564,0.0018649405,0.0017847527,0.0027066485,0.0012821793,0.0028441718,0.0014767292,0.0016576285,0.95481855,0.001851291,0.0011893912,0.0015399754,0.0013946188,0.002081292,0.0024672674
21_12168,21_12168.wav,original,21,Insect,3,True,Insect,Insect,False,True,0.0022025786,0.002031052,0.0021470732,0.00133732,0.0017665168,0.0011903913,0.0023921125,0.0029007413,0.0027451608,0.0021606295,0.0011607726,0.0021682624,0.002089413,0.0020264776,0.0022311178,0.0043709273,0.0020197483,0.0025839598,0.0018420784,0.002160482,0.9437799,0.002150399,0.0026290708,0.0015493877,0.0018117484,0.0022293602,0.0023233152
21_12170,21_12170.wav,original,21,Insect,3,True,Insect,Insect,False,True,0.0024035454,0.0017166069,0.0021807684,0.0014441538,0.0016502701,0.0020559242,0.0021927932,0.0028132948,0.0029076042,0.0076706805,0.0020064919,0.002942009,0.003524225,0.002336382,0.0019505406,0.0029929893,0.0031142402,0.0021201787,0.0013088584,0.0024454566,0.9205385,0.008530831,0.008216456,0.0024841058,0.003084556,0.0020086314,0.0033598526
21_12172,21_12172.wav,pitch_down_2,21,Insect,3,True,Insect,Insect,False,True,0.0032622814,0.0022027667,0.004517106,0.0025815165,0.15695424,0.0072418894,0.0056506055,0.0027242515,0.0056520477,0.0055914484,0.0017673982,0.008026938,0.0044278726,0.0043784524,0.0035481788,0.0030594438,0.0039219675,0.003486424,0.0032837854,0.0031964101,0.7420583,0.002472835,0.003422364,0.0017750297,0.004739816,0.004815686,0.005240945
21_12172,21_12172.wav,pitch_up_2,21,Insect,3,True,Insect,Insect,False,True,0.0032622814,0.0022027667,0.004517106,0.0025815165,0.15695424,0.0072418894,0.0056506055,0.0027242515,0.0056520477,0.0055914484,0.0017673982,0.008026938,0.0044278726,0.0043784524,0.0035481788,0.0030594438,0.0039219675,0.003486424,0.0032837854,0.0031964101,0.7420583,0.002472835,0.003422364,0.0017750297,0.004739816,0.004815686,0.005240945
21_12173,21_12173.wav,pitch_up_2,21,Insect,3,True,Insect,Insect,False,True,0.0013671215,0.0009909172,0.0016399989,0.0019956494,0.00057770364,0.0030872265,0.0015891682,0.0023187816,0.001440433,0.001986126,0.0008480292,0.003986212,0.001639578,0.0017104611,0.0014201915,0.0014273669,0.001985728,0.0019798926,0.001504506,0.0012026179,0.9546817,0.0014801052,0.0020302704,0.0016239082,0.0016570598,0.0019331399,0.001896097
21_12175,21_12175.wav,pitch_down_2,21,Insect,3,True,Insect,Insect,False,True,0.0034027782,0.0038887134,0.0056936275,0.0009831706,0.004753109,0.0042062853,0.0028839225,0.0032475647,0.0026219606,0.0028511782,0.0014420421,0.0017932245,0.0018381602,0.0020074847,0.0023353582,0.0021654824,0.0018623153,0.00229373,0.0033654848,0.0022305322,0.9180875,0.0021723926,0.009792094,0.004009584,0.002389441,0.00293072,0.004752168
22_12201,22_12201.wav,pitch_down_2,22,Frog,3,True,Frog,Frog,False,True,0.001999025,0.0017134115,0.0021091488,0.001317396,0.00158398,0.0025759265,0.0014949687,0.0014378033,0.002620916,0.0014620102,0.0016088914,0.0012395846,0.0024924257,0.0025246714,0.002545701,0.0015003044,0.0021242385,0.0018950376,0.0013974475,0.0026569983,0.0021419022,0.9459385,0.0021063592,0.0034031952,0.0018102251,0.0015181404,0.004781744
22_12203,22_12203.wav,pitch_down_2,22,Frog,3,True,Frog,Frog,False,True,0.0021224713,0.0014610114,0.001922418,0.0015180659,0.0021166608,0.0017137459,0.0023424493,0.0015548576,0.0019776498,0.0020586615,0.001488079,0.0013797904,0.0019575467,0.0017702868,0.0016260912,0.0024247977,0.0037726595,0.0018696086,0.0016664196,0.0016908847,0.0018117279,0.9499555,0.0031058209,0.002236095,0.001838137,0.0013325494,0.0012860502
22_12204,22_12204.wav,pitch_down_2,22,Frog,3,True,Frog,Frog,False,True,0.0026622147,0.002837281,0.00507365,0.0087779295,0.0014233635,0.0024550846,0.0015031319,0.001600444,0.0030974878,0.0021199312,0.0036358808,0.0042618867,0.0041072373,0.003702201,0.0038521644,0.0018522046,0.0017497073,0.013453946,0.0017148517,0.0054731723,0.001795704,0.90614384,0.0037857837,0.0042532356,0.00262687,0.003131495,0.0029093213
22_12205,22_12205.wav,original,22,Frog,3,True,Frog,Frog,False,True,0.0013108156,0.0010557091,0.0016782066,0.0017304117,0.0018106367,0.0011828396,0.0019062789,0.00085570384,0.0016466252,0.0015529589,0.0025515815,0.0020120419,0.0021922293,0.0017647768,0.0021899294,0.0010906272,0.0012875723,0.0017275233,0.001148521,0.0010407582,0.0009748223,0.95464677,0.0015675345,0.003209789,0.0028252043,0.0013240498,0.0037161382
22_12206,22_12206.wav,original,22,Frog,3,True,Frog,Frog,False,True,0.0021103,0.0030191233,0.0032267834,0.0023777096,0.0024156484,0.002117775,0.0022972168,0.0021454406,0.002284542,0.0020765995,0.0030357328,0.0015191197,0.0025598211,0.0021617964,0.0025109292,0.0026643893,0.002161587,0.0027098584,0.002220206,0.003576678,0.0015331516,0.93281007,0.00253856,0.00310801,0.0024069715,0.0027388635,0.005673133
22_12207,22_12207.wav,pitch_up_2,22,Frog,3,True,Frog,Frog,False,True,0.0015205074,0.0013130904,0.0015226281,0.001493564,0.0018776032,0.0017322077,0.001628716,0.0021984372,0.001728327,0.0025529803,0.0014324873,0.0013714177,0.0019081603,0.0016076295,0.0014352145,0.0022153405,0.003355983,0.0017782664,0.0014795274,0.0017518378,0.0011892519,0.9542343,0.0023398586,0.0019664695,0.001275174,0.001812304,0.0012787771
22_12208,22_12208.wav,pitch_down_2,22,Frog,3,True,Frog,Frog,False,True,0.0027954218,0.0019072724,0.0024829123,0.0016846444,0.0023397573,0.0033251669,0.002675459,0.0024819367,0.0018228227,0.0031132654,0.0025911776,0.0024057976,0.003904302,0.0053985124,0.0013995949,0.0039665443,0.003259249,0.0020726009,0.0022638116,0.0027749126,0.0018281955,0.92618567,0.004694166,0.0037610538,0.003930132,0.002422859,0.0025127379
22_12212,22_12212.wav,pitch_up_2,22,Frog,3,True,Frog,Frog,False,True,0.0024049801,0.0036120645,0.0033155773,0.004362438,0.00443401,0.0033543494,0.0029885576,0.0028621934,0.0035134126,0.0044386736,0.0026568423,0.0024937503,0.0037922866,0.002605128,0.0013417286,0.0057479963,0.0041588754,0.0037435654,0.0023823942,0.0059583657,0.003722708,0.8828146,0.020540986,0.0049879723,0.0032292895,0.0033817387,0.011155573
22_12213,22_12213.wav,pitch_down_2,22,Frog,3,True,Frog,Frog,False,True,0.0018335195,0.0020700588,0.0022238425,0.0028646898,0.0016123386,0.0023500195,0.0038474181,0.0016999552,0.0024133583,0.0025007136,0.0032296565,0.0015050047,0.0015278957,0.0015797974,0.0038717447,0.0022614442,0.001823165,0.003041859,0.0017593977,0.0018561973,0.0018942588,0.9338114,0.0025135633,0.0026212633,0.011086789,0.0013460792,0.000854633
22_12214,22_12214.wav,original,22,Frog,3,True,Speaking,Frog,True,True,0.0040392717,0.0066404715,0.0071925186,0.010747056,0.0014409391,0.0057562278,0.0060789157,0.0034909574,0.003803977,0.0033667593,0.0049978667,0.0026573467,0.008956707,0.005610528,0.0030970925,0.0035574667,0.0031033624,0.19985694,0.0030395368,0.007600239,0.0032266744,0.6652105,0.0078095687,0.0065813884,0.0036774075,0.0077269115,0.010733397
22_12215,22_12215.wav,pitch_down_2,22,Frog,3,True,Frog,Frog,False,True,0.0035302697,0.0023469438,0.0052563176,0.0026279076,0.004638093,0.003816207,0.0044876076,0.0025678484,0.0023751229,0.0033146944,0.002252249,0.0045775324,0.004838834,0.0027868694,0.0024621128,0.0025280998,0.002466633,0.0024051003,0.005468395,0.0031550706,0.014633511,0.8601558,0.0005883305,0.0028886602,0.0035857512,0.0024264967,0.047819495
22_12218,22_12218.wav,pitch_up_2,22,Frog,3,True,Frog,Frog,False,True,0.0008080562,0.0019698224,0.0007850533,0.0021175619,0.0020274497,0.0013206062,0.0021230632,0.0010842487,0.0014475561,0.0019055229,0.0023734919,0.0028036481,0.0016457927,0.0016390443,0.0011164533,0.0018892296,0.002644657,0.0016319574,0.0020804566,0.0009202075,0.0013051447,0.95572585,0.001295451,0.0020384574,0.0030692534,0.0013638079,0.0008681723
22_12219,22_12219.wav,pitch_up_2,22,Frog,3,True,Frog,Frog,False,True,0.0017620657,0.0017375172,0.0018879458,0.0014684036,0.0020311372,0.0014858375,0.0015699165,0.0012092427,0.0016080743,0.0016089501,0.0015038205,0.0014151554,0.0014432553,0.0016476074,0.0019589995,0.001463127,0.0019434938,0.0016800077,0.0015729335,0.0013825769,0.00066344143,0.95903754,0.0012913458,0.0016154853,0.0015473122,0.0015148735,0.0019499775
22_12220,22_12220.wav,pitch_down_2,22,Frog,3,True,Frog,Frog,False,True,0.0015630567,0.0018218858,0.0015742459,0.0013071863,0.0023428334,0.001513376,0.0020420833,0.0017905473,0.00157686,0.002277552,0.0015469738,0.0018864694,0.0022148972,0.0015798303,0.0014123408,0.0021399444,0.0049848906,0.0014710412,0.0019991237,0.0022143044,0.0013080701,0.9505143,0.0021753495,0.0021427732,0.0017068387,0.0011784406,0.0017148078
22_12221,22_12221.wav,original,22,Frog,3,True,Frog,Frog,False,True,0.001556038,0.0019120636,0.0014050201,0.0011741976,0.0016233627,0.0018172925,0.0019120624,0.001571488,0.0016547521,0.0017177011,0.002015493,0.001399741,0.0016800327,0.0012904167,0.0018596994,0.0021433106,0.0018333119,0.001495988,0.0019434886,0.0015618228,0.0017591579,0.95652515,0.0017360337,0.0013534186,0.0017434838,0.0016759752,0.0016394611
22_12221,22_12221.wav,pitch_down_2,22,Frog,3,True,Frog,Frog,False,True,0.001556038,0.0019120636,0.0014050201,0.0011741976,0.0016233627,0.0018172925,0.0019120624,0.001571488,0.0016547521,0.0017177011,0.002015493,0.001399741,0.0016800327,0.0012904167,0.0018596994,0.0021433106,0.0018333119,0.001495988,0.0019434886,0.0015618228,0.0017591579,0.95652515,0.0017360337,0.0013534186,0.0017434838,0.0016759752,0.0016394611
22_12222,22_12222.wav,original,22,Frog,3,True,Frog,Frog,False,True,0.0021066882,0.0024635831,0.0027986774,0.0011278788,0.001942752,0.0018866904,0.0022231739,0.0040946566,0.004119933,0.0017632068,0.003401817,0.003025149,0.0018171595,0.0018871649,0.0028816375,0.0019746714,0.0025545498,0.0022109598,0.0025978775,0.0027399426,0.0013719657,0.9358544,0.0022067677,0.0035676437,0.001956479,0.0022431,0.0031815355
22_12226,22_12226.wav,original,22,Frog,3,True,Frog,Frog,False,True,0.0021006647,0.0016071862,0.0014201506,0.0010527665,0.0020080844,0.0021942481,0.002348365,0.002649401,0.0014927859,0.0016950181,0.0023571479,0.0020180258,0.0017108861,0.0018337453,0.0019081809,0.0020342462,0.0019519093,0.0022339278,0.0016002841,0.0014542546,0.0014665626,0.94866896,0.002717994,0.0027016506,0.0031165255,0.0022407745,0.0014162553
22_12227,22_12227.wav,pitch_down_2,22,Frog,3,True,Frog,Frog,False,True,0.00160518,0.0034053142,0.0035868725,0.0062521584,0.0032519673,0.0019265544,0.002497374,0.004159578,0.0016777854,0.0044400156,0.0025853382,0.00093157945,0.0014844701,0.002272636,0.0021306777,0.002574309,0.003974526,0.001561015,0.0034153685,0.0026188407,0.0017103065,0.92673725,0.004079476,0.0046397173,0.0034157226,0.002055442,0.0010104893
22_12227,22_12227.wav,pitch_up_2,22,Frog,3,True,Frog,Frog,False,True,0.00160518,0.0034053142,0.0035868725,0.0062521584,0.0032519673,0.0019265544,0.002497374,0.004159578,0.0016777854,0.0044400156,0.0025853382,0.00093157945,0.0014844701,0.002272636,0.0021306777,0.002574309,0.003974526,0.001561015,0.0034153685,0.0026188407,0.0017103065,0.92673725,0.004079476,0.0046397173,0.0034157226,0.002055442,0.0010104893
22_12230,22_12230.wav,pitch_up_2,22,Frog,3,True,Frog,Frog,False,True,0.0014441214,0.0015710703,0.002055744,0.0020055694,0.0013125454,0.0015940507,0.0017098743,0.0016240547,0.0014259852,0.0015647998,0.0017309851,0.0013033614,0.001700481,0.0016362258,0.0017115328,0.002386961,0.0020994376,0.0017605112,0.0016595883,0.0020228224,0.0028313093,0.9511551,0.000829532,0.0016125437,0.002372064,0.005229781,0.0016498688
22_12232,22_12232.wav,original,22,Frog,3,True,Frog,Frog,False,True,0.0029858586,0.0030675384,0.0018333234,0.002001318,0.0017900304,0.0015016501,0.003239588,0.0014802674,0.0023024406,0.0029326892,0.0034422,0.0028564632,0.0025666868,0.0020701813,0.0020838547,0.0022583234,0.002345689,0.0018199178,0.0023396823,0.001923303,0.009865654,0.9344848,0.0019804633,0.0012969222,0.0019026496,0.0023398653,0.001288651
22_12235,22_12235.wav,pitch_down_2,22,Frog,3,True,Frog,Frog,False,True,0.002435658,0.0024909351,0.0021397714,0.0021785635,0.0024489353,0.0022698354,0.0022035295,0.0023560596,0.0026750087,0.0022402676,0.002171226,0.0018594203,0.002463997,0.002098921,0.0023832014,0.002386328,0.00257793,0.0023614417,0.002598421,0.0016148033,0.0020903053,0.9417142,0.0018395359,0.0017549205,0.002060124,0.0025297187,0.0020568895
22_12238,22_12238.wav,pitch_down_2,22,Frog,3,True,Frog,Frog,False,True,0.002197664,0.001721581,0.0012576383,0.00091089617,0.0014390432,0.0018749535,0.0018125285,0.0019325392,0.001970983,0.0018113079,0.001383766,0.0015227861,0.0016170252,0.001981471,0.0020602262,0.0017949827,0.001958279,0.0015634947,0.0018003116,0.0014520441,0.0016471233,0.95465046,0.0025600402,0.0016344879,0.0021668512,0.0020130293,0.0012644416
22_12239,22_12239.wav,original,22,Frog,3,True,Frog,Frog,False,True,0.0025022666,0.002771844,0.0016544489,0.0015890268,0.0017595994,0.0017542122,0.0017360072,0.0016000845,0.0028809253,0.0019121616,0.0014967903,0.0019675351,0.001954655,0.0023018576,0.0018827593,0.0022584682,0.0025805202,0.0018360224,0.0024764638,0.001289301,0.0030972378,0.9472175,0.0015796158,0.0015059641,0.0021600353,0.0023208559,0.0019137989
22_12243,22_12243.wav,pitch_down_2,22,Frog,3,True,Frog,Frog,False,True,0.0016559297,0.0028336595,0.0019001113,0.0010074467,0.0045192093,0.0013026415,0.0020818354,0.0027046718,0.0015312702,0.0024437958,0.0016940223,0.001906749,0.00156491,0.0019620468,0.0022457747,0.001680729,0.0014184602,0.0017766891,0.002231179,0.002012165,0.0023199758,0.94560534,0.003236648,0.0023597537,0.0017558732,0.0016449693,0.0026041097
22_12243,22_12243.wav,pitch_up_2,22,Frog,3,True,Frog,Frog,False,True,0.0016559297,0.0028336595,0.0019001113,0.0010074467,0.0045192093,0.0013026415,0.0020818354,0.0027046718,0.0015312702,0.0024437958,0.0016940223,0.001906749,0.00156491,0.0019620468,0.0022457747,0.001680729,0.0014184602,0.0017766891,0.002231179,0.002012165,0.0023199758,0.94560534,0.003236648,0.0023597537,0.0017558732,0.0016449693,0.0026041097
22_12244,22_12244.wav,original,22,Frog,3,True,Frog,Frog,False,True,0.005685937,0.001981621,0.005639475,0.0045736455,0.004190888,0.0058351806,0.007940927,0.005857566,0.006299718,0.0038230314,0.0035717655,0.0069540553,0.0058219316,0.0060542994,0.0034579483,0.0052592754,0.025192864,0.0074703638,0.005774241,0.004634175,0.08516565,0.7523074,0.0050023566,0.006001228,0.00742089,0.0061408915,0.011942622
22_12244,22_12244.wav,pitch_down_2,22,Frog,3,True,Frog,Frog,False,True,0.005685937,0.001981621,0.005639475,0.0045736455,0.004190888,0.0058351806,0.007940927,0.005857566,0.006299718,0.0038230314,0.0035717655,0.0069540553,0.0058219316,0.0060542994,0.0034579483,0.0052592754,0.025192864,0.0074703638,0.005774241,0.004634175,0.08516565,0.7523074,0.0050023566,0.006001228,0.00742089,0.0061408915,0.011942622
22_12246,22_12246.wav,pitch_up_2,22,Frog,3,True,Frog,Frog,False,True,0.0013052379,0.0014681997,0.001294002,0.0010005386,0.001338008,0.0016896683,0.0013196486,0.0019351832,0.0015184927,0.001313821,0.0026112844,0.0014047475,0.001103741,0.0015499612,0.0015750743,0.00162083,0.00088672753,0.0013433801,0.001313564,0.0010634073,0.002112298,0.9618184,0.0011572395,0.0015732682,0.0016124422,0.0021696468,0.00090120244
22_12247,22_12247.wav,original,22,Frog,3,True,VehicleEngine,Frog,True,True,0.014498449,0.009827836,0.007789038,0.008130039,0.009745541,0.008168035,0.0037513664,0.0054804184,0.25684333,0.0076096114,0.006250815,0.00419246,0.008178357,0.0077547207,0.00683544,0.007176938,0.009303327,0.012060285,0.0077343043,0.009283924,0.007440354,0.53183824,0.011489461,0.011394656,0.012309452,0.009237446,0.0056762677
22_12247,22_12247.wav,pitch_down_2,22,Frog,3,True,Frog,Frog,False,True,0.014498449,0.009827836,0.007789038,0.008130039,0.009745541,0.008168035,0.0037513664,0.0054804184,0.25684333,0.0076096114,0.006250815,0.00419246,0.008178357,0.0077547207,0.00683544,0.007176938,0.009303327,0.012060285,0.0077343043,0.009283924,0.007440354,0.53183824,0.011489461,0.011394656,0.012309452,0.009237446,0.0056762677
22_12249,22_12249.wav,pitch_down_2,22,Frog,3,True,Frog,Frog,False,True,0.0016305078,0.0020160442,0.0018314387,0.0012743162,0.0011196961,0.0023837762,0.0020680076,0.0014884439,0.0016183589,0.0017330991,0.0015455075,0.0021102144,0.002436116,0.0014858533,0.002282649,0.0020210557,0.0013542273,0.0017762185,0.0018840418,0.0025934188,0.0013606711,0.951516,0.0021092475,0.002188543,0.001751902,0.001934785,0.0024858993
22_12256,22_12256.wav,original,22,Frog,3,True,Frog,Frog,False,True,0.0022476094,0.0013595554,0.0020345978,0.001283301,0.0020689096,0.0016589123,0.002149508,0.0021306183,0.0016481527,0.0018473995,0.0014962564,0.0018330835,0.0014663046,0.0019499011,0.0018008599,0.0017424173,0.0033518982,0.0014681598,0.0022413107,0.001489257,0.0034780232,0.94935936,0.0026394287,0.002399565,0.0027311596,0.0012564426,0.0008680373
22_12257,22_12257.wav,pitch_down_2,22,Frog,3,True,Frog,Frog,False,True,0.00365565,0.003822619,0.003217789,0.0030251283,0.0034993086,0.002418427,0.002870998,0.0030453252,0.00226614,0.0033042503,0.0031133702,0.0038194004,0.0027980432,0.0026776586,0.0025311585,0.0028686633,0.0030810684,0.002399836,0.002596203,0.0029071022,0.005547007,0.91706395,0.005917544,0.0027100395,0.0029226306,0.0022051693,0.0037156043
22_12260,22_12260.wav,original,22,Frog,3,True,Frog,Frog,False,True,0.0014389158,0.0018402323,0.001452079,0.0015813505,0.0018001074,0.001405368,0.0022055267,0.0025478103,0.0013262784,0.0023225213,0.0026899052,0.0015921197,0.0013260926,0.0016787789,0.0016169191,0.0023150172,0.0015598508,0.0015736548,0.0013654577,0.0016435403,0.0019087024,0.9546519,0.0017790465,0.0014368257,0.0012863966,0.0017800889,0.001875356
22_12263,22_12263.wav,original,22,Frog,3,False,Speaking,Insect,True,False,0.013613141,0.006472688,0.020568486,0.0038614962,0.005663836,0.0060097557,0.022720208,0.020358607,0.03320196,0.015847545,0.007340674,0.029591948,0.004033741,0.017230501,0.018872743,0.0069245677,0.0219912,0.13834414,0.009937597,0.0052890866,0.43878755,0.036094595,0.009902335,0.008904489,0.008444535,0.008893295,0.08109925
22_12263,22_12263.wav,pitch_down_2,22,Frog,3,False,Insect,Insect,False,False,0.013613141,0.006472688,0.020568486,0.0038614962,0.005663836,0.0060097557,0.022720208,0.020358607,0.03320196,0.015847545,0.007340674,0.029591948,0.004033741,0.017230501,0.018872743,0.0069245677,0.0219912,0.13834414,0.009937597,0.0052890866,0.43878755,0.036094595,0.009902335,0.008904489,0.008444535,0.008893295,0.08109925
22_12263,22_12263.wav,pitch_up_2,22,Frog,3,False,Insect,Insect,False,False,0.013613141,0.006472688,0.020568486,0.0038614962,0.005663836,0.0060097557,0.022720208,0.020358607,0.03320196,0.015847545,0.007340674,0.029591948,0.004033741,0.017230501,0.018872743,0.0069245677,0.0219912,0.13834414,0.009937597,0.0052890866,0.43878755,0.036094595,0.009902335,0.008904489,0.008444535,0.008893295,0.08109925
22_12272,22_12272.wav,original,22,Frog,3,False,Frog,Frog,False,True,0.0017354157,0.0020839376,0.0011973652,0.0014721357,0.0013325011,0.0017452874,0.0015329112,0.0014016428,0.0014442463,0.00185075,0.0021374484,0.0016194243,0.0017550029,0.0015162901,0.0011882648,0.002454967,0.00090460683,0.0015450511,0.0014388765,0.0010122949,0.002610784,0.95899945,0.0014469792,0.0010585393,0.0015789574,0.0020852294,0.0008516375
22_12272,22_12272.wav,pitch_down_2,22,Frog,3,False,Frog,Frog,False,True,0.0017354157,0.0020839376,0.0011973652,0.0014721357,0.0013325011,0.0017452874,0.0015329112,0.0014016428,0.0014442463,0.00185075,0.0021374484,0.0016194243,0.0017550029,0.0015162901,0.0011882648,0.002454967,0.00090460683,0.0015450511,0.0014388765,0.0010122949,0.002610784,0.95899945,0.0014469792,0.0010585393,0.0015789574,0.0020852294,0.0008516375
22_12272,22_12272.wav,pitch_up_2,22,Frog,3,False,Frog,Frog,False,True,0.0017354157,0.0020839376,0.0011973652,0.0014721357,0.0013325011,0.0017452874,0.0015329112,0.0014016428,0.0014442463,0.00185075,0.0021374484,0.0016194243,0.0017550029,0.0015162901,0.0011882648,0.002454967,0.00090460683,0.0015450511,0.0014388765,0.0010122949,0.002610784,0.95899945,0.0014469792,0.0010585393,0.0015789574,0.0020852294,0.0008516375
22_12273,22_12273.wav,original,22,Frog,3,True,Frog,Frog,False,True,0.0012543664,0.0016296065,0.0017230975,0.0016388934,0.0015696761,0.00203018,0.0018520592,0.0020009922,0.0011511878,0.0020158545,0.0040592775,0.0015136047,0.0014102691,0.0012180634,0.0014493056,0.0040812176,0.0007976361,0.001400555,0.0016677333,0.0019390313,0.002438469,0.9550314,0.0009909114,0.0008747469,0.0010488033,0.0019718509,0.0012412026
22_12274,22_12274.wav,original,22,Frog,3,True,Frog,Frog,False,True,0.0015017834,0.0014799322,0.0013654843,0.0012591414,0.0012194224,0.0013376707,0.0013113399,0.0013233818,0.0013363706,0.0014413228,0.0016646925,0.0018532187,0.0015802355,0.0018794965,0.0015637608,0.0010948746,0.0011400464,0.0014393177,0.0010187955,0.0013791984,0.0009885714,0.9622541,0.0014908542,0.0020633794,0.0021355767,0.0013621877,0.0015157737
22_12275,22_12275.wav,original,22,Frog,3,True,Insect,Frog,True,True,0.0036075807,0.0032198636,0.0035983503,0.0030867022,0.0013261717,0.006687498,0.0027260317,0.003336953,0.002531011,0.0020310676,0.0034826768,0.0017718371,0.002567658,0.0031451487,0.0024076428,0.0034344632,0.0016603185,0.0035498335,0.0031849127,0.0014541034,0.25972354,0.66736454,0.0017692643,0.002508668,0.0033140779,0.0031991375,0.0033109747
23_12303,23_12303.wav,original,23,BirdChirping,3,True,BirdChirping,BirdChirping,False,True,0.0011594667,0.0015402626,0.0015354967,0.0013281176,0.0011934609,0.0016089646,0.0010357115,0.0011405414,0.0014739562,0.0035954881,0.0014995615,0.0021611152,0.002207963,0.0017665211,0.0015577967,0.0024054388,0.0015741253,0.0011436563,0.0011528941,0.0017618696,0.0011800256,0.0032418603,0.9532415,0.0028669164,0.0021532096,0.0014362537,0.003037845
23_12303,23_12303.wav,pitch_down_2,23,BirdChirping,3,True,BirdChirping,BirdChirping,False,True,0.0011594667,0.0015402626,0.0015354967,0.0013281176,0.0011934609,0.0016089646,0.0010357115,0.0011405414,0.0014739562,0.0035954881,0.0014995615,0.0021611152,0.002207963,0.0017665211,0.0015577967,0.0024054388,0.0015741253,0.0011436563,0.0011528941,0.0017618696,0.0011800256,0.0032418603,0.9532415,0.0028669164,0.0021532096,0.0014362537,0.003037845
23_12304,23_12304.wav,pitch_down_2,23,BirdChirping,3,True,BirdChirping,BirdChirping,False,True,0.0035487702,0.0036739025,0.0030476544,0.0010064123,0.0023257544,0.002586148,0.0017509866,0.004016977,0.0031099487,0.004924608,0.0018189714,0.0036904607,0.0038781185,0.0029702447,0.0039613866,0.0032908928,0.0042501176,0.002108888,0.0032638225,0.0028950386,0.0039884285,0.0069487016,0.8992513,0.0048090615,0.013667293,0.0019313408,0.0072847777
23_12304,23_12304.wav,pitch_up_2,23,BirdChirping,3,True,BirdChirping,BirdChirping,False,True,0.0035487702,0.0036739025,0.0030476544,0.0010064123,0.0023257544,0.002586148,0.0017509866,0.004016977,0.0031099487,0.004924608,0.0018189714,0.0036904607,0.0038781185,0.0029702447,0.0039613866,0.0032908928,0.0042501176,0.002108888,0.0032638225,0.0028950386,0.0039884285,0.0069487016,0.8992513,0.0048090615,0.013667293,0.0019313408,0.0072847777
23_12306,23_12306.wav,pitch_down_2,23,BirdChirping,3,True,BirdChirping,BirdChirping,False,True,0.0015539905,0.001752255,0.0018127064,0.0009296664,0.0013271276,0.0016347164,0.0015841261,0.0024652947,0.0029765617,0.0016852636,0.0016344544,0.0015237662,0.0013831997,0.0013503578,0.0016631564,0.0012004812,0.0015320886,0.001959159,0.00168147,0.0012489021,0.001355416,0.0015120264,0.95912147,0.0013154227,0.0014563889,0.0012160995,0.0011244431
23_12307,23_12307.wav,pitch_down_2,23,BirdChirping,3,True,BirdChirping,BirdChirping,False,True,0.0021772643,0.002331098,0.0019395404,0.0016250433,0.0016810981,0.0029429502,0.0019221599,0.0065875743,0.0025176033,0.0025322558,0.0027533686,0.0054011084,0.0022775193,0.0016721127,0.0019651817,0.0017657982,0.0030904592,0.0023814037,0.0031989578,0.0016163858,0.002674592,0.0020086875,0.9334441,0.0024178766,0.0017336365,0.0032326076,0.0021095665
23_12313,23_12313.wav,original,23,BirdChirping,3,True,BirdChirping,BirdChirping,False,True,0.0015763178,0.0014952169,0.002003801,0.00102992,0.0012377672,0.0012401912,0.0019236597,0.0020687701,0.0016250586,0.0019055614,0.0017043493,0.0017601495,0.0019149022,0.0016494388,0.001785481,0.0018390849,0.0023668187,0.0014692456,0.0017774088,0.0025130722,0.0008591625,0.0015336489,0.95342064,0.0021741055,0.001990846,0.0018746039,0.0032606788
23_12314,23_12314.wav,pitch_up_2,23,BirdChirping,3,True,BirdChirping,BirdChirping,False,True,0.0011650812,0.0022020137,0.0017254673,0.0011328164,0.001997542,0.0008271926,0.0021183004,0.0017901632,0.0014767381,0.0014602896,0.0019952462,0.00152988,0.0020871847,0.0013573294,0.0017668788,0.0016940605,0.0023168789,0.0016799934,0.0016032733,0.0021358938,0.0017058748,0.0010520654,0.95472336,0.0022003446,0.0018964462,0.001539908,0.002819759
23_12315,23_12315.wav,pitch_up_2,23,BirdChirping,3,True,BirdChirping,BirdChirping,False,True,0.0017077271,0.0022248954,0.0018346187,0.0016230609,0.0016650697,0.001216509,0.0028228983,0.001841227,0.0019293837,0.0026077833,0.0019414589,0.0014796952,0.0025046149,0.0016652086,0.004757156,0.0016012114,0.0032728463,0.008096046,0.0032717604,0.002533117,0.0025697344,0.0018282244,0.93654364,0.003130719,0.0019483991,0.0016728773,0.0017100833
23_12318,23_12318.wav,pitch_down_2,23,BirdChirping,3,True,BirdChirping,BirdChirping,False,True,0.0021114289,0.0030497897,0.0016231191,0.00084763276,0.0011491772,0.00084796053,0.0010987086,0.0020077778,0.0016693092,0.0018180265,0.0019015899,0.0012305042,0.0017076083,0.0015697242,0.0032521328,0.001070546,0.0020846718,0.0012042489,0.0014049403,0.0020268203,0.0015920986,0.0022491734,0.95491153,0.0011235708,0.002138178,0.0014085211,0.0029012377
23_12319,23_12319.wav,pitch_up_2,23,BirdChirping,3,True,BirdChirping,BirdChirping,False,True,0.0021045853,0.0025283184,0.001849575,0.0017008822,0.0013762116,0.0016632028,0.0010635877,0.0019998108,0.0013553322,0.0021556646,0.0018659675,0.0012233906,0.0024788354,0.0016504423,0.002288927,0.0012622401,0.0019471301,0.0013674949,0.0013784549,0.002399969,0.0016333429,0.0018216213,0.95315117,0.0010381569,0.0016896989,0.0011442289,0.00386176
23_12321,23_12321.wav,pitch_down_2,23,BirdChirping,3,True,BirdChirping,BirdChirping,False,True,0.0031221437,0.0030398415,0.0025805505,0.0029381306,0.0015132733,0.0048760506,0.0041548335,0.0076262862,0.0029009152,0.0022349383,0.00870753,0.00532748,0.0061177877,0.0030950762,0.0020897714,0.0049203285,0.0047138017,0.0020083818,0.0015838725,0.0032749928,0.0062186085,0.07231513,0.8337875,0.0047599524,0.0023396758,0.0028447586,0.00090834004
23_12322,23_12322.wav,original,23,BirdChirping,3,True,BirdChirping,BirdChirping,False,True,0.0050947373,0.0024753103,0.0024808566,0.0032199929,0.0042812233,0.0012189533,0.004161367,0.0031857602,0.0027188852,0.0057023964,0.0026413866,0.0015079258,0.0031528093,0.0019398566,0.003969338,0.008738917,0.0024863111,0.0030692033,0.0029724261,0.0026543934,0.020877346,0.002210859,0.8823648,0.011205535,0.0030309781,0.0036080116,0.009030428
23_12324,23_12324.wav,pitch_down_2,23,BirdChirping,3,True,BirdChirping,BirdChirping,False,True,0.0039053382,0.0037975644,0.0021213982,0.004864396,0.0013691611,0.0011129976,0.0018885247,0.0014999168,0.002619949,0.0016095018,0.0026894126,0.0015376424,0.0022907264,0.002170488,0.0016824668,0.0018061651,0.0029792849,0.002062667,0.0015582358,0.0018828375,0.0027551192,0.0016088091,0.9373247,0.0046902234,0.0019136616,0.002458364,0.0038004944
23_12325,23_12325.wav,original,23,BirdChirping,3,True,BirdChirping,BirdChirping,False,True,0.0016668233,0.0016423105,0.001398115,0.0016423855,0.0018027859,0.001447686,0.002273965,0.002127705,0.0017211704,0.0016361973,0.0015790798,0.0011144431,0.0040846313,0.0010019684,0.0017498838,0.0022589853,0.0019376907,0.0016735228,0.001352327,0.00082869845,0.0027303926,0.0014870223,0.95433646,0.0018436637,0.002013254,0.001172429,0.001476368
23_12328,23_12328.wav,pitch_up_2,23,BirdChirping,3,True,BirdChirping,BirdChirping,False,True,0.0023569625,0.0054198573,0.003632638,0.0019533886,0.0017222483,0.0017811876,0.0022033472,0.00741875,0.008652311,0.0033133153,0.0033220656,0.0014766004,0.0020943715,0.0029357977,0.0031691361,0.0025996568,0.0025901508,0.0022038117,0.0021073131,0.0018091049,0.0036931708,0.0027670905,0.92307806,0.0024753634,0.0016258304,0.0019079791,0.0016905012
23_12330,23_12330.wav,original,23,BirdChirping,3,True,BirdChirping,BirdChirping,False,True,0.0033140227,0.0028323373,0.0033332387,0.0012126627,0.00096924783,0.006505918,0.002779807,0.0019135899,0.0020326648,0.0034430306,0.003150766,0.001671941,0.0018506408,0.0018640902,0.0026568396,0.004011275,0.0019174862,0.010718472,0.0015537419,0.0030253173,0.001387322,0.0009326367,0.90916634,0.0029478166,0.0034347894,0.003938752,0.017435297
23_12332,23_12332.wav,original,23,BirdChirping,3,True,BirdChirping,BirdChirping,False,True,0.002717042,0.0012109248,0.0028363485,0.0029364729,0.0009810929,0.004749613,0.002587485,0.0025506855,0.0027598776,0.0022099519,0.003231608,0.003266855,0.0031074134,0.0039352374,0.002766046,0.0032031594,0.001306252,0.0028045252,0.0022994347,0.0023619444,0.0037183615,0.0015788684,0.9281852,0.0030000776,0.0028654395,0.0027399734,0.004090085
23_12332,23_12332.wav,pitch_down_2,23,BirdChirping,3,True,BirdChirping,BirdChirping,False,True,0.002717042,0.0012109248,0.0028363485,0.0029364729,0.0009810929,0.004749613,0.002587485,0.0025506855,0.0027598776,0.0022099519,0.003231608,0.003266855,0.0031074134,0.0039352374,0.002766046,0.0032031594,0.001306252,0.0028045252,0.0022994347,0.0023619444,0.0037183615,0.0015788684,0.9281852,0.0030000776,0.0028654395,0.0027399734,0.004090085
23_12333,23_12333.wav,pitch_down_2,23,BirdChirping,3,True,BirdChirping,BirdChirping,False,True,0.0041973754,0.004233222,0.0018043554,0.0024058768,0.0022055225,0.0011031277,0.0016854488,0.005196444,0.0013182387,0.0022273907,0.0020401361,0.0014901576,0.0029934633,0.002307781,0.002319366,0.001885158,0.0020907358,0.0015364868,0.0015406728,0.0011144211,0.0030285853,0.0011223907,0.942334,0.0018427019,0.0013942639,0.0023738951,0.002208872
23_12337,23_12337.wav,pitch_down_2,23,BirdChirping,3,True,BirdChirping,BirdChirping,False,True,0.0019145743,0.0013296005,0.0015020982,0.002311849,0.002244056,0.0025255443,0.002689152,0.001363868,0.0027827502,0.0024748372,0.0010866617,0.0015535791,0.0013306645,0.001675984,0.0028111788,0.0013059113,0.002290354,0.0019313806,0.0018678006,0.0016740031,0.0057521393,0.0025799915,0.94043964,0.0014387761,0.0027403552,0.002332205,0.006051146
23_12339,23_12339.wav,pitch_down_2,23,BirdChirping,3,True,BirdChirping,BirdChirping,False,True,0.0020377433,0.0046679154,0.0019163103,0.001819882,0.0014272843,0.0021223382,0.002215469,0.002819029,0.004111091,0.0014259027,0.004753852,0.0029569387,0.003722852,0.00410679,0.0016604572,0.0031716963,0.006954321,0.00130142,0.0027692907,0.0020388288,0.0013265329,0.003827462,0.92213756,0.0036224492,0.0028550096,0.0020546764,0.0061768554
23_12339,23_12339.wav,pitch_up_2,23,BirdChirping,3,True,BirdChirping,BirdChirping,False,True,0.0020377433,0.0046679154,0.0019163103,0.001819882,0.0014272843,0.0021223382,0.002215469,0.002819029,0.004111091,0.0014259027,0.004753852,0.0029569387,0.003722852,0.00410679,0.0016604572,0.0031716963,0.006954321,0.00130142,0.0027692907,0.0020388288,0.0013265329,0.003827462,0.92213756,0.0036224492,0.0028550096,0.0020546764,0.0061768554
23_12340,23_12340.wav,pitch_down_2,23,BirdChirping,3,True,BirdChirping,BirdChirping,False,True,0.0018478424,0.002872182,0.0010299338,0.00071373925,0.0017971889,0.0010725041,0.0008294005,0.0010415989,0.002068055,0.0007975009,0.0017403802,0.0010978972,0.0020159406,0.0016540106,0.0012684999,0.0017463841,0.0050901487,0.0009343552,0.0015568192,0.0018626117,0.0011936339,0.0014509858,0.95837635,0.0010208214,0.00145497,0.0018607668,0.001605495
23_12342,23_12342.wav,original,23,BirdChirping,3,True,BirdChirping,BirdChirping,False,True,0.002437276,0.0024118156,0.0019965505,0.001284759,0.0016245446,0.0011118215,0.0012791298,0.0011265264,0.0018482617,0.0031711624,0.0013429838,0.001622681,0.0015129084,0.001727101,0.0018058037,0.0006242315,0.002711889,0.0011897855,0.002144045,0.0012427584,0.0012044003,0.0021680424,0.95049614,0.0033077851,0.0033432655,0.0017165147,0.003547781
23_12343,23_12343.wav,pitch_down_2,23,BirdChirping,3,True,BirdChirping,BirdChirping,False,True,0.0022779652,0.0019020998,0.002331605,0.0014558862,0.0016305324,0.0010335441,0.0008248431,0.0022497515,0.002238189,0.0039745797,0.0019379314,0.0039501963,0.0018840744,0.0021797298,0.0025244236,0.0010471516,0.0035732614,0.0027522214,0.0024867663,0.0016805716,0.0012266962,0.0016263042,0.94302845,0.0019437858,0.002111748,0.0025235994,0.0036041315
23_12348,23_12348.wav,pitch_up_2,23,BirdChirping,3,True,BirdChirping,BirdChirping,False,True,0.001889187,0.0016552806,0.0018521039,0.001460936,0.0011423073,0.0027051829,0.001486755,0.0032147148,0.0016500124,0.0020671126,0.0019363519,0.00086074555,0.0012872545,0.0013179103,0.002022425,0.0013953726,0.0017382189,0.0017025353,0.0019037639,0.0009684519,0.0017098794,0.0009607246,0.95693994,0.0011576867,0.0014920598,0.0021677662,0.0013153092
23_12349,23_12349.wav,pitch_up_2,23,BirdChirping,3,True,BirdChirping,BirdChirping,False,True,0.0025648985,0.0022896605,0.0019698858,0.001421729,0.001391854,0.0033437016,0.0016966559,0.0057969824,0.004756869,0.0014947094,0.001961582,0.0012948967,0.0022528572,0.0019400025,0.0024126992,0.0021034295,0.002714051,0.0021855263,0.0023103787,0.0018946882,0.0036373155,0.0016821278,0.93956226,0.0015023855,0.0011701249,0.0026596475,0.001989073
23_12352,23_12352.wav,pitch_down_2,23,BirdChirping,3,True,BirdChirping,BirdChirping,False,True,0.0019680292,0.0021182226,0.0028231137,0.0016570935,0.0012160583,0.000761396,0.002257555,0.0023102732,0.0013932093,0.0019576217,0.002527776,0.0029782376,0.002229639,0.0018422892,0.001264033,0.0018600886,0.0023988101,0.0012938698,0.0015978664,0.0024780026,0.0009858051,0.0008290394,0.94887954,0.0027307242,0.0016864258,0.0017845919,0.0041707414
23_12353,23_12353.wav,original,23,BirdChirping,3,True,BirdChirping,BirdChirping,False,True,0.0016362552,0.0017347288,0.0022226968,0.0014350917,0.0015772051,0.0013440787,0.0023160449,0.002489051,0.0018096473,0.0024044286,0.0018243208,0.0021931443,0.0021744098,0.0016897313,0.002504181,0.0016787971,0.0026054857,0.0021150687,0.0020644895,0.0025033168,0.0014809901,0.00094151514,0.94421524,0.0023772323,0.0021565144,0.0026985214,0.005807783
23_12353,23_12353.wav,pitch_down_2,23,BirdChirping,3,True,BirdChirping,BirdChirping,False,True,0.0016362552,0.0017347288,0.0022226968,0.0014350917,0.0015772051,0.0013440787,0.0023160449,0.002489051,0.0018096473,0.0024044286,0.0018243208,0.0021931443,0.0021744098,0.0016897313,0.002504181,0.0016787971,0.0026054857,0.0021150687,0.0020644895,0.0025033168,0.0014809901,0.00094151514,0.94421524,0.0023772323,0.0021565144,0.0026985214,0.005807783
23_12355,23_12355.wav,original,23,BirdChirping,3,True,BirdChirping,BirdChirping,False,True,0.0018625621,0.0014192908,0.0019980064,0.0019291412,0.002434979,0.0010631889,0.0023062066,0.0016453554,0.0018230999,0.0019642652,0.001833267,0.0014523215,0.0020310045,0.0017550192,0.0023259118,0.002140933,0.0013069663,0.002096781,0.002556166,0.0028727648,0.0029562407,0.00093278306,0.9288874,0.0020917596,0.0021527316,0.0023875497,0.021774286
23_12358,23_12358.wav,pitch_up_2,23,BirdChirping,3,True,BirdChirping,BirdChirping,False,True,0.0013571996,0.0019229065,0.0020886257,0.0013939427,0.0028249377,0.00084304827,0.0018023052,0.0017939972,0.0018556631,0.0016582636,0.0017372606,0.0015991301,0.0023065608,0.0014347782,0.0016960413,0.0022631001,0.0024900318,0.0016108099,0.0017002556,0.0018674483,0.0014890108,0.0013386224,0.95293003,0.0018446931,0.0016599536,0.0018581924,0.0026331556
23_12359,23_12359.wav,pitch_down_2,23,BirdChirping,3,True,BirdChirping,BirdChirping,False,True,0.005309861,0.0088643525,0.0054318425,0.004993661,0.0022351837,0.0075069717,0.0047795516,0.0039328854,0.0028136715,0.006364301,0.0105570955,0.007495561,0.0068160184,0.0067875464,0.004090117,0.005074397,0.0044225017,0.004532991,0.0031955943,0.006609271,0.011400182,0.07677337,0.7791569,0.005911035,0.0057272823,0.0038475469,0.005370274
23_12359,23_12359.wav,pitch_up_2,23,BirdChirping,3,True,BirdChirping,BirdChirping,False,True,0.005309861,0.0088643525,0.0054318425,0.004993661,0.0022351837,0.0075069717,0.0047795516,0.0039328854,0.0028136715,0.006364301,0.0105570955,0.007495561,0.0068160184,0.0067875464,0.004090117,0.005074397,0.0044225017,0.004532991,0.0031955943,0.006609271,0.011400182,0.07677337,0.7791569,0.005911035,0.0057272823,0.0038475469,0.005370274
23_12360,23_12360.wav,original,23,BirdChirping,3,True,BirdChirping,BirdChirping,False,True,0.0017464313,0.0024011498,0.0019130912,0.0011317796,0.0011174158,0.0008129608,0.0013650047,0.002165412,0.0010035225,0.0020917018,0.0013382953,0.0018771454,0.0015906366,0.0018114686,0.0022791112,0.0012561777,0.0023790936,0.0012842327,0.001471612,0.0020673198,0.0033760157,0.0031672763,0.95458776,0.001987961,0.0016368405,0.0010449877,0.0010956071
23_12360,23_12360.wav,pitch_down_2,23,BirdChirping,3,True,BirdChirping,BirdChirping,False,True,0.0017464313,0.0024011498,0.0019130912,0.0011317796,0.0011174158,0.0008129608,0.0013650047,0.002165412,0.0010035225,0.0020917018,0.0013382953,0.0018771454,0.0015906366,0.0018114686,0.0022791112,0.0012561777,0.0023790936,0.0012842327,0.001471612,0.0020673198,0.0033760157,0.0031672763,0.95458776,0.001987961,0.0016368405,0.0010449877,0.0010956071
23_12361,23_12361.wav,original,23,BirdChirping,3,True,BirdChirping,BirdChirping,False,True,0.0035864601,0.0057433597,0.0049587484,0.0069757686,0.0037676787,0.0047701322,0.003032345,0.0030215078,0.0023061472,0.0073602996,0.008005914,0.0032535002,0.0045220195,0.003998375,0.0043250946,0.0025376373,0.003622899,0.003663642,0.006545628,0.0054477896,0.0021925245,0.005176462,0.8460848,0.0028777595,0.0061471113,0.0029800257,0.04309632
23_12361,23_12361.wav,pitch_up_2,23,BirdChirping,3,True,BirdChirping,BirdChirping,False,True,0.0035864601,0.0057433597,0.0049587484,0.0069757686,0.0037676787,0.0047701322,0.003032345,0.0030215078,0.0023061472,0.0073602996,0.008005914,0.0032535002,0.0045220195,0.003998375,0.0043250946,0.0025376373,0.003622899,0.003663642,0.006545628,0.0054477896,0.0021925245,0.005176462,0.8460848,0.0028777595,0.0061471113,0.0029800257,0.04309632
23_12362,23_12362.wav,original,23,BirdChirping,3,True,BirdChirping,BirdChirping,False,True,0.0032072666,0.0016718694,0.0013899365,0.0013917694,0.0010460966,0.0007901252,0.0024344975,0.0010865484,0.0023986103,0.002865638,0.0012476057,0.0011730369,0.0020966288,0.00095983763,0.0014608259,0.0023574298,0.0023642143,0.0015763153,0.0012071972,0.00085272663,0.0016600998,0.00091516954,0.9567015,0.0021996244,0.001608915,0.0009402247,0.0023963617
23_12363,23_12363.wav,original,23,BirdChirping,3,True,BirdChirping,BirdChirping,False,True,0.0019966254,0.0026306834,0.0013785629,0.00092837075,0.0011120983,0.0011137374,0.0013129952,0.0012097583,0.0020746095,0.001115035,0.00156605,0.0009777225,0.003175638,0.0010531641,0.0017749951,0.0017365919,0.0013982664,0.0013932419,0.0013109049,0.0011088956,0.0016208073,0.0010280241,0.9566598,0.0035625964,0.0013910678,0.0018692341,0.0035005675
23_12368,23_12368.wav,original,23,BirdChirping,3,True,BirdChirping,BirdChirping,False,True,0.0016703316,0.001360379,0.0012506178,0.001722129,0.00048683933,0.0026619842,0.0016012207,0.0013628703,0.0021294078,0.0015335873,0.0015693265,0.0012401976,0.0018728684,0.0014901232,0.0017121712,0.001741534,0.0007882119,0.0013019595,0.0014842296,0.0013175127,0.0025162017,0.000965413,0.96127963,0.0010402129,0.0013899836,0.0015412787,0.00096978084
23_12370,23_12370.wav,original,23,BirdChirping,3,True,BirdChirping,BirdChirping,False,True,0.0021517263,0.003191104,0.0015714833,0.0014074002,0.00959885,0.0022762285,0.001498419,0.0013400578,0.00092812086,0.0015610106,0.002159618,0.0015718198,0.0022087484,0.0015920992,0.0023432916,0.0016938288,0.0010802425,0.0014973959,0.0014403829,0.0018740887,0.0014246297,0.001167677,0.9468718,0.0018059748,0.0029469964,0.0013524109,0.0014444845
23_12370,23_12370.wav,pitch_down_2,23,BirdChirping,3,True,BirdChirping,BirdChirping,False,True,0.0021517263,0.003191104,0.0015714833,0.0014074002,0.00959885,0.0022762285,0.001498419,0.0013400578,0.00092812086,0.0015610106,0.002159618,0.0015718198,0.0022087484,0.0015920992,0.0023432916,0.0016938288,0.0010802425,0.0014973959,0.0014403829,0.0018740887,0.0014246297,0.001167677,0.9468718,0.0018059748,0.0029469964,0.0013524109,0.0014444845
23_12373,23_12373.wav,pitch_down_2,23,BirdChirping,3,True,BirdChirping,BirdChirping,False,True,0.0022018019,0.002076823,0.0016657365,0.0012756253,0.0014112812,0.001381138,0.0013342391,0.0017327153,0.0019176943,0.0013281293,0.002158553,0.0019008297,0.0031959957,0.0024134452,0.0017825635,0.0022262007,0.0028672703,0.0013917093,0.0015783446,0.0024937827,0.0014851111,0.0026498057,0.94934034,0.0029224756,0.0021843037,0.0012082746,0.0018758276
24_12401,24_12401.wav,pitch_down_2,24,WingFlaping,3,True,WingFlaping,WingFlaping,False,True,0.0019082044,0.0062722214,0.0017831785,0.00090824504,0.0011842321,0.002501559,0.0011677429,0.0038751548,0.0015211996,0.004081587,0.009121159,0.003715488,0.0006098344,0.0010599826,0.006570829,0.0028849493,0.0022009222,0.0010327796,0.0016251815,0.002168119,0.005741494,0.0022009958,0.0029438827,0.92871183,0.0019699503,0.001386065,0.00085325836
24_12403,24_12403.wav,pitch_down_2,24,WingFlaping,3,True,WingFlaping,WingFlaping,False,True,0.04809617,0.039055858,0.0041356552,0.0032383644,0.00337293,0.0030510295,0.0011919406,0.003918811,0.0033674247,0.0017930915,0.0065703117,0.005815413,0.017993962,0.002199927,0.010365882,0.00542618,0.00504776,0.007637854,0.0055623236,0.01730946,0.0053400765,0.003769919,0.005804404,0.7749166,0.0027776798,0.006048962,0.0061920485
24_12405,24_12405.wav,original,24,WingFlaping,3,True,WingFlaping,WingFlaping,False,True,0.03812313,0.0016891508,0.0035001794,0.04677852,0.005246071,0.006219423,0.0025346999,0.008527054,0.0023189394,0.0028180443,0.011162347,0.0053074774,0.0049094246,0.0038571714,0.008166774,0.008634028,0.0036676552,0.012929473,0.008317524,0.0013319282,0.008354716,0.004862971,0.006127834,0.77924865,0.006686808,0.0049329423,0.0037470746
24_12406,24_12406.wav,original,24,WingFlaping,3,True,WingFlaping,WingFlaping,False,True,0.0078027765,0.02026814,0.0012180088,0.0019177134,0.0015378591,0.003969397,0.002179523,0.0025608835,0.0021751898,0.0019771243,0.0014734365,0.0019683223,0.004257005,0.0053042774,0.0053026397,0.0016361821,0.0038093727,0.0028383592,0.0029696443,0.007946623,0.003094421,0.0027860606,0.0024412924,0.9012492,0.0018889081,0.0024000634,0.003027621
24_12408,24_12408.wav,pitch_down_2,24,WingFlaping,3,True,WingFlaping,WingFlaping,False,True,0.001359121,0.0004495863,0.0015104882,0.0033854686,0.0011076909,0.0028297731,0.0023418327,0.0018867134,0.0011711438,0.0011365988,0.005740478,0.0029799396,0.0011937876,0.0028461053,0.01990593,0.0012027108,0.0030292745,0.0023945991,0.0016453257,0.0031651699,0.0021780196,0.0032827938,0.0039222334,0.9196915,0.005029418,0.0016163966,0.0029979916
24_12410,24_12410.wav,pitch_up_2,24,WingFlaping,3,True,WingFlaping,WingFlaping,False,True,0.0022642354,0.0014865067,0.0011705905,0.0022473175,0.0013485606,0.0013911765,0.0036855105,0.001756406,0.001312829,0.0031439655,0.00088923186,0.0014731794,0.0004931216,0.0024965915,0.002131676,0.0017393747,0.0011770442,0.0018037533,0.0020866452,0.0032831177,0.0016204887,0.0020609268,0.0015435186,0.9505705,0.0018526769,0.0024690956,0.0025019397
24_12418,24_12418.wav,original,24,WingFlaping,3,True,WingFlaping,WingFlaping,False,True,0.00079630106,0.0004894914,0.0018745577,0.0010746383,0.0019955076,0.0013043737,0.0041613923,0.0019161743,0.002832433,0.0008203353,0.001636193,0.001061475,0.0011894238,0.0012540617,0.0014418062,0.0017529689,0.0016933786,0.0010545059,0.001832683,0.000971319,0.00076727616,0.0015236376,0.0015934763,0.9603462,0.0016175396,0.0015337883,0.0014650068
24_12418,24_12418.wav,pitch_down_2,24,WingFlaping,3,True,WingFlaping,WingFlaping,False,True,0.00079630106,0.0004894914,0.0018745577,0.0010746383,0.0019955076,0.0013043737,0.0041613923,0.0019161743,0.002832433,0.0008203353,0.001636193,0.001061475,0.0011894238,0.0012540617,0.0014418062,0.0017529689,0.0016933786,0.0010545059,0.001832683,0.000971319,0.00076727616,0.0015236376,0.0015934763,0.9603462,0.0016175396,0.0015337883,0.0014650068
24_12419,24_12419.wav,original,24,WingFlaping,3,True,WingFlaping,WingFlaping,False,True,0.0032572963,0.0033179314,0.0041326755,0.0022507135,0.0036409367,0.0033680685,0.0026064608,0.0051446287,0.004151272,0.004118815,0.003946696,0.0025961578,0.0075642504,0.00654087,0.0028307133,0.0018342119,0.003929475,0.0047204555,0.14625631,0.0025964072,0.004749608,0.0030409808,0.0034168817,0.7603232,0.0028772026,0.003214133,0.0035735758
24_12419,24_12419.wav,pitch_up_2,24,WingFlaping,3,True,WingFlaping,WingFlaping,False,True,0.0032572963,0.0033179314,0.0041326755,0.0022507135,0.0036409367,0.0033680685,0.0026064608,0.0051446287,0.004151272,0.004118815,0.003946696,0.0025961578,0.0075642504,0.00654087,0.0028307133,0.0018342119,0.003929475,0.0047204555,0.14625631,0.0025964072,0.004749608,0.0030409808,0.0034168817,0.7603232,0.0028772026,0.003214133,0.0035735758
24_12420,24_12420.wav,pitch_down_2,24,WingFlaping,3,True,WingFlaping,WingFlaping,False,True,0.0015559836,0.0035707464,0.0019584983,0.0018066544,0.00076898845,0.0014335485,0.003034219,0.0038403904,0.0011301666,0.00059905526,0.0014942988,0.0016873482,0.0014878996,0.0010096504,0.0018991079,0.0015158579,0.0019452581,0.0015720357,0.002489044,0.003834189,0.002146263,0.002089204,0.0021565536,0.9498164,0.0017535393,0.0021198394,0.0012852744
24_12424,24_12424.wav,pitch_up_2,24,WingFlaping,3,True,WingFlaping,WingFlaping,False,True,0.0010587052,0.001535574,0.0017245313,0.0012665387,0.0024826704,0.0018667862,0.00095136627,0.0024513563,0.0020549544,0.00170177,0.0015297405,0.0018852811,0.0016778609,0.002148921,0.0032019557,0.0033078624,0.0014888486,0.0013666982,0.00058938476,0.00083092734,0.0019890622,0.0014376957,0.0037666971,0.9481192,0.0014438505,0.003008833,0.0051129274
24_12427,24_12427.wav,pitch_up_2,24,WingFlaping,3,True,WingFlaping,WingFlaping,False,True,0.0012011273,0.0015691869,0.0013151251,0.0011110975,0.0010294799,0.0011888441,0.0008001042,0.0015510136,0.0012268551,0.0016736891,0.0013754499,0.00092377857,0.0015683686,0.0019115675,0.0020171406,0.00077918515,0.0013976243,0.0012986353,0.0010800832,0.005059162,0.0016236898,0.0011380529,0.0012602769,0.9615488,0.0012966173,0.0018028058,0.0012522646
24_12428,24_12428.wav,original,24,WingFlaping,3,True,WingFlaping,WingFlaping,False,True,0.0006811113,0.0008769555,0.0013439078,0.0008841983,0.00070348586,0.0017254087,0.0027845025,0.0015175083,0.001572846,0.0006980421,0.0013046218,0.0016282181,0.0014252908,0.0009616995,0.00129972,0.0008837439,0.0014992882,0.0010797196,0.0009004267,0.0009682456,0.001137765,0.0010945433,0.0012569209,0.9676051,0.0016647651,0.0011535126,0.001348439
24_12432,24_12432.wav,original,24,WingFlaping,3,True,WingFlaping,WingFlaping,False,True,0.0065707006,0.008921015,0.0029267434,0.0036609091,0.0020343296,0.002950668,0.004956901,0.0030818263,0.0015416112,0.0020784766,0.0020553821,0.0010485074,0.0019654934,0.004691394,0.003062378,0.0010669419,0.002562842,0.003096421,0.006410435,0.004723804,0.004105723,0.0044250404,0.003575175,0.9113846,0.0021427071,0.0027407547,0.002219179
24_12432,24_12432.wav,pitch_up_2,24,WingFlaping,3,True,WingFlaping,WingFlaping,False,True,0.0065707006,0.008921015,0.0029267434,0.0036609091,0.0020343296,0.002950668,0.004956901,0.0030818263,0.0015416112,0.0020784766,0.0020553821,0.0010485074,0.0019654934,0.004691394,0.003062378,0.0010669419,0.002562842,0.003096421,0.006410435,0.004723804,0.004105723,0.0044250404,0.003575175,0.9113846,0.0021427071,0.0027407547,0.002219179
24_12435,24_12435.wav,original,24,WingFlaping,3,True,Footsteps,WingFlaping,True,True,0.018568156,0.0041076117,0.0031286364,0.008870388,0.0039262595,0.0045309835,0.0025538136,0.0076605394,0.013101582,0.002696962,0.0017307241,0.004064113,0.0053147064,0.0052317493,0.002674874,0.009017658,0.004296143,0.007366888,0.20823975,0.00095648,0.0049975817,0.005550481,0.004506733,0.65388995,0.0025402755,0.0034389552,0.007038061
24_12436,24_12436.wav,pitch_up_2,24,WingFlaping,3,True,WingFlaping,WingFlaping,False,True,0.024146736,0.002351215,0.0023025924,0.006795272,0.000773541,0.001281029,0.0006124449,0.002743369,0.0021681571,0.0017063351,0.00091895455,0.0018636113,0.009657751,0.0010578576,0.002124709,0.0018590833,0.0020870382,0.0016509652,0.0034732285,0.0009047115,0.00297263,0.0028536047,0.0024945748,0.9153363,0.00156107,0.0019432567,0.0023599623
24_12437,24_12437.wav,original,24,WingFlaping,3,True,WingFlaping,WingFlaping,False,True,0.0022542842,0.0018697163,0.0035334679,0.002181536,0.0052289306,0.0036033299,0.012760543,0.0026256796,0.0038914122,0.0017885083,0.0024292546,0.0032591496,0.003857691,0.0014944758,0.0017269935,0.0020291791,0.0029681788,0.0021363099,0.0011664641,0.0010096414,0.0021899582,0.0020699094,0.003186243,0.9220014,0.0035811074,0.0024127744,0.0027438235
24_12437,24_12437.wav,pitch_up_2,24,WingFlaping,3,True,WingFlaping,WingFlaping,False,True,0.0022542842,0.0018697163,0.0035334679,0.002181536,0.0052289306,0.0036033299,0.012760543,0.0026256796,0.0038914122,0.0017885083,0.0024292546,0.0032591496,0.003857691,0.0014944758,0.0017269935,0.0020291791,0.0029681788,0.0021363099,0.0011664641,0.0010096414,0.0021899582,0.0020699094,0.003186243,0.9220014,0.0035811074,0.0024127744,0.0027438235
24_12438,24_12438.wav,original,24,WingFlaping,3,True,WingFlaping,WingFlaping,False,True,0.0036399893,0.0029509484,0.0011729199,0.00068966066,0.0010505662,0.001960935,0.0039654993,0.0017439942,0.0013930933,0.0020014504,0.0020439671,0.0012337822,0.0008628793,0.002506803,0.0015662769,0.00093357946,0.0024405548,0.0023879672,0.0015648971,0.0014984473,0.0015468063,0.0014826814,0.0014469596,0.95014143,0.0011801649,0.0016050466,0.004988643
24_12439,24_12439.wav,pitch_down_2,24,WingFlaping,3,True,WingFlaping,WingFlaping,False,True,0.0006453222,0.0015636884,0.001632365,0.0018217993,0.00087141595,0.0008739151,0.0016503291,0.0015166659,0.0016269175,0.0015237307,0.00090156466,0.0012460493,0.00085759116,0.0031899493,0.0019737293,0.0037617704,0.0018122046,0.0010787845,0.0022786001,0.0011609491,0.0011927338,0.0017829415,0.0016393294,0.9583278,0.0016046608,0.0015710903,0.0018942179
24_12440,24_12440.wav,pitch_down_2,24,WingFlaping,3,True,WingFlaping,WingFlaping,False,True,0.00078972685,0.0011739364,0.0014745138,0.00042010794,0.002492888,0.002133683,0.0013087364,0.0020353564,0.0018082685,0.0007899517,0.002164631,0.0013713018,0.0021965795,0.0010782018,0.0013694149,0.001340127,0.0010513206,0.003991531,0.001474387,0.0025922877,0.0015425576,0.003197686,0.0003828615,0.953202,0.0038080483,0.0019024481,0.00290745
24_12443,24_12443.wav,pitch_down_2,24,WingFlaping,3,True,WingFlaping,WingFlaping,False,True,0.0033294568,0.0024537968,0.0012179018,0.0035821192,0.0016896069,0.0011207777,0.006476046,0.0023488097,0.000864791,0.0023141839,0.0051667434,0.0032767877,0.0037459135,0.002943556,0.0142704025,0.001609765,0.00189196,0.001552308,0.0013059195,0.00078129995,0.0012602195,0.0020424055,0.0021722096,0.92558783,0.0015053939,0.002266979,0.00322284
24_12446,24_12446.wav,pitch_down_2,24,WingFlaping,3,True,WingFlaping,WingFlaping,False,True,0.0007566885,0.0021349823,0.0012869906,0.0006318731,0.0012215365,0.00078341755,0.00048678718,0.0016452478,0.0011427169,0.00087764516,0.0013436166,0.0011509416,0.0010431038,0.0019609027,0.003202837,0.00056790194,0.001495048,0.0023063293,0.00094227836,0.001808148,0.0013195737,0.00092107645,0.0014534448,0.9665778,0.0010694055,0.0009650863,0.0009046625
24_12448,24_12448.wav,pitch_down_2,24,WingFlaping,3,True,WingFlaping,WingFlaping,False,True,0.0011500987,0.00059888425,0.0013262401,0.0015911764,0.0012435149,0.0022705991,0.00086791924,0.0021887363,0.0012734302,0.001504573,0.0029051967,0.0028199283,0.004047288,0.0009651172,0.0021444478,0.0028162047,0.001065683,0.0017813757,0.0030044343,0.0009190829,0.0025652333,0.002422156,0.0011534835,0.95327854,0.001352163,0.0012583098,0.0014862259
24_12449,24_12449.wav,original,24,WingFlaping,3,True,WingFlaping,WingFlaping,False,True,0.001967908,0.0017962217,0.0048745517,0.0017079067,0.0036295603,0.004604978,0.012463895,0.0040348573,0.0035701601,0.0048106555,0.0028972987,0.00378819,0.005849557,0.0037901932,0.0038597018,0.020480188,0.0025096072,0.0045528044,0.00767057,0.0017906594,0.0045619626,0.009836474,0.00304983,0.83866256,0.0021415993,0.0032299042,0.03786823
24_12450,24_12450.wav,pitch_down_2,24,WingFlaping,3,True,WingFlaping,WingFlaping,False,True,0.0018428714,0.010018536,0.015062534,0.002228142,0.002549046,0.0052876696,0.005890967,0.0030940545,0.0023474477,0.0029960815,0.0034424942,0.0023127901,0.0037671141,0.0042273034,0.004507385,0.00085158227,0.0029159058,0.003747416,0.0019209092,0.002923268,0.0030557204,0.0028091911,0.0028743239,0.9023218,0.0027255642,0.0026528009,0.0016271118
24_12452,24_12452.wav,pitch_up_2,24,WingFlaping,3,True,WingFlaping,WingFlaping,False,True,0.0026523133,0.0016236681,0.0024119758,0.0062064496,0.001993805,0.0025685641,0.0019867707,0.0017901951,0.0028576877,0.0015480829,0.0023847756,0.002232819,0.0020284588,0.0009830203,0.0080795605,0.0035223465,0.0023601232,0.095227726,0.001963847,0.0033925816,0.0038078057,0.0028348211,0.00096658367,0.83688885,0.0021668219,0.001732639,0.0037875653
24_12453,24_12453.wav,pitch_down_2,24,WingFlaping,3,True,WingFlaping,WingFlaping,False,True,0.003130098,0.0011434708,0.0019633218,0.011211875,0.002581883,0.0015745651,0.001971213,0.0033604016,0.0013515261,0.0024625931,0.0024637778,0.0037469582,0.007872671,0.001981937,0.0015078309,0.0019352501,0.002264412,0.0060451287,0.00665051,0.0007938105,0.001683264,0.0024113813,0.0021325455,0.9148717,0.002926973,0.003042629,0.006918257
24_12454,24_12454.wav,pitch_down_2,24,WingFlaping,3,True,WingFlaping,WingFlaping,False,True,0.0044626086,0.0016502611,0.0013677282,0.0014633504,0.0013444567,0.0014764285,0.0007537263,0.001715497,0.0018162736,0.0012262069,0.0008814054,0.0017386647,0.0016240351,0.0013272202,0.0010828533,0.00095169694,0.0012362064,0.0008914598,0.0017287341,0.0006344164,0.0021399956,0.00204458,0.001000034,0.9612575,0.0015952266,0.001479554,0.0011099128
24_12456,24_12456.wav,pitch_down_2,24,WingFlaping,3,True,WingFlaping,WingFlaping,False,True,0.002049775,0.00081199926,0.0023401203,0.002915798,0.0022978932,0.0054409117,0.0012940266,0.0032304507,0.0029707858,0.0009777634,0.0024227167,0.0059783063,0.0050425916,0.0018082698,0.0061225477,0.007215884,0.0024281072,0.004132441,0.0021593482,0.0013942485,0.0037696084,0.0027097824,0.0010558506,0.9197333,0.001636526,0.002754052,0.005306907
24_12456,24_12456.wav,pitch_up_2,24,WingFlaping,3,True,WingFlaping,WingFlaping,False,True,0.002049775,0.00081199926,0.0023401203,0.002915798,0.0022978932,0.0054409117,0.0012940266,0.0032304507,0.0029707858,0.0009777634,0.0024227167,0.0059783063,0.0050425916,0.0018082698,0.0061225477,0.007215884,0.0024281072,0.004132441,0.0021593482,0.0013942485,0.0037696084,0.0027097824,0.0010558506,0.9197333,0.001636526,0.002754052,0.005306907
24_12457,24_12457.wav,pitch_up_2,24,WingFlaping,3,True,WingFlaping,WingFlaping,False,True,0.005762104,0.018383646,0.003896904,0.0048682056,0.0033426296,0.0025205724,0.011905787,0.007820527,0.0019260586,0.0021570805,0.012906556,0.0054892716,0.0027485816,0.0025565426,0.0052151494,0.0013774736,0.0044306125,0.0069965045,0.009591567,0.008154946,0.0017732461,0.0037377856,0.0032346386,0.86103964,0.0023153296,0.0035573493,0.0022912929
24_12458,24_12458.wav,pitch_up_2,24,WingFlaping,3,True,WingFlaping,WingFlaping,False,True,0.0010115796,0.0008979418,0.0016762126,0.001193272,0.0016578943,0.0014027461,0.0034082516,0.0025552819,0.0017520027,0.0017458079,0.0010211108,0.002301501,0.0015468948,0.0020960136,0.0015005302,0.0009034394,0.0023224214,0.001575137,0.0011910816,0.0016956674,0.0016877976,0.0016911108,0.0014227192,0.95698524,0.0016578637,0.0015400327,0.0015605069
24_12460,24_12460.wav,pitch_up_2,24,WingFlaping,3,True,WingFlaping,WingFlaping,False,True,0.003188091,0.0020658697,0.0016002416,0.00066085113,0.0018412928,0.0022783068,0.0022511862,0.0015596114,0.0018501928,0.0020659103,0.0014884062,0.0022651767,0.0020472624,0.0012869062,0.0014875853,0.004047595,0.0017811516,0.0019309457,0.0020051792,0.004906457,0.0028814918,0.0018704558,0.0019499698,0.9460011,0.0018079481,0.0014788657,0.001401857
24_12461,24_12461.wav,pitch_down_2,24,WingFlaping,3,True,WingFlaping,WingFlaping,False,True,0.001509755,0.0014957507,0.0016379887,0.0014009029,0.0018773434,0.0018282045,0.008212237,0.0025317033,0.0016936042,0.0025612293,0.0016430389,0.001977462,0.0012114561,0.0047151293,0.0015156809,0.0012871728,0.0028606534,0.0012284083,0.0013749907,0.0017314538,0.002286233,0.0021663085,0.0016251421,0.94449806,0.002575172,0.0015119686,0.0010429961
24_12463,24_12463.wav,original,24,WingFlaping,3,True,WingFlaping,WingFlaping,False,True,0.00067988253,0.003106645,0.0013100685,0.0010844473,0.0017651203,0.003276787,0.0007538332,0.002158175,0.0050201355,0.00226134,0.0010803393,0.0038711624,0.0013923695,0.001769551,0.001680184,0.0013731783,0.003094036,0.0017669257,0.0015013553,0.0020214089,0.0010770836,0.0018807169,0.002760745,0.94646287,0.001557622,0.0031717822,0.0021222155
24_12463,24_12463.wav,pitch_up_2,24,WingFlaping,3,True,WingFlaping,WingFlaping,False,True,0.00067988253,0.003106645,0.0013100685,0.0010844473,0.0017651203,0.003276787,0.0007538332,0.002158175,0.0050201355,0.00226134,0.0010803393,0.0038711624,0.0013923695,0.001769551,0.001680184,0.0013731783,0.003094036,0.0017669257,0.0015013553,0.0020214089,0.0010770836,0.0018807169,0.002760745,0.94646287,0.001557622,0.0031717822,0.0021222155
24_12464,24_12464.wav,pitch_up_2,24,WingFlaping,3,True,WingFlaping,WingFlaping,False,True,0.0014038755,0.0012967517,0.0018711541,0.0022230495,0.0008550696,0.0010968954,0.0043733134,0.0039978162,0.0016935179,0.0007244491,0.0027081154,0.002804121,0.0009699099,0.0010175982,0.0027695019,0.001942513,0.0015800064,0.0062196353,0.0011065358,0.0012782256,0.001868795,0.0033893948,0.0040487777,0.94154567,0.0023934466,0.0015896984,0.003232221
24_12468,24_12468.wav,pitch_up_2,24,WingFlaping,3,True,WingFlaping,WingFlaping,False,True,0.0066425675,0.0046235216,0.001919412,0.0013038634,0.004060377,0.0015569568,0.0065234248,0.009880402,0.0029032917,0.0018135477,0.012545143,0.009050951,0.0014441818,0.0023687538,0.0020843397,0.0039110817,0.0028319266,0.0019808654,0.00080410874,0.0037475992,0.0031973831,0.0026718422,0.0016501117,0.9017878,0.002597513,0.0040937136,0.0020053152
24_12469,24_12469.wav,pitch_down_2,24,WingFlaping,3,True,WingFlaping,WingFlaping,False,True,0.0020014322,0.0022255012,0.0014395132,0.0011630243,0.0023584526,0.0028711136,0.0063554565,0.0071950317,0.0015705153,0.001361055,0.0019416391,0.0018130423,0.0010861977,0.032277998,0.004736387,0.0011613796,0.002714108,0.0021340887,0.001032359,0.0017267441,0.003960077,0.0029501272,0.0017857443,0.90614814,0.0026140606,0.0019052358,0.0014716297
24_12472,24_12472.wav,pitch_up_2,24,WingFlaping,3,True,WingFlaping,WingFlaping,False,True,0.006687028,0.021424467,0.004884543,0.06618,0.004166111,0.0028541274,0.008555676,0.005847957,0.0049180086,0.0028889861,0.009715541,0.0111628035,0.0070151635,0.002462861,0.004658377,0.0033683141,0.0042203157,0.050575513,0.028921964,0.0033448634,0.0053754165,0.00402941,0.0023057421,0.7188914,0.006154287,0.004065345,0.0053258166
24_12473,24_12473.wav,pitch_down_2,24,WingFlaping,3,True,WingFlaping,WingFlaping,False,True,0.008970157,0.02194448,0.0032308002,0.0036053907,0.003830701,0.0046055615,0.0131404055,0.0076659243,0.0015438736,0.0025344242,0.009017598,0.0093229115,0.0029356014,0.0047268164,0.020060895,0.0030501243,0.010813172,0.009402241,0.0043353606,0.010716367,0.0029022107,0.0094149085,0.028351193,0.79176515,0.003276936,0.003144107,0.005692741
24_12473,24_12473.wav,pitch_up_2,24,WingFlaping,3,True,WingFlaping,WingFlaping,False,True,0.008970157,0.02194448,0.0032308002,0.0036053907,0.003830701,0.0046055615,0.0131404055,0.0076659243,0.0015438736,0.0025344242,0.009017598,0.0093229115,0.0029356014,0.0047268164,0.020060895,0.0030501243,0.010813172,0.009402241,0.0043353606,0.010716367,0.0029022107,0.0094149085,0.028351193,0.79176515,0.003276936,0.003144107,0.005692741
25_12502,25_12502.wav,pitch_up_2,25,Lion,3,True,Lion,Lion,False,True,0.0016273292,0.002259481,0.0016564972,0.0017596107,0.0016301019,0.0015609526,0.0010200181,0.0015472503,0.0020407683,0.0013348106,0.001526204,0.0015712488,0.0014786586,0.0022675644,0.0018481156,0.0015915968,0.0018166763,0.0023497865,0.0023363272,0.00257165,0.0013839589,0.0017300001,0.0023199702,0.0017990245,0.9542928,0.001376788,0.0013027826
25_12503,25_12503.wav,pitch_down_2,25,Lion,3,True,Lion,Lion,False,True,0.0016895406,0.001834937,0.0019158715,0.00164233,0.0015139024,0.0018220699,0.0013160802,0.0012676733,0.0016482528,0.0017936882,0.0017621598,0.0014632345,0.0015745194,0.0014899084,0.0015267328,0.0012893812,0.0014430651,0.0015329048,0.0014577899,0.0018528807,0.0014379598,0.0013971538,0.0021142783,0.0027008438,0.95726323,0.0013569846,0.0018926244
25_12505,25_12505.wav,pitch_down_2,25,Lion,3,True,Lion,Lion,False,True,0.0018125772,0.0020736835,0.0021331809,0.002100594,0.002024846,0.0019205151,0.0015392856,0.0017581037,0.00177141,0.0020132463,0.0019421522,0.0016160588,0.0020999364,0.0017128554,0.0019295672,0.00195072,0.002018689,0.0035983743,0.0018592722,0.0022426255,0.0019678972,0.0016935822,0.0023391938,0.002658517,0.94654554,0.002031804,0.002645762
25_12506,25_12506.wav,pitch_down_2,25,Lion,3,True,Lion,Lion,False,True,0.0025029993,0.002350401,0.002501868,0.0022660058,0.0020553346,0.001825109,0.0020337456,0.002144377,0.0019106824,0.0022692613,0.0020784766,0.0020916217,0.0018805126,0.0021011422,0.0022669157,0.001791406,0.0018294547,0.0016004563,0.0017625055,0.00249035,0.0018904088,0.0021394503,0.002164716,0.0015626334,0.946472,0.0016068105,0.0024113925
25_12508,25_12508.wav,original,25,Lion,3,True,Lion,Lion,False,True,0.0016649986,0.0013881809,0.0017596362,0.0019008095,0.0015929589,0.0017716232,0.0014525554,0.0019025594,0.001597192,0.0017421022,0.0013108504,0.0015063834,0.0016113854,0.0016046456,0.0015344262,0.0015395256,0.0018285612,0.0010831467,0.0015595877,0.0016493154,0.001610179,0.0020799004,0.0014979426,0.0012162863,0.9587078,0.0011279419,0.0017595597
25_12511,25_12511.wav,original,25,Lion,3,True,Lion,Lion,False,True,0.0018881072,0.0021912153,0.001796003,0.0012622367,0.0022534903,0.0017128107,0.00086644734,0.004952301,0.00080574374,0.0011632772,0.0031620236,0.0021072703,0.0014725201,0.0016393472,0.0012907492,0.0022179664,0.0020365894,0.0014828009,0.0024596455,0.0020596865,0.0019212483,0.0024632905,0.0018436788,0.006247755,0.94641274,0.00089203106,0.0013990607
25_12514,25_12514.wav,original,25,Lion,3,True,Lion,Lion,False,True,0.0028347007,0.0024247884,0.0022077758,0.0021387811,0.0020618297,0.0019478741,0.0020724004,0.002066737,0.001892806,0.0021056768,0.0013288531,0.0025617958,0.0014124165,0.0020960823,0.001563639,0.0019479119,0.0017352784,0.0019340863,0.0016120505,0.0018665263,0.0014627465,0.0017132513,0.0018443953,0.0018108385,0.9454363,0.0059101656,0.002010276
25_12518,25_12518.wav,original,25,Lion,3,True,Lion,Lion,False,True,0.002516262,0.0017312708,0.0033407214,0.0013199713,0.0019339962,0.0026388757,0.0057969852,0.002398501,0.007816075,0.0014775576,0.0020603964,0.0039020504,0.0030596952,0.002375849,0.0030527972,0.009737316,0.004089304,0.0037469936,0.0021129863,0.0029408515,0.005633093,0.0031795583,0.0013340638,0.0060348134,0.9119644,0.0010170144,0.0027885044
25_12518,25_12518.wav,pitch_up_2,25,Lion,3,True,Lion,Lion,False,True,0.002516262,0.0017312708,0.0033407214,0.0013199713,0.0019339962,0.0026388757,0.0057969852,0.002398501,0.007816075,0.0014775576,0.0020603964,0.0039020504,0.0030596952,0.002375849,0.0030527972,0.009737316,0.004089304,0.0037469936,0.0021129863,0.0029408515,0.005633093,0.0031795583,0.0013340638,0.0060348134,0.9119644,0.0010170144,0.0027885044
25_12522,25_12522.wav,pitch_down_2,25,Lion,3,True,Lion,Lion,False,True,0.0013924009,0.0015738219,0.0015488695,0.0016996107,0.001972652,0.0015120073,0.0015325131,0.0018504043,0.001773046,0.0016066981,0.001554279,0.0012519851,0.0015130704,0.0013574655,0.0016536679,0.001715405,0.0016439721,0.0010937211,0.0015958935,0.0013757419,0.0015446781,0.0019391415,0.0012353488,0.0012224014,0.9604072,0.0009155812,0.0015184387
25_12524,25_12524.wav,pitch_up_2,25,Lion,3,True,Lion,Lion,False,True,0.0025679283,0.0019199313,0.0026659856,0.0017898344,0.0019286849,0.0020220291,0.0018872567,0.0015048883,0.0013900063,0.0013286825,0.0018548804,0.0018258103,0.002435102,0.0023627041,0.001332369,0.0011989139,0.0021655355,0.0015663222,0.0015372842,0.002196795,0.002095718,0.002180029,0.0013528081,0.002324097,0.9523394,0.0010345656,0.0011923917
25_12526,25_12526.wav,original,25,Lion,3,True,Lion,Lion,False,True,0.0019283356,0.0024855465,0.001854897,0.0022691477,0.0019168863,0.0014316832,0.0018447669,0.002029056,0.002351623,0.0021091758,0.0016673468,0.0016811494,0.00170079,0.0018567052,0.0020142486,0.001710576,0.0025108883,0.0034038806,0.001961333,0.002657704,0.0022539927,0.0014533534,0.002121866,0.0012148808,0.9480188,0.0017023742,0.0018490615
25_12526,25_12526.wav,pitch_up_2,25,Lion,3,True,Lion,Lion,False,True,0.0019283356,0.0024855465,0.001854897,0.0022691477,0.0019168863,0.0014316832,0.0018447669,0.002029056,0.002351623,0.0021091758,0.0016673468,0.0016811494,0.00170079,0.0018567052,0.0020142486,0.001710576,0.0025108883,0.0034038806,0.001961333,0.002657704,0.0022539927,0.0014533534,0.002121866,0.0012148808,0.9480188,0.0017023742,0.0018490615
25_12527,25_12527.wav,original,25,Lion,3,True,Lion,Lion,False,True,0.002592217,0.0034673167,0.0029101258,0.0013554511,0.0024297119,0.0024494517,0.0027368527,0.011409738,0.004719835,0.0021554548,0.0022321213,0.002877576,0.0024494817,0.0020204473,0.0022969125,0.0026903152,0.0025097902,0.0037148956,0.0036736291,0.0025453542,0.005748452,0.0032370936,0.0015847543,0.0028536657,0.91493505,0.006325849,0.0020785818
25_12527,25_12527.wav,pitch_up_2,25,Lion,3,True,Lion,Lion,False,True,0.002592217,0.0034673167,0.0029101258,0.0013554511,0.0024297119,0.0024494517,0.0027368527,0.011409738,0.004719835,0.0021554548,0.0022321213,0.002877576,0.0024494817,0.0020204473,0.0022969125,0.0026903152,0.0025097902,0.0037148956,0.0036736291,0.0025453542,0.005748452,0.0032370936,0.0015847543,0.0028536657,0.91493505,0.006325849,0.0020785818
25_12530,25_12530.wav,pitch_down_2,25,Lion,3,True,Lion,Lion,False,True,0.0045030513,0.002673399,0.004124498,0.0026113729,0.0013162586,0.0029286097,0.003792302,0.0022477258,0.0040437155,0.0023509196,0.001888204,0.0010605749,0.002243893,0.0021100133,0.0053589293,0.006308883,0.003766075,0.0044396957,0.0034948506,0.0026413898,0.004617303,0.004648608,0.0014106709,0.0054030195,0.9144518,0.0023246773,0.0032395923
25_12530,25_12530.wav,pitch_up_2,25,Lion,3,True,Lion,Lion,False,True,0.0045030513,0.002673399,0.004124498,0.0026113729,0.0013162586,0.0029286097,0.003792302,0.0022477258,0.0040437155,0.0023509196,0.001888204,0.0010605749,0.002243893,0.0021100133,0.0053589293,0.006308883,0.003766075,0.0044396957,0.0034948506,0.0026413898,0.004617303,0.004648608,0.0014106709,0.0054030195,0.9144518,0.0023246773,0.0032395923
25_12533,25_12533.wav,pitch_up_2,25,Lion,3,True,Lion,Lion,False,True,0.0029794648,0.0030183054,0.0036749952,0.0027762984,0.002112753,0.004165029,0.0018710535,0.003094215,0.0016567825,0.001466242,0.0029166832,0.0026618931,0.001643761,0.0027011253,0.0037768588,0.0030291602,0.0021864004,0.0022174537,0.0025157714,0.00539125,0.0026352592,0.0048983614,0.0013747634,0.0033970114,0.92028904,0.009880948,0.00166912
25_12534,25_12534.wav,pitch_down_2,25,Lion,3,True,Lion,Lion,False,True,0.0022737405,0.0017573066,0.0014051506,0.0017285408,0.0016043877,0.0017877965,0.0016220524,0.0019995004,0.0022555895,0.0012965951,0.0012488757,0.0008846301,0.0013625246,0.0013558608,0.0015063412,0.002293582,0.0021429122,0.0015435577,0.0018241502,0.0017066821,0.0017666313,0.002620833,0.0012786133,0.0016974937,0.95630383,0.001364068,0.0013687612
25_12535,25_12535.wav,original,25,Lion,3,True,Lion,Lion,False,True,0.0018445934,0.0017307065,0.0014297302,0.0018015235,0.0017177393,0.001663227,0.0012782825,0.0018710447,0.0023664644,0.001746151,0.0012452656,0.0012053763,0.001387583,0.0019680308,0.0015988802,0.0016486436,0.0017192994,0.001506385,0.0018566163,0.0017214405,0.0013571382,0.001979252,0.0010853607,0.001020497,0.9580869,0.0014027121,0.001761232
25_12537,25_12537.wav,pitch_down_2,25,Lion,3,True,Lion,Lion,False,True,0.0017719801,0.0019821723,0.0019337683,0.0015430573,0.0016254578,0.002287249,0.0014500845,0.0023217574,0.001222155,0.001587499,0.0020740442,0.0024685329,0.003109078,0.0023753277,0.0015960891,0.0016923886,0.0018407214,0.002447598,0.0031652984,0.002820825,0.0024319664,0.0018528666,0.0014714616,0.0030833164,0.9471162,0.00097177736,0.0017573322
25_12537,25_12537.wav,pitch_up_2,25,Lion,3,True,Lion,Lion,False,True,0.0017719801,0.0019821723,0.0019337683,0.0015430573,0.0016254578,0.002287249,0.0014500845,0.0023217574,0.001222155,0.001587499,0.0020740442,0.0024685329,0.003109078,0.0023753277,0.0015960891,0.0016923886,0.0018407214,0.002447598,0.0031652984,0.002820825,0.0024319664,0.0018528666,0.0014714616,0.0030833164,0.9471162,0.00097177736,0.0017573322
25_12543,25_12543.wav,pitch_up_2,25,Lion,3,True,Lion,Lion,False,True,0.0027083035,0.0028534655,0.0028725255,0.0017729738,0.0024174026,0.0024422684,0.0071080537,0.0024571922,0.002561615,0.0023801087,0.002642379,0.0027597032,0.004444664,0.0021308854,0.0025068286,0.0021554746,0.0027910974,0.00306485,0.002597087,0.0030723189,0.0028102566,0.0020644746,0.0028060637,0.005013233,0.92563874,0.0009250703,0.0030029875
25_12547,25_12547.wav,pitch_up_2,25,Lion,3,True,Lion,Lion,False,True,0.0018649517,0.0015278807,0.0015284243,0.0014830277,0.0018955885,0.0016743597,0.0021642821,0.0019216213,0.0016316752,0.0022208162,0.0017309291,0.0017744141,0.001744187,0.002123994,0.0018485963,0.0014646738,0.0016396987,0.0010798335,0.0017846059,0.0017381028,0.0018476048,0.0016369285,0.002075154,0.0016588243,0.95397633,0.0018096514,0.0021538616
25_12548,25_12548.wav,pitch_down_2,25,Lion,3,True,Lion,Lion,False,True,0.00222178,0.0013099808,0.0022892868,0.0013903565,0.0021633368,0.0013140907,0.00176179,0.0022202244,0.0021302532,0.0016302761,0.0012877075,0.0009335098,0.0017788972,0.0015420099,0.0021516706,0.0016353348,0.0020723678,0.0017629121,0.0014063325,0.0014276946,0.002007556,0.0016006302,0.0011024345,0.0015501407,0.9553904,0.0022499736,0.0016690949
25_12549,25_12549.wav,original,25,Lion,3,True,Lion,Lion,False,True,0.0015572543,0.001924486,0.0011153799,0.0017474695,0.001575637,0.0021783053,0.001469838,0.0014706386,0.0014512582,0.001242915,0.0017079078,0.0015746647,0.0014116779,0.0014199619,0.001595152,0.0016696039,0.0012964158,0.0007904508,0.0013987721,0.0017803902,0.0019133607,0.001199413,0.0022433808,0.0017235774,0.958994,0.0018341528,0.0017139196
25_12550,25_12550.wav,pitch_down_2,25,Lion,3,True,Lion,Lion,False,True,0.0017164535,0.0024894911,0.0013729972,0.0018166169,0.0018199966,0.001800343,0.0016514853,0.0017461254,0.0017905288,0.0014410153,0.0020249125,0.0016485392,0.0013149622,0.0014773331,0.0016638526,0.001942426,0.0016371041,0.0010367547,0.0016162083,0.0018744962,0.0019238107,0.0012539652,0.0030852773,0.0020017996,0.94958043,0.006320642,0.0019524423
25_12554,25_12554.wav,pitch_up_2,25,Lion,3,True,Lion,Lion,False,True,0.006732501,0.010519127,0.007201854,0.013420603,0.0021769057,0.0070104697,0.0037196279,0.0036144156,0.003949012,0.0024901512,0.004954803,0.017215984,0.001896283,0.0041175354,0.0057292883,0.002378843,0.0024774799,0.005810732,0.0028471688,0.01132654,0.0028849456,0.0068079717,0.0080299955,0.0024183898,0.8521202,0.0061239204,0.0020252392
25_12555,25_12555.wav,original,25,Lion,3,True,Lion,Lion,False,True,0.0018617056,0.0014173539,0.0017359426,0.002148995,0.0013348773,0.0020347536,0.0014938515,0.0027892918,0.0019339947,0.00086015445,0.0016499185,0.0009850521,0.001264716,0.0014379896,0.0018482212,0.0026992674,0.0015261904,0.0013256307,0.0015451949,0.0019527663,0.0013578167,0.0013165455,0.0011257937,0.0016144244,0.95403963,0.0054376354,0.0012622577
25_12556,25_12556.wav,original,25,Lion,3,True,Lion,Lion,False,True,0.0019047692,0.001760902,0.0012177421,0.0012881723,0.0017420378,0.0015986833,0.0017112084,0.0016296934,0.0017509303,0.0015208599,0.0018121094,0.0012326139,0.0015463685,0.0018245386,0.0019473928,0.0018035216,0.0013631661,0.0008738512,0.0016670679,0.001401221,0.001584476,0.0013567712,0.0020742344,0.001662394,0.956744,0.003094476,0.0018867558
25_12557,25_12557.wav,pitch_down_2,25,Lion,3,True,Lion,Lion,False,True,0.0016571548,0.0019825052,0.0049445196,0.00062463386,0.0025025194,0.0023327183,0.0004623523,0.0020319847,0.0035825039,0.0016573548,0.000922871,0.0015078172,0.0011251884,0.001510261,0.0030926012,0.001488946,0.0016770442,0.0013284096,0.0026922969,0.0014840397,0.0021037217,0.0014418362,0.0013852468,0.0014164349,0.9528832,0.0007366531,0.0014252575
25_12558,25_12558.wav,pitch_down_2,25,Lion,3,True,Lion,Lion,False,True,0.0023704965,0.0017599728,0.0019970927,0.0016706306,0.0023506524,0.0015734863,0.0015958106,0.001563097,0.002465007,0.0016685947,0.0016427374,0.0013532322,0.001736321,0.0016014489,0.0016867197,0.0014918827,0.0020303982,0.0013048594,0.0016346459,0.0019971356,0.0014908205,0.0014585456,0.0020895917,0.0013177629,0.9542113,0.0021756317,0.0017621163
25_12559,25_12559.wav,original,25,Lion,3,True,Lion,Lion,False,True,0.0021864066,0.0017419861,0.0033641707,0.0018729357,0.0017528356,0.0017975965,0.0020445187,0.0018395022,0.0021847864,0.00210774,0.0016320907,0.0015862997,0.0018720228,0.0015896397,0.002190428,0.0015753583,0.0021466343,0.0013686232,0.0015220782,0.0022016168,0.0017248419,0.0017030298,0.0015121639,0.0015416517,0.9524472,0.0008685907,0.0016252341
25_12561,25_12561.wav,pitch_down_2,25,Lion,3,True,Lion,Lion,False,True,0.0031198263,0.0029048475,0.0023900084,0.0020231914,0.0029586907,0.0020313929,0.0023270184,0.0028270239,0.0033078352,0.0040761638,0.0024935254,0.0009716538,0.0021226148,0.0021941436,0.002357472,0.0036380605,0.002946234,0.002858557,0.00297972,0.0024767434,0.0028556783,0.005375733,0.0014871544,0.0019415227,0.92863685,0.0028379066,0.0038604282
25_12561,25_12561.wav,pitch_up_2,25,Lion,3,True,Lion,Lion,False,True,0.0031198263,0.0029048475,0.0023900084,0.0020231914,0.0029586907,0.0020313929,0.0023270184,0.0028270239,0.0033078352,0.0040761638,0.0024935254,0.0009716538,0.0021226148,0.0021941436,0.002357472,0.0036380605,0.002946234,0.002858557,0.00297972,0.0024767434,0.0028556783,0.005375733,0.0014871544,0.0019415227,0.92863685,0.0028379066,0.0038604282
25_12562,25_12562.wav,original,25,Lion,3,True,Lion,Lion,False,True,0.0019345315,0.0016619909,0.0020836077,0.0015179146,0.0023952369,0.0018521702,0.001223317,0.0014540976,0.0017235297,0.001356794,0.0015681395,0.0015684558,0.0015446399,0.0018782724,0.0019092277,0.0012362384,0.0016946038,0.0007938831,0.0015810699,0.0017731594,0.0016296348,0.001653702,0.0015832592,0.0019827222,0.95689416,0.0015951092,0.0019105204
25_12562,25_12562.wav,pitch_up_2,25,Lion,3,True,Lion,Lion,False,True,0.0019345315,0.0016619909,0.0020836077,0.0015179146,0.0023952369,0.0018521702,0.001223317,0.0014540976,0.0017235297,0.001356794,0.0015681395,0.0015684558,0.0015446399,0.0018782724,0.0019092277,0.0012362384,0.0016946038,0.0007938831,0.0015810699,0.0017731594,0.0016296348,0.001653702,0.0015832592,0.0019827222,0.95689416,0.0015951092,0.0019105204
25_12564,25_12564.wav,original,25,Lion,3,True,Lion,Lion,False,True,0.0021535554,0.0018401043,0.0016387677,0.001373405,0.0018939724,0.002433745,0.0017341835,0.0016690331,0.0015556832,0.0030706942,0.0015966658,0.0014964297,0.002047292,0.0021713239,0.0013580521,0.0020577793,0.0021529396,0.0017329637,0.0018542056,0.0018086107,0.0017866675,0.0014552787,0.0014318331,0.0018459627,0.9521656,0.00090486015,0.0027703575
25_12564,25_12564.wav,pitch_down_2,25,Lion,3,True,Lion,Lion,False,True,0.0021535554,0.0018401043,0.0016387677,0.001373405,0.0018939724,0.002433745,0.0017341835,0.0016690331,0.0015556832,0.0030706942,0.0015966658,0.0014964297,0.002047292,0.0021713239,0.0013580521,0.0020577793,0.0021529396,0.0017329637,0.0018542056,0.0018086107,0.0017866675,0.0014552787,0.0014318331,0.0018459627,0.9521656,0.00090486015,0.0027703575
25_12566,25_12566.wav,original,25,Lion,3,True,Lion,Lion,False,True,0.0017300373,0.0014475879,0.0012094141,0.001157206,0.0015872918,0.0015964991,0.0015129583,0.0013296157,0.0016707481,0.0013821301,0.001446154,0.0011958209,0.0012314542,0.0012570013,0.001815532,0.0021267007,0.0011055958,0.0008798025,0.0013767554,0.001371168,0.0011131718,0.0010675747,0.0019457694,0.0017834151,0.96332693,0.0010244149,0.001309273
25_12567,25_12567.wav,pitch_up_2,25,Lion,3,True,Lion,Lion,False,True,0.002315892,0.0028476242,0.0018441695,0.0025448517,0.0025246302,0.0023318522,0.0014077375,0.0019429639,0.0025197472,0.002198431,0.0021132443,0.0018465016,0.0025508788,0.0018913184,0.0023484947,0.0025044044,0.002807975,0.0013028327,0.0026608475,0.0018996191,0.0026960883,0.0023099193,0.0018775318,0.0015697517,0.9434244,0.0016932292,0.0020251416
25_12571,25_12571.wav,pitch_up_2,25,Lion,3,True,Lion,Lion,False,True,0.0015349638,0.0022381835,0.0014441231,0.0014928632,0.0014313225,0.0013407656,0.0014628591,0.0011204666,0.0025772343,0.0016748537,0.0012120712,0.0013218942,0.0011942056,0.0009591553,0.0012567077,0.0011249138,0.001709953,0.0022133302,0.0014763443,0.0016233791,0.0018374333,0.0010924012,0.0018426367,0.0011143704,0.96115047,0.00068906165,0.0018640565
25_12572,25_12572.wav,pitch_down_2,25,Lion,3,True,Lion,Lion,False,True,0.001649731,0.0014068187,0.0023346087,0.00092163635,0.0016533661,0.0013641376,0.0021339904,0.0010553282,0.0022506963,0.0015333317,0.0023424905,0.0012782961,0.0016208704,0.0016006151,0.002031903,0.0013172445,0.0014164421,0.0012603785,0.001823797,0.001556355,0.0014880813,0.001175091,0.00083837454,0.0025616148,0.9559744,0.0036204967,0.0017898753
25_12574,25_12574.wav,pitch_up_2,25,Lion,3,True,Lion,Lion,False,True,0.0014694015,0.0014768764,0.0011739401,0.0012339624,0.0018257595,0.0014079668,0.0012092325,0.0011486561,0.001912099,0.0011182153,0.0018728599,0.0013316317,0.0018503304,0.001456991,0.0018080951,0.0011291354,0.00235756,0.0007065236,0.0014736509,0.0013506884,0.0021653166,0.0017729513,0.0019829008,0.0018145401,0.9607439,0.0009140547,0.0012928123
25_12575,25_12575.wav,original,25,Lion,3,True,Lion,Lion,False,True,0.0017561455,0.001553813,0.0017634584,0.0015295016,0.0015806207,0.001508002,0.0012733713,0.0014488808,0.0014292559,0.001684128,0.0014646077,0.0013817108,0.0014355378,0.0014641485,0.0014123669,0.0013128361,0.0016746105,0.0015002949,0.0013493947,0.0019710632,0.0017407024,0.0015946113,0.001363316,0.0013816716,0.9604272,0.0012414906,0.001757316
26_12603,26_12603.wav,original,26,WolfHowl,3,True,WolfHowl,WolfHowl,False,True,0.0036895948,0.0024915014,0.0028900777,0.0026058622,0.0048857075,0.005249595,0.0022568272,0.0030054434,0.003194636,0.0043618707,0.0053484975,0.0030224023,0.0047767973,0.005002715,0.0052725687,0.0038262717,0.0041129244,0.011177885,0.004769904,0.0030340694,0.0026780593,0.0038586613,0.0030697333,0.0059154225,0.09530989,0.7993457,0.004847411
26_12603,26_12603.wav,pitch_down_2,26,WolfHowl,3,True,WolfHowl,WolfHowl,False,True,0.0036895948,0.0024915014,0.0028900777,0.0026058622,0.0048857075,0.005249595,0.0022568272,0.0030054434,0.003194636,0.0043618707,0.0053484975,0.0030224023,0.0047767973,0.005002715,0.0052725687,0.0038262717,0.0041129244,0.011177885,0.004769904,0.0030340694,0.0026780593,0.0038586613,0.0030697333,0.0059154225,0.09530989,0.7993457,0.004847411
26_12604,26_12604.wav,pitch_up_2,26,WolfHowl,3,True,WolfHowl,WolfHowl,False,True,0.0018466132,0.001621651,0.0016079134,0.0020162573,0.002316435,0.0022907397,0.0015329147,0.002997232,0.0010574585,0.0031182738,0.0012501165,0.0026305004,0.0014179708,0.0015950805,0.0019114353,0.0014682513,0.002043943,0.003379383,0.0019803296,0.0028859798,0.0020613936,0.001999343,0.0013029125,0.0023056932,0.0032591738,0.9456702,0.0024328406
26_12605,26_12605.wav,pitch_down_2,26,WolfHowl,3,True,WolfHowl,WolfHowl,False,True,0.001982765,0.0022990652,0.002124048,0.0020718572,0.002235877,0.0017600436,0.003021614,0.002921812,0.002404793,0.0020756912,0.0027790777,0.0020205984,0.002163025,0.0018060383,0.0018622597,0.0019180315,0.0017997944,0.002099849,0.0018509487,0.0017114603,0.0017256424,0.002503072,0.0017798372,0.0020030502,0.002776582,0.9443619,0.0019413031
26_12606,26_12606.wav,pitch_down_2,26,WolfHowl,3,True,WolfHowl,WolfHowl,False,True,0.0019939889,0.0024684444,0.0021776352,0.0020761935,0.0019093287,0.002105144,0.0023542966,0.0025498068,0.002311593,0.0022577783,0.0024628742,0.0027265495,0.0016891815,0.0020057037,0.0022420622,0.0021005191,0.0019929996,0.0018524425,0.0020601808,0.002114893,0.0019336318,0.0020229388,0.0023399803,0.002461097,0.0018963803,0.9440828,0.0018115425
26_12609,26_12609.wav,pitch_up_2,26,WolfHowl,3,True,WolfHowl,WolfHowl,False,True,0.0015089664,0.0012297549,0.0025161244,0.0010157881,0.0012596335,0.0018014489,0.0015943064,0.0011668304,0.0015721837,0.0012283996,0.0016923053,0.001971672,0.0016879108,0.0015293988,0.0019059456,0.0013989595,0.0028230802,0.0016502906,0.0018512824,0.0015198513,0.001025048,0.0017887629,0.0011753956,0.0020245148,0.0013461661,0.9586458,0.0010701108
26_12610,26_12610.wav,original,26,WolfHowl,3,True,WolfHowl,WolfHowl,False,True,0.0018262323,0.00195769,0.0018547477,0.0025911368,0.0021078058,0.0015486759,0.0023071205,0.0021681248,0.0018743128,0.0018535806,0.002861813,0.0017214321,0.002017786,0.0018458652,0.0017214454,0.0017796193,0.002123424,0.0019583772,0.0017850943,0.0020177958,0.0016865163,0.0016950467,0.001956328,0.0022329835,0.0016468937,0.94928217,0.0015780224
26_12610,26_12610.wav,pitch_down_2,26,WolfHowl,3,True,WolfHowl,WolfHowl,False,True,0.0018262323,0.00195769,0.0018547477,0.0025911368,0.0021078058,0.0015486759,0.0023071205,0.0021681248,0.0018743128,0.0018535806,0.002861813,0.0017214321,0.002017786,0.0018458652,0.0017214454,0.0017796193,0.002123424,0.0019583772,0.0017850943,0.0020177958,0.0016865163,0.0016950467,0.001956328,0.0022329835,0.0016468937,0.94928217,0.0015780224
26_12612,26_12612.wav,pitch_up_2,26,WolfHowl,3,True,WolfHowl,WolfHowl,False,True,0.0020356707,0.0016118643,0.0015000757,0.0019746707,0.0020846787,0.0016104109,0.0016848738,0.002009866,0.001789685,0.0017703715,0.0017719427,0.002840393,0.002096353,0.0017785995,0.0020407033,0.0017304537,0.0016495275,0.001258108,0.001739644,0.0017345799,0.0014622264,0.0016075927,0.0017206842,0.002994228,0.007845308,0.94586605,0.001791452
26_12613,26_12613.wav,original,26,WolfHowl,3,True,WolfHowl,WolfHowl,False,True,0.0017122192,0.0013234034,0.0013873639,0.0011742981,0.0020675093,0.001818954,0.001143712,0.0010020168,0.0013160869,0.001856837,0.0013935858,0.0013291333,0.0016765357,0.0016908501,0.0018759762,0.001452956,0.0023948066,0.0019152291,0.0017572544,0.0012428259,0.0021496613,0.0022952773,0.0010808711,0.0013367251,0.006083748,0.95385593,0.0016663197
26_12615,26_12615.wav,original,26,WolfHowl,3,True,WolfHowl,WolfHowl,False,True,0.001415113,0.001316528,0.0014765117,0.0015860079,0.0018093707,0.0022969597,0.0010849851,0.0016218065,0.0011633713,0.001770711,0.0015260564,0.001298957,0.0013798354,0.0014137117,0.0018641705,0.0015024595,0.0019786197,0.0017442331,0.0020645007,0.0014244813,0.001559025,0.002551299,0.0012007098,0.0014546923,0.004640952,0.9554684,0.0013864684
26_12620,26_12620.wav,pitch_down_2,26,WolfHowl,3,True,WolfHowl,WolfHowl,False,True,0.0016644906,0.0017748371,0.0020254601,0.0015286469,0.0013803182,0.0014021136,0.0018753664,0.0017070483,0.0019602368,0.0019037835,0.0017868426,0.0018321535,0.0018853582,0.0015120968,0.0017547141,0.0014989021,0.0019049173,0.002622704,0.0018998579,0.0018702798,0.0014241217,0.0014702495,0.0018213458,0.0014138705,0.0023240878,0.9539747,0.0017814875
26_12621,26_12621.wav,pitch_up_2,26,WolfHowl,3,True,WolfHowl,WolfHowl,False,True,0.0020367855,0.0019780088,0.002363885,0.0017108734,0.0017710485,0.0017978605,0.002213733,0.0020096458,0.0024213747,0.0022954857,0.0020949496,0.0015261513,0.0018444833,0.0017100517,0.002160986,0.0017249667,0.0019191229,0.0019773738,0.0020953203,0.00204351,0.00141819,0.0016669551,0.001968376,0.0017629573,0.0027975028,0.94806725,0.0026231704
26_12623,26_12623.wav,pitch_up_2,26,WolfHowl,3,True,WolfHowl,WolfHowl,False,True,0.001997899,0.0015105809,0.0011997418,0.0014117,0.0020013703,0.0019366915,0.0013307334,0.0012430724,0.0022488127,0.0017452551,0.0016126217,0.0015438395,0.0022973863,0.0016511362,0.0021914858,0.0022081968,0.0019948038,0.0023510866,0.0016764737,0.0013830716,0.0020759022,0.001892982,0.0019936578,0.0035322907,0.003381905,0.9498803,0.0017069703
26_12624,26_12624.wav,pitch_down_2,26,WolfHowl,3,True,WolfHowl,WolfHowl,False,True,0.0028010907,0.0010006508,0.0022436783,0.0027925142,0.0027229323,0.0025753758,0.0019188005,0.0011173995,0.0020582695,0.0020299556,0.0032858301,0.0016230011,0.0015235785,0.0027248592,0.0022822833,0.0038977868,0.007767527,0.0056545786,0.001708358,0.0019661395,0.0023987594,0.0025320284,0.0028029196,0.002914372,0.002405227,0.92861205,0.0046399916
26_12624,26_12624.wav,pitch_up_2,26,WolfHowl,3,True,WolfHowl,WolfHowl,False,True,0.0028010907,0.0010006508,0.0022436783,0.0027925142,0.0027229323,0.0025753758,0.0019188005,0.0011173995,0.0020582695,0.0020299556,0.0032858301,0.0016230011,0.0015235785,0.0027248592,0.0022822833,0.0038977868,0.007767527,0.0056545786,0.001708358,0.0019661395,0.0023987594,0.0025320284,0.0028029196,0.002914372,0.002405227,0.92861205,0.0046399916
26_12626,26_12626.wav,original,26,WolfHowl,3,True,WolfHowl,WolfHowl,False,True,0.0015998296,0.002438252,0.002428356,0.0020957119,0.0019627742,0.0016971729,0.0023121617,0.0021299936,0.00183668,0.0021667595,0.0023758912,0.0014787255,0.0020534063,0.0024954427,0.0018883758,0.0024315428,0.0018229141,0.002079512,0.001804534,0.0019222874,0.001964493,0.0017208363,0.0020378998,0.0022853084,0.001997914,0.94690436,0.0020688756
26_12627,26_12627.wav,original,26,WolfHowl,3,True,WolfHowl,WolfHowl,False,True,0.0015542945,0.0023429825,0.0022365025,0.0020595898,0.0018432898,0.0018806369,0.0019343965,0.002141168,0.0017419797,0.0018694858,0.002240464,0.0017882754,0.0018784587,0.0022355793,0.001967029,0.0022923741,0.0018205332,0.0017429913,0.0020455802,0.0019350433,0.0015886229,0.0016954778,0.0024543433,0.0025191905,0.0023024667,0.947897,0.0019922033
26_12630,26_12630.wav,pitch_up_2,26,WolfHowl,3,True,WolfHowl,WolfHowl,False,True,0.0018205281,0.0019381881,0.0024269894,0.0021485016,0.0020895668,0.0018846452,0.0021217267,0.0018241702,0.0015060892,0.0017957418,0.0026136495,0.0022082909,0.0025313518,0.0020906066,0.0020100009,0.0018194318,0.0028697087,0.001914888,0.0022789286,0.0018853905,0.001945994,0.0021919578,0.002594429,0.0021704722,0.0016475905,0.94532984,0.0023413727
26_12631,26_12631.wav,pitch_up_2,26,WolfHowl,3,True,WolfHowl,WolfHowl,False,True,0.0018421711,0.0021816979,0.002086945,0.0019463323,0.0019377405,0.0015957654,0.001818878,0.0016272492,0.0014420265,0.0016636038,0.0023690744,0.0018704814,0.0022987311,0.0022621017,0.0016399916,0.0014884778,0.0027159594,0.0018478642,0.0018827212,0.0016124638,0.0017629956,0.0019258531,0.002355376,0.002083292,0.0014950068,0.9502768,0.0019704243
26_12634,26_12634.wav,pitch_down_2,26,WolfHowl,3,True,WolfHowl,WolfHowl,False,True,0.0015761427,0.0020946972,0.0017555741,0.001899899,0.0018031903,0.0014953609,0.0018900662,0.0015997275,0.0016113431,0.0018940218,0.0021620651,0.0015217863,0.0017877613,0.002121439,0.0016371422,0.001811291,0.0016579741,0.0016303184,0.0012356604,0.0014403523,0.0018111946,0.0016893636,0.001802836,0.0018397352,0.0018888805,0.9546234,0.0017187881
26_12637,26_12637.wav,pitch_up_2,26,WolfHowl,3,True,WolfHowl,WolfHowl,False,True,0.0019021843,0.002120588,0.0024124768,0.0020321275,0.0017289278,0.0017059055,0.0025794804,0.0021266316,0.002126719,0.0024353284,0.0023400383,0.0019124817,0.0021258856,0.0020904047,0.0021830208,0.0020552396,0.0020524908,0.0017771549,0.0019766425,0.0020803649,0.0015817083,0.0019299468,0.0023234577,0.0019377432,0.0017839273,0.9465849,0.0020942558
26_12640,26_12640.wav,original,26,WolfHowl,3,False,WolfHowl,WolfHowl,False,True,0.0021436408,0.0024209002,0.0021708675,0.0019286065,0.0021349017,0.0021644637,0.0024856303,0.002223173,0.0019135604,0.0017680601,0.002010213,0.002816458,0.0021444166,0.0015888443,0.0018727522,0.0020005957,0.0018001728,0.0023103731,0.0018999198,0.0024225356,0.002260599,0.0019047754,0.0017317362,0.0016969036,0.0015087439,0.94696313,0.0017140115
26_12640,26_12640.wav,pitch_down_2,26,WolfHowl,3,False,WolfHowl,WolfHowl,False,True,0.0021436408,0.0024209002,0.0021708675,0.0019286065,0.0021349017,0.0021644637,0.0024856303,0.002223173,0.0019135604,0.0017680601,0.002010213,0.002816458,0.0021444166,0.0015888443,0.0018727522,0.0020005957,0.0018001728,0.0023103731,0.0018999198,0.0024225356,0.002260599,0.0019047754,0.0017317362,0.0016969036,0.0015087439,0.94696313,0.0017140115
26_12640,26_12640.wav,pitch_up_2,26,WolfHowl,3,False,WolfHowl,WolfHowl,False,True,0.0021436408,0.0024209002,0.0021708675,0.0019286065,0.0021349017,0.0021644637,0.0024856303,0.002223173,0.0019135604,0.0017680601,0.002010213,0.002816458,0.0021444166,0.0015888443,0.0018727522,0.0020005957,0.0018001728,0.0023103731,0.0018999198,0.0024225356,0.002260599,0.0019047754,0.0017317362,0.0016969036,0.0015087439,0.94696313,0.0017140115
26_12642,26_12642.wav,original,26,WolfHowl,3,True,WolfHowl,WolfHowl,False,True,0.0023667847,0.0022735682,0.002048141,0.0022246595,0.0026278782,0.0024020572,0.002378037,0.002555616,0.0025334486,0.0023090106,0.0021902856,0.0026416255,0.0021194161,0.0018885398,0.002366091,0.0018951375,0.001607844,0.0024434743,0.002164717,0.0020410523,0.0019452173,0.002356053,0.0019607993,0.0023086795,0.0017189296,0.94275707,0.0018758555
26_12642,26_12642.wav,pitch_down_2,26,WolfHowl,3,True,WolfHowl,WolfHowl,False,True,0.0023667847,0.0022735682,0.002048141,0.0022246595,0.0026278782,0.0024020572,0.002378037,0.002555616,0.0025334486,0.0023090106,0.0021902856,0.0026416255,0.0021194161,0.0018885398,0.002366091,0.0018951375,0.001607844,0.0024434743,0.002164717,0.0020410523,0.0019452173,0.002356053,0.0019607993,0.0023086795,0.0017189296,0.94275707,0.0018758555
26_12644,26_12644.wav,original,26,WolfHowl,3,True,WolfHowl,WolfHowl,False,True,0.0017991819,0.002381779,0.0016847682,0.002040768,0.0024713513,0.0024716046,0.002172288,0.0026219536,0.0022867539,0.0023747145,0.001539146,0.0037334852,0.0026958846,0.0017389272,0.002312843,0.0016717551,0.001492965,0.0017946553,0.0020013235,0.0025848232,0.0018924223,0.0022304356,0.0018935456,0.0029735107,0.0016135694,0.94341105,0.002114524
26_12647,26_12647.wav,pitch_up_2,26,WolfHowl,3,True,WolfHowl,WolfHowl,False,True,0.0015447781,0.0012704683,0.0020687368,0.001574718,0.0015369273,0.0012376019,0.0015026856,0.0014296356,0.0018908046,0.001563464,0.0017590375,0.0007400016,0.0012917528,0.0015685371,0.0018734002,0.0021171703,0.0028697792,0.002298632,0.0015230854,0.0009883157,0.0040542,0.0012637423,0.0008178465,0.001970986,0.0014599878,0.9559967,0.0017869934
26_12648,26_12648.wav,pitch_down_2,26,WolfHowl,3,True,WolfHowl,WolfHowl,False,True,0.0018077968,0.0009922272,0.0022655881,0.0015293788,0.0017347457,0.0010521465,0.0013102632,0.0011670586,0.0022477715,0.0013687274,0.0016315494,0.00079911976,0.0010642483,0.0014300664,0.0019014148,0.0015369565,0.0018363893,0.0016672029,0.0011232517,0.0010080307,0.0034426143,0.003919467,0.0008135974,0.0013219778,0.0013361572,0.95782685,0.001865441
26_12648,26_12648.wav,pitch_up_2,26,WolfHowl,3,True,WolfHowl,WolfHowl,False,True,0.0018077968,0.0009922272,0.0022655881,0.0015293788,0.0017347457,0.0010521465,0.0013102632,0.0011670586,0.0022477715,0.0013687274,0.0016315494,0.00079911976,0.0010642483,0.0014300664,0.0019014148,0.0015369565,0.0018363893,0.0016672029,0.0011232517,0.0010080307,0.0034426143,0.003919467,0.0008135974,0.0013219778,0.0013361572,0.95782685,0.001865441
26_12651,26_12651.wav,original,26,WolfHowl,3,True,WolfHowl,WolfHowl,False,True,0.0026588691,0.0022955884,0.005435381,0.0035375434,0.0065540355,0.010815724,0.0030330531,0.0017354459,0.0049114586,0.0014529497,0.0018735804,0.0041158427,0.003443408,0.0053458945,0.0021568611,0.008088627,0.0033221142,0.0025169782,0.0042724493,0.002603873,0.0034646073,0.002611747,0.006500661,0.0026332757,0.0025934987,0.890835,0.011191559
26_12652,26_12652.wav,pitch_down_2,26,WolfHowl,3,True,WolfHowl,WolfHowl,False,True,0.0029135386,0.0020466724,0.0019469286,0.0013562165,0.0020051785,0.0010364823,0.0017682902,0.0026189964,0.0013916702,0.0019106328,0.0024968535,0.0016273791,0.003137198,0.0022841888,0.001861038,0.0025564714,0.0018122128,0.0015530562,0.0018397124,0.0035293463,0.0031509623,0.002094182,0.0017178133,0.0028941862,0.0022445202,0.94314885,0.0030574065
26_12653,26_12653.wav,pitch_down_2,26,WolfHowl,3,True,WolfHowl,WolfHowl,False,True,0.0017021989,0.0018402097,0.002003226,0.0014723036,0.001963935,0.0011475444,0.0017686939,0.0015700991,0.0016616908,0.0015802644,0.0017084498,0.0020536229,0.0019370662,0.0017055859,0.0022523834,0.0016307462,0.0017130645,0.0013845043,0.0018510666,0.0033698045,0.0013586929,0.0015580459,0.0017616837,0.0015497651,0.0023287993,0.95278955,0.002336993
26_12658,26_12658.wav,pitch_up_2,26,WolfHowl,3,True,WolfHowl,WolfHowl,False,True,0.0024443401,0.0024169337,0.0018473947,0.0016934207,0.0019217132,0.0024638327,0.0021054728,0.0024196645,0.0028245843,0.0021912379,0.0019951118,0.0024418286,0.0018344772,0.0021431292,0.0018551456,0.0021326395,0.0016358475,0.0020194857,0.0023622608,0.0015546357,0.0015728121,0.001992309,0.0024667748,0.0017984333,0.0015777395,0.94599336,0.0022954072
26_12659,26_12659.wav,original,26,WolfHowl,3,True,WolfHowl,WolfHowl,False,True,0.001947179,0.0016424988,0.0012320164,0.0016653837,0.0014918508,0.0018305007,0.0023104372,0.00208042,0.0017665032,0.0018640376,0.0017754653,0.0021433204,0.0019786272,0.001627715,0.0015965668,0.0021230967,0.0015671155,0.0021674396,0.0017202069,0.0012773919,0.0023939647,0.0016561406,0.0015232015,0.0017027663,0.0010631221,0.954609,0.0012440298
26_12660,26_12660.wav,pitch_up_2,26,WolfHowl,3,True,WolfHowl,WolfHowl,False,True,0.002014755,0.0021770047,0.0016065683,0.0018408764,0.0023942702,0.001789156,0.0026252742,0.0021092491,0.002433481,0.0018735604,0.0018747199,0.0016382388,0.0020762628,0.0018924501,0.0016069262,0.0018598429,0.0022405044,0.0016120374,0.0020013906,0.0015495586,0.0018088124,0.001727108,0.0018740167,0.002083412,0.0020108924,0.94914,0.0021396147
26_12663,26_12663.wav,pitch_up_2,26,WolfHowl,3,True,WolfHowl,WolfHowl,False,True,0.0021201253,0.002207241,0.0019215519,0.0020028774,0.002361987,0.0016998843,0.0026312561,0.001861665,0.00241388,0.0018245568,0.0018163786,0.0014641857,0.0018019591,0.001857149,0.0018601102,0.0018687482,0.0021464024,0.0015510521,0.0018809615,0.0017277753,0.001720313,0.001640109,0.0023506696,0.0020569805,0.0022702983,0.94892526,0.0020166563
26_12664,26_12664.wav,pitch_down_2,26,WolfHowl,3,True,WolfHowl,WolfHowl,False,True,0.0018420949,0.0020048209,0.0016241869,0.0017394535,0.0015219037,0.0016114084,0.0021028034,0.0020091548,0.0017601503,0.0018761558,0.0013332864,0.0023960501,0.0019246922,0.0014878333,0.0017293841,0.0019346284,0.0015464332,0.001749177,0.0015929304,0.0018202147,0.0017012777,0.001851302,0.0021685641,0.0016170433,0.0011756656,0.9542081,0.0016713482
26_12666,26_12666.wav,pitch_down_2,26,WolfHowl,3,True,WolfHowl,WolfHowl,False,True,0.001682121,0.0017780421,0.0017676778,0.0014741792,0.0017746693,0.001527981,0.0019037211,0.0014422392,0.0017708446,0.0017076758,0.0016342934,0.0013836408,0.0017318842,0.0013810564,0.0015291561,0.0019226717,0.0015228093,0.001434883,0.0015428932,0.0012996072,0.0017528897,0.0015234207,0.0019690737,0.0014899526,0.001279822,0.9580953,0.0016775246
26_12669,26_12669.wav,original,26,WolfHowl,3,True,WolfHowl,WolfHowl,False,True,0.0018468512,0.001973585,0.0016672671,0.0014904073,0.0015419113,0.0016580428,0.0018690877,0.0016029603,0.0018556548,0.0018076791,0.0021341809,0.0017586229,0.0016708408,0.0015342947,0.0016781999,0.0017981284,0.0016426756,0.0016573872,0.0014702141,0.0013656159,0.0019833397,0.0015117155,0.0021742566,0.0016188888,0.0012828802,0.9560072,0.0013981503
26_12671,26_12671.wav,pitch_down_2,26,WolfHowl,3,True,WolfHowl,WolfHowl,False,True,0.002082459,0.0021010602,0.0020844953,0.002386392,0.0020556205,0.0019215833,0.0030352306,0.0026781652,0.0023311516,0.002634005,0.0020054309,0.0027139708,0.001941535,0.0021423467,0.0024865232,0.0019252935,0.0022180195,0.0014763499,0.0029180532,0.0024194682,0.002059013,0.0019486983,0.0027169548,0.002014563,0.002454147,0.94111514,0.0021342847
26_12671,26_12671.wav,pitch_up_2,26,WolfHowl,3,True,WolfHowl,WolfHowl,False,True,0.002082459,0.0021010602,0.0020844953,0.002386392,0.0020556205,0.0019215833,0.0030352306,0.0026781652,0.0023311516,0.002634005,0.0020054309,0.0027139708,0.001941535,0.0021423467,0.0024865232,0.0019252935,0.0022180195,0.0014763499,0.0029180532,0.0024194682,0.002059013,0.0019486983,0.0027169548,0.002014563,0.002454147,0.94111514,0.0021342847
26_12672,26_12672.wav,original,26,WolfHowl,3,True,WolfHowl,WolfHowl,False,True,0.0023584254,0.0013733046,0.0011231146,0.0015877137,0.0013742173,0.003724627,0.0014876927,0.0023189308,0.0017931033,0.0018484128,0.00138277,0.002896425,0.0015857305,0.0019292902,0.0012920479,0.002407451,0.0019856247,0.002598984,0.0016785455,0.0009253609,0.0022199303,0.0017116574,0.0015585889,0.001565955,0.0008330326,0.95363873,0.00080032536
26_12673,26_12673.wav,pitch_down_2,26,WolfHowl,3,True,WolfHowl,WolfHowl,False,True,0.0026358992,0.0031376183,0.0019023186,0.0018687844,0.0020739206,0.0021007804,0.0019421031,0.0029024128,0.0025902616,0.0020525793,0.0025664621,0.0018570749,0.0023707605,0.0022148902,0.0022438269,0.0023521008,0.0022768483,0.0018661101,0.0022249864,0.0018461775,0.0026460916,0.001842943,0.0024902986,0.0019283448,0.0021557084,0.9416916,0.0022191505
27_12702,27_12702.wav,pitch_down_2,27,Squirrel,3,True,Squirrel,Squirrel,False,True,0.0013541939,0.0017022059,0.0011035417,0.001280541,0.0013596369,0.0012616349,0.0016273431,0.000819982,0.0010669179,0.0018601605,0.0012325193,0.00093886163,0.0040211845,0.0015452524,0.0014371667,0.0013928887,0.00064706913,0.001456625,0.0028075136,0.0007584307,0.0004928025,0.0006949872,0.0029074198,0.0016604802,0.0017146819,0.00060592446,0.96225005
27_12705,27_12705.wav,pitch_up_2,27,Squirrel,3,True,Squirrel,Squirrel,False,True,0.0018979851,0.003471682,0.0019867786,0.001956,0.0040298607,0.0014346348,0.0018606432,0.0009437141,0.0019309135,0.0028249025,0.0021743833,0.0010470467,0.0022413787,0.0018239334,0.0014984013,0.00094859535,0.00081570493,0.0017678449,0.0020953822,0.001844409,0.0011982095,0.0012723618,0.0052883737,0.0009735849,0.002406811,0.0012384822,0.94902796
27_12706,27_12706.wav,pitch_up_2,27,Squirrel,3,True,Squirrel,Squirrel,False,True,0.002246374,0.0019392716,0.0026946003,0.0011739709,0.001583051,0.0023842454,0.0017339302,0.0021358137,0.0017702122,0.0026018599,0.0015041466,0.0008418229,0.0015270667,0.00086270523,0.0031602047,0.0015788517,0.0011827644,0.0013038354,0.0019977947,0.0011196666,0.001969811,0.0006786206,0.00217533,0.000995003,0.00096789416,0.0015184967,0.95635265
27_12708,27_12708.wav,original,27,Squirrel,3,True,Squirrel,Squirrel,False,True,0.0014522512,0.0011104372,0.0014445683,0.0016097495,0.0014847564,0.00095577043,0.0013538833,0.001433163,0.0025290137,0.0020816044,0.0018110481,0.0013010758,0.0015772105,0.001389218,0.0015102731,0.00086551515,0.0019734052,0.00238258,0.0017341528,0.0017599048,0.0009876499,0.0005200257,0.0012582615,0.0011427668,0.0014199223,0.0013949225,0.96151686
27_12711,27_12711.wav,pitch_down_2,27,Squirrel,3,True,Squirrel,Squirrel,False,True,0.0040758476,0.000905382,0.0034670022,0.001556486,0.0012682796,0.0010812577,0.001564504,0.0024776275,0.0022520712,0.0023196342,0.0017493819,0.0022902975,0.0017072093,0.0016301811,0.0016713006,0.0015436964,0.002280155,0.0020496699,0.0015587737,0.0023230526,0.0015221777,0.0011050546,0.0011721648,0.0022291113,0.002511981,0.00169808,0.9499896
27_12712,27_12712.wav,pitch_up_2,27,Squirrel,3,True,Squirrel,Squirrel,False,True,0.005182655,0.0013967104,0.003656797,0.002558376,0.0012309281,0.0017010939,0.0018935268,0.0027120344,0.0037335374,0.0022817133,0.0029316882,0.002834579,0.002499982,0.0026979272,0.0027925374,0.0016778652,0.003265311,0.0026546791,0.0021748955,0.0030741345,0.0023148183,0.0009815509,0.0018106528,0.0021370838,0.003262868,0.0018141596,0.93472785
27_12713,27_12713.wav,pitch_down_2,27,Squirrel,3,True,Squirrel,Squirrel,False,True,0.00229181,0.0017531761,0.001954034,0.0020945454,0.0013723964,0.0014954015,0.0016596707,0.0020673603,0.0029690114,0.0029342333,0.0025094086,0.001813654,0.0016849892,0.0021899277,0.0026775955,0.0012957769,0.0033009343,0.002442808,0.0018371893,0.0031404288,0.003003369,0.0010316363,0.002474651,0.001621474,0.0022762131,0.0021450277,0.9439633
27_12715,27_12715.wav,pitch_down_2,27,Squirrel,3,True,Squirrel,Squirrel,False,True,0.0023137263,0.023863226,0.0067624426,0.008066092,0.009821576,0.0064677787,0.00293878,0.0033857487,0.0046220855,0.003702388,0.0038550503,0.0020887356,0.005394421,0.0036502983,0.005031384,0.0031456419,0.0023091885,0.004514882,0.003920055,0.0029802956,0.009365959,0.008213171,0.0028016642,0.0025099555,0.0050527104,0.0027225835,0.86050016
27_12716,27_12716.wav,original,27,Squirrel,3,True,Squirrel,Squirrel,False,True,0.0016579243,0.0008132507,0.0010699913,0.00028343627,0.010421895,0.0043796133,0.0011538613,0.00085441495,0.0011702351,0.0009248829,0.0012623804,0.0016811086,0.0015604831,0.0017875576,0.001096082,0.0035854634,0.0011579824,0.0013544712,0.0010277386,0.0016043973,0.0021335913,0.00076983735,0.0039614956,0.0012613805,0.0014114175,0.0018611214,0.94975394
27_12718,27_12718.wav,pitch_up_2,27,Squirrel,3,True,Squirrel,Squirrel,False,True,0.0013253415,0.0009874144,0.0019696783,0.0031066102,0.00061396783,0.0009921947,0.0019345856,0.0011290093,0.0007079069,0.0011760088,0.0015235391,0.0025583238,0.0014500573,0.0030204605,0.00073523266,0.00084549346,0.0011819629,0.0014928257,0.0038478076,0.0015439186,0.0020529074,0.0014676587,0.0004502154,0.0010024657,0.001025854,0.001614272,0.96024424
27_12721,27_12721.wav,original,27,Squirrel,3,True,Squirrel,Squirrel,False,True,0.0012492125,0.0010687688,0.0020189772,0.0011612658,0.0004532165,0.0018212418,0.0020267852,0.0037173356,0.0009880272,0.0013080632,0.0014388791,0.0015628776,0.0010657572,0.0020183788,0.0012712072,0.002287985,0.00077159656,0.0015556184,0.0020536317,0.0020894723,0.003843249,0.0023234466,0.0019020723,0.0012622155,0.001140952,0.0035270911,0.9540727
27_12727,27_12727.wav,pitch_down_2,27,Squirrel,3,True,WingFlaping,Squirrel,True,True,0.002874897,0.010801606,0.006971952,0.017953278,0.012735943,0.07926331,0.0041752127,0.0053957705,0.0067082667,0.0075461273,0.0057593044,0.005608832,0.013442599,0.0058547184,0.013773692,0.0064691417,0.008849538,0.021178676,0.0053556506,0.008333742,0.005405568,0.0064031496,0.106762886,0.24330391,0.009301989,0.009043317,0.3707269
27_12727,27_12727.wav,pitch_up_2,27,Squirrel,3,True,Silence,Squirrel,True,True,0.002874897,0.010801606,0.006971952,0.017953278,0.012735943,0.07926331,0.0041752127,0.0053957705,0.0067082667,0.0075461273,0.0057593044,0.005608832,0.013442599,0.0058547184,0.013773692,0.0064691417,0.008849538,0.021178676,0.0053556506,0.008333742,0.005405568,0.0064031496,0.106762886,0.24330391,0.009301989,0.009043317,0.3707269
27_12729,27_12729.wav,pitch_up_2,27,Squirrel,3,True,Squirrel,Squirrel,False,True,0.0022966645,0.0011856522,0.002839071,0.00067070656,0.00068760104,0.0036166671,0.003401071,0.0010388694,0.0018400206,0.0019614066,0.0021590525,0.0009123979,0.0019580277,0.0015256518,0.0017078073,0.0013652737,0.0018380937,0.0020294199,0.005965881,0.0014749411,0.0025724021,0.0039526643,0.0040377066,0.0014468451,0.0019117016,0.0026033942,0.943001
27_12732,27_12732.wav,pitch_up_2,27,Squirrel,3,True,Squirrel,Squirrel,False,True,0.0010386644,0.0010680325,0.0019909663,0.0014796993,0.0008970813,0.002054303,0.0018953811,0.0019785091,0.0017294874,0.0014299807,0.001777253,0.00095472764,0.0026756197,0.0011481704,0.001933952,0.0022433896,0.0009814124,0.0016948994,0.0016058325,0.00168321,0.0017712727,0.0009458054,0.0015536355,0.0019143285,0.0020258222,0.0012805591,0.95824796
27_12733,27_12733.wav,pitch_down_2,27,Squirrel,3,True,Squirrel,Squirrel,False,True,0.0011017987,0.00096807186,0.0024801216,0.0015771264,0.0013641961,0.0024099515,0.0015316963,0.0022552556,0.0019001319,0.0015586126,0.0017591398,0.0011170043,0.0027822983,0.0011335377,0.0024074067,0.002034548,0.001051664,0.0021297026,0.002454865,0.0016800197,0.0016600859,0.0012078692,0.0015753523,0.0021122578,0.0023344748,0.0012373567,0.9541754
27_12734,27_12734.wav,original,27,Squirrel,3,True,Squirrel,Squirrel,False,True,0.0014612405,0.0011818509,0.0017193244,0.0012967889,0.013051681,0.0037817545,0.0011769496,0.00086030486,0.0011476421,0.001305001,0.0021056372,0.00062951416,0.0009406278,0.0010871821,0.0016937287,0.0013108589,0.0008639158,0.0011650684,0.0015091755,0.0018370963,0.0008338375,0.0007709542,0.0038043212,0.0014088881,0.001741265,0.001536001,0.94977933
27_12735,27_12735.wav,pitch_down_2,27,Squirrel,3,True,Squirrel,Squirrel,False,True,0.0039702044,0.0006056599,0.002201188,0.0023096942,0.0043315883,0.0024337329,0.0024170969,0.0017312014,0.0026514179,0.003724124,0.0023934245,0.006990148,0.0026415137,0.0032949813,0.001219859,0.0031074118,0.00858798,0.007525433,0.0031782724,0.002835,0.0030050294,0.0011964907,0.0111982105,0.00163294,0.0050603035,0.002118352,0.9076388
27_12737,27_12737.wav,original,27,Squirrel,3,True,Squirrel,Squirrel,False,True,0.0052517285,0.0041954005,0.0033454811,0.0014382089,0.0071821124,0.022519827,0.0024358586,0.001550517,0.0039108484,0.0039302604,0.0045277216,0.0036384806,0.0030856058,0.006084515,0.0038397314,0.0069704396,0.0036888456,0.012637946,0.0036160855,0.0054391553,0.0045032836,0.00085759925,0.0042727455,0.004744288,0.008105333,0.006700125,0.8615279
27_12741,27_12741.wav,pitch_up_2,27,Squirrel,3,True,Squirrel,Squirrel,False,True,0.0026630845,0.0019868813,0.0016677054,0.000677083,0.0015299139,0.0031133362,0.0012723288,0.0014623037,0.0020863956,0.0031594757,0.0010488709,0.0017866445,0.0021682903,0.002009256,0.0012499221,0.00164373,0.0015905426,0.0008920815,0.0027276801,0.0018632369,0.0010632318,0.001133866,0.0019187289,0.0021842336,0.0014952197,0.0024199372,0.953186
27_12743,27_12743.wav,original,27,Squirrel,3,True,Squirrel,Squirrel,False,True,0.0009742919,0.0003988324,0.0009109376,0.0006103597,0.0050900127,0.00056817185,0.001145554,0.0013398882,0.0016965448,0.0012060401,0.0010702488,0.0020682963,0.0007195791,0.0019749736,0.000986882,0.0006809022,0.0011507514,0.0016858261,0.0021401977,0.00077286764,0.0009947013,0.0007878512,0.0021380635,0.0012899045,0.0015884818,0.0011177136,0.96489215
27_12747,27_12747.wav,pitch_down_2,27,Squirrel,3,True,Squirrel,Squirrel,False,True,0.0024459856,0.004148508,0.0035860806,0.0063491515,0.0025711209,0.006650873,0.0032388873,0.0051143435,0.006147045,0.0020509732,0.0024370311,0.0019745135,0.0049340636,0.003565199,0.0051601897,0.0061884895,0.0027804964,0.0037568726,0.0037647795,0.0025125134,0.020205062,0.0020699846,0.011085016,0.0024685997,0.0033387262,0.004663334,0.8767922
27_12748,27_12748.wav,original,27,Squirrel,3,True,Squirrel,Squirrel,False,True,0.0026536926,0.002297208,0.0036534958,0.022030137,0.005387387,0.0042514335,0.0029489484,0.003862774,0.002497867,0.0030868028,0.0032087013,0.0010555327,0.0015404643,0.004670941,0.0025728547,0.0049363156,0.002935514,0.003688722,0.003068973,0.0049336078,0.050382774,0.0021779244,0.0040614307,0.0022802858,0.0036439896,0.0037437081,0.8484285
27_12748,27_12748.wav,pitch_up_2,27,Squirrel,3,True,Squirrel,Squirrel,False,True,0.0026536926,0.002297208,0.0036534958,0.022030137,0.005387387,0.0042514335,0.0029489484,0.003862774,0.002497867,0.0030868028,0.0032087013,0.0010555327,0.0015404643,0.004670941,0.0025728547,0.0049363156,0.002935514,0.003688722,0.003068973,0.0049336078,0.050382774,0.0021779244,0.0040614307,0.0022802858,0.0036439896,0.0037437081,0.8484285
27_12749,27_12749.wav,original,27,Squirrel,3,True,Squirrel,Squirrel,False,True,0.0008963845,0.0019244103,0.0010737503,0.0031647468,0.0019298842,0.0013269462,0.0019055934,0.0012705398,0.002026752,0.0019037891,0.002771721,0.0010078698,0.0005644031,0.0019632669,0.00178998,0.0022287162,0.0034439636,0.0032008635,0.0018983787,0.0018393002,0.0042164805,0.001199198,0.002803104,0.0031731718,0.0017949579,0.0027482098,0.9459336
27_12750,27_12750.wav,original,27,Squirrel,3,True,Squirrel,Squirrel,False,True,0.0054931715,0.0012355727,0.00717493,0.008490968,0.015546061,0.0071338504,0.004709456,0.0064240494,0.0039531314,0.0028344851,0.005249884,0.00844968,0.002871285,0.0039007196,0.0052546975,0.023517037,0.0067243003,0.0032681718,0.004198613,0.006964154,0.042016182,0.002954501,0.016640777,0.011709191,0.004404861,0.012063246,0.776817
27_12750,27_12750.wav,pitch_down_2,27,Squirrel,3,True,Squirrel,Squirrel,False,True,0.0054931715,0.0012355727,0.00717493,0.008490968,0.015546061,0.0071338504,0.004709456,0.0064240494,0.0039531314,0.0028344851,0.005249884,0.00844968,0.002871285,0.0039007196,0.0052546975,0.023517037,0.0067243003,0.0032681718,0.004198613,0.006964154,0.042016182,0.002954501,0.016640777,0.011709191,0.004404861,0.012063246,0.776817
27_12751,27_12751.wav,original,27,Squirrel,3,True,Squirrel,Squirrel,False,True,0.0035300844,0.0066464837,0.0039870343,0.00695532,0.050628457,0.010810654,0.004372897,0.0013360073,0.0055401786,0.0057493825,0.004651914,0.0061256946,0.008339441,0.0041197087,0.0067729973,0.015348633,0.004142946,0.0054816934,0.008818505,0.0036574546,0.004900802,0.0020963699,0.0056359265,0.005732695,0.0052730534,0.004129262,0.8052165
27_12754,27_12754.wav,pitch_down_2,27,Squirrel,3,True,Squirrel,Squirrel,False,True,0.0016631241,0.00063358556,0.0027907407,0.0014059235,0.0013208697,0.00057312055,0.0021924314,0.0019478217,0.0016452377,0.003000142,0.0017201649,0.0009081371,0.0014404295,0.0021959306,0.0014549404,0.0008752138,0.0020661717,0.0016708706,0.0017371569,0.0014511105,0.0136330165,0.0022098792,0.001295106,0.0016073411,0.0021501156,0.0016608449,0.9447506
27_12755,27_12755.wav,pitch_down_2,27,Squirrel,3,True,Squirrel,Squirrel,False,True,0.0014947852,0.00090914266,0.002721735,0.001662182,0.0017664515,0.0010107068,0.0013114741,0.0012806299,0.0019460078,0.005730167,0.0022719854,0.0011837807,0.004782736,0.0014795028,0.001917621,0.0025276197,0.001346479,0.0012837838,0.0015523722,0.0013059316,0.0019526355,0.0016363332,0.005162873,0.0019520366,0.0013856366,0.0020322565,0.9463932
27_12757,27_12757.wav,original,27,Squirrel,3,True,Squirrel,Squirrel,False,True,0.0023583493,0.001140318,0.0014268075,0.0032184236,0.0027387282,0.0010202058,0.0017880634,0.0024120382,0.0014374722,0.0012298165,0.0013712208,0.0008774511,0.0014254035,0.0019655097,0.0012238867,0.001164104,0.0012824676,0.0012145176,0.0014975723,0.0034318303,0.0016255397,0.001175558,0.0012998227,0.0020221153,0.0016109096,0.0017736782,0.95626813
27_12758,27_12758.wav,pitch_down_2,27,Squirrel,3,True,Squirrel,Squirrel,False,True,0.0024008192,0.0011617433,0.0014437977,0.0034137305,0.0027785872,0.0010384353,0.0018091942,0.0024359946,0.0014553013,0.0012431446,0.0013975002,0.00089375215,0.0014477432,0.0019983188,0.0012419141,0.0011756251,0.0012925657,0.0012244774,0.0015169019,0.0034869139,0.0016359873,0.0011973077,0.0013197488,0.0020390986,0.0016420899,0.0017905897,0.9555187
27_12762,27_12762.wav,original,27,Squirrel,3,True,Squirrel,Squirrel,False,True,0.003102298,0.00065540575,0.0028438736,0.0021738766,0.0075909267,0.005191576,0.002926212,0.0023901884,0.0011012593,0.0033131503,0.0027893651,0.0043539195,0.0037392518,0.002014139,0.0030033782,0.0019268709,0.0013486509,0.0017438647,0.0022946086,0.0032693464,0.0017108099,0.0010504059,0.02522961,0.0011236016,0.002459048,0.0016125268,0.9090418
27_12763,27_12763.wav,original,27,Squirrel,3,False,Insect,Insect,False,False,0.0056780265,0.004396591,0.0018733558,0.004219204,0.0023001926,0.006062191,0.0023426404,0.0022122753,0.0038595907,0.0019356023,0.00083735987,0.0017753802,0.0038666911,0.00231567,0.0022089875,0.0019671607,0.0011269981,0.00313167,0.0034988255,0.0022204139,0.902102,0.0033746555,0.0007898261,0.003401749,0.0024247675,0.0027250238,0.027353182
27_12763,27_12763.wav,pitch_down_2,27,Squirrel,3,False,Insect,Insect,False,False,0.0056780265,0.004396591,0.0018733558,0.004219204,0.0023001926,0.006062191,0.0023426404,0.0022122753,0.0038595907,0.0019356023,0.00083735987,0.0017753802,0.0038666911,0.00231567,0.0022089875,0.0019671607,0.0011269981,0.00313167,0.0034988255,0.0022204139,0.902102,0.0033746555,0.0007898261,0.003401749,0.0024247675,0.0027250238,0.027353182
27_12763,27_12763.wav,pitch_up_2,27,Squirrel,3,False,Insect,Insect,False,False,0.0056780265,0.004396591,0.0018733558,0.004219204,0.0023001926,0.006062191,0.0023426404,0.0022122753,0.0038595907,0.0019356023,0.00083735987,0.0017753802,0.0038666911,0.00231567,0.0022089875,0.0019671607,0.0011269981,0.00313167,0.0034988255,0.0022204139,0.902102,0.0033746555,0.0007898261,0.003401749,0.0024247675,0.0027250238,0.027353182
27_12765,27_12765.wav,pitch_up_2,27,Squirrel,3,True,Squirrel,Squirrel,False,True,0.0034467066,0.0015304588,0.0038400246,0.026086269,0.0020307202,0.00572882,0.002861786,0.0047771577,0.0049259025,0.0019182703,0.005095905,0.0031615272,0.0042448468,0.0067331404,0.0024311699,0.0046910164,0.017213106,0.0037644142,0.00454865,0.011397666,0.0013761483,0.0046566087,0.023985527,0.0048993677,0.009932939,0.003220429,0.8315013
27_12766,27_12766.wav,original,27,Squirrel,3,False,Squirrel,Squirrel,False,True,0.0006878611,0.0010801686,0.001456255,0.0008399357,0.011220285,0.0014440328,0.0015681866,0.0010855459,0.0031155795,0.0008603903,0.0010753545,0.0018733707,0.0009092572,0.0009458561,0.0013116909,0.0006877606,0.000790128,0.0019959542,0.0009660339,0.0015211838,0.0015568244,0.0007942848,0.0017631477,0.0019164555,0.0013485822,0.000934625,0.9562513
27_12766,27_12766.wav,pitch_down_2,27,Squirrel,3,False,Squirrel,Squirrel,False,True,0.0006878611,0.0010801686,0.001456255,0.0008399357,0.011220285,0.0014440328,0.0015681866,0.0010855459,0.0031155795,0.0008603903,0.0010753545,0.0018733707,0.0009092572,0.0009458561,0.0013116909,0.0006877606,0.000790128,0.0019959542,0.0009660339,0.0015211838,0.0015568244,0.0007942848,0.0017631477,0.0019164555,0.0013485822,0.000934625,0.9562513
27_12766,27_12766.wav,pitch_up_2,27,Squirrel,3,False,Squirrel,Squirrel,False,True,0.0006878611,0.0010801686,0.001456255,0.0008399357,0.011220285,0.0014440328,0.0015681866,0.0010855459,0.0031155795,0.0008603903,0.0010753545,0.0018733707,0.0009092572,0.0009458561,0.0013116909,0.0006877606,0.000790128,0.0019959542,0.0009660339,0.0015211838,0.0015568244,0.0007942848,0.0017631477,0.0019164555,0.0013485822,0.000934625,0.9562513
27_12768,27_12768.wav,pitch_down_2,27,Squirrel,3,True,Squirrel,Squirrel,False,True,0.0029322018,0.000584403,0.0033709474,0.0030835907,0.0044212523,0.0016725445,0.0018559364,0.002818879,0.0020182047,0.0031686125,0.0010434802,0.0036658645,0.0010517412,0.0029316426,0.0017760551,0.0022142332,0.00573743,0.0035497285,0.0032549223,0.0010985957,0.000777024,0.0029019702,0.0058267866,0.0006399408,0.00348209,0.0014065678,0.93271536
27_12769,27_12769.wav,original,27,Squirrel,3,True,Squirrel,Squirrel,False,True,0.0057483925,0.002743848,0.003167874,0.0021221132,0.08147265,0.0014060428,0.0064236973,0.002676704,0.0051887576,0.0048798253,0.0031647198,0.022365635,0.0039714514,0.0032131125,0.003443238,0.0047435546,0.0044609797,0.0074079446,0.004028899,0.0068488265,0.013335496,0.010620096,0.010171739,0.004568311,0.0037617888,0.0043646735,0.7736996
27_12769,27_12769.wav,pitch_down_2,27,Squirrel,3,True,Squirrel,Squirrel,False,True,0.0057483925,0.002743848,0.003167874,0.0021221132,0.08147265,0.0014060428,0.0064236973,0.002676704,0.0051887576,0.0048798253,0.0031647198,0.022365635,0.0039714514,0.0032131125,0.003443238,0.0047435546,0.0044609797,0.0074079446,0.004028899,0.0068488265,0.013335496,0.010620096,0.010171739,0.004568311,0.0037617888,0.0043646735,0.7736996
27_12774,27_12774.wav,pitch_up_2,27,Squirrel,3,True,Squirrel,Squirrel,False,True,0.003662182,0.002190766,0.0031516536,0.0011344077,0.0020769096,0.0028189188,0.0020939421,0.0019035129,0.004768233,0.0029610274,0.0014016936,0.0017765422,0.0022004766,0.002049329,0.0022747219,0.0015831223,0.002182074,0.0023136719,0.0027111322,0.0014751303,0.0011750474,0.0014472487,0.005733903,0.0014798933,0.0038290825,0.0026414671,0.936964
27_12775,27_12775.wav,original,27,Squirrel,3,True,Squirrel,Squirrel,False,True,0.0025351692,0.0007322613,0.0023951565,0.0013782611,0.0012701987,0.0019612475,0.0020940795,0.004288157,0.0029172578,0.0013314369,0.0013491599,0.0015023301,0.001510176,0.0016786329,0.0011466063,0.0012604335,0.0022085526,0.0013809571,0.0014765211,0.0016538141,0.0006089904,0.0016777733,0.0035292625,0.0014184819,0.0011553481,0.0010832202,0.9544565
