Original ID,Original Dataset File Name,Variant,Class ID,Class Name,source_variants_in_manifest,source_seen_in_training_partition,row_ensemble_prediction,source_consistent_prediction,prediction_changed,source_consistent_correct,probability_fire,probability_rain,probability_thunderstorm,probability_waterdrops,probability_wind,probability_silence,probability_treefalling,probability_helicopter,probability_vehicleengine,probability_axe,probability_chainsaw,probability_generator,probability_handsaw,probability_firework,probability_gunshot,probability_woodchop,probability_whistling,probability_speaking,probability_footsteps,probability_clapping,probability_insect,probability_frog,probability_birdchirping,probability_wingflaping,probability_lion,probability_wolfhowl,probability_squirrel
1_10101,1_10101.wav,pitch_down_2,1,Fire,3,True,Fire,Fire,False,True,0.9558134,0.0036919524,0.0016788758,0.0005884574,0.0016827667,0.0016751838,0.007504677,0.0018357476,0.001267495,0.0017521103,0.0007161848,0.0010303806,0.0007703212,0.0016620612,0.0015802477,0.0007478902,0.0012842617,0.001481391,0.00064752385,0.0007432769,0.0019174564,0.0011489767,0.0010117982,0.0038928892,0.0010516667,0.0017660785,0.001056909
1_10105,1_10105.wav,pitch_up_2,1,Fire,3,True,Fire,Fire,False,True,0.97754663,0.0019344375,0.00072547205,0.00026988157,0.0011489507,0.0004994274,0.0011295424,0.0012231237,0.0010633785,0.0010421425,0.00077502587,0.0006152794,0.00036854754,0.0009812141,0.0007040093,0.00055879116,0.00072439923,0.0014061603,0.0010486249,0.0004331117,0.00097530306,0.000605254,0.0006403999,0.0012197063,0.00081243156,0.0008034999,0.0007451963
1_10107,1_10107.wav,pitch_up_2,1,Fire,3,True,Fire,Fire,False,True,0.9745484,0.003995517,0.0022762297,0.0005633817,0.0011180248,0.00059007696,0.00096141547,0.0011022218,0.0008599222,0.0009723543,0.0006487072,0.0006030958,0.0005211512,0.0007193598,0.00066889514,0.0005477359,0.0006986572,0.0014929902,0.00058158237,0.0007529904,0.00077071873,0.00062973425,0.00061544846,0.0008100941,0.00085130864,0.0011244862,0.0009755666
1_10108,1_10108.wav,original,1,Fire,3,True,Fire,Fire,False,True,0.97420645,0.0012871755,0.0009241871,0.00052509044,0.0011297573,0.0005846022,0.001076517,0.0014369512,0.000851595,0.0008775373,0.00079303124,0.0005264226,0.00046186114,0.001417468,0.00079003343,0.00066600397,0.0007586749,0.0019697633,0.0013867941,0.0010812273,0.0009917539,0.00078910356,0.00060306414,0.0018650837,0.00090500916,0.0013764509,0.0007183877
1_10113,1_10113.wav,pitch_down_2,1,Fire,3,True,Fire,Fire,False,True,0.97552174,0.0009994655,0.0007634545,0.00083292974,0.00071435,0.0011839691,0.00083555793,0.0012315421,0.0012118,0.0009449164,0.00072592683,0.0014699175,0.00036324037,0.0010770591,0.0006054812,0.00052630587,0.0010616056,0.0011670063,0.0006018053,0.0011933424,0.0014432269,0.0009707813,0.00063399255,0.0007837317,0.00073076907,0.0013036183,0.0011024942
1_10117,1_10117.wav,original,1,Fire,3,True,Fire,Fire,False,True,0.97163814,0.00082568306,0.000968961,0.0009184725,0.0011052195,0.0010394575,0.00074921176,0.0015621405,0.0012030418,0.0010985144,0.0010160852,0.0017879703,0.00044673277,0.00100016,0.00058331573,0.0007707701,0.0013909274,0.0015014916,0.0012872204,0.0020178717,0.0012913708,0.0008289138,0.00073626364,0.0005072467,0.0010232233,0.0013207081,0.0013809236
1_10117,1_10117.wav,pitch_up_2,1,Fire,3,True,Fire,Fire,False,True,0.97163814,0.00082568306,0.000968961,0.0009184725,0.0011052195,0.0010394575,0.00074921176,0.0015621405,0.0012030418,0.0010985144,0.0010160852,0.0017879703,0.00044673277,0.00100016,0.00058331573,0.0007707701,0.0013909274,0.0015014916,0.0012872204,0.0020178717,0.0012913708,0.0008289138,0.00073626364,0.0005072467,0.0010232233,0.0013207081,0.0013809236
1_10118,1_10118.wav,pitch_down_2,1,Fire,3,True,Fire,Fire,False,True,0.9653182,0.0006259941,0.0011861578,0.0010263236,0.0012955932,0.0013792735,0.0012585103,0.0018595532,0.0016786238,0.0010521061,0.0011799295,0.0012117097,0.0005274178,0.0015026104,0.0006660444,0.0006634228,0.0015376393,0.0013899131,0.004164797,0.0023127727,0.0013121633,0.0011551166,0.0011962252,0.0006064453,0.0012217062,0.0016189585,0.0010527503
1_10119,1_10119.wav,original,1,Fire,3,True,Fire,Fire,False,True,0.9656475,0.00062126614,0.0013456548,0.0011290272,0.0010950956,0.0009885697,0.0012835352,0.0015394529,0.0017812788,0.0016235806,0.00082430086,0.0019733158,0.00044143095,0.0010899795,0.00059103064,0.0017594692,0.0014968266,0.001693752,0.0010562594,0.0041041835,0.0015736134,0.00093397725,0.0009167176,0.00038923378,0.0014347564,0.0014168784,0.0012492434
1_10120,1_10120.wav,original,1,Fire,3,True,Fire,Fire,False,True,0.9608293,0.00063106813,0.0013005235,0.001019302,0.0016059661,0.0019478727,0.0011902143,0.003306699,0.0025639115,0.0016647185,0.0009352932,0.0014804098,0.00042813426,0.0012478892,0.0007110045,0.0016471626,0.0019051748,0.001425302,0.0034424567,0.0025212981,0.0012376454,0.001254153,0.0011307761,0.0004516344,0.0012026647,0.0016922349,0.0012271754
1_10120,1_10120.wav,pitch_down_2,1,Fire,3,True,Fire,Fire,False,True,0.9608293,0.00063106813,0.0013005235,0.001019302,0.0016059661,0.0019478727,0.0011902143,0.003306699,0.0025639115,0.0016647185,0.0009352932,0.0014804098,0.00042813426,0.0012478892,0.0007110045,0.0016471626,0.0019051748,0.001425302,0.0034424567,0.0025212981,0.0012376454,0.001254153,0.0011307761,0.0004516344,0.0012026647,0.0016922349,0.0012271754
1_10122,1_10122.wav,original,1,Fire,3,True,Fire,Fire,False,True,0.9654359,0.001493269,0.0015501656,0.0012759251,0.0017741456,0.00087631,0.0022614757,0.0014825739,0.00081048225,0.0021730582,0.0013579003,0.0010831269,0.00066899206,0.0019568265,0.0010188799,0.00060450414,0.0009367549,0.0016411549,0.0016018708,0.0016324554,0.0017251881,0.0013896232,0.0009997734,0.00069388474,0.0012141317,0.0014705894,0.00087104685
1_10124,1_10124.wav,pitch_up_2,1,Fire,3,True,Fire,Fire,False,True,0.9750151,0.002058843,0.00090996944,0.00096693536,0.0012466498,0.00053954043,0.0011326617,0.00082621357,0.00062312855,0.0013461388,0.0011759382,0.0009260716,0.00042902105,0.0011522722,0.0009447229,0.0005448707,0.0007181464,0.0011077054,0.00037971037,0.0011186718,0.0016200241,0.0010886487,0.0009049072,0.0006650645,0.0008967887,0.0011280669,0.00053424865
1_10125,1_10125.wav,pitch_up_2,1,Fire,3,True,Fire,Fire,False,True,0.9729803,0.0020881756,0.0010138344,0.0011627186,0.0013270392,0.0006268823,0.00091433944,0.0008898002,0.00074238103,0.0015223376,0.0011558797,0.0009846875,0.00048518748,0.0010695822,0.0008664523,0.00049854926,0.0009166849,0.0012386217,0.0017293626,0.00091868127,0.0012014684,0.0010692725,0.000935487,0.0007097784,0.0011013943,0.0012554439,0.000595611
1_10130,1_10130.wav,original,1,Fire,3,True,Fire,Fire,False,True,0.9757773,0.0023818314,0.0008436942,0.0012749103,0.0012420289,0.0004646598,0.00088762766,0.0007380994,0.00062852347,0.0010312308,0.0010699871,0.0009635989,0.00037843478,0.00096729025,0.0008672171,0.00045645938,0.0007083092,0.0012183072,0.0004690482,0.0011780028,0.0011304043,0.0010038012,0.0007679129,0.0008803797,0.0010467666,0.0011467143,0.00047744167
1_10130,1_10130.wav,pitch_down_2,1,Fire,3,True,Fire,Fire,False,True,0.9757773,0.0023818314,0.0008436942,0.0012749103,0.0012420289,0.0004646598,0.00088762766,0.0007380994,0.00062852347,0.0010312308,0.0010699871,0.0009635989,0.00037843478,0.00096729025,0.0008672171,0.00045645938,0.0007083092,0.0012183072,0.0004690482,0.0011780028,0.0011304043,0.0010038012,0.0007679129,0.0008803797,0.0010467666,0.0011467143,0.00047744167
1_10131,1_10131.wav,pitch_up_2,1,Fire,3,True,Fire,Fire,False,True,0.96441483,0.002118365,0.00084476406,0.0027366274,0.0012109376,0.00095632393,0.00078564696,0.0012062924,0.0015300423,0.001476965,0.0014309058,0.0017803343,0.0007722874,0.0011033844,0.0008236232,0.0011366969,0.0014550345,0.0015998945,0.0014361857,0.0022981127,0.0014201576,0.0012483983,0.001038345,0.0011289158,0.0014632574,0.0017563571,0.0008273656
1_10134,1_10134.wav,original,1,Fire,3,True,Fire,Fire,False,True,0.9680459,0.0010901885,0.0008400109,0.006090423,0.0010272948,0.0008740852,0.0007573689,0.0011749457,0.0011065692,0.00077886245,0.0010878696,0.0010997906,0.00046655364,0.0009859373,0.00081434305,0.0008315171,0.0011810329,0.0011746524,0.0010088909,0.0009195249,0.0014138423,0.0010938921,0.0007845985,0.0021809416,0.0009367875,0.0013684183,0.00086577056
1_10135,1_10135.wav,original,1,Fire,3,True,Fire,Fire,False,True,0.98005486,0.0006276739,0.0005907765,0.0025776608,0.00075544254,0.00058443076,0.0005362516,0.0007713051,0.0006276528,0.00066330284,0.0009745925,0.00072680396,0.000324811,0.0006987509,0.0006089815,0.0008044772,0.00065970916,0.0008435801,0.00052704965,0.00084849034,0.00076916936,0.0007460322,0.00051650236,0.00087230507,0.0007147218,0.0008919095,0.0006827337
1_10135,1_10135.wav,pitch_down_2,1,Fire,3,True,Fire,Fire,False,True,0.98005486,0.0006276739,0.0005907765,0.0025776608,0.00075544254,0.00058443076,0.0005362516,0.0007713051,0.0006276528,0.00066330284,0.0009745925,0.00072680396,0.000324811,0.0006987509,0.0006089815,0.0008044772,0.00065970916,0.0008435801,0.00052704965,0.00084849034,0.00076916936,0.0007460322,0.00051650236,0.00087230507,0.0007147218,0.0008919095,0.0006827337
1_10136,1_10136.wav,pitch_down_2,1,Fire,3,True,Fire,Fire,False,True,0.9508169,0.009901882,0.0007211184,0.0009549737,0.002658122,0.0023687137,0.0010315877,0.0016184979,0.0019752942,0.00084952987,0.0013855122,0.0009872233,0.00057814847,0.0012076409,0.0015159504,0.0009360339,0.0015029361,0.0020987762,0.003578046,0.0011494196,0.0020669098,0.0015677813,0.0007747309,0.0036039054,0.0014852077,0.001621483,0.0010436233
1_10136,1_10136.wav,pitch_up_2,1,Fire,3,True,Fire,Fire,False,True,0.9508169,0.009901882,0.0007211184,0.0009549737,0.002658122,0.0023687137,0.0010315877,0.0016184979,0.0019752942,0.00084952987,0.0013855122,0.0009872233,0.00057814847,0.0012076409,0.0015159504,0.0009360339,0.0015029361,0.0020987762,0.003578046,0.0011494196,0.0020669098,0.0015677813,0.0007747309,0.0036039054,0.0014852077,0.001621483,0.0010436233
1_10139,1_10139.wav,pitch_up_2,1,Fire,3,True,Fire,Fire,False,True,0.97900087,0.0017423531,0.0004652209,0.0015059154,0.0015946006,0.0012173733,0.0006141413,0.0006492009,0.00074290676,0.00045345924,0.00073636154,0.00041455452,0.0003840725,0.0007219556,0.0008753634,0.0005403816,0.0007115603,0.0008584753,0.0011667117,0.00080559077,0.0006445039,0.000747344,0.00045890152,0.00052602246,0.00082551735,0.0011346423,0.00046194458
1_10141,1_10141.wav,pitch_down_2,1,Fire,3,True,Fire,Fire,False,True,0.97005516,0.002227921,0.0005897821,0.001764338,0.001635469,0.0022009371,0.00093347096,0.0009207498,0.0009187394,0.0006642076,0.0010616757,0.0007523943,0.00045209087,0.00096107344,0.0011924895,0.0005449913,0.00089096435,0.0011044001,0.002125725,0.0011633626,0.0008624785,0.0010610301,0.0005619125,0.0021336286,0.0010438565,0.0013954228,0.00078176614
1_10144,1_10144.wav,original,1,Fire,3,True,Fire,Fire,False,True,0.96155435,0.009011986,0.00068619015,0.00043490645,0.0014669566,0.002115586,0.0013405577,0.0014027222,0.00087087735,0.0010413832,0.0013273364,0.0006214769,0.00049726287,0.0009344911,0.0008956075,0.00084091583,0.0011221258,0.0012442325,0.0011149927,0.0007840395,0.0013947762,0.0011972369,0.0006722683,0.0035343051,0.0009855024,0.0015565905,0.0013513075
1_10144,1_10144.wav,pitch_down_2,1,Fire,3,True,Fire,Fire,False,True,0.96155435,0.009011986,0.00068619015,0.00043490645,0.0014669566,0.002115586,0.0013405577,0.0014027222,0.00087087735,0.0010413832,0.0013273364,0.0006214769,0.00049726287,0.0009344911,0.0008956075,0.00084091583,0.0011221258,0.0012442325,0.0011149927,0.0007840395,0.0013947762,0.0011972369,0.0006722683,0.0035343051,0.0009855024,0.0015565905,0.0013513075
1_10150,1_10150.wav,pitch_up_2,1,Fire,3,True,Fire,Fire,False,True,0.96005386,0.0013088469,0.0015590274,0.0019293987,0.0014305129,0.0011118177,0.00090162427,0.0012359419,0.0009520187,0.000941847,0.0010737638,0.00133834,0.0015798261,0.00075679045,0.0012857477,0.0008718002,0.0010204226,0.0013575606,0.007850338,0.0014837581,0.0016570775,0.0011494659,0.0012876702,0.0022790825,0.0011690691,0.0016803491,0.0007340899
1_10151,1_10151.wav,pitch_down_2,1,Fire,3,True,Fire,Fire,False,True,0.969719,0.00082665076,0.0011919661,0.000995917,0.00095090497,0.00085152296,0.0006288335,0.00081168226,0.0006523637,0.00065893546,0.0010164425,0.0007731703,0.00091994304,0.00058824726,0.0011584306,0.0006675485,0.0007117285,0.0012843489,0.0045016357,0.0010354725,0.0012595413,0.00089856493,0.0009970168,0.0037960832,0.0010674656,0.0013507946,0.0006857438
1_10153,1_10153.wav,pitch_down_2,1,Fire,3,True,Fire,Fire,False,True,0.96865064,0.0015821507,0.0014069858,0.0014172442,0.0010018107,0.0008553409,0.0008203837,0.0009604755,0.0005648857,0.00092615426,0.0010444674,0.0010854639,0.0011718537,0.0007304907,0.0010627619,0.0008743494,0.0007931765,0.0014209942,0.002127655,0.0016070539,0.0011944765,0.0010000492,0.0010018464,0.0036704324,0.00097019755,0.0012897562,0.0007688865
1_10154,1_10154.wav,pitch_down_2,1,Fire,3,True,Fire,Fire,False,True,0.9623856,0.0021153723,0.0014157756,0.0016503003,0.0011425368,0.0010188556,0.00063516834,0.0009601445,0.00071049645,0.0009882215,0.001194643,0.0012567677,0.0012187528,0.0008369941,0.0013710804,0.00085868983,0.0008811416,0.0013717962,0.001620029,0.0014596676,0.0013228282,0.0012459251,0.0009934433,0.0077704415,0.0010423801,0.0015617459,0.0009712905
1_10157,1_10157.wav,pitch_down_2,1,Fire,3,True,Fire,Fire,False,True,0.97019404,0.0046447376,0.00052486226,0.0013464781,0.0007969349,0.0011759155,0.0007920543,0.0010137694,0.0008965971,0.0006228611,0.0014599398,0.00066945254,0.0011450638,0.00073554344,0.0017996776,0.00087634247,0.0006217032,0.0012069383,0.00071826676,0.000816529,0.0015084591,0.0011631035,0.0010990475,0.0010292288,0.0011461372,0.001279215,0.0007171502
1_10159,1_10159.wav,original,1,Fire,3,True,Fire,Fire,False,True,0.9748356,0.0007976035,0.0007874673,0.0015555859,0.000768506,0.0014517134,0.00069066376,0.0014525774,0.00091704464,0.0010101703,0.0013185535,0.00053868577,0.000790507,0.00072113285,0.00086405943,0.0012194245,0.00072703767,0.0012082089,0.0013531903,0.0006830551,0.00073076476,0.00097538723,0.00062683667,0.0009527909,0.0011064439,0.0011775697,0.00073948223
1_10160,1_10160.wav,pitch_up_2,1,Fire,3,True,Fire,Fire,False,True,0.95863265,0.007825561,0.0006974291,0.0054246006,0.0019137403,0.0010015095,0.0008657812,0.0011860357,0.0012383614,0.0008992217,0.0016104155,0.000802482,0.0010257099,0.00088871917,0.0013712872,0.0012620055,0.00097139954,0.0013447405,0.00047736694,0.0008087395,0.0024097848,0.0012055817,0.0009707155,0.0011524316,0.0013918438,0.0015327599,0.0010891678
1_10162,1_10162.wav,pitch_up_2,1,Fire,3,True,Fire,Fire,False,True,0.9634016,0.0010818751,0.0010739076,0.0018266629,0.001011005,0.0012910044,0.0012421417,0.0013338499,0.0011937005,0.00093518925,0.0016256006,0.00065728155,0.004373733,0.0008466874,0.0012363694,0.001747168,0.001053894,0.0018835412,0.0037706085,0.00063426903,0.0009240106,0.0012992589,0.0011452019,0.00081292324,0.0012171404,0.001578901,0.00080235954
1_10163,1_10163.wav,pitch_down_2,1,Fire,3,True,Fire,Fire,False,True,0.9731149,0.0012196092,0.0012245494,0.0007906733,0.0008607101,0.0008127259,0.0004783131,0.0014574425,0.00084219215,0.00065325556,0.0011814582,0.00081163953,0.0013361783,0.0010769399,0.0009313726,0.0008276174,0.00083507696,0.0009792562,0.00081442826,0.0009900993,0.0017954787,0.0010285615,0.0009739755,0.001657553,0.0010677222,0.0010659125,0.001172359
1_10163,1_10163.wav,pitch_up_2,1,Fire,3,True,Fire,Fire,False,True,0.9731149,0.0012196092,0.0012245494,0.0007906733,0.0008607101,0.0008127259,0.0004783131,0.0014574425,0.00084219215,0.00065325556,0.0011814582,0.00081163953,0.0013361783,0.0010769399,0.0009313726,0.0008276174,0.00083507696,0.0009792562,0.00081442826,0.0009900993,0.0017954787,0.0010285615,0.0009739755,0.001657553,0.0010677222,0.0010659125,0.001172359
1_10164,1_10164.wav,pitch_up_2,1,Fire,3,True,Fire,Fire,False,True,0.9728705,0.0008921935,0.0009820135,0.00072814693,0.00091566675,0.00067390146,0.00058169675,0.0010076071,0.00087000453,0.0008144131,0.0014143545,0.0010531436,0.0011995692,0.0012043886,0.000889295,0.00066694216,0.00083912857,0.0016192682,0.0019152291,0.0008243227,0.0012215655,0.00087387254,0.001243379,0.0015929529,0.0009313207,0.0011439807,0.0010310806
1_10166,1_10166.wav,pitch_up_2,1,Fire,3,True,Fire,Fire,False,True,0.9451155,0.001124483,0.0017264608,0.0053815846,0.0020712928,0.0017307209,0.0013968296,0.0016832988,0.002604067,0.0055457675,0.0016279933,0.0020465755,0.0007653723,0.0013753707,0.001067806,0.0037697826,0.0021313622,0.0019170885,0.00565864,0.0019328118,0.0016730716,0.0011502408,0.0014701436,0.00039965415,0.0018314304,0.0018330818,0.0009695829
1_10168,1_10168.wav,pitch_down_2,1,Fire,3,True,Fire,Fire,False,True,0.95516366,0.0023769026,0.0011675967,0.00068579667,0.00086394435,0.0011549707,0.006344445,0.0013205697,0.0008493236,0.0019308802,0.0014197459,0.001924819,0.00047736857,0.0024409723,0.001116282,0.0005573689,0.0012183785,0.0020033934,0.0018565856,0.0030240521,0.00177971,0.0012603967,0.001744469,0.0028046204,0.0014514726,0.0016818441,0.0013805279
1_10169,1_10169.wav,pitch_up_2,1,Fire,3,True,Fire,Fire,False,True,0.9406564,0.0081046345,0.0015390143,0.0005175757,0.0008880333,0.0013039988,0.003372294,0.0016621022,0.0018048253,0.0028125427,0.0039630644,0.0032304914,0.00091399363,0.0030117454,0.0018540757,0.00084990216,0.001478469,0.00202459,0.0013446397,0.0013505289,0.00306555,0.001404067,0.0018047597,0.006689448,0.0014202389,0.0015077624,0.0014253055
1_10171,1_10171.wav,original,1,Fire,3,True,Fire,Fire,False,True,0.9425497,0.0014060633,0.0017865137,0.0034551907,0.0009744113,0.0049301977,0.0011341108,0.0021240737,0.0013895682,0.0031425597,0.0007967266,0.001547525,0.0010139499,0.0022992648,0.0013509329,0.0017554094,0.0011575643,0.0016944924,0.0015754462,0.0020683364,0.0124364495,0.0017571436,0.00088820956,0.0018435157,0.0014719266,0.0014711814,0.001979551
1_10171,1_10171.wav,pitch_down_2,1,Fire,3,True,Fire,Fire,False,True,0.9425497,0.0014060633,0.0017865137,0.0034551907,0.0009744113,0.0049301977,0.0011341108,0.0021240737,0.0013895682,0.0031425597,0.0007967266,0.001547525,0.0010139499,0.0022992648,0.0013509329,0.0017554094,0.0011575643,0.0016944924,0.0015754462,0.0020683364,0.0124364495,0.0017571436,0.00088820956,0.0018435157,0.0014719266,0.0014711814,0.001979551
1_10173,1_10173.wav,pitch_down_2,1,Fire,3,True,Fire,Fire,False,True,0.9571367,0.0007309814,0.0014674776,0.0012527956,0.001940887,0.0009101228,0.0028098943,0.0011559442,0.0008205325,0.0024909205,0.0012912754,0.0019470528,0.00031819104,0.0018878445,0.0012145976,0.00039756708,0.0012256411,0.001412345,0.0040328354,0.0013909354,0.0010233669,0.0017082635,0.0010255851,0.006355803,0.0013203196,0.0014575869,0.001274479
1_10174,1_10174.wav,pitch_up_2,1,Fire,3,True,Fire,Fire,False,True,0.95196146,0.00051374827,0.002013648,0.0006156752,0.0016027804,0.0011450102,0.0045679784,0.0012384193,0.0009444429,0.00229194,0.00093696575,0.0010415673,0.000539566,0.0020632085,0.0010327678,0.0012606963,0.0015737306,0.0013083533,0.0044796243,0.0008802942,0.0010854768,0.0013783394,0.0014235339,0.010385296,0.0010774567,0.0013667383,0.0012712613
1_10175,1_10175.wav,pitch_up_2,1,Fire,3,True,Fire,Fire,False,True,0.9633896,0.0004628913,0.001222286,0.00057820714,0.0013164639,0.0007215115,0.0011990345,0.0011590291,0.0009200059,0.005974818,0.00068472396,0.0012636668,0.00042468155,0.0011018795,0.0008640957,0.005563091,0.00096823095,0.0016059866,0.0026288906,0.0008133568,0.0012917031,0.00092913985,0.0011663571,0.0007652271,0.0007525254,0.0013394728,0.0008931628
2_10201,2_10201.wav,pitch_down_2,2,Rain,3,True,Rain,Rain,False,True,0.0004273085,0.9752078,0.0013370315,0.0021876781,0.0015245856,0.00019476039,0.0004458136,0.0008635674,0.0006149873,0.0008682673,0.00076777645,0.0007172537,0.0023359628,0.0006832908,0.0009206874,0.00066059805,0.0011485323,0.00088233314,0.00057777186,0.0012338711,0.0011331175,0.00074783963,0.0018003989,0.00039566183,0.00091170496,0.0010370178,0.00037451764
2_10201,2_10201.wav,pitch_up_2,2,Rain,3,True,Rain,Rain,False,True,0.0004273085,0.9752078,0.0013370315,0.0021876781,0.0015245856,0.00019476039,0.0004458136,0.0008635674,0.0006149873,0.0008682673,0.00076777645,0.0007172537,0.0023359628,0.0006832908,0.0009206874,0.00066059805,0.0011485323,0.00088233314,0.00057777186,0.0012338711,0.0011331175,0.00074783963,0.0018003989,0.00039566183,0.00091170496,0.0010370178,0.00037451764
2_10203,2_10203.wav,original,2,Rain,3,True,Rain,Rain,False,True,0.00029419962,0.9847422,0.00034036397,0.0005964147,0.0015021288,0.0002331627,0.00026980144,0.0005561477,0.000473101,0.0006784382,0.0008316439,0.0007718601,0.00069851894,0.00055875425,0.00065594417,0.00054820324,0.00060776883,0.00061659137,0.00046527377,0.00044743868,0.00075328606,0.0006158811,0.00042842588,0.00044645302,0.0007005401,0.00046794338,0.00069947384
2_10203,2_10203.wav,pitch_up_2,2,Rain,3,True,Rain,Rain,False,True,0.00029419962,0.9847422,0.00034036397,0.0005964147,0.0015021288,0.0002331627,0.00026980144,0.0005561477,0.000473101,0.0006784382,0.0008316439,0.0007718601,0.00069851894,0.00055875425,0.00065594417,0.00054820324,0.00060776883,0.00061659137,0.00046527377,0.00044743868,0.00075328606,0.0006158811,0.00042842588,0.00044645302,0.0007005401,0.00046794338,0.00069947384
2_10204,2_10204.wav,pitch_down_2,2,Rain,3,True,Rain,Rain,False,True,0.00029067753,0.9690871,0.0008505874,0.0012611934,0.0050604087,0.00037787567,0.0005403009,0.000940853,0.0008566959,0.0011338725,0.0010506386,0.0014516022,0.001854054,0.0011195586,0.0012563599,0.00091731764,0.0012214329,0.0009345555,0.000899407,0.0011390322,0.0012271738,0.0010981093,0.0009325852,0.0011910524,0.0013373309,0.0010197168,0.0009504438
2_10213,2_10213.wav,original,2,Rain,3,True,Rain,Rain,False,True,0.0004481791,0.9774762,0.00061458274,0.0012348109,0.0042715725,0.0006442187,0.00052177935,0.0008839155,0.0005401179,0.00085507456,0.00082875247,0.00059220725,0.0008748861,0.0010147464,0.0008269623,0.0010310581,0.0007423135,0.0006183886,0.0005945889,0.00057022786,0.00070343283,0.0008027878,0.0003656646,0.00070886774,0.0008547646,0.0007868342,0.0005931009
2_10213,2_10213.wav,pitch_up_2,2,Rain,3,True,Rain,Rain,False,True,0.0004481791,0.9774762,0.00061458274,0.0012348109,0.0042715725,0.0006442187,0.00052177935,0.0008839155,0.0005401179,0.00085507456,0.00082875247,0.00059220725,0.0008748861,0.0010147464,0.0008269623,0.0010310581,0.0007423135,0.0006183886,0.0005945889,0.00057022786,0.00070343283,0.0008027878,0.0003656646,0.00070886774,0.0008547646,0.0007868342,0.0005931009
2_10214,2_10214.wav,pitch_up_2,2,Rain,3,True,Rain,Rain,False,True,0.00080438476,0.98572785,0.00049338496,0.0009556602,0.0006030048,0.00037067392,0.00037571252,0.0005083901,0.00039345075,0.0005646881,0.0004711854,0.00047996905,0.00067453505,0.00050179573,0.0005471955,0.00046650766,0.0005706767,0.00055101386,0.00044290978,0.00034699423,0.0006865798,0.00056005287,0.000341655,0.0008253339,0.0006077049,0.00053405337,0.00059466454
2_10216,2_10216.wav,pitch_up_2,2,Rain,3,True,Rain,Rain,False,True,0.0010514817,0.95990133,0.0011234913,0.0029557522,0.00283655,0.00093479006,0.0012312414,0.0013940973,0.0018955967,0.0017696767,0.0006672027,0.0018149982,0.0011522453,0.0015494867,0.0016979504,0.00090457377,0.0012604698,0.0020784738,0.0016421912,0.0010777614,0.0013524346,0.0013935656,0.0007138632,0.0028489016,0.0012885681,0.0013888907,0.0020744381
2_10218,2_10218.wav,original,2,Rain,3,True,Rain,Rain,False,True,0.022523353,0.9164608,0.0015928758,0.0028207207,0.002004903,0.0013600864,0.0009772426,0.0018097608,0.0083821155,0.003969723,0.0058750394,0.004796417,0.00093702524,0.001770895,0.0023035377,0.0030092278,0.0023206833,0.0027614522,0.0009924801,0.0015200396,0.0015608914,0.001422172,0.0018980306,0.00089408224,0.0019434731,0.001715301,0.0023776423
2_10220,2_10220.wav,pitch_up_2,2,Rain,3,True,Rain,Rain,False,True,0.020465156,0.8827688,0.0012896174,0.023298288,0.013393012,0.0033715062,0.0027642592,0.0022861857,0.003932253,0.0016090394,0.0020078819,0.0012353718,0.003782031,0.0025970766,0.0031877058,0.0026971858,0.0023619712,0.0020979682,0.0026898335,0.0015968159,0.0043650735,0.0016449215,0.0021601375,0.0034512237,0.0032908686,0.0031564021,0.002499475
2_10228,2_10228.wav,original,2,Rain,3,True,Rain,Rain,False,True,0.0035071746,0.85706705,0.003288825,0.0028635159,0.0013307392,0.0032683832,0.0035633848,0.00585557,0.004259761,0.0022152246,0.0053124055,0.0045732115,0.00287232,0.005732355,0.0047416426,0.0019386095,0.0037853234,0.008370701,0.0047724214,0.042884212,0.0024391953,0.0042635933,0.002804451,0.006252002,0.0052496293,0.0035186624,0.0032696314
2_10230,2_10230.wav,pitch_up_2,2,Rain,3,True,Rain,Rain,False,True,0.0012821901,0.941958,0.0020705576,0.0011221241,0.004235014,0.00077753677,0.0020240936,0.0021435393,0.0013665874,0.0013186602,0.012290443,0.0011685458,0.0020539104,0.0016363813,0.0015802284,0.001596619,0.0014712606,0.0009002226,0.0014510188,0.00094243325,0.001578303,0.0011479225,0.00072266016,0.008930477,0.0012405048,0.0019280509,0.0010627155
2_10231,2_10231.wav,pitch_up_2,2,Rain,3,True,Rain,Rain,False,True,0.0006643974,0.97228724,0.005031031,0.0010940349,0.0015981408,0.003230945,0.0008963453,0.00084800296,0.0006432571,0.0009375086,0.0009542008,0.00057215506,0.0011175512,0.00041997797,0.00081795733,0.00070600904,0.00092685036,0.0004528223,0.00033942275,0.00046565977,0.001713443,0.00094469567,0.00044862763,0.0010376245,0.00082291383,0.00068773836,0.0003414877
2_10232,2_10232.wav,pitch_up_2,2,Rain,3,True,Rain,Rain,False,True,0.00060865126,0.9783264,0.0008813287,0.00078555447,0.00041568777,0.0005164281,0.0006649426,0.00081200985,0.0013086536,0.0015854008,0.0010567618,0.0006770817,0.0007040172,0.0008376737,0.0008817199,0.0006590443,0.00082079245,0.0012832936,0.00073256175,0.0013763933,0.00047654982,0.00093740906,0.00060665095,0.00040529735,0.0010007342,0.0007843722,0.00085462997
2_10233,2_10233.wav,pitch_up_2,2,Rain,3,True,Rain,Rain,False,True,0.00047078915,0.97449183,0.0009469478,0.0006953492,0.00035008648,0.0005169178,0.0009243665,0.0010302049,0.0022554267,0.0021248243,0.001638934,0.0010335781,0.0007627217,0.0010340721,0.00076218694,0.00059376896,0.000902286,0.0015682761,0.0009755146,0.00086851115,0.0012450306,0.0009087397,0.0006446841,0.00049104914,0.0010229638,0.0007778567,0.0009630358
2_10235,2_10235.wav,pitch_down_2,2,Rain,3,True,Rain,Rain,False,True,0.0009332287,0.97085136,0.0007138041,0.001439354,0.00030802595,0.0008480689,0.0007889634,0.0015254022,0.0014304629,0.0010598548,0.0012412326,0.0013815765,0.00087584864,0.0008359717,0.0010531483,0.0006773949,0.0009027677,0.0021396326,0.0010345598,0.0027192326,0.00066389237,0.0012379865,0.00084512384,0.0011918878,0.0012934719,0.0009656728,0.0010421475
2_10238,2_10238.wav,original,2,Rain,3,True,Rain,Rain,False,True,0.123598814,0.8152264,0.0013607576,0.0015439615,0.010561409,0.0009158091,0.001250523,0.004064446,0.0026715773,0.0027007593,0.0029331294,0.0021165186,0.0013777175,0.0025345795,0.0019917053,0.001740965,0.0028991227,0.001943295,0.0011196685,0.0014014022,0.0053656735,0.0021810494,0.0011071659,0.0013916261,0.0025985548,0.0021435006,0.0012598456
2_10238,2_10238.wav,pitch_down_2,2,Rain,3,True,Rain,Rain,False,True,0.123598814,0.8152264,0.0013607576,0.0015439615,0.010561409,0.0009158091,0.001250523,0.004064446,0.0026715773,0.0027007593,0.0029331294,0.0021165186,0.0013777175,0.0025345795,0.0019917053,0.001740965,0.0028991227,0.001943295,0.0011196685,0.0014014022,0.0053656735,0.0021810494,0.0011071659,0.0013916261,0.0025985548,0.0021435006,0.0012598456
2_10243,2_10243.wav,pitch_down_2,2,Rain,3,True,Rain,Rain,False,True,0.0013249563,0.9795533,0.0002896328,0.0008664929,0.0022472043,0.0012107324,0.0005510288,0.00074248645,0.00047855973,0.0007407677,0.0007144132,0.00087077427,0.00077410584,0.0007155763,0.0005759012,0.0004848206,0.0008054149,0.0007210221,0.00033030167,0.0006046325,0.0011090505,0.00090047397,0.0005578235,0.00067931117,0.0007715666,0.00072989,0.0006497488
2_10243,2_10243.wav,pitch_up_2,2,Rain,3,True,Rain,Rain,False,True,0.0013249563,0.9795533,0.0002896328,0.0008664929,0.0022472043,0.0012107324,0.0005510288,0.00074248645,0.00047855973,0.0007407677,0.0007144132,0.00087077427,0.00077410584,0.0007155763,0.0005759012,0.0004848206,0.0008054149,0.0007210221,0.00033030167,0.0006046325,0.0011090505,0.00090047397,0.0005578235,0.00067931117,0.0007715666,0.00072989,0.0006497488
2_10244,2_10244.wav,pitch_down_2,2,Rain,3,True,Rain,Rain,False,True,0.0009688702,0.95462817,0.0010533924,0.0018353016,0.010059045,0.007443041,0.0018497165,0.0012442224,0.0025304754,0.0009861386,0.0011262248,0.001268602,0.0012507517,0.0009062589,0.00070159556,0.0008360602,0.0012123695,0.000724095,0.00048325604,0.00072062993,0.0010100951,0.0019511459,0.00068396423,0.0010693659,0.001601633,0.0010359983,0.00081969146
2_10247,2_10247.wav,pitch_down_2,2,Rain,3,True,Rain,Rain,False,True,0.00063767313,0.9558545,0.00084568467,0.0006047177,0.00079599215,0.00075784506,0.0018785438,0.0007242879,0.0012167302,0.0019344535,0.0012044148,0.0006811679,0.0067717247,0.002291029,0.0014969163,0.00061476557,0.0012799016,0.0023481532,0.005970407,0.0016454185,0.00061298005,0.0013391152,0.0017103764,0.0021450282,0.0014291583,0.0011399329,0.00206909
2_10248,2_10248.wav,pitch_up_2,2,Rain,3,True,Rain,Rain,False,True,0.0005161041,0.96653384,0.00056519633,0.002644223,0.0005041011,0.0011822105,0.000546712,0.0016523969,0.0023004469,0.00072317774,0.00087962765,0.0027073387,0.0010313144,0.0011408469,0.0005899314,0.0006248651,0.000841873,0.0006287925,0.00044312072,0.0009565098,0.0008272889,0.0011747568,0.0053944946,0.0016004397,0.0007214264,0.0010162777,0.0022527145
2_10249,2_10249.wav,pitch_up_2,2,Rain,3,True,Rain,Rain,False,True,0.0010565887,0.8767483,0.0014817793,0.0018843338,0.0012331469,0.033811342,0.0018218728,0.002694525,0.009939168,0.001289928,0.001929789,0.0032164461,0.0027983945,0.0015590886,0.0013253408,0.0032768026,0.0031497239,0.0022603937,0.0015675012,0.0009203294,0.0034060793,0.0052635316,0.01604625,0.012406979,0.0034917183,0.003176557,0.002244028
2_10250,2_10250.wav,original,2,Rain,3,True,Rain,Rain,False,True,0.03700691,0.89502126,0.0010050988,0.0044131456,0.006078945,0.0024861107,0.0017004999,0.0016536686,0.0019542505,0.0017087879,0.0022483398,0.0009166456,0.0013999863,0.002956153,0.0022585418,0.0023250685,0.002401565,0.0025712328,0.0052654794,0.0030698522,0.00164444,0.0024684374,0.0019729573,0.0062492206,0.002384225,0.002745201,0.004093963
2_10251,2_10251.wav,original,2,Rain,3,True,Rain,Rain,False,True,0.00027474485,0.98124295,0.00032351227,0.0020339475,0.0005655302,0.00036719386,0.00041523195,0.0011588511,0.00071430876,0.0006282485,0.00056234805,0.0015217481,0.00070919195,0.00068795605,0.00066532387,0.0005507676,0.0006735137,0.0005261838,0.000418636,0.00094387936,0.0007266793,0.00086487463,0.0010717892,0.0006561242,0.00057752064,0.00071977754,0.00039914157
2_10253,2_10253.wav,pitch_up_2,2,Rain,3,True,Rain,Rain,False,True,0.0005870499,0.94457096,0.0019096878,0.0070600808,0.0058089546,0.0012825044,0.0017534046,0.0021187752,0.0024610383,0.0021186366,0.0016584772,0.0034842596,0.0016034078,0.0017763249,0.00102723,0.0014392491,0.0015320919,0.0016892325,0.0014813207,0.0011133389,0.0014365846,0.0031072851,0.0010708696,0.0027167376,0.001737045,0.0013329346,0.002122578
2_10254,2_10254.wav,original,2,Rain,3,True,Rain,Rain,False,True,0.0029200695,0.8513765,0.0015952095,0.002112711,0.050694708,0.0016894193,0.003269205,0.007177492,0.01606243,0.0025663464,0.0013135457,0.010322274,0.0024741811,0.0023863497,0.0024029491,0.0033513678,0.0035939568,0.0020504983,0.0023203262,0.0020807448,0.007927253,0.0026133715,0.0018979562,0.006240766,0.002902317,0.0029069083,0.003751156
2_10254,2_10254.wav,pitch_down_2,2,Rain,3,True,Rain,Rain,False,True,0.0029200695,0.8513765,0.0015952095,0.002112711,0.050694708,0.0016894193,0.003269205,0.007177492,0.01606243,0.0025663464,0.0013135457,0.010322274,0.0024741811,0.0023863497,0.0024029491,0.0033513678,0.0035939568,0.0020504983,0.0023203262,0.0020807448,0.007927253,0.0026133715,0.0018979562,0.006240766,0.002902317,0.0029069083,0.003751156
2_10255,2_10255.wav,pitch_down_2,2,Rain,3,True,Rain,Rain,False,True,0.00031846206,0.95301,0.0014639202,0.0032284323,0.007147974,0.0007520145,0.0023041705,0.0015635217,0.0029222863,0.0016675079,0.0012591109,0.0014364588,0.0027165413,0.0013668276,0.0010218874,0.001284509,0.001739632,0.0016157032,0.0013912342,0.0013460238,0.0013584687,0.0017188505,0.0015585605,0.0021499519,0.0015226066,0.0016272072,0.00050821615
2_10256,2_10256.wav,pitch_up_2,2,Rain,3,True,Rain,Rain,False,True,0.00043503699,0.9799951,0.00050303474,0.0014102627,0.0016468088,0.00026777983,0.00034743527,0.0005834662,0.000633403,0.0007140559,0.00068167225,0.0005891952,0.0013726559,0.0007134617,0.0007720075,0.00057231705,0.0008424025,0.0007493534,0.00056391495,0.0010368071,0.0014581213,0.0006709581,0.0006059693,0.0004428348,0.00084071327,0.0007510008,0.0008001919
2_10260,2_10260.wav,original,2,Rain,3,True,Rain,Rain,False,True,0.0072010304,0.80445,0.0015449462,0.0038878738,0.0014638668,0.00144692,0.0007688865,0.0016528508,0.0024023545,0.0015860125,0.0028635478,0.0045452,0.007835576,0.0034693507,0.0042520273,0.0018375153,0.0023598175,0.002071342,0.001113649,0.008646194,0.0029004647,0.002173156,0.0036016975,0.11953262,0.0021567666,0.0027823874,0.0014539529
2_10262,2_10262.wav,pitch_down_2,2,Rain,3,True,Rain,Rain,False,True,0.0031699836,0.9822607,0.0014276375,0.00048153367,0.00047885938,0.0013084697,0.000420924,0.00057889085,0.000564722,0.00064052426,0.00059740385,0.00040162462,0.0004501881,0.00027931508,0.00040976572,0.00046277232,0.0006251545,0.00057373545,0.00037588694,0.0004684393,0.0008438514,0.00070334243,0.00036925086,0.00029712357,0.0007912225,0.00050827034,0.0005103993
2_10263,2_10263.wav,original,2,Rain,3,True,Rain,Rain,False,True,0.0007178746,0.96243757,0.0018726978,0.0029037322,0.0016734871,0.0002728974,0.0009421494,0.0007083484,0.00077818707,0.0012165982,0.001678689,0.0013430486,0.005374219,0.0011779516,0.0012751669,0.00089112617,0.0016048332,0.0017690508,0.0008207623,0.0013792691,0.0017822426,0.0013158283,0.002148289,0.0003919464,0.0012915032,0.0015687002,0.0006638163
2_10263,2_10263.wav,pitch_up_2,2,Rain,3,True,Rain,Rain,False,True,0.0007178746,0.96243757,0.0018726978,0.0029037322,0.0016734871,0.0002728974,0.0009421494,0.0007083484,0.00077818707,0.0012165982,0.001678689,0.0013430486,0.005374219,0.0011779516,0.0012751669,0.00089112617,0.0016048332,0.0017690508,0.0008207623,0.0013792691,0.0017822426,0.0013158283,0.002148289,0.0003919464,0.0012915032,0.0015687002,0.0006638163
2_10265,2_10265.wav,pitch_up_2,2,Rain,3,True,Rain,Rain,False,True,0.0020076942,0.9387211,0.005032193,0.0018120945,0.0012507528,0.0008800615,0.0040638796,0.004563525,0.0051196055,0.0035609987,0.0011377557,0.0032794431,0.0026518144,0.001190347,0.0012325522,0.001946637,0.0025243487,0.0026047167,0.0012263245,0.0012828162,0.002126963,0.0015252022,0.00400609,0.0011993409,0.0025531577,0.0011541895,0.0013464357
2_10266,2_10266.wav,pitch_up_2,2,Rain,3,True,Rain,Rain,False,True,0.00065241475,0.9709688,0.00060073874,0.0054579447,0.0019153506,0.00034199154,0.00063460536,0.0008518174,0.0010211695,0.0007236427,0.0007290922,0.00053912285,0.0010944802,0.0008855306,0.0008307423,0.001304427,0.0008904596,0.0010675831,0.0006942184,0.00076430285,0.0020916418,0.0009718647,0.0014524678,0.0005070713,0.0009558159,0.0012745549,0.0007781919
2_10267,2_10267.wav,original,2,Rain,3,True,Rain,Rain,False,True,0.0005437088,0.95586896,0.0024566243,0.0011934062,0.009477306,0.0006002055,0.000843012,0.0009073413,0.0016687083,0.001513044,0.0023373736,0.0023283258,0.0028176594,0.0015640155,0.001113631,0.0008723864,0.0019834011,0.00096988556,0.0013169668,0.0014066688,0.0012659907,0.001234812,0.0018302404,0.0005107619,0.0013258513,0.001334046,0.00071564346
2_10269,2_10269.wav,original,2,Rain,3,True,Rain,Rain,False,True,0.002180842,0.93745327,0.00079131726,0.0005630111,0.0006152017,0.0017654714,0.0009427673,0.0013483086,0.0014624504,0.0014573629,0.002203254,0.001977791,0.001091051,0.0030024282,0.0010738041,0.001009149,0.0015913575,0.0019011378,0.0008165233,0.00090432324,0.0007813412,0.0016684964,0.0008978311,0.028597951,0.0011388091,0.0011999103,0.0015648237
2_10270,2_10270.wav,original,2,Rain,3,True,Rain,Rain,False,True,0.0009535558,0.9538417,0.0010295449,0.0022405928,0.011285179,0.00082980114,0.0009454021,0.0011289095,0.0013015659,0.0014729736,0.0008874999,0.001410369,0.0022521887,0.0017923085,0.0012691467,0.0011376897,0.0015531676,0.0016088691,0.0011761286,0.0018243728,0.0013613716,0.0014817683,0.001088291,0.0013267532,0.0012734976,0.0012629171,0.002264436
2_10272,2_10272.wav,pitch_up_2,2,Rain,3,True,Rain,Rain,False,True,0.001747849,0.96937084,0.0005502374,0.00042976486,0.0006681284,0.0022021139,0.0011221976,0.0010362413,0.0004128234,0.0010153524,0.0008131883,0.002877061,0.00062918017,0.0006658826,0.0004333996,0.0007096029,0.0010172329,0.002072295,0.00050358044,0.00041058668,0.001255751,0.00079419435,0.00061354536,0.0023120078,0.0006713267,0.0007223972,0.004943188
2_10273,2_10273.wav,pitch_down_2,2,Rain,3,True,Rain,Rain,False,True,0.0033102327,0.7389703,0.0024291703,0.0226293,0.0016221564,0.0034674827,0.0014075935,0.0045117405,0.0032690093,0.0027455818,0.004248302,0.03196798,0.0040418864,0.005166371,0.00313905,0.0036952354,0.004741579,0.006674959,0.0012307665,0.0065199896,0.0039681196,0.0055129253,0.005142817,0.11815109,0.002815404,0.0046665682,0.003954407
2_10273,2_10273.wav,pitch_up_2,2,Rain,3,True,Rain,Rain,False,True,0.0033102327,0.7389703,0.0024291703,0.0226293,0.0016221564,0.0034674827,0.0014075935,0.0045117405,0.0032690093,0.0027455818,0.004248302,0.03196798,0.0040418864,0.005166371,0.00313905,0.0036952354,0.004741579,0.006674959,0.0012307665,0.0065199896,0.0039681196,0.0055129253,0.005142817,0.11815109,0.002815404,0.0046665682,0.003954407
2_10274,2_10274.wav,pitch_up_2,2,Rain,3,True,Rain,Rain,False,True,0.0007194563,0.9570782,0.00088278606,0.0007228728,0.0026261068,0.00091128255,0.0019301316,0.0021018747,0.004278053,0.0010477362,0.0012594708,0.0034931146,0.002580588,0.0008862869,0.0011778452,0.00084509887,0.0013536364,0.0006723909,0.0007840449,0.0009979078,0.0033023136,0.0018271245,0.0033164716,0.002463056,0.0011605332,0.001159575,0.0004220135
3_10301,3_10301.wav,original,3,Thunderstorm,3,True,Thunderstorm,Thunderstorm,False,True,0.0010319366,0.005052185,0.9636616,0.0015646132,0.00070651,0.0012627648,0.0014824964,0.00080649235,0.0011765187,0.0009823468,0.0006542897,0.0013702555,0.0011373395,0.0006700693,0.002821531,0.0009225139,0.0012085885,0.001167393,0.0014152647,0.000988159,0.0015847464,0.0010812655,0.000998374,0.0023831485,0.0016923115,0.0014700481,0.00070721796
3_10301,3_10301.wav,pitch_down_2,3,Thunderstorm,3,True,Thunderstorm,Thunderstorm,False,True,0.0010319366,0.005052185,0.9636616,0.0015646132,0.00070651,0.0012627648,0.0014824964,0.00080649235,0.0011765187,0.0009823468,0.0006542897,0.0013702555,0.0011373395,0.0006700693,0.002821531,0.0009225139,0.0012085885,0.001167393,0.0014152647,0.000988159,0.0015847464,0.0010812655,0.000998374,0.0023831485,0.0016923115,0.0014700481,0.00070721796
3_10302,3_10302.wav,original,3,Thunderstorm,3,True,Thunderstorm,Thunderstorm,False,True,0.0010427317,0.0028801227,0.9689223,0.0011306395,0.0006918462,0.0011387813,0.0012496384,0.0010680099,0.0014228473,0.0010497499,0.000672028,0.0012611431,0.0012493093,0.0004750473,0.0017164912,0.0008159823,0.0010376204,0.0010186477,0.0014097792,0.0010309218,0.0015809386,0.0012344978,0.001035214,0.0015511374,0.0010629594,0.0014491449,0.00080253946
3_10304,3_10304.wav,original,3,Thunderstorm,3,True,Thunderstorm,Thunderstorm,False,True,0.0010650926,0.001771967,0.966147,0.001394792,0.0008075005,0.0010117819,0.0017639397,0.0011973963,0.0008513841,0.0014719046,0.0010086872,0.0010703484,0.0014091589,0.0012812898,0.003709514,0.0011003367,0.0014582142,0.0012491833,0.0018954762,0.0011042784,0.00087331265,0.0011102433,0.0009707133,0.001079849,0.001145471,0.0011467836,0.000904311
3_10306,3_10306.wav,original,3,Thunderstorm,3,True,Thunderstorm,Thunderstorm,False,True,0.00139777,0.003385899,0.96713156,0.0011532467,0.0008823437,0.0010376107,0.0011617573,0.0008386982,0.0009934799,0.0011307396,0.0009491484,0.0011300165,0.00136283,0.0006777936,0.0010234433,0.0013113609,0.0014696795,0.0015815754,0.0010974946,0.001312788,0.0012458254,0.0010585126,0.0010959515,0.0013422178,0.001417247,0.0014635933,0.0013474346
3_10308,3_10308.wav,pitch_down_2,3,Thunderstorm,3,True,Thunderstorm,Thunderstorm,False,True,0.0014093729,0.0017788176,0.96757644,0.0012137805,0.0010100958,0.00095063826,0.0010168728,0.00095799676,0.0012668072,0.0014471206,0.0010980502,0.0013707954,0.0016079947,0.0011891,0.0011553679,0.001232493,0.0014332876,0.0014512525,0.0010416129,0.0013713524,0.0011594341,0.0013485161,0.0010314236,0.001260118,0.0011449903,0.001083407,0.0013929295
3_10308,3_10308.wav,pitch_up_2,3,Thunderstorm,3,True,Thunderstorm,Thunderstorm,False,True,0.0014093729,0.0017788176,0.96757644,0.0012137805,0.0010100958,0.00095063826,0.0010168728,0.00095799676,0.0012668072,0.0014471206,0.0010980502,0.0013707954,0.0016079947,0.0011891,0.0011553679,0.001232493,0.0014332876,0.0014512525,0.0010416129,0.0013713524,0.0011594341,0.0013485161,0.0010314236,0.001260118,0.0011449903,0.001083407,0.0013929295
3_10310,3_10310.wav,pitch_down_2,3,Thunderstorm,3,True,Thunderstorm,Thunderstorm,False,True,0.0012699539,0.001319338,0.9676013,0.0010619723,0.0010496165,0.0011994904,0.0019734453,0.0010389221,0.0009526764,0.0010803462,0.0011311756,0.0012799558,0.0010143643,0.00044184865,0.0016543748,0.001084918,0.0012183909,0.0018737605,0.0013311427,0.001139361,0.0009606462,0.0009388503,0.0018738246,0.0012208923,0.0009683265,0.0012619909,0.0020591575
3_10311,3_10311.wav,pitch_up_2,3,Thunderstorm,3,True,Thunderstorm,Thunderstorm,False,True,0.0013302071,0.001195142,0.9697308,0.00091139995,0.0011521382,0.0009411573,0.0012941085,0.0012425157,0.0011585219,0.0010461858,0.0008726714,0.0009650928,0.0012077718,0.00092463713,0.000915698,0.0009901186,0.0013739332,0.0011561551,0.0013369559,0.0012403177,0.001203604,0.0012478571,0.001301526,0.00146051,0.0013927408,0.00105025,0.0013580451
3_10312,3_10312.wav,original,3,Thunderstorm,3,True,Thunderstorm,Thunderstorm,False,True,0.0013264347,0.0024973375,0.96901304,0.00085631147,0.0008302788,0.0011050735,0.0014360873,0.0009191221,0.0008578122,0.0009970152,0.0009662283,0.0011049804,0.0011205234,0.0015970087,0.0011771789,0.0009288804,0.0012581529,0.0012305127,0.001385559,0.0015296363,0.0010945346,0.00097313995,0.0012443742,0.0011204534,0.000931643,0.0010473543,0.0014512803
3_10313,3_10313.wav,pitch_up_2,3,Thunderstorm,3,True,Thunderstorm,Thunderstorm,False,True,0.0010861172,0.0014049993,0.9683232,0.001181892,0.0009713093,0.0010888079,0.0016647294,0.0014378084,0.0011669849,0.001074877,0.0010722772,0.0011723492,0.0012893457,0.0018548087,0.0013846761,0.0010954078,0.0011600363,0.0011997488,0.0013558852,0.0011552017,0.0010478802,0.0014098071,0.001177852,0.0009315579,0.0009300955,0.001275676,0.0010866515
3_10316,3_10316.wav,pitch_down_2,3,Thunderstorm,3,True,Thunderstorm,Thunderstorm,False,True,0.0015173759,0.0037141985,0.9591088,0.0021990705,0.0007325842,0.0015279154,0.0010836272,0.0009727177,0.00116983,0.00084279967,0.0010858785,0.0012938436,0.0014537949,0.00068498426,0.0011434172,0.001207993,0.0014457827,0.0025310963,0.0010478253,0.0015313743,0.0008530521,0.001441948,0.0023749617,0.0010753212,0.0035150368,0.0011631608,0.00328156
3_10323,3_10323.wav,pitch_up_2,3,Thunderstorm,3,True,Thunderstorm,Thunderstorm,False,True,0.0030029053,0.004644459,0.96017796,0.0012695066,0.0008357113,0.0009922243,0.0018094876,0.0011284092,0.0013797623,0.0012187279,0.0010385602,0.0012625819,0.0016767359,0.0016478553,0.00087266293,0.0014346068,0.0016379682,0.0014217152,0.0011697203,0.0014345967,0.0014421294,0.0015340635,0.0017897863,0.0011453998,0.001508153,0.0014041999,0.0011201547
3_10327,3_10327.wav,pitch_down_2,3,Thunderstorm,3,True,Thunderstorm,Thunderstorm,False,True,0.0015211032,0.006202376,0.9543679,0.0013735644,0.0014060246,0.0021907033,0.00091988733,0.0009670484,0.0010689102,0.0015237763,0.0013306822,0.0017980017,0.0018469878,0.0026304896,0.005136236,0.0014300057,0.0012228885,0.0011454779,0.0014566736,0.0014561702,0.00115947,0.001557143,0.00096506363,0.0010638963,0.0009272038,0.0022209818,0.0011114451
3_10328,3_10328.wav,pitch_up_2,3,Thunderstorm,3,True,Thunderstorm,Thunderstorm,False,True,0.0013581418,0.001473053,0.96508557,0.0017882792,0.00072035374,0.0015930585,0.0025414133,0.00130042,0.0012273589,0.0016283048,0.000844796,0.0013227047,0.0013701053,0.00096279936,0.0008329775,0.0012002605,0.0011915666,0.0017220345,0.00084092544,0.0010858136,0.00086519565,0.0012866476,0.0011588434,0.0010586015,0.0021554038,0.0020916988,0.0012936268
3_10329,3_10329.wav,original,3,Thunderstorm,3,True,Thunderstorm,Thunderstorm,False,True,0.0010467399,0.03731412,0.90621024,0.006252421,0.001529083,0.0020172838,0.0019746656,0.0026817166,0.0029888144,0.0013148551,0.0016300703,0.0012043479,0.0008823157,0.0010563285,0.0016534444,0.0018066912,0.0024898944,0.0043921256,0.0019251183,0.002066357,0.0022111882,0.0029626868,0.00310372,0.003990429,0.0021667245,0.0014023604,0.0017262977
3_10329,3_10329.wav,pitch_down_2,3,Thunderstorm,3,True,Thunderstorm,Thunderstorm,False,True,0.0010467399,0.03731412,0.90621024,0.006252421,0.001529083,0.0020172838,0.0019746656,0.0026817166,0.0029888144,0.0013148551,0.0016300703,0.0012043479,0.0008823157,0.0010563285,0.0016534444,0.0018066912,0.0024898944,0.0043921256,0.0019251183,0.002066357,0.0022111882,0.0029626868,0.00310372,0.003990429,0.0021667245,0.0014023604,0.0017262977
3_10332,3_10332.wav,original,3,Thunderstorm,3,True,Thunderstorm,Thunderstorm,False,True,0.0022151324,0.0036977741,0.9617619,0.0010277206,0.00072526356,0.0010411963,0.0020434943,0.0012210909,0.001403098,0.0014526587,0.0012128948,0.0018326611,0.0016717337,0.0009339649,0.0009747871,0.0016235498,0.0013991427,0.0015383875,0.0010255558,0.0014296612,0.0013331369,0.0012560963,0.0013646255,0.0015842248,0.001602796,0.0014898144,0.0011377003
3_10332,3_10332.wav,pitch_up_2,3,Thunderstorm,3,True,Thunderstorm,Thunderstorm,False,True,0.0022151324,0.0036977741,0.9617619,0.0010277206,0.00072526356,0.0010411963,0.0020434943,0.0012210909,0.001403098,0.0014526587,0.0012128948,0.0018326611,0.0016717337,0.0009339649,0.0009747871,0.0016235498,0.0013991427,0.0015383875,0.0010255558,0.0014296612,0.0013331369,0.0012560963,0.0013646255,0.0015842248,0.001602796,0.0014898144,0.0011377003
3_10334,3_10334.wav,original,3,Thunderstorm,3,True,Thunderstorm,Thunderstorm,False,True,0.0016485251,0.06148087,0.8869843,0.0014362707,0.0055338405,0.004033461,0.0014898623,0.0021242194,0.0017150458,0.0020168838,0.0018098863,0.0017346181,0.0019309547,0.0009461967,0.002752332,0.001380647,0.0020410563,0.0016236823,0.0027646553,0.0017432048,0.002466925,0.002345184,0.0014366418,0.0011785297,0.0019178623,0.0020349238,0.0014294377
3_10334,3_10334.wav,pitch_down_2,3,Thunderstorm,3,True,Thunderstorm,Thunderstorm,False,True,0.0016485251,0.06148087,0.8869843,0.0014362707,0.0055338405,0.004033461,0.0014898623,0.0021242194,0.0017150458,0.0020168838,0.0018098863,0.0017346181,0.0019309547,0.0009461967,0.002752332,0.001380647,0.0020410563,0.0016236823,0.0027646553,0.0017432048,0.002466925,0.002345184,0.0014366418,0.0011785297,0.0019178623,0.0020349238,0.0014294377
3_10342,3_10342.wav,original,3,Thunderstorm,3,True,Thunderstorm,Thunderstorm,False,True,0.0012059507,0.0019174508,0.969064,0.001002633,0.0010868469,0.00097581925,0.0013351174,0.0009639016,0.0012070724,0.0012144529,0.0011710239,0.001192727,0.0015794387,0.0006472407,0.0009174174,0.0010966179,0.0012341007,0.0012954954,0.0011579137,0.0014929314,0.0009733878,0.001406732,0.0010982774,0.0010403757,0.0011411699,0.0013564568,0.0012254091
3_10343,3_10343.wav,pitch_down_2,3,Thunderstorm,3,True,Thunderstorm,Thunderstorm,False,True,0.0010804571,0.0023003963,0.9657486,0.0011109874,0.0026007544,0.00083210086,0.0014740773,0.001071942,0.0012539652,0.0012390686,0.0010723472,0.0013649124,0.0014593553,0.00061666366,0.0010186633,0.0011443822,0.00136672,0.001048288,0.0014017387,0.0015320532,0.0013933749,0.0017104155,0.0012750333,0.0008215078,0.001259683,0.0015315553,0.0012709285
3_10346,3_10346.wav,pitch_up_2,3,Thunderstorm,3,True,Thunderstorm,Thunderstorm,False,True,0.0012312876,0.0015170287,0.97075415,0.00070295995,0.0011896025,0.0010025803,0.0010020739,0.001195062,0.00084999343,0.001325975,0.0010866936,0.0013930099,0.0010858485,0.00070591766,0.0012069248,0.0011161831,0.0010726298,0.0013972064,0.0012244979,0.0012233966,0.00092486554,0.0010748353,0.00083834847,0.0008769769,0.0010300977,0.0015361464,0.0014357687
3_10347,3_10347.wav,pitch_down_2,3,Thunderstorm,3,True,Thunderstorm,Thunderstorm,False,True,0.0017739488,0.005273316,0.96213037,0.00072850595,0.001908918,0.0008690837,0.0012142173,0.0019179661,0.0018296695,0.0013130511,0.0010555685,0.001368164,0.0012685667,0.0005032071,0.0012308871,0.0013416536,0.0011766943,0.0010099149,0.0019591355,0.0014682651,0.0022307083,0.0011386513,0.001022771,0.0006270098,0.0011717995,0.0012695208,0.0011983736
3_10348,3_10348.wav,pitch_up_2,3,Thunderstorm,3,True,Thunderstorm,Thunderstorm,False,True,0.0015773202,0.009414736,0.9591686,0.00071074435,0.0017578538,0.0010023527,0.0014342875,0.0016700687,0.0013013,0.0015321429,0.0010855823,0.0014876869,0.0012144112,0.00054814457,0.0014193541,0.0010796338,0.0012526605,0.0010903777,0.00180216,0.001395635,0.0016899979,0.0011035324,0.0010990613,0.00061594805,0.001104272,0.0013380373,0.0011040586
3_10349,3_10349.wav,pitch_up_2,3,Thunderstorm,3,True,Thunderstorm,Thunderstorm,False,True,0.0021202194,0.031391475,0.91763717,0.0012124504,0.0033321893,0.0024719199,0.0016554468,0.0025187589,0.002024741,0.0016392184,0.0017708173,0.0026638007,0.0017707805,0.00074452953,0.0021239761,0.0017234585,0.0021255969,0.001768875,0.0033338994,0.0018388693,0.0032903794,0.0016383274,0.0017485227,0.001595466,0.0017736913,0.002105882,0.001979551
3_10351,3_10351.wav,pitch_down_2,3,Thunderstorm,3,True,Thunderstorm,Thunderstorm,False,True,0.0012384973,0.0012144488,0.9691337,0.001010403,0.0010277281,0.0010226289,0.0011149131,0.0011466162,0.001090899,0.0013905362,0.0011090109,0.0012410162,0.0015376123,0.0012591459,0.0018434295,0.0009776523,0.0013207207,0.0013592532,0.0012817783,0.0015009498,0.00089542614,0.0012515964,0.0010434645,0.0009498612,0.00095469627,0.0010530156,0.0010309493
3_10352,3_10352.wav,original,3,Thunderstorm,3,True,Thunderstorm,Thunderstorm,False,True,0.0011656336,0.0013171942,0.9723113,0.000864195,0.0010855416,0.0009054181,0.0010098793,0.0011381499,0.00088130194,0.0009571807,0.0009877157,0.0010379109,0.0013444613,0.00069032214,0.0009267625,0.0010171434,0.0012463465,0.0012307687,0.0012362441,0.001501671,0.0008107728,0.0012626726,0.0010377165,0.00088537746,0.000988272,0.0010427813,0.0011172517
3_10354,3_10354.wav,original,3,Thunderstorm,3,True,Thunderstorm,Thunderstorm,False,True,0.00080311164,0.0015956605,0.9720273,0.00083714066,0.0013086916,0.00086711766,0.0017602612,0.0010645593,0.0011036271,0.0009792411,0.0009813602,0.0009650025,0.0012828702,0.00045974235,0.00092529185,0.0008388143,0.0011271962,0.0011070517,0.0012534043,0.0012152615,0.0009897661,0.0012125528,0.0010370389,0.0009736359,0.0011255268,0.0012019727,0.0009568538
3_10355,3_10355.wav,original,3,Thunderstorm,3,True,Thunderstorm,Thunderstorm,False,True,0.0019931337,0.003867454,0.9620435,0.0012733334,0.00097115414,0.0014759476,0.0011720882,0.0009819879,0.00150224,0.0013312767,0.0011595031,0.0013218137,0.0016155775,0.0008183003,0.0009690326,0.0013316405,0.0017616093,0.0014852023,0.0015891762,0.0015179365,0.0014830459,0.0013515096,0.0014035202,0.001178874,0.0013686079,0.0016493163,0.0013831846
3_10359,3_10359.wav,pitch_down_2,3,Thunderstorm,3,True,Thunderstorm,Thunderstorm,False,True,0.0011557303,0.0013631632,0.9692619,0.0012045236,0.0006135488,0.0009051689,0.0017221357,0.0013267737,0.0011449239,0.0012159469,0.0011000121,0.0010261604,0.0016254509,0.0016708076,0.00089002243,0.0010549352,0.0012652624,0.0012670718,0.0012704994,0.001460148,0.0008943284,0.0012808267,0.0013824292,0.00083767803,0.00088921166,0.0011628639,0.0010084487
3_10360,3_10360.wav,original,3,Thunderstorm,3,False,Thunderstorm,Thunderstorm,False,True,0.0022281625,0.0022582246,0.95886755,0.0010354472,0.00079024787,0.0012135361,0.0012304998,0.002072274,0.0012589444,0.0017152502,0.0011173745,0.0015310143,0.0014749971,0.0047711744,0.003070103,0.0018019205,0.0015560733,0.0014412996,0.0011406284,0.0013619614,0.0009012522,0.0012590877,0.0011470147,0.00095241703,0.0009586765,0.0014037307,0.0014411559
3_10360,3_10360.wav,pitch_down_2,3,Thunderstorm,3,False,Thunderstorm,Thunderstorm,False,True,0.0022281625,0.0022582246,0.95886755,0.0010354472,0.00079024787,0.0012135361,0.0012304998,0.002072274,0.0012589444,0.0017152502,0.0011173745,0.0015310143,0.0014749971,0.0047711744,0.003070103,0.0018019205,0.0015560733,0.0014412996,0.0011406284,0.0013619614,0.0009012522,0.0012590877,0.0011470147,0.00095241703,0.0009586765,0.0014037307,0.0014411559
3_10360,3_10360.wav,pitch_up_2,3,Thunderstorm,3,False,Thunderstorm,Thunderstorm,False,True,0.0022281625,0.0022582246,0.95886755,0.0010354472,0.00079024787,0.0012135361,0.0012304998,0.002072274,0.0012589444,0.0017152502,0.0011173745,0.0015310143,0.0014749971,0.0047711744,0.003070103,0.0018019205,0.0015560733,0.0014412996,0.0011406284,0.0013619614,0.0009012522,0.0012590877,0.0011470147,0.00095241703,0.0009586765,0.0014037307,0.0014411559
3_10362,3_10362.wav,pitch_down_2,3,Thunderstorm,3,True,Thunderstorm,Thunderstorm,False,True,0.0009281147,0.0021138329,0.97513765,0.0006570569,0.0013121003,0.000786125,0.00071218837,0.0007854689,0.00077074853,0.001040387,0.0008789003,0.0009347618,0.0012156899,0.00050314725,0.0008984776,0.0007563466,0.0010685289,0.0008974397,0.0012343357,0.00097337837,0.0008785026,0.0009443832,0.0008910535,0.0007704512,0.0010196572,0.0009687065,0.0009226308
3_10362,3_10362.wav,pitch_up_2,3,Thunderstorm,3,True,Thunderstorm,Thunderstorm,False,True,0.0009281147,0.0021138329,0.97513765,0.0006570569,0.0013121003,0.000786125,0.00071218837,0.0007854689,0.00077074853,0.001040387,0.0008789003,0.0009347618,0.0012156899,0.00050314725,0.0008984776,0.0007563466,0.0010685289,0.0008974397,0.0012343357,0.00097337837,0.0008785026,0.0009443832,0.0008910535,0.0007704512,0.0010196572,0.0009687065,0.0009226308
3_10364,3_10364.wav,original,3,Thunderstorm,3,True,Thunderstorm,Thunderstorm,False,True,0.0011480118,0.018001987,0.94376916,0.0016290861,0.001584486,0.0016663745,0.0016982787,0.0017341363,0.0019832107,0.0014431303,0.00097192364,0.0020710658,0.0021015168,0.00052769855,0.001442541,0.0012748078,0.001493052,0.0016550698,0.0022321919,0.001105144,0.002071832,0.0013235871,0.001273227,0.0008434642,0.0012460275,0.0015128381,0.0021961906
3_10366,3_10366.wav,pitch_down_2,3,Thunderstorm,3,True,Thunderstorm,Thunderstorm,False,True,0.0009919092,0.00850084,0.9584307,0.0008366063,0.003877384,0.0011297046,0.0013014189,0.001724652,0.0011193102,0.0013413337,0.0008812186,0.00118415,0.0012507536,0.00097633037,0.0010662613,0.00082603167,0.0012093751,0.0008980685,0.0030583467,0.0014279935,0.0010848935,0.0014786121,0.0010475651,0.0008431626,0.0011965785,0.001144176,0.0011726548
3_10368,3_10368.wav,pitch_down_2,3,Thunderstorm,3,True,Thunderstorm,Thunderstorm,False,True,0.0014562659,0.0018425643,0.96629435,0.0014427699,0.00105319,0.0009073315,0.0011548899,0.0009374393,0.0015368803,0.001438399,0.0011328586,0.001022215,0.0014448082,0.0005818419,0.00089391536,0.0014362885,0.0016861582,0.0017080876,0.0010295174,0.0016108003,0.0012661897,0.0013807778,0.001091271,0.0014313193,0.0013343561,0.001310679,0.0015748272
3_10368,3_10368.wav,pitch_up_2,3,Thunderstorm,3,True,Thunderstorm,Thunderstorm,False,True,0.0014562659,0.0018425643,0.96629435,0.0014427699,0.00105319,0.0009073315,0.0011548899,0.0009374393,0.0015368803,0.001438399,0.0011328586,0.001022215,0.0014448082,0.0005818419,0.00089391536,0.0014362885,0.0016861582,0.0017080876,0.0010295174,0.0016108003,0.0012661897,0.0013807778,0.001091271,0.0014313193,0.0013343561,0.001310679,0.0015748272
3_10369,3_10369.wav,pitch_down_2,3,Thunderstorm,3,True,Thunderstorm,Thunderstorm,False,True,0.001246333,0.0015914305,0.9660051,0.0016229367,0.00084029534,0.001077985,0.0025787198,0.0011626094,0.0011852379,0.0013002564,0.0009133592,0.0009064909,0.0015792759,0.0020294895,0.0015831034,0.0010018771,0.0015853479,0.0009843018,0.0013127686,0.0011295389,0.0013017718,0.0014521616,0.0013455236,0.0009538121,0.001087288,0.0012593974,0.00096366863
3_10370,3_10370.wav,original,3,Thunderstorm,3,True,Thunderstorm,Thunderstorm,False,True,0.0010948881,0.0009582139,0.9675581,0.002261497,0.0008445999,0.0008898663,0.0023307807,0.0013259592,0.00093451905,0.0010910222,0.00097542885,0.0009613578,0.0015411247,0.0013484367,0.0016118484,0.000978101,0.001342253,0.00095813745,0.0012504822,0.001560247,0.0011857712,0.0013562493,0.0010675009,0.0011556152,0.0015521472,0.0010463268,0.0008195029
3_10373,3_10373.wav,pitch_down_2,3,Thunderstorm,3,True,Thunderstorm,Thunderstorm,False,True,0.0014029696,0.0011915908,0.96595955,0.0010233452,0.0008856642,0.0013080878,0.0014131147,0.00094109774,0.0010108761,0.0012655524,0.00079057395,0.001131174,0.0011311508,0.004854702,0.0010835583,0.0012010662,0.0012172968,0.0011740624,0.0015021536,0.0013645383,0.00084914727,0.0012032413,0.0014550751,0.00092423987,0.0010389736,0.0013312105,0.0013460135
3_10375,3_10375.wav,pitch_down_2,3,Thunderstorm,3,True,Thunderstorm,Thunderstorm,False,True,0.0011598967,0.002860695,0.96567935,0.0010570703,0.00093014486,0.0010744872,0.0011609417,0.0010781543,0.0013529988,0.0011627657,0.0012357737,0.0016235252,0.0014212308,0.0008650874,0.0012484016,0.0011434829,0.0014534587,0.0017669396,0.0011052049,0.0013577939,0.0011062726,0.0012904435,0.0010541934,0.0015839637,0.0016940585,0.0013889322,0.0011447394
4_10402,4_10402.wav,pitch_down_2,4,WaterDrops,3,True,WaterDrops,WaterDrops,False,True,0.00073739217,0.0010945188,0.0019452077,0.96731275,0.0016904833,0.0008340326,0.0009349244,0.0011141499,0.00097327394,0.0009989181,0.00083626277,0.0010919286,0.0007194956,0.0013092725,0.0012527732,0.0010602622,0.0025210634,0.0023310983,0.00138707,0.0013856973,0.0005194401,0.0010802167,0.0012064611,0.0010137152,0.0024433206,0.0010940651,0.0011121719
4_10404,4_10404.wav,original,4,WaterDrops,3,True,WaterDrops,WaterDrops,False,True,0.001078774,0.0014681696,0.0018573473,0.964459,0.0012833296,0.0008268988,0.0019931456,0.0014446508,0.0013615676,0.0010562721,0.0011176342,0.0014959163,0.0016618412,0.001630637,0.0010244222,0.0009712265,0.001028973,0.0016855533,0.0013392622,0.0010252715,0.00085528387,0.0016930854,0.0011114333,0.001229756,0.0014695935,0.0017007567,0.0021302581
4_10404,4_10404.wav,pitch_down_2,4,WaterDrops,3,True,WaterDrops,WaterDrops,False,True,0.001078774,0.0014681696,0.0018573473,0.964459,0.0012833296,0.0008268988,0.0019931456,0.0014446508,0.0013615676,0.0010562721,0.0011176342,0.0014959163,0.0016618412,0.001630637,0.0010244222,0.0009712265,0.001028973,0.0016855533,0.0013392622,0.0010252715,0.00085528387,0.0016930854,0.0011114333,0.001229756,0.0014695935,0.0017007567,0.0021302581
4_10409,4_10409.wav,pitch_down_2,4,WaterDrops,3,True,WaterDrops,WaterDrops,False,True,0.0020355706,0.0023410444,0.0027288646,0.9216289,0.0020413762,0.0011973357,0.0040999656,0.0025311762,0.002190158,0.002066776,0.0023521853,0.0032887354,0.0031029247,0.0027282396,0.0019148625,0.0011749141,0.0016124677,0.0026102567,0.0022400692,0.0038382087,0.0014365409,0.0055491985,0.0025824418,0.0017858413,0.002548361,0.0018946598,0.016478918
4_10409,4_10409.wav,pitch_up_2,4,WaterDrops,3,True,WaterDrops,WaterDrops,False,True,0.0020355706,0.0023410444,0.0027288646,0.9216289,0.0020413762,0.0011973357,0.0040999656,0.0025311762,0.002190158,0.002066776,0.0023521853,0.0032887354,0.0031029247,0.0027282396,0.0019148625,0.0011749141,0.0016124677,0.0026102567,0.0022400692,0.0038382087,0.0014365409,0.0055491985,0.0025824418,0.0017858413,0.002548361,0.0018946598,0.016478918
4_10410,4_10410.wav,original,4,WaterDrops,3,True,WaterDrops,WaterDrops,False,True,0.0011985409,0.0014401656,0.0029881895,0.95150286,0.0028536578,0.0018553622,0.0016956326,0.0013391483,0.0014826133,0.0020440088,0.0013745421,0.0018584239,0.0010692849,0.0016511991,0.0014645058,0.0017630131,0.0050333533,0.00200036,0.00093941967,0.0018457859,0.0008992914,0.0027020779,0.0017175138,0.0017794479,0.0023220694,0.002009879,0.0011695375
4_10410,4_10410.wav,pitch_up_2,4,WaterDrops,3,True,WaterDrops,WaterDrops,False,True,0.0011985409,0.0014401656,0.0029881895,0.95150286,0.0028536578,0.0018553622,0.0016956326,0.0013391483,0.0014826133,0.0020440088,0.0013745421,0.0018584239,0.0010692849,0.0016511991,0.0014645058,0.0017630131,0.0050333533,0.00200036,0.00093941967,0.0018457859,0.0008992914,0.0027020779,0.0017175138,0.0017794479,0.0023220694,0.002009879,0.0011695375
4_10411,4_10411.wav,pitch_up_2,4,WaterDrops,3,True,WaterDrops,WaterDrops,False,True,0.009565809,0.011138223,0.00095831207,0.9234729,0.0013136457,0.019002257,0.0009481325,0.0013720263,0.0015981923,0.002062834,0.0027140032,0.0016285597,0.0010017026,0.0018550883,0.001770814,0.0018943675,0.0009561779,0.0015128154,0.00047536916,0.003734421,0.002837722,0.0008865699,0.0006016122,0.0024185216,0.0010672867,0.001740385,0.0014722295
4_10412,4_10412.wav,pitch_down_2,4,WaterDrops,3,True,WaterDrops,WaterDrops,False,True,0.00059937633,0.00056425313,0.0013802517,0.9671839,0.0019168616,0.0011966331,0.0010797178,0.0014301107,0.00080276094,0.0011202195,0.00072980387,0.0009713061,0.0008501867,0.0010773211,0.0012748869,0.0016203597,0.0011870298,0.003361379,0.00081835565,0.0010656826,0.0004832217,0.0034444875,0.001284938,0.00078363204,0.0008425549,0.0021381022,0.00079272524
4_10414,4_10414.wav,pitch_down_2,4,WaterDrops,3,True,WaterDrops,WaterDrops,False,True,0.0007880275,0.0012285212,0.0010965256,0.9704712,0.0010764598,0.0008237306,0.0011381317,0.0014134127,0.0010237878,0.00060258736,0.00063930196,0.001288459,0.0012198893,0.0017186957,0.0007056676,0.0010197557,0.0013824087,0.0009026625,0.00064151344,0.0029773675,0.0006937217,0.003296144,0.0006185438,0.00073965854,0.0007307455,0.0009884217,0.00077466277
4_10416,4_10416.wav,original,4,WaterDrops,3,True,WaterDrops,WaterDrops,False,True,0.0013309174,0.00054719165,0.0030797208,0.94329715,0.0021041713,0.0021003552,0.0019243063,0.002226101,0.0013744133,0.00530473,0.0015150922,0.0011393564,0.0013188543,0.0022228246,0.001535789,0.0038851723,0.0024099252,0.001364966,0.0016738988,0.003915982,0.00041764442,0.0049517984,0.0030281132,0.0012396292,0.0012591357,0.0023094087,0.0025233345
4_10416,4_10416.wav,pitch_down_2,4,WaterDrops,3,True,WaterDrops,WaterDrops,False,True,0.0013309174,0.00054719165,0.0030797208,0.94329715,0.0021041713,0.0021003552,0.0019243063,0.002226101,0.0013744133,0.00530473,0.0015150922,0.0011393564,0.0013188543,0.0022228246,0.001535789,0.0038851723,0.0024099252,0.001364966,0.0016738988,0.003915982,0.00041764442,0.0049517984,0.0030281132,0.0012396292,0.0012591357,0.0023094087,0.0025233345
4_10419,4_10419.wav,pitch_down_2,4,WaterDrops,3,True,WaterDrops,WaterDrops,False,True,0.0028904304,0.00081306935,0.0012948759,0.95645237,0.0005928755,0.0016052186,0.0011248781,0.0010044385,0.0010380732,0.0004453212,0.0012048663,0.0026562866,0.0014206734,0.0011889508,0.0013722493,0.0015285894,0.0009110773,0.0011183041,0.0007465466,0.01057823,0.00092352036,0.0008015327,0.00069928117,0.0045754607,0.00084934506,0.0007839068,0.001379652
4_10420,4_10420.wav,pitch_down_2,4,WaterDrops,3,True,WaterDrops,WaterDrops,False,True,0.00427091,0.0025165628,0.0014563292,0.96420544,0.0008796871,0.0026737058,0.0007639856,0.00075781223,0.00088254124,0.0006995969,0.0006732382,0.00080182176,0.0015256908,0.0017832117,0.0014993945,0.0011318503,0.0011448484,0.0016071476,0.0005363661,0.0023954485,0.0007955842,0.0007619948,0.0011177546,0.00077230454,0.00078940095,0.0014573429,0.0021000195
4_10420,4_10420.wav,pitch_up_2,4,WaterDrops,3,True,WaterDrops,WaterDrops,False,True,0.00427091,0.0025165628,0.0014563292,0.96420544,0.0008796871,0.0026737058,0.0007639856,0.00075781223,0.00088254124,0.0006995969,0.0006732382,0.00080182176,0.0015256908,0.0017832117,0.0014993945,0.0011318503,0.0011448484,0.0016071476,0.0005363661,0.0023954485,0.0007955842,0.0007619948,0.0011177546,0.00077230454,0.00078940095,0.0014573429,0.0021000195
4_10421,4_10421.wav,pitch_up_2,4,WaterDrops,3,True,WaterDrops,WaterDrops,False,True,0.00066496356,0.0002732808,0.0013910397,0.97113204,0.0016872385,0.0011485823,0.0012239689,0.00092001917,0.0010774767,0.0014258808,0.0007112953,0.0010707766,0.00082262914,0.00096569775,0.0021362246,0.0013715004,0.0007732084,0.0015636865,0.00091414043,0.001141087,0.0002734171,0.0015318854,0.0012250324,0.0009807753,0.00061980844,0.0018444518,0.0011099712
4_10422,4_10422.wav,pitch_down_2,4,WaterDrops,3,True,WaterDrops,WaterDrops,False,True,0.0021592204,0.0022707114,0.002086326,0.93428636,0.0007435579,0.0013152221,0.0014523072,0.00140779,0.0014517633,0.001130614,0.0017413866,0.0036771854,0.0019164924,0.0020199558,0.0009107121,0.0012657169,0.0011914711,0.0015685571,0.002684896,0.023418851,0.001930822,0.0013998809,0.0017844742,0.0027548166,0.0011461851,0.0010853932,0.0011992608
4_10428,4_10428.wav,original,4,WaterDrops,3,True,WaterDrops,WaterDrops,False,True,0.0062887254,0.0012303295,0.0016226218,0.95688087,0.0007314496,0.001525724,0.0013585249,0.00089710864,0.0012340691,0.0011234181,0.0011474496,0.00249644,0.0010081031,0.0012179037,0.0009469019,0.00090934784,0.0009524662,0.001059038,0.0017670192,0.0061812676,0.0011386151,0.0010738367,0.0009661182,0.0032411935,0.0011030858,0.0010669018,0.0008314909
4_10429,4_10429.wav,original,4,WaterDrops,3,True,WaterDrops,WaterDrops,False,True,0.0013020647,0.0018173171,0.0022029898,0.9621589,0.0015215884,0.0010995157,0.0020001784,0.001295108,0.0017950669,0.00078744354,0.0012113332,0.0012999689,0.0014344141,0.002085026,0.0012027131,0.0007382394,0.0012095385,0.0017791585,0.0010710416,0.001305807,0.0011679444,0.0022629239,0.0011168099,0.0008098949,0.0012979902,0.0016733016,0.0023536645
4_10429,4_10429.wav,pitch_down_2,4,WaterDrops,3,True,WaterDrops,WaterDrops,False,True,0.0013020647,0.0018173171,0.0022029898,0.9621589,0.0015215884,0.0010995157,0.0020001784,0.001295108,0.0017950669,0.00078744354,0.0012113332,0.0012999689,0.0014344141,0.002085026,0.0012027131,0.0007382394,0.0012095385,0.0017791585,0.0010710416,0.001305807,0.0011679444,0.0022629239,0.0011168099,0.0008098949,0.0012979902,0.0016733016,0.0023536645
4_10430,4_10430.wav,pitch_up_2,4,WaterDrops,3,True,WaterDrops,WaterDrops,False,True,0.0032861482,0.0015306255,0.0010337754,0.96639055,0.0007060545,0.0035155134,0.0009881151,0.0013559883,0.0013376334,0.002704408,0.00058719073,0.0013721316,0.0011561959,0.0012387977,0.0006131855,0.001061676,0.00086160516,0.0007414517,0.0012787933,0.0014938357,0.0012466322,0.0011955684,0.0010928832,0.00029434884,0.00082101,0.0010114966,0.0010844042
4_10434,4_10434.wav,pitch_down_2,4,WaterDrops,3,True,WaterDrops,WaterDrops,False,True,0.0022158867,0.0036908437,0.002077713,0.96030444,0.0009260208,0.00077961356,0.0014869366,0.0013391166,0.0010664829,0.0008632356,0.00076834805,0.0023369433,0.0033641572,0.0013823382,0.0016088263,0.0010263389,0.0012719018,0.0019188254,0.0008075658,0.0020717562,0.001233459,0.0014397101,0.0018042364,0.0011959309,0.0013185028,0.0011933908,0.000507422
4_10437,4_10437.wav,original,4,WaterDrops,3,True,WaterDrops,WaterDrops,False,True,0.0014712522,0.0014832291,0.0014012082,0.97541565,0.00068197673,0.00091768004,0.0008427722,0.0009238432,0.00093021087,0.000572434,0.00048073663,0.001061638,0.0015469395,0.0010719228,0.001193027,0.0005115157,0.0007717164,0.0009569929,0.0004550011,0.0013160426,0.0011612652,0.00091518136,0.00080951676,0.0005883955,0.0008634844,0.0010479743,0.0006084286
4_10439,4_10439.wav,original,4,WaterDrops,3,True,WaterDrops,WaterDrops,False,True,0.0019662806,0.0016407116,0.0030002731,0.94593906,0.0022493599,0.0018935191,0.0018198425,0.0019162536,0.0022956172,0.0018074447,0.0014962893,0.0016739271,0.0031879982,0.0015866378,0.0018138355,0.0017448924,0.0013211846,0.0017378149,0.008139528,0.0013469966,0.0016284534,0.0014474076,0.001062423,0.001188673,0.0016132103,0.0020748603,0.0024075883
4_10440,4_10440.wav,original,4,WaterDrops,3,True,WaterDrops,WaterDrops,False,True,0.0029740266,0.0028307072,0.0015163665,0.96267515,0.0011212545,0.0012066412,0.0012609463,0.001088947,0.00087885495,0.00079542235,0.001221171,0.0017719603,0.0024396165,0.0013289397,0.0018000865,0.0011905892,0.0012541218,0.0017430028,0.0007350839,0.001543841,0.0007732105,0.0011473446,0.0013823285,0.0020723017,0.0010547983,0.0014088716,0.0007843543
4_10440,4_10440.wav,pitch_down_2,4,WaterDrops,3,True,WaterDrops,WaterDrops,False,True,0.0029740266,0.0028307072,0.0015163665,0.96267515,0.0011212545,0.0012066412,0.0012609463,0.001088947,0.00087885495,0.00079542235,0.001221171,0.0017719603,0.0024396165,0.0013289397,0.0018000865,0.0011905892,0.0012541218,0.0017430028,0.0007350839,0.001543841,0.0007732105,0.0011473446,0.0013823285,0.0020723017,0.0010547983,0.0014088716,0.0007843543
4_10445,4_10445.wav,pitch_down_2,4,WaterDrops,3,True,WaterDrops,WaterDrops,False,True,0.0015788219,0.0006958367,0.0014900671,0.96472496,0.0018069424,0.0010274058,0.00090673845,0.0011499799,0.0012300223,0.0015305905,0.0009361655,0.0010483478,0.0017849916,0.0015719304,0.0010777591,0.0016541715,0.0011168012,0.0009627947,0.0014104969,0.0017460171,0.00086727645,0.0018692728,0.0016642655,0.0009797137,0.00093046995,0.0017129169,0.0025252716
4_10446,4_10446.wav,original,4,WaterDrops,3,True,WaterDrops,WaterDrops,False,True,0.001850755,0.0011469503,0.0014487846,0.9627433,0.0021568416,0.0010673184,0.0008276677,0.0015959786,0.0010890252,0.0015695466,0.0012507188,0.0024623533,0.00091208675,0.0015392388,0.0012443581,0.0016663289,0.0022472052,0.0014278372,0.00053242216,0.0012654183,0.0009033347,0.0016708373,0.001547387,0.0006722235,0.0012045938,0.0019137817,0.0020438263
4_10447,4_10447.wav,pitch_up_2,4,WaterDrops,3,True,WaterDrops,WaterDrops,False,True,0.001297387,0.0110106245,0.0015929168,0.93049294,0.0017632431,0.0015437081,0.0012351541,0.00075629394,0.0071152113,0.0014979016,0.0027763227,0.0048485254,0.0024093583,0.0026133938,0.0026300363,0.0015137136,0.0011751899,0.0020282047,0.0013150751,0.0067293607,0.0009530147,0.004593739,0.002155198,0.0011888896,0.0016288866,0.001303901,0.0018318329
4_10449,4_10449.wav,original,4,WaterDrops,3,True,WaterDrops,WaterDrops,False,True,0.0036672435,0.0028563088,0.0015446941,0.9556361,0.0032754298,0.002240754,0.0007943092,0.0014371034,0.0012287685,0.0025061034,0.0010662227,0.0032179628,0.0015464597,0.002129126,0.000849572,0.000961029,0.0011667177,0.0016194213,0.0010212885,0.0008342243,0.0018519118,0.0014750976,0.001304519,0.00088619435,0.0013794309,0.00182217,0.0016818712
4_10449,4_10449.wav,pitch_down_2,4,WaterDrops,3,True,WaterDrops,WaterDrops,False,True,0.0036672435,0.0028563088,0.0015446941,0.9556361,0.0032754298,0.002240754,0.0007943092,0.0014371034,0.0012287685,0.0025061034,0.0010662227,0.0032179628,0.0015464597,0.002129126,0.000849572,0.000961029,0.0011667177,0.0016194213,0.0010212885,0.0008342243,0.0018519118,0.0014750976,0.001304519,0.00088619435,0.0013794309,0.00182217,0.0016818712
4_10451,4_10451.wav,pitch_up_2,4,WaterDrops,3,True,WaterDrops,WaterDrops,False,True,0.001236693,0.0027081484,0.0011512648,0.96386355,0.0007329299,0.001827326,0.0013715586,0.0011458375,0.0013744044,0.0019199755,0.0008590079,0.002305473,0.0010732542,0.0013571898,0.00075244723,0.0012501482,0.0013868719,0.0013493834,0.0008978451,0.0020994805,0.0011143984,0.0014668334,0.00093771477,0.00039599836,0.0009855651,0.0011032686,0.003333442
4_10452,4_10452.wav,pitch_down_2,4,WaterDrops,3,True,WaterDrops,WaterDrops,False,True,0.0011616276,0.0024247917,0.0007104149,0.9692352,0.0009977462,0.0009373015,0.00056087115,0.001037744,0.0007783428,0.0030371826,0.0006075052,0.0015994956,0.0012138357,0.0011990629,0.0010396651,0.0036448697,0.0009631472,0.0009622357,0.00054836384,0.00090493914,0.0010367393,0.001186869,0.0010806241,0.000550235,0.00096603966,0.00094312505,0.0006721087
4_10453,4_10453.wav,original,4,WaterDrops,3,True,WaterDrops,WaterDrops,False,True,0.00090566394,0.0004498926,0.0016631595,0.96686435,0.0013315268,0.0014399657,0.0012752012,0.0013609797,0.0012899413,0.0005932293,0.00090801535,0.0008460218,0.004216272,0.00092358043,0.0008958624,0.0014599789,0.0009258363,0.0011275798,0.0018790928,0.000639943,0.0006923373,0.001410135,0.0009810679,0.0013675443,0.0012753328,0.0018665543,0.0014108972
4_10454,4_10454.wav,pitch_down_2,4,WaterDrops,3,True,WaterDrops,WaterDrops,False,True,0.0009075394,0.0010749643,0.0010331952,0.9771134,0.00095242175,0.0006343057,0.0010267374,0.0010188833,0.0010389131,0.0005797318,0.00062449626,0.00094817695,0.0011682427,0.0010744683,0.00086085685,0.0006346255,0.00066906074,0.00088170153,0.0008004959,0.0011711562,0.00063866563,0.0017442073,0.0005361439,0.0004420924,0.00075891387,0.00087394123,0.00079264055
4_10455,4_10455.wav,pitch_down_2,4,WaterDrops,3,True,WaterDrops,WaterDrops,False,True,0.0016968618,0.00073649135,0.0011304204,0.9711227,0.0017102621,0.0006715386,0.00067710684,0.0012835875,0.0008869763,0.0010186089,0.00087964867,0.0010574512,0.0011281264,0.0014412965,0.0009984513,0.00077326945,0.0012877824,0.0009420493,0.00038779678,0.0019444969,0.00093468773,0.0013970515,0.0008474546,0.00054244604,0.0007743379,0.0012571699,0.0024719697
4_10459,4_10459.wav,pitch_up_2,4,WaterDrops,3,True,WaterDrops,WaterDrops,False,True,0.003318052,0.0012523903,0.0024996647,0.9585333,0.0023098022,0.0024577377,0.0008944384,0.0012816273,0.001207661,0.00047630048,0.0011672276,0.0006306951,0.00091874663,0.0013665935,0.0016493448,0.0013945199,0.0011149045,0.0026129677,0.00033840336,0.0012850751,0.0029989497,0.0007508774,0.0015755616,0.0015352756,0.004059764,0.0010959444,0.0012742005
4_10460,4_10460.wav,original,4,WaterDrops,3,True,WaterDrops,WaterDrops,False,True,0.00083574554,0.00055454596,0.0015111775,0.96884626,0.0025011622,0.001299962,0.0012253347,0.001062119,0.0013431323,0.00090401474,0.0008981757,0.00089421094,0.0019687328,0.0012512443,0.0013142334,0.0010519981,0.0008711678,0.0012535908,0.0012797222,0.001011238,0.0010893255,0.0012301793,0.001323358,0.00065453484,0.0009449344,0.001253293,0.0016266139
4_10462,4_10462.wav,pitch_up_2,4,WaterDrops,3,True,WaterDrops,WaterDrops,False,True,0.0014803876,0.0027352024,0.0012958578,0.95797825,0.0016995933,0.0010654333,0.00072670105,0.0016649779,0.0009666034,0.0039035566,0.001082148,0.0026856281,0.0010860194,0.0015750272,0.0010663479,0.0039957757,0.0024249458,0.0013780511,0.00071407546,0.001117542,0.0013113447,0.0023922361,0.0014489141,0.0008962634,0.0014111125,0.0011851453,0.00071285764
4_10464,4_10464.wav,pitch_down_2,4,WaterDrops,3,True,WaterDrops,WaterDrops,False,True,0.0007091442,0.00052727846,0.001147927,0.9725378,0.0011415017,0.0015356765,0.0010228994,0.0009000538,0.0008183581,0.000644955,0.00083586056,0.00063833897,0.0031939799,0.0011092414,0.0007061409,0.001420925,0.0007379561,0.0012467819,0.0023532843,0.0009910112,0.0006762766,0.0008864862,0.0006447905,0.00083032646,0.0007207198,0.00094843534,0.0010738638
4_10464,4_10464.wav,pitch_up_2,4,WaterDrops,3,True,WaterDrops,WaterDrops,False,True,0.0007091442,0.00052727846,0.001147927,0.9725378,0.0011415017,0.0015356765,0.0010228994,0.0009000538,0.0008183581,0.000644955,0.00083586056,0.00063833897,0.0031939799,0.0011092414,0.0007061409,0.001420925,0.0007379561,0.0012467819,0.0023532843,0.0009910112,0.0006762766,0.0008864862,0.0006447905,0.00083032646,0.0007207198,0.00094843534,0.0010738638
4_10465,4_10465.wav,pitch_down_2,4,WaterDrops,3,True,WaterDrops,WaterDrops,False,True,0.0024396388,0.0019888654,0.002170605,0.95006865,0.0011570693,0.002194521,0.0018190122,0.0024142927,0.0019601653,0.0022431042,0.0011022596,0.0020432975,0.0021574334,0.0022549657,0.00053271855,0.00071259745,0.0016739005,0.0016941004,0.0037389377,0.0052013653,0.00090727094,0.002416557,0.0012396245,0.0004590349,0.001430344,0.0015930623,0.0023866175
4_10466,4_10466.wav,pitch_down_2,4,WaterDrops,3,True,WaterDrops,WaterDrops,False,True,0.001004025,0.0004686499,0.0016712634,0.9672281,0.0015036497,0.0006415522,0.001143123,0.0010771212,0.0012583329,0.00089059287,0.0009418643,0.0006880246,0.002084547,0.0014366201,0.0011051724,0.001764697,0.0009895357,0.001010144,0.0009981162,0.0019349117,0.000986989,0.00149452,0.0035630027,0.0005707214,0.00080071803,0.001194613,0.0015494213
4_10467,4_10467.wav,pitch_up_2,4,WaterDrops,3,True,WaterDrops,WaterDrops,False,True,0.0010228975,0.0014863908,0.0012686895,0.97109413,0.0006658446,0.0011216525,0.0012416157,0.000943481,0.0013042404,0.001039256,0.0008112963,0.0017933385,0.0010547509,0.0011407152,0.0008324751,0.00082033034,0.0010896142,0.0011698458,0.00082573673,0.0019197852,0.0008619184,0.0015956559,0.000718595,0.00046645463,0.0009208608,0.00097136846,0.0018190881
4_10469,4_10469.wav,original,4,WaterDrops,3,True,WaterDrops,WaterDrops,False,True,0.0013231583,0.0022886365,0.002458908,0.9314432,0.001874332,0.0025270067,0.0024810194,0.002040358,0.0027552044,0.0031805057,0.0017980748,0.0024452931,0.0024177015,0.0031340849,0.005574574,0.0053571407,0.0021602116,0.0023254028,0.0021827815,0.0015737853,0.0023962476,0.0031231686,0.0017443354,0.0022682545,0.0030648084,0.0018858778,0.0041758385
5_10502,5_10502.wav,original,5,Wind,3,True,Wind,Wind,False,True,0.0019525606,0.004220499,0.0053118425,0.0014387784,0.9251924,0.0009535849,0.0036285557,0.0018900122,0.020470431,0.001434459,0.001830612,0.0009581622,0.0015685206,0.0017276484,0.0021284772,0.001764661,0.002076101,0.0033317488,0.0025320668,0.0033380992,0.0014348108,0.0022367586,0.0015959828,0.0017326219,0.0015101231,0.0022993372,0.0014411081
5_10502,5_10502.wav,pitch_up_2,5,Wind,3,True,Wind,Wind,False,True,0.0019525606,0.004220499,0.0053118425,0.0014387784,0.9251924,0.0009535849,0.0036285557,0.0018900122,0.020470431,0.001434459,0.001830612,0.0009581622,0.0015685206,0.0017276484,0.0021284772,0.001764661,0.002076101,0.0033317488,0.0025320668,0.0033380992,0.0014348108,0.0022367586,0.0015959828,0.0017326219,0.0015101231,0.0022993372,0.0014411081
5_10507,5_10507.wav,pitch_up_2,5,Wind,3,True,Wind,Wind,False,True,0.00095402397,0.0007345581,0.0012921962,0.00088880677,0.9495466,0.004575769,0.00167586,0.0027009826,0.00091869995,0.0011753865,0.00138826,0.0010128631,0.0012750286,0.0011941019,0.0021236737,0.0008925179,0.0017454443,0.0019690872,0.0012611496,0.0016409071,0.00078115234,0.0017181803,0.001131514,0.0011808121,0.0011461278,0.0012711101,0.013805173
5_10509,5_10509.wav,pitch_down_2,5,Wind,3,True,Wind,Wind,False,True,0.002377547,0.0012281988,0.0010700672,0.0013710476,0.952481,0.0038529222,0.0014951658,0.0007742776,0.0012189754,0.0014815576,0.001852633,0.0012022097,0.0012153266,0.0016481708,0.0015024947,0.0008508577,0.0010079608,0.0010151454,0.0013924869,0.0011514202,0.0062831924,0.002484442,0.0005024087,0.0012603942,0.0014689335,0.0016312251,0.0061799395
5_10511,5_10511.wav,original,5,Wind,3,True,Wind,Wind,False,True,0.001753433,0.012997177,0.0017032729,0.0024359385,0.94300795,0.0043688375,0.0027637181,0.0034312357,0.0011400235,0.0011570262,0.001166331,0.0014162352,0.0012307427,0.0014625341,0.0015021692,0.0010216828,0.0017499942,0.0012418748,0.0020593337,0.0010724338,0.0027232089,0.001179987,0.00063945056,0.0009867073,0.0012338771,0.001105265,0.0034495648
5_10511,5_10511.wav,pitch_up_2,5,Wind,3,True,Wind,Wind,False,True,0.001753433,0.012997177,0.0017032729,0.0024359385,0.94300795,0.0043688375,0.0027637181,0.0034312357,0.0011400235,0.0011570262,0.001166331,0.0014162352,0.0012307427,0.0014625341,0.0015021692,0.0010216828,0.0017499942,0.0012418748,0.0020593337,0.0010724338,0.0027232089,0.001179987,0.00063945056,0.0009867073,0.0012338771,0.001105265,0.0034495648
5_10512,5_10512.wav,pitch_up_2,5,Wind,3,True,Wind,Wind,False,True,0.00078637706,0.00087581604,0.0008405773,0.0005823116,0.9690853,0.0025741651,0.0010777987,0.0010930044,0.00062499783,0.0011816897,0.0010299293,0.0009800981,0.0007558465,0.0012969762,0.0012269847,0.0010043273,0.0011244061,0.0012716941,0.0010272494,0.0009883097,0.00067831745,0.001335943,0.00093789934,0.000838669,0.0009628444,0.0008626071,0.0049559087
5_10514,5_10514.wav,original,5,Wind,3,True,Wind,Wind,False,True,0.0021860977,0.0017568697,0.0015442426,0.00060545915,0.96624094,0.00071385346,0.0018251798,0.0016759153,0.0032759474,0.00091564626,0.0008852745,0.00092097645,0.00082474184,0.0011078339,0.0011958691,0.0014051902,0.0014814202,0.0013447815,0.001211576,0.0012977072,0.00079984637,0.0014616806,0.0007910949,0.00075340964,0.0012288232,0.0014402008,0.0011094429
5_10519,5_10519.wav,original,5,Wind,3,True,Wind,Wind,False,True,0.0021536122,0.0029826916,0.0009084442,0.00094197155,0.97077394,0.0008675707,0.00090025616,0.0009880994,0.0007143496,0.0009482871,0.0010227411,0.00097619183,0.0010959439,0.0009756433,0.0009910958,0.000948235,0.001035123,0.0010988583,0.0021014318,0.0007816651,0.0014920138,0.00065511395,0.0003864811,0.0005237974,0.00091259833,0.0008765021,0.0019473763
5_10520,5_10520.wav,pitch_down_2,5,Wind,3,True,Wind,Wind,False,True,0.0012463991,0.007963791,0.0013221422,0.00075505854,0.949991,0.0024323026,0.00108854,0.0016097276,0.0019187276,0.0020810522,0.0012312855,0.004108943,0.0014261139,0.0017475026,0.0010676725,0.0013227685,0.0017996145,0.001771559,0.0012237828,0.0016310707,0.0011386763,0.002653163,0.0017312625,0.0007744586,0.0014208416,0.0015379236,0.003004636
5_10521,5_10521.wav,pitch_down_2,5,Wind,3,True,Wind,Wind,False,True,0.004943426,0.0045449357,0.0052355803,0.0011680875,0.92405176,0.0073004183,0.0018271948,0.0020053487,0.004180998,0.002004835,0.0018660506,0.0016442967,0.0014460204,0.0015084384,0.001521666,0.0018516998,0.0020148864,0.0019227309,0.0014365902,0.0015243866,0.0055427123,0.002538259,0.0022097311,0.00083300704,0.0069037415,0.0022161265,0.005757055
5_10522,5_10522.wav,original,5,Wind,3,True,Wind,Wind,False,True,0.002036541,0.0017802394,0.0015187602,0.0014545592,0.96110153,0.0013221597,0.0021111325,0.0010611196,0.00084039144,0.001075672,0.0010200092,0.0011476292,0.0009262441,0.0015685962,0.001429289,0.00093704526,0.0011258422,0.0013532435,0.0011606106,0.0010600105,0.0014358731,0.000905506,0.000478014,0.0011497851,0.0011047903,0.0009935595,0.007901858
5_10522,5_10522.wav,pitch_up_2,5,Wind,3,True,Wind,Wind,False,True,0.002036541,0.0017802394,0.0015187602,0.0014545592,0.96110153,0.0013221597,0.0021111325,0.0010611196,0.00084039144,0.001075672,0.0010200092,0.0011476292,0.0009262441,0.0015685962,0.001429289,0.00093704526,0.0011258422,0.0013532435,0.0011606106,0.0010600105,0.0014358731,0.000905506,0.000478014,0.0011497851,0.0011047903,0.0009935595,0.007901858
5_10524,5_10524.wav,original,5,Wind,3,True,Wind,Wind,False,True,0.0007456814,0.008510896,0.0021524467,0.0015662219,0.94875765,0.00086479756,0.0019055159,0.001432997,0.0012606039,0.0023951523,0.0020690854,0.002418872,0.0019251619,0.002459353,0.002204449,0.0019563902,0.0017057238,0.001453199,0.0017541795,0.0018329871,0.0018541898,0.0019945505,0.0010125593,0.0013940904,0.0019077238,0.0018088212,0.0006567103
5_10525,5_10525.wav,pitch_up_2,5,Wind,3,True,Wind,Wind,False,True,0.0008101815,0.01126352,0.0011542739,0.0007727551,0.95714664,0.0012303473,0.0011181971,0.0013680017,0.0011167702,0.00096341316,0.0012822609,0.0011946022,0.0015224027,0.0010288875,0.0019966534,0.0014734302,0.0013712738,0.0013445234,0.0012670448,0.0014843693,0.0029851242,0.0009381001,0.00062439375,0.0010439549,0.0015428284,0.0013678052,0.00058823306
5_10527,5_10527.wav,original,5,Wind,3,True,Wind,Wind,False,True,0.00052899163,0.0006921527,0.0009969008,0.0012843529,0.9714907,0.00049603044,0.0011965847,0.00084331474,0.0009860592,0.001031937,0.0008335757,0.0010513519,0.0014098035,0.0008477098,0.0014796179,0.000885294,0.0008927681,0.0013772537,0.0010282608,0.0015813579,0.0006736562,0.0010189884,0.00069033075,0.00069782004,0.00090655935,0.0009675862,0.004111019
5_10532,5_10532.wav,original,5,Wind,3,True,Wind,Wind,False,True,0.00083706575,0.0016340599,0.0012561819,0.00059073354,0.9704798,0.0012997076,0.0013887091,0.0010653689,0.0010652799,0.0009778052,0.0012924067,0.0011822485,0.0012607597,0.0010050015,0.0013596574,0.0010313526,0.0014728075,0.0011213148,0.00096862734,0.0011359471,0.0027763443,0.0009668512,0.0004953114,0.00056096393,0.0010769982,0.0011608829,0.00053780316
5_10532,5_10532.wav,pitch_down_2,5,Wind,3,True,Wind,Wind,False,True,0.00083706575,0.0016340599,0.0012561819,0.00059073354,0.9704798,0.0012997076,0.0013887091,0.0010653689,0.0010652799,0.0009778052,0.0012924067,0.0011822485,0.0012607597,0.0010050015,0.0013596574,0.0010313526,0.0014728075,0.0011213148,0.00096862734,0.0011359471,0.0027763443,0.0009668512,0.0004953114,0.00056096393,0.0010769982,0.0011608829,0.00053780316
5_10537,5_10537.wav,original,5,Wind,3,True,Wind,Wind,False,True,0.0006907677,0.0017385067,0.0012188982,0.0008757403,0.9644575,0.0007343785,0.0013702166,0.0019480229,0.0007834877,0.0017204126,0.0012866057,0.004446818,0.0013066125,0.0014826217,0.0014743558,0.0015316433,0.001076751,0.0013131005,0.0016929195,0.00087663153,0.0015566731,0.0011082568,0.0006400627,0.00096425664,0.0011547172,0.0011625976,0.0013874127
5_10538,5_10538.wav,original,5,Wind,3,True,Wind,Wind,False,True,0.00088742113,0.0020279316,0.0011101108,0.00071792747,0.969815,0.001903951,0.001214439,0.0011077238,0.0010239602,0.0010747664,0.0011736808,0.00093403045,0.0012954463,0.0009129771,0.001717356,0.0010356033,0.0011322648,0.0013099103,0.001088732,0.0013762462,0.0017583398,0.00090156635,0.00044388967,0.00089733937,0.0012323958,0.0013028343,0.00060413446
5_10538,5_10538.wav,pitch_down_2,5,Wind,3,True,Wind,Wind,False,True,0.00088742113,0.0020279316,0.0011101108,0.00071792747,0.969815,0.001903951,0.001214439,0.0011077238,0.0010239602,0.0010747664,0.0011736808,0.00093403045,0.0012954463,0.0009129771,0.001717356,0.0010356033,0.0011322648,0.0013099103,0.001088732,0.0013762462,0.0017583398,0.00090156635,0.00044388967,0.00089733937,0.0012323958,0.0013028343,0.00060413446
5_10540,5_10540.wav,original,5,Wind,3,True,Wind,Wind,False,True,0.000678398,0.002212296,0.0014340347,0.0007911551,0.96250725,0.0024304753,0.001256419,0.0012355453,0.0013630883,0.0014295994,0.0012022898,0.0034225823,0.0017358313,0.0010757541,0.0016295036,0.0009840204,0.0014942199,0.0018474084,0.0011797007,0.0020029398,0.00065088633,0.0014283113,0.0010844652,0.0007419346,0.0012293543,0.0011889288,0.0017636273
5_10541,5_10541.wav,original,5,Wind,3,True,Wind,Wind,False,True,0.010683827,0.01260038,0.0011540503,0.0070194653,0.91791195,0.0148307085,0.001631341,0.0012928499,0.001133697,0.0016125309,0.0019699808,0.0019405019,0.0010620891,0.0018464741,0.0012980587,0.0012303282,0.0019569648,0.0010857887,0.0013127452,0.0010219543,0.003966251,0.0015509003,0.0008822237,0.00075890357,0.0022796406,0.0024850934,0.0034812659
5_10544,5_10544.wav,pitch_down_2,5,Wind,3,True,Wind,Wind,False,True,0.0009536075,0.014487808,0.0015625778,0.0016790828,0.9475723,0.0014207057,0.0017484077,0.0016253083,0.0013036518,0.0014937855,0.0019094733,0.0019571695,0.0018499369,0.0016061662,0.0016233568,0.0015347596,0.002826066,0.001107715,0.0009968788,0.0011260645,0.0032874346,0.001406521,0.0008150409,0.0006244713,0.0015432705,0.0013535268,0.0005849804
5_10545,5_10545.wav,pitch_down_2,5,Wind,3,True,Wind,Wind,False,True,0.0015956488,0.002107912,0.0011626229,0.0015937863,0.96106964,0.0020044257,0.0011941512,0.0013377975,0.0014459775,0.0009045327,0.0017365745,0.0009199032,0.0015966138,0.0013818451,0.0021038132,0.001349372,0.0010986306,0.0014185956,0.0016468544,0.001960079,0.0035183656,0.00096789515,0.0005801394,0.00086834986,0.0015297668,0.001522447,0.0013842452
5_10546,5_10546.wav,original,5,Wind,3,True,Wind,Wind,False,True,0.0019340884,0.0017091377,0.0013944287,0.0025339483,0.95651335,0.0059462786,0.0016683355,0.0014181653,0.0010864427,0.0011488363,0.0015099322,0.0009778546,0.0015460993,0.0012320239,0.001958558,0.0010909517,0.0012267609,0.0014625132,0.0018420275,0.002345306,0.002166031,0.0011496567,0.00044313245,0.00086369505,0.0017729768,0.0016548821,0.0014047549
5_10546,5_10546.wav,pitch_down_2,5,Wind,3,True,Wind,Wind,False,True,0.0019340884,0.0017091377,0.0013944287,0.0025339483,0.95651335,0.0059462786,0.0016683355,0.0014181653,0.0010864427,0.0011488363,0.0015099322,0.0009778546,0.0015460993,0.0012320239,0.001958558,0.0010909517,0.0012267609,0.0014625132,0.0018420275,0.002345306,0.002166031,0.0011496567,0.00044313245,0.00086369505,0.0017729768,0.0016548821,0.0014047549
5_10550,5_10550.wav,pitch_up_2,5,Wind,3,True,Wind,Wind,False,True,0.001237465,0.0020499954,0.0015633021,0.0008134812,0.9568097,0.0031265775,0.0017068548,0.0016476136,0.0014695111,0.0010679425,0.0014841665,0.0014153062,0.0018017158,0.0013339729,0.001972919,0.0011447244,0.0018777321,0.001809568,0.001216492,0.0015913205,0.0065529346,0.0012222395,0.0006087728,0.000934872,0.001423418,0.0015254695,0.00059197843
5_10551,5_10551.wav,pitch_down_2,5,Wind,3,True,Wind,Wind,False,True,0.00085397676,0.0029667027,0.0010611556,0.00093214336,0.95914763,0.0005125131,0.0009258467,0.0007162148,0.0005920926,0.0013409042,0.0018879109,0.0012805325,0.001038682,0.0017321507,0.0020138463,0.0013284219,0.0009888605,0.0011435751,0.0017412897,0.00083600986,0.0029336652,0.0009320357,0.0010652047,0.0011262265,0.0012064893,0.0011152336,0.008580727
5_10560,5_10560.wav,pitch_down_2,5,Wind,3,True,Wind,Wind,False,True,0.0023737105,0.016164342,0.0031830862,0.0010688474,0.88023084,0.017957002,0.0048126006,0.0022215412,0.0028886031,0.004252641,0.0045584883,0.00427916,0.003923567,0.0035408519,0.004480072,0.0035893496,0.0027927698,0.0018010064,0.0035753355,0.0020287202,0.008215048,0.004126563,0.004094094,0.0035682188,0.0040624025,0.004035061,0.0021760454
5_10560,5_10560.wav,pitch_up_2,5,Wind,3,True,Wind,Wind,False,True,0.0023737105,0.016164342,0.0031830862,0.0010688474,0.88023084,0.017957002,0.0048126006,0.0022215412,0.0028886031,0.004252641,0.0045584883,0.00427916,0.003923567,0.0035408519,0.004480072,0.0035893496,0.0027927698,0.0018010064,0.0035753355,0.0020287202,0.008215048,0.004126563,0.004094094,0.0035682188,0.0040624025,0.004035061,0.0021760454
5_10561,5_10561.wav,original,5,Wind,3,True,Wind,Wind,False,True,0.00063175935,0.0029647388,0.0010179208,0.00043878728,0.9670074,0.0013627348,0.0009350136,0.0010029654,0.00091430213,0.0015716342,0.0013772649,0.0015924614,0.0011187874,0.001334058,0.0019440445,0.0013137182,0.0010772543,0.0016169684,0.001247,0.0010846202,0.0011312609,0.0016101561,0.0011809984,0.0008833458,0.0013321709,0.0011031852,0.0012053963
5_10562,5_10562.wav,original,5,Wind,3,True,Wind,Wind,False,True,0.0007692944,0.0010611295,0.0012257848,0.00062826375,0.96620154,0.003425217,0.0013623023,0.0012397476,0.0012074477,0.0011342751,0.0011562966,0.0009922493,0.0013498403,0.0011562122,0.0022085554,0.0013457419,0.0012281449,0.0012817337,0.001323881,0.0014642448,0.0017422627,0.0011325906,0.00055945077,0.0010558945,0.001469084,0.0014941894,0.0007846011
5_10563,5_10563.wav,original,5,Wind,3,True,Wind,Wind,False,True,0.0009816956,0.00065969955,0.00061906903,0.00037051845,0.9740152,0.00019803776,0.00091326074,0.0008324408,0.00075703877,0.00093336933,0.0007362692,0.0013571526,0.0006223068,0.00064137136,0.0017042327,0.0008624713,0.0005238037,0.00077383505,0.0008076658,0.00045336704,0.0021901939,0.0007883028,0.0031250294,0.00051779393,0.00074711465,0.0008014228,0.0030673158
5_10563,5_10563.wav,pitch_up_2,5,Wind,3,True,Wind,Wind,False,True,0.0009816956,0.00065969955,0.00061906903,0.00037051845,0.9740152,0.00019803776,0.00091326074,0.0008324408,0.00075703877,0.00093336933,0.0007362692,0.0013571526,0.0006223068,0.00064137136,0.0017042327,0.0008624713,0.0005238037,0.00077383505,0.0008076658,0.00045336704,0.0021901939,0.0007883028,0.0031250294,0.00051779393,0.00074711465,0.0008014228,0.0030673158
5_10564,5_10564.wav,original,5,Wind,3,True,Wind,Wind,False,True,0.0010928694,0.0011924116,0.0008184596,0.00040009667,0.9717481,0.0012678826,0.0011743519,0.00067590876,0.0005732578,0.0014786326,0.0013344614,0.001212857,0.00082304794,0.0009916623,0.0016899812,0.0012052632,0.00084676064,0.0011452716,0.0010855171,0.000650485,0.002647849,0.0011613716,0.00053794426,0.00089619285,0.0012198528,0.00083020097,0.001299249
5_10566,5_10566.wav,pitch_up_2,5,Wind,3,True,Wind,Wind,False,True,0.0020517583,0.0069157765,0.001306329,0.0011299723,0.9571693,0.00034806321,0.0010367405,0.00075895217,0.0009924053,0.0013341209,0.0012619243,0.000570423,0.0017380463,0.0010124831,0.0020356113,0.0017678406,0.0010782331,0.0013683862,0.001087163,0.0007056591,0.004536144,0.0006086035,0.0012845468,0.0008579169,0.0014889835,0.001400801,0.0041537383
5_10567,5_10567.wav,pitch_up_2,5,Wind,3,True,Wind,Wind,False,True,0.0014934099,0.025733447,0.0012568034,0.0010247534,0.9337921,0.0035985615,0.001619001,0.0017804423,0.002022493,0.0022204912,0.0015368847,0.0030750278,0.0014919444,0.0019833248,0.0016250518,0.0011913982,0.0019359983,0.0010234162,0.0012361069,0.0014458396,0.0017526088,0.0015582949,0.00066989707,0.000691013,0.0015362394,0.0018332755,0.00087213126
5_10568,5_10568.wav,pitch_down_2,5,Wind,3,True,Wind,Wind,False,True,0.00078082504,0.0009995204,0.0008141571,0.00028817676,0.982065,0.00012156844,0.00057729223,0.0004938193,0.00056421035,0.0007318869,0.00077835115,0.00052395946,0.0006660162,0.00057768094,0.00113352,0.00088056474,0.0005192461,0.00081558625,0.0007320889,0.00047368614,0.0015553621,0.0006464796,0.00065526384,0.0005171184,0.00074045727,0.00070700404,0.0006410841
5_10568,5_10568.wav,pitch_up_2,5,Wind,3,True,Wind,Wind,False,True,0.00078082504,0.0009995204,0.0008141571,0.00028817676,0.982065,0.00012156844,0.00057729223,0.0004938193,0.00056421035,0.0007318869,0.00077835115,0.00052395946,0.0006660162,0.00057768094,0.00113352,0.00088056474,0.0005192461,0.00081558625,0.0007320889,0.00047368614,0.0015553621,0.0006464796,0.00065526384,0.0005171184,0.00074045727,0.00070700404,0.0006410841
5_10569,5_10569.wav,pitch_down_2,5,Wind,3,True,Wind,Wind,False,True,0.00091624353,0.013322397,0.0042579737,0.0074763987,0.85595566,0.029771054,0.0020394363,0.0022970156,0.0034974255,0.004198764,0.002255151,0.0021698393,0.002891557,0.0025388587,0.008574391,0.0025695998,0.0023021207,0.0033417072,0.0036307175,0.008643082,0.00031986306,0.004247057,0.008651144,0.001594183,0.0037565466,0.0030504297,0.015731363
5_10569,5_10569.wav,pitch_up_2,5,Wind,3,True,Wind,Wind,False,True,0.00091624353,0.013322397,0.0042579737,0.0074763987,0.85595566,0.029771054,0.0020394363,0.0022970156,0.0034974255,0.004198764,0.002255151,0.0021698393,0.002891557,0.0025388587,0.008574391,0.0025695998,0.0023021207,0.0033417072,0.0036307175,0.008643082,0.00031986306,0.004247057,0.008651144,0.001594183,0.0037565466,0.0030504297,0.015731363
5_10570,5_10570.wav,original,5,Wind,3,True,Wind,Wind,False,True,0.00093220314,0.0032742072,0.0015081478,0.0009782114,0.95489717,0.001408459,0.0029618368,0.0026934035,0.0016134692,0.001864611,0.0017958926,0.0023724379,0.0014691426,0.0017364152,0.0017381083,0.0016264534,0.001674872,0.0017180642,0.0017713442,0.0014847345,0.0011254697,0.0018789684,0.00081317656,0.001960098,0.0014474414,0.0015670211,0.0016887151
5_10573,5_10573.wav,original,5,Wind,3,True,Wind,Wind,False,True,0.0006689189,0.0014254866,0.0012687721,0.0007444064,0.9699457,0.0013227573,0.0020900613,0.0011566217,0.00095634366,0.0011178134,0.0011292842,0.0012739693,0.0010713335,0.0012329462,0.0014318367,0.00096480985,0.0011044443,0.0015937058,0.0011947781,0.0010598019,0.00077251415,0.0011447405,0.00047170112,0.0010685859,0.0008990346,0.0011105482,0.0017790898
5_10575,5_10575.wav,pitch_up_2,5,Wind,3,True,Wind,Wind,False,True,0.0013800209,0.010623939,0.0025750503,0.00057266164,0.92247504,0.0008933504,0.0026087512,0.0017682301,0.0021994861,0.0012918614,0.0015164753,0.0011193122,0.0026209736,0.0012414939,0.0030408807,0.0031187795,0.0017878665,0.0016642405,0.0017106693,0.001266017,0.0023035144,0.0018673907,0.011030495,0.010889697,0.0015403446,0.00391225,0.0029812746
6_10601,6_10601.wav,original,6,Silence,3,True,Silence,Silence,False,True,0.029930359,0.004251325,0.0010555624,0.008797714,0.0046961224,0.87627935,0.0022060263,0.0013395959,0.004727474,0.0018198192,0.002683323,0.0038685703,0.0011377622,0.0021110547,0.0017198543,0.002021353,0.002375097,0.002518041,0.0023706767,0.0021195242,0.0017616817,0.0020022045,0.0027641996,0.0010753457,0.0016781801,0.0036007073,0.02908907
6_10604,6_10604.wav,pitch_down_2,6,Silence,3,True,Silence,Silence,False,True,0.07953003,0.0018528177,0.0016569714,0.004170473,0.0017981334,0.8570609,0.006141513,0.0023170563,0.0015668418,0.004715726,0.0030753184,0.0016313718,0.0015718593,0.0024033077,0.0015087452,0.0025986328,0.0025176841,0.0022554644,0.0044184322,0.0020172969,0.0013097953,0.0026065754,0.0005139858,0.0022619711,0.0021544534,0.0035992286,0.0027454654
6_10606,6_10606.wav,pitch_down_2,6,Silence,3,True,Silence,Silence,False,True,0.0044762082,0.008117349,0.0014548335,0.001807332,0.0005437709,0.9692969,0.0021997916,0.0007722758,0.0005507056,0.0006476054,0.00082659157,0.0006184054,0.00040314646,0.00040095916,0.00042572306,0.00038762696,0.00066386344,0.00035008206,0.0008987403,0.0005697873,0.0004887495,0.000877057,0.00022944901,0.00080840156,0.00091210817,0.00069052237,0.0005821116
6_10609,6_10609.wav,original,6,Silence,3,True,Silence,Silence,False,True,0.00034041435,0.0012155134,0.0013365092,0.002156283,0.0009303442,0.96511215,0.00096560846,0.0015106896,0.0021049262,0.0012114226,0.0010878845,0.0009836996,0.0014515951,0.0012318767,0.0009931019,0.0010573642,0.0011254667,0.0011550117,0.0014846836,0.0023395468,0.0014092656,0.0012617084,0.0010011377,0.0014027635,0.0014802219,0.0018513976,0.001799431
6_10612,6_10612.wav,pitch_down_2,6,Silence,3,True,Silence,Silence,False,True,0.0004258279,0.0012373251,0.0015000105,0.0016849479,0.0007819307,0.9669973,0.00065812125,0.000966896,0.0023419086,0.0010877154,0.0012700835,0.0011630085,0.0013926799,0.0010056893,0.00063122855,0.00092042267,0.0008854035,0.00089803076,0.001117083,0.0016983673,0.0017820065,0.001606369,0.00090005115,0.002761917,0.0019577679,0.0018509991,0.00047694528
6_10613,6_10613.wav,pitch_down_2,6,Silence,3,True,Silence,Silence,False,True,0.0007315253,0.0008546198,0.0015349096,0.00090054463,0.0014816042,0.9656853,0.00091230473,0.0010539145,0.0018542195,0.0013582963,0.0011351929,0.0011518829,0.0014764522,0.0014311686,0.001303812,0.0012630955,0.0013420169,0.0013509355,0.00123177,0.001933891,0.001439069,0.0012667505,0.0011317608,0.0015250846,0.0013780417,0.0015134526,0.0017583532
6_10614,6_10614.wav,original,6,Silence,3,True,Silence,Silence,False,True,0.0008463121,0.00076340046,0.0014962889,0.001189167,0.0019093653,0.961498,0.001000152,0.0013960846,0.0028675457,0.0014013229,0.0011218222,0.0018128973,0.0014270347,0.0013933115,0.001388729,0.0012982055,0.0014991796,0.001404468,0.0013185003,0.0024588224,0.001912817,0.0013018008,0.0010185256,0.0013640876,0.001583883,0.0021323862,0.001195947
6_10614,6_10614.wav,pitch_down_2,6,Silence,3,True,Silence,Silence,False,True,0.0008463121,0.00076340046,0.0014962889,0.001189167,0.0019093653,0.961498,0.001000152,0.0013960846,0.0028675457,0.0014013229,0.0011218222,0.0018128973,0.0014270347,0.0013933115,0.001388729,0.0012982055,0.0014991796,0.001404468,0.0013185003,0.0024588224,0.001912817,0.0013018008,0.0010185256,0.0013640876,0.001583883,0.0021323862,0.001195947
6_10616,6_10616.wav,original,6,Silence,3,True,Silence,Silence,False,True,0.00054287416,0.00050911034,0.0013883243,0.0007378636,0.0006235766,0.97167873,0.00088961096,0.0009949387,0.002475104,0.0011964055,0.0007127095,0.0012696792,0.0012122884,0.0010401446,0.0007346607,0.00097033527,0.001035301,0.00089570665,0.001286069,0.0015694043,0.0014297486,0.0010833595,0.0012394214,0.00097188796,0.0009871543,0.0017741077,0.0007515135
6_10618,6_10618.wav,pitch_down_2,6,Silence,3,True,Silence,Silence,False,True,0.004067325,0.00084870704,0.0016025688,0.008871697,0.0012665015,0.9476077,0.0012959109,0.0017720559,0.0025734648,0.0025200278,0.001715376,0.0017336486,0.0007419951,0.0011382459,0.0007605354,0.002109471,0.0013169292,0.0011395032,0.0036566723,0.0007751265,0.00066366367,0.0017626844,0.0015659621,0.0005596111,0.0014749184,0.0030964056,0.0033632827
6_10619,6_10619.wav,original,6,Silence,3,True,Silence,Silence,False,True,0.001040675,0.0014388551,0.0006983622,0.0009091427,0.00050910126,0.97213626,0.0014124772,0.0011897483,0.0011982513,0.0017717044,0.0007341849,0.002081625,0.00082795206,0.0009366535,0.0006487186,0.0014516724,0.0010473296,0.0007143106,0.0010382949,0.00066189887,0.0009856564,0.0011341175,0.0013396466,0.0003884399,0.0009078393,0.0017197555,0.0010772572
6_10619,6_10619.wav,pitch_up_2,6,Silence,3,True,Silence,Silence,False,True,0.001040675,0.0014388551,0.0006983622,0.0009091427,0.00050910126,0.97213626,0.0014124772,0.0011897483,0.0011982513,0.0017717044,0.0007341849,0.002081625,0.00082795206,0.0009366535,0.0006487186,0.0014516724,0.0010473296,0.0007143106,0.0010382949,0.00066189887,0.0009856564,0.0011341175,0.0013396466,0.0003884399,0.0009078393,0.0017197555,0.0010772572
6_10621,6_10621.wav,pitch_up_2,6,Silence,3,True,Silence,Silence,False,True,0.0009439467,0.0013006411,0.0009769307,0.0017118928,0.00108902,0.96271586,0.002334463,0.0011565734,0.0022644517,0.0022157556,0.0011118533,0.0013086688,0.0008371328,0.0013398243,0.0010295486,0.0012506853,0.001671629,0.0015683188,0.0014239196,0.0008032731,0.0008992982,0.0014969284,0.0017703444,0.00065158546,0.0011853,0.0026221834,0.002319935
6_10625,6_10625.wav,pitch_up_2,6,Silence,3,True,Silence,Silence,False,True,0.001147187,0.0020702435,0.0008678801,0.0025045986,0.00085563044,0.9692504,0.0019711645,0.00064497656,0.0020141194,0.0021466748,0.00086317846,0.0012824611,0.0010425668,0.001060619,0.00075161806,0.000989013,0.0011725873,0.0010296177,0.0010555139,0.00054111,0.00088139204,0.0010113913,0.0009668481,0.00043649238,0.0009860926,0.0020108384,0.00044576326
6_10630,6_10630.wav,pitch_up_2,6,Silence,3,True,Silence,Silence,False,True,0.0017861599,0.0019520739,0.0008248493,0.00043009451,0.0007651067,0.97037005,0.0008553285,0.0015732985,0.0012253235,0.0013462054,0.0010066961,0.0026367966,0.0009422323,0.00085992616,0.0014357213,0.0011841805,0.001109113,0.0011105054,0.0010116388,0.0008965119,0.0005381415,0.00090757693,0.00046270134,0.00072483456,0.00057528657,0.0011397367,0.0023298496
6_10631,6_10631.wav,original,6,Silence,3,True,Silence,Silence,False,True,0.0017590527,0.0040239636,0.0014849305,0.000721599,0.0017785798,0.955378,0.0010306264,0.0014332511,0.0011753194,0.0015499667,0.0018150645,0.0032831684,0.0015939721,0.0013124478,0.005414613,0.0016350956,0.0016297397,0.0017093999,0.0011998609,0.0010651201,0.00052993424,0.0012997024,0.0008371074,0.0014405035,0.0006597781,0.001568989,0.002670267
6_10634,6_10634.wav,pitch_down_2,6,Silence,3,True,Silence,Silence,False,True,0.0009125752,0.0014357577,0.00085704244,0.00033668047,0.00091666036,0.9749448,0.0007362077,0.00069250073,0.00092931604,0.0012822581,0.0009437238,0.0015475722,0.0009687966,0.0009676804,0.00081397215,0.0010183874,0.0010390612,0.0012258627,0.0006882294,0.00072331756,0.00033120674,0.0010302103,0.0012121553,0.0007911273,0.00047089407,0.00079021574,0.0023938215
6_10637,6_10637.wav,pitch_down_2,6,Silence,3,True,Silence,Silence,False,True,0.0023193695,0.0008732847,0.0010751789,0.0005318599,0.0005537023,0.9644231,0.0020439834,0.0011305521,0.0012731004,0.0013962531,0.0008353998,0.0052273567,0.0015759425,0.00092428847,0.0022486572,0.001154276,0.0010492889,0.0013711676,0.0008164539,0.0014164379,0.0012243389,0.0008948312,0.00068604195,0.0016682068,0.0007127556,0.0013623486,0.0012118696
6_10639,6_10639.wav,original,6,Silence,3,True,Silence,Silence,False,True,0.0016017301,0.0005032847,0.0014394474,0.000875351,0.0025078729,0.9603161,0.0017404938,0.0012432997,0.0016058561,0.0017704284,0.0009497819,0.0015488332,0.001455172,0.0018701366,0.0013184639,0.0015828232,0.0015590414,0.0016570637,0.0018228734,0.002044806,0.0025292796,0.001018009,0.00049147004,0.0010275275,0.001382959,0.0015879924,0.002549811
6_10639,6_10639.wav,pitch_up_2,6,Silence,3,True,Silence,Silence,False,True,0.0016017301,0.0005032847,0.0014394474,0.000875351,0.0025078729,0.9603161,0.0017404938,0.0012432997,0.0016058561,0.0017704284,0.0009497819,0.0015488332,0.001455172,0.0018701366,0.0013184639,0.0015828232,0.0015590414,0.0016570637,0.0018228734,0.002044806,0.0025292796,0.001018009,0.00049147004,0.0010275275,0.001382959,0.0015879924,0.002549811
6_10643,6_10643.wav,pitch_down_2,6,Silence,3,True,Silence,Silence,False,True,0.0013876102,0.0005673244,0.0012632374,0.0008211995,0.0015875511,0.96540475,0.0014336772,0.0011545988,0.0013198155,0.0016504083,0.0008081798,0.0012826929,0.0011446086,0.0014708069,0.0011278605,0.0014300296,0.001346685,0.0014136457,0.0015543214,0.0016929539,0.0027018038,0.001015677,0.0004704453,0.0008334673,0.0012460686,0.0012569603,0.0026136264
6_10644,6_10644.wav,original,6,Silence,3,True,Silence,Silence,False,True,0.0011942171,0.0005705865,0.0010461552,0.00073359086,0.0006953003,0.9721772,0.0011388971,0.0009805285,0.0010890301,0.0014400742,0.0007627968,0.0009372129,0.0010217373,0.0013264422,0.0008870573,0.0010892759,0.0010775978,0.0010582799,0.0012323104,0.0013873642,0.0017330224,0.0010457059,0.00048206365,0.000734086,0.0009131004,0.0009660341,0.0022803843
6_10645,6_10645.wav,pitch_up_2,6,Silence,3,True,Silence,Silence,False,True,0.0012469045,0.00041253297,0.0011551022,0.00074124295,0.0008016561,0.9703307,0.0013364735,0.0009935157,0.0012784017,0.0014719232,0.0007165096,0.0012225906,0.0011641522,0.0014244448,0.0009974996,0.0011822991,0.0011753474,0.0012066959,0.0013975361,0.0015956229,0.0015278077,0.00093196,0.00050573976,0.00078735757,0.0009455052,0.0011105239,0.0023398877
6_10646,6_10646.wav,pitch_down_2,6,Silence,3,True,Silence,Silence,False,True,0.0015661313,0.00046799533,0.0015378991,0.0017437952,0.0016785422,0.94973636,0.0022594535,0.0011773048,0.0026948375,0.0019884834,0.0012910473,0.0015862262,0.002048638,0.0017055614,0.0015279847,0.0009283519,0.0010971911,0.0015584951,0.0012416369,0.0019061639,0.010911348,0.0027355198,0.0015331461,0.0010712891,0.0013679531,0.001429099,0.0012095207
6_10648,6_10648.wav,pitch_down_2,6,Silence,3,True,Silence,Silence,False,True,0.0025674207,0.006180154,0.0008394195,0.0015567984,0.00010987951,0.96190023,0.0011009047,0.0011454531,0.0011368956,0.0013029684,0.0008011467,0.0012447585,0.0007260675,0.0009922282,0.0011457535,0.0010875603,0.00090725,0.0008224834,0.0015279264,0.0007089469,0.0037850952,0.0019650536,0.0029866518,0.00083246065,0.0010837638,0.001127752,0.0004150637
6_10650,6_10650.wav,pitch_down_2,6,Silence,3,True,Silence,Silence,False,True,0.0022042983,0.006197158,0.00074814685,0.0007875464,0.0026984857,0.9557498,0.002318398,0.0008515515,0.0018208508,0.0011757523,0.00080450595,0.0013145041,0.0005870425,0.001005154,0.0022756252,0.0015469644,0.0010539539,0.0029770618,0.0018014562,0.0007648947,0.0025090256,0.0020391874,0.00088195875,0.0023468072,0.0017439261,0.0011201518,0.0006756855
6_10651,6_10651.wav,original,6,Silence,3,True,Silence,Silence,False,True,0.0024815088,0.0013266393,0.0010772861,0.0012858614,0.00033763584,0.9646878,0.0009216829,0.0010551261,0.0012094335,0.001242112,0.0011874001,0.0011863558,0.0014077225,0.0012543452,0.0013102185,0.0011734487,0.0009090917,0.0005956612,0.0017336843,0.0010233006,0.0023937256,0.0019626662,0.0034609141,0.0019218192,0.0011254881,0.0013096918,0.00041936137
6_10652,6_10652.wav,original,6,Silence,3,True,Silence,Silence,False,True,0.0015080477,0.002952066,0.0014307158,0.0014438465,0.00037845122,0.96926785,0.0012920123,0.0007694883,0.0010662291,0.0013985086,0.00065580575,0.001420334,0.0009833673,0.0009453063,0.000752311,0.00060743,0.00071157044,0.00047340072,0.0012438227,0.00087186944,0.002677434,0.0011836217,0.0026174944,0.00061062025,0.0011482439,0.0011577191,0.00043249677
6_10654,6_10654.wav,pitch_up_2,6,Silence,3,True,Silence,Silence,False,True,0.0014316961,0.0012356244,0.0006419671,0.0017898983,0.0015847394,0.97727704,0.0009704337,0.0005014085,0.0005007936,0.0006705325,0.0009923079,0.0005044062,0.0004628234,0.0008109194,0.0006613826,0.00064407795,0.00069227704,0.00054044457,0.0011044905,0.000867683,0.00054684345,0.00091858837,0.00022560424,0.0011918255,0.0014089987,0.0008170924,0.0010060526
6_10655,6_10655.wav,pitch_down_2,6,Silence,3,True,Silence,Silence,False,True,0.0009786892,0.014381785,0.00058113766,0.00067607826,0.002221748,0.96109587,0.0009317954,0.00062243093,0.0007884113,0.0007760832,0.0010965288,0.0008084946,0.0006492773,0.00097257807,0.00072328286,0.0011554052,0.00080772187,0.0009311218,0.00125232,0.0007374656,0.0006291261,0.0016821673,0.000341204,0.0021695101,0.0011255651,0.0009829929,0.0008812021
6_10656,6_10656.wav,pitch_up_2,6,Silence,3,True,Silence,Silence,False,True,0.0015082812,0.0020977363,0.0010637355,0.00049505103,0.001346407,0.96995646,0.0014091181,0.0012934222,0.0007945455,0.0013870784,0.0010434161,0.0014400049,0.0009673335,0.0012688969,0.0007431232,0.0009707348,0.0008316296,0.00060665753,0.0011638511,0.00094861415,0.0023489364,0.0017574178,0.0006078855,0.0015600469,0.0011876592,0.0009111764,0.0002908204
6_10657,6_10657.wav,original,6,Silence,3,True,Silence,Silence,False,True,0.0009913383,0.0015130937,0.00081777846,0.0006944267,0.0008918098,0.97277135,0.0013300864,0.0008374049,0.0010031284,0.0013623553,0.0007777894,0.0017390201,0.0008043772,0.0012114478,0.0006859748,0.0008098721,0.0007977355,0.0005877856,0.00142065,0.0010048543,0.0023059435,0.0014488185,0.00073884055,0.0008662145,0.0010298612,0.0012097397,0.00034841817
6_10657,6_10657.wav,pitch_up_2,6,Silence,3,True,Silence,Silence,False,True,0.0009913383,0.0015130937,0.00081777846,0.0006944267,0.0008918098,0.97277135,0.0013300864,0.0008374049,0.0010031284,0.0013623553,0.0007777894,0.0017390201,0.0008043772,0.0012114478,0.0006859748,0.0008098721,0.0007977355,0.0005877856,0.00142065,0.0010048543,0.0023059435,0.0014488185,0.00073884055,0.0008662145,0.0010298612,0.0012097397,0.00034841817
6_10659,6_10659.wav,original,6,Silence,3,True,Silence,Silence,False,True,0.00060850236,0.0021749882,0.00085312343,0.00075399707,0.0003135926,0.9744117,0.0010747017,0.00074261683,0.0010478647,0.0013953025,0.0007322339,0.0015180827,0.0009707348,0.001143356,0.0006853652,0.0007214509,0.00088037946,0.00065989554,0.00146845,0.0010352546,0.0010113736,0.001615354,0.0009207718,0.00054741505,0.00092372025,0.0009815363,0.00080821343
6_10660,6_10660.wav,pitch_up_2,6,Silence,3,True,Silence,Silence,False,True,0.0005092965,0.0024226455,0.00060755527,0.0007801831,0.0013279128,0.9771282,0.0007763572,0.0006689618,0.0007305185,0.0008190567,0.0007646396,0.0010854686,0.0008120363,0.000843531,0.0005869549,0.00062970637,0.00085247617,0.0007117279,0.0010340862,0.0010620897,0.00037284833,0.0014579309,0.00046868846,0.0009096441,0.0008896056,0.0007613783,0.0009865676
6_10661,6_10661.wav,pitch_down_2,6,Silence,3,True,Silence,Silence,False,True,0.0004837208,0.0016313951,0.0010990623,0.0008916525,0.00028254444,0.97145957,0.0013136986,0.0010882082,0.0012507647,0.0014492688,0.00083707675,0.001762642,0.001335783,0.0011952185,0.000677161,0.0009704383,0.0009346671,0.000587486,0.0013752129,0.0010959768,0.00094331143,0.0018900078,0.0018144305,0.0009465897,0.0009630807,0.001043425,0.0006777163
6_10667,6_10667.wav,pitch_up_2,6,Silence,3,True,Silence,Silence,False,True,0.00074950093,0.0021403234,0.0011927603,0.0011188397,0.0009428941,0.9591624,0.00095779746,0.0007494273,0.001984289,0.0022820067,0.0013159541,0.0013298871,0.0013942268,0.001828773,0.0009567544,0.001325514,0.001508444,0.0018567955,0.0012775323,0.0008953768,0.006466493,0.0007711337,0.0011721675,0.0016265358,0.0013634117,0.0020305493,0.0016001808
6_10669,6_10669.wav,pitch_down_2,6,Silence,3,True,Silence,Silence,False,True,0.00041008077,0.0014799703,0.0009982237,0.0012617783,0.0011886287,0.96892095,0.00048855756,0.00038915453,0.0013993032,0.001199206,0.0015504565,0.0011381964,0.0009581858,0.0013282619,0.0010800887,0.0014927443,0.0017200751,0.0017310692,0.0008717862,0.0006781563,0.0012030724,0.00082172436,0.0007013392,0.0020817146,0.0011015759,0.001435842,0.0023697934
6_10670,6_10670.wav,pitch_down_2,6,Silence,3,True,Silence,Silence,False,True,0.00040769923,0.00147407,0.0009936615,0.0012201159,0.0012272411,0.96871513,0.0004878471,0.00038544717,0.0014282158,0.0012281529,0.0015972112,0.0010808964,0.0009675846,0.001344364,0.001106395,0.0013936725,0.0016751196,0.0017242478,0.0008742495,0.0006901051,0.0013022438,0.0008025961,0.0007105426,0.002138376,0.0010775932,0.001430116,0.0025170937
6_10671,6_10671.wav,original,6,Silence,3,True,Silence,Silence,False,True,0.00044756275,0.0010428957,0.0010305349,0.00079739187,0.00065376825,0.9733831,0.0006246946,0.00047329802,0.0012328178,0.0013546298,0.00075974717,0.0010907965,0.0011211983,0.001142972,0.0006503123,0.0014421797,0.001662837,0.001382688,0.0009984346,0.00059271214,0.0018589279,0.0005046151,0.00081218756,0.0009978003,0.0010034696,0.0015876899,0.0013506715
6_10671,6_10671.wav,pitch_down_2,6,Silence,3,True,Silence,Silence,False,True,0.00044756275,0.0010428957,0.0010305349,0.00079739187,0.00065376825,0.9733831,0.0006246946,0.00047329802,0.0012328178,0.0013546298,0.00075974717,0.0010907965,0.0011211983,0.001142972,0.0006503123,0.0014421797,0.001662837,0.001382688,0.0009984346,0.00059271214,0.0018589279,0.0005046151,0.00081218756,0.0009978003,0.0010034696,0.0015876899,0.0013506715
6_10672,6_10672.wav,original,6,Silence,3,False,Silence,Silence,False,True,0.0005040027,0.001962028,0.00081281393,0.0011881554,0.0007254935,0.97308254,0.0006101593,0.00038298362,0.0012566942,0.0014409133,0.0010324887,0.00087536935,0.001007707,0.0014104955,0.00085514033,0.0008293874,0.0010268608,0.0011583244,0.00088891666,0.0005506844,0.003455206,0.0006445791,0.00050035544,0.0011048956,0.0008555797,0.0010427771,0.0007954104
6_10672,6_10672.wav,pitch_down_2,6,Silence,3,False,Silence,Silence,False,True,0.0005040027,0.001962028,0.00081281393,0.0011881554,0.0007254935,0.97308254,0.0006101593,0.00038298362,0.0012566942,0.0014409133,0.0010324887,0.00087536935,0.001007707,0.0014104955,0.00085514033,0.0008293874,0.0010268608,0.0011583244,0.00088891666,0.0005506844,0.003455206,0.0006445791,0.00050035544,0.0011048956,0.0008555797,0.0010427771,0.0007954104
6_10672,6_10672.wav,pitch_up_2,6,Silence,3,False,Silence,Silence,False,True,0.0005040027,0.001962028,0.00081281393,0.0011881554,0.0007254935,0.97308254,0.0006101593,0.00038298362,0.0012566942,0.0014409133,0.0010324887,0.00087536935,0.001007707,0.0014104955,0.00085514033,0.0008293874,0.0010268608,0.0011583244,0.00088891666,0.0005506844,0.003455206,0.0006445791,0.00050035544,0.0011048956,0.0008555797,0.0010427771,0.0007954104
6_10673,6_10673.wav,pitch_up_2,6,Silence,3,True,Silence,Silence,False,True,0.0003978955,0.0013924362,0.00073408056,0.0022605697,0.0006405553,0.9741265,0.0005817111,0.00034961317,0.00094649865,0.001364193,0.000932067,0.0009355365,0.0009879416,0.0013820567,0.0009143539,0.00094119605,0.0010111689,0.0011336094,0.00059723394,0.0006465902,0.0019837564,0.0006001512,0.00045886988,0.00096285745,0.00096776296,0.0012035114,0.0015473565
7_10704,7_10704.wav,pitch_down_2,7,TreeFalling,3,True,TreeFalling,TreeFalling,False,True,0.0042199166,0.0006985217,0.0018387368,0.002331889,0.0010777671,0.0012844725,0.9637212,0.0011635585,0.0008662914,0.0022732706,0.0011683664,0.0013301275,0.0036187696,0.00086330296,0.0011267512,0.00046738796,0.0011554958,0.0013944657,0.0007087384,0.0008796349,0.0012516509,0.0011594092,0.0015055841,0.0006000178,0.0010782221,0.0012288523,0.0009876007
7_10706,7_10706.wav,pitch_down_2,7,TreeFalling,3,True,TreeFalling,TreeFalling,False,True,0.0006793977,0.0006944437,0.0012827645,0.0012575979,0.0008181662,0.0008993454,0.9692507,0.0013076119,0.0008310456,0.0010239374,0.0007307702,0.0012135921,0.003024581,0.0007804996,0.0016011336,0.00038211394,0.0012878156,0.0010672727,0.0008337949,0.0007635746,0.0018558452,0.0013927004,0.0009899068,0.0024296448,0.0015426652,0.0009704754,0.0010886645
7_10709,7_10709.wav,original,7,TreeFalling,3,True,TreeFalling,TreeFalling,False,True,0.0009701624,0.0005758592,0.00087020575,0.0005519369,0.0013278779,0.0020200189,0.96157104,0.0011305024,0.0012401291,0.005213427,0.0007989386,0.0016062725,0.0011467374,0.001964579,0.0008401545,0.0016989202,0.0015516827,0.0013540831,0.0015924972,0.0010622888,0.0014225993,0.0013276292,0.0007332683,0.0036078542,0.0010850899,0.0011914436,0.0015447419
7_10709,7_10709.wav,pitch_down_2,7,TreeFalling,3,True,TreeFalling,TreeFalling,False,True,0.0009701624,0.0005758592,0.00087020575,0.0005519369,0.0013278779,0.0020200189,0.96157104,0.0011305024,0.0012401291,0.005213427,0.0007989386,0.0016062725,0.0011467374,0.001964579,0.0008401545,0.0016989202,0.0015516827,0.0013540831,0.0015924972,0.0010622888,0.0014225993,0.0013276292,0.0007332683,0.0036078542,0.0010850899,0.0011914436,0.0015447419
7_10710,7_10710.wav,pitch_down_2,7,TreeFalling,3,True,TreeFalling,TreeFalling,False,True,0.0018788412,0.0007622779,0.0013783574,0.0012719388,0.0019981063,0.001536376,0.9648702,0.0012767623,0.0021460236,0.0011021234,0.0013556951,0.001670199,0.0010897702,0.0014990725,0.00174843,0.0004280859,0.0015371457,0.00083298824,0.0011862805,0.0009950559,0.0010915856,0.0017974981,0.0009066199,0.0018071393,0.0015887199,0.0013901653,0.0008545402
7_10711,7_10711.wav,pitch_up_2,7,TreeFalling,3,True,TreeFalling,TreeFalling,False,True,0.0010637385,0.0006736867,0.0013550649,0.0011702236,0.0017130546,0.0012120098,0.9695902,0.000983241,0.0016718354,0.0012046143,0.0009467119,0.0015377366,0.0012947972,0.00080093805,0.0010777266,0.0004363855,0.001244299,0.0007217682,0.0014382562,0.00065600016,0.0010588754,0.0017699288,0.0009120687,0.0023268599,0.0013125077,0.0011190029,0.00070842815
7_10712,7_10712.wav,pitch_down_2,7,TreeFalling,3,True,TreeFalling,TreeFalling,False,True,0.0016569365,0.0011675251,0.014800821,0.0012962056,0.0021507367,0.0017402152,0.94748694,0.0021387178,0.0029648116,0.00119075,0.0013066484,0.0014274125,0.001560702,0.0008405621,0.0028241696,0.00044749596,0.0013096482,0.0008991344,0.0015979375,0.0012001388,0.0015031233,0.001959964,0.001370884,0.0013616978,0.0013649076,0.0014553749,0.0009764254
7_10712,7_10712.wav,pitch_up_2,7,TreeFalling,3,True,TreeFalling,TreeFalling,False,True,0.0016569365,0.0011675251,0.014800821,0.0012962056,0.0021507367,0.0017402152,0.94748694,0.0021387178,0.0029648116,0.00119075,0.0013066484,0.0014274125,0.001560702,0.0008405621,0.0028241696,0.00044749596,0.0013096482,0.0008991344,0.0015979375,0.0012001388,0.0015031233,0.001959964,0.001370884,0.0013616978,0.0013649076,0.0014553749,0.0009764254
7_10713,7_10713.wav,pitch_up_2,7,TreeFalling,3,True,TreeFalling,TreeFalling,False,True,0.0012765252,0.00064737344,0.0016686938,0.001100953,0.001681075,0.0011912296,0.97037715,0.0011649361,0.0027675685,0.0009000574,0.0010574,0.0011942171,0.0006756164,0.0017380588,0.0009990534,0.00044074946,0.0012416929,0.0007345436,0.0010083569,0.0008443894,0.0010227151,0.001436478,0.0007620459,0.0011059038,0.001132416,0.00097181945,0.00085899554
7_10714,7_10714.wav,original,7,TreeFalling,3,True,TreeFalling,TreeFalling,False,True,0.0011383785,0.00071408896,0.0016404105,0.0011438078,0.0021176378,0.0012421864,0.97056884,0.001362963,0.001763626,0.0006805936,0.0013233396,0.0013152541,0.0008370343,0.0006576043,0.0013110578,0.0003522695,0.0011318161,0.0008168272,0.0009747003,0.0010242605,0.0010051999,0.0016001203,0.0007246768,0.0014808639,0.0013355082,0.0009981516,0.0007387406
7_10714,7_10714.wav,pitch_up_2,7,TreeFalling,3,True,TreeFalling,TreeFalling,False,True,0.0011383785,0.00071408896,0.0016404105,0.0011438078,0.0021176378,0.0012421864,0.97056884,0.001362963,0.001763626,0.0006805936,0.0013233396,0.0013152541,0.0008370343,0.0006576043,0.0013110578,0.0003522695,0.0011318161,0.0008168272,0.0009747003,0.0010242605,0.0010051999,0.0016001203,0.0007246768,0.0014808639,0.0013355082,0.0009981516,0.0007387406
7_10717,7_10717.wav,pitch_up_2,7,TreeFalling,3,True,TreeFalling,TreeFalling,False,True,0.0011988711,0.001593151,0.0009849877,0.0021902937,0.0009170855,0.0013399894,0.96208423,0.0010693106,0.00084666786,0.00087509886,0.00073971663,0.0012041967,0.008721414,0.0008001669,0.0011487096,0.0005496263,0.0010419706,0.0013764086,0.0008451222,0.0010184039,0.0013512275,0.0009933629,0.0009613626,0.0023719338,0.0012915203,0.0011876131,0.0012975488
7_10718,7_10718.wav,pitch_up_2,7,TreeFalling,3,True,TreeFalling,TreeFalling,False,True,0.0022718848,0.0006606199,0.0012473973,0.0009748109,0.00088256254,0.0016815905,0.95644075,0.0013393257,0.0015690648,0.0018501395,0.0066160285,0.0011210408,0.0008294277,0.0025880113,0.0051391884,0.00087277783,0.0014883429,0.0016407374,0.0007529941,0.00062624976,0.0028265666,0.0009909045,0.0012279291,0.0007176064,0.0009806849,0.0014641065,0.0011992239
7_10719,7_10719.wav,original,7,TreeFalling,3,True,TreeFalling,TreeFalling,False,True,0.001705543,0.0005381377,0.0010080804,0.00084207323,0.0007626976,0.0011231505,0.96944934,0.0012937282,0.002611435,0.0017695084,0.0028187586,0.00081831386,0.0005805888,0.0016668922,0.0025212737,0.00076649076,0.001049135,0.0008384774,0.00067852763,0.0004937143,0.0015801052,0.00093420525,0.0009625586,0.000540935,0.0008388804,0.0009823391,0.0008252062
7_10719,7_10719.wav,pitch_down_2,7,TreeFalling,3,True,TreeFalling,TreeFalling,False,True,0.001705543,0.0005381377,0.0010080804,0.00084207323,0.0007626976,0.0011231505,0.96944934,0.0012937282,0.002611435,0.0017695084,0.0028187586,0.00081831386,0.0005805888,0.0016668922,0.0025212737,0.00076649076,0.001049135,0.0008384774,0.00067852763,0.0004937143,0.0015801052,0.00093420525,0.0009625586,0.000540935,0.0008388804,0.0009823391,0.0008252062
7_10721,7_10721.wav,original,7,TreeFalling,3,True,TreeFalling,TreeFalling,False,True,0.0011750382,0.00064511044,0.0014288375,0.00081727776,0.0017032428,0.0012228787,0.9666992,0.0011664393,0.0013086415,0.0022219447,0.0008646814,0.0014918031,0.00059823,0.0034321325,0.001448521,0.00047032002,0.001532339,0.00092647877,0.00074738404,0.0016914817,0.0012710468,0.0012622827,0.0014985657,0.0006405854,0.0010249313,0.0014152713,0.0012953089
7_10723,7_10723.wav,pitch_up_2,7,TreeFalling,3,True,TreeFalling,TreeFalling,False,True,0.0012548026,0.00070616533,0.0008161147,0.0013944072,0.002489532,0.0014094949,0.9647105,0.0009929397,0.001462675,0.0021549019,0.0010095963,0.0021422924,0.00079893233,0.0033755556,0.00091194344,0.0005181751,0.0017665146,0.0012078676,0.0008231358,0.0020396227,0.0010071768,0.0013058422,0.0011095697,0.00071367994,0.0011583682,0.001584686,0.0011354889
7_10725,7_10725.wav,original,7,TreeFalling,3,True,TreeFalling,TreeFalling,False,True,0.00089115434,0.00060453924,0.0012689353,0.00061300176,0.00075634057,0.0008832114,0.97542024,0.0008348957,0.0010346648,0.0027462782,0.00064116373,0.0007618105,0.0008924256,0.0012906805,0.0007536665,0.00077574025,0.00090146816,0.0008920127,0.00038445706,0.00062201725,0.0009242462,0.00093086855,0.0007166038,0.0010108385,0.0018566396,0.0008072271,0.00078483415
7_10727,7_10727.wav,pitch_up_2,7,TreeFalling,3,True,TreeFalling,TreeFalling,False,True,0.0011382453,0.0006400468,0.0011934865,0.0007162215,0.0009977412,0.0012585833,0.9692119,0.0012685308,0.0011047577,0.005263977,0.00074509974,0.0012374191,0.00064010563,0.0006466994,0.0005804849,0.0009784393,0.0011640455,0.0008847024,0.00046324873,0.00092832575,0.0009823339,0.0010868171,0.0008843592,0.0028249032,0.0011186003,0.0010840321,0.00095692836
7_10733,7_10733.wav,pitch_down_2,7,TreeFalling,3,True,TreeFalling,TreeFalling,False,True,0.0010863296,0.0015941331,0.001551907,0.0017264573,0.0019073632,0.0014987616,0.95899415,0.0018083937,0.001840896,0.0032294777,0.0012278756,0.0013640033,0.0018432165,0.0015287393,0.0012949166,0.0005814082,0.0018880664,0.0010117671,0.000962526,0.0024258324,0.0013651851,0.002187442,0.0013577044,0.0018753932,0.0014431803,0.0015376378,0.00086722523
7_10735,7_10735.wav,pitch_down_2,7,TreeFalling,3,True,TreeFalling,TreeFalling,False,True,0.0016282037,0.00075468404,0.001969197,0.0015687477,0.0011389495,0.0013720592,0.95297533,0.0020402756,0.00095009006,0.004383215,0.0009224234,0.005509226,0.0007828935,0.0018832707,0.0024984167,0.00045918906,0.0016331713,0.00068448304,0.005375153,0.0006935973,0.0012603417,0.001326451,0.0014596999,0.0028290895,0.002058644,0.0009827826,0.00086028985
7_10736,7_10736.wav,pitch_up_2,7,TreeFalling,3,True,TreeFalling,TreeFalling,False,True,0.0015749956,0.0027508463,0.0034321991,0.0017973479,0.0014054924,0.0018867006,0.94335407,0.002116088,0.0030175652,0.0018258762,0.0030846142,0.002945083,0.0019915288,0.0009963257,0.0027362902,0.0006423998,0.0016499851,0.0013286471,0.0006579789,0.00124489,0.0016545635,0.002615786,0.0018540093,0.009113871,0.001633212,0.0017815115,0.00090813386
7_10737,7_10737.wav,original,7,TreeFalling,3,True,TreeFalling,TreeFalling,False,True,0.0008049321,0.0011196883,0.0010239327,0.0012484933,0.0015207608,0.0009041012,0.9696266,0.0009251048,0.0012629258,0.001173314,0.00073193474,0.0010931501,0.0038429538,0.0012200127,0.0010080907,0.00039591928,0.0013183356,0.00083687966,0.0010135716,0.0011396302,0.0013643267,0.0010063188,0.0010059632,0.0008593949,0.0012718197,0.0013864273,0.0008953635
7_10737,7_10737.wav,pitch_up_2,7,TreeFalling,3,True,TreeFalling,TreeFalling,False,True,0.0008049321,0.0011196883,0.0010239327,0.0012484933,0.0015207608,0.0009041012,0.9696266,0.0009251048,0.0012629258,0.001173314,0.00073193474,0.0010931501,0.0038429538,0.0012200127,0.0010080907,0.00039591928,0.0013183356,0.00083687966,0.0010135716,0.0011396302,0.0013643267,0.0010063188,0.0010059632,0.0008593949,0.0012718197,0.0013864273,0.0008953635
7_10738,7_10738.wav,pitch_down_2,7,TreeFalling,3,True,TreeFalling,TreeFalling,False,True,0.0017337394,0.000562095,0.0011307631,0.0013668922,0.0013246519,0.0020929507,0.9649487,0.0016994048,0.00089107273,0.0011764747,0.0011321927,0.0009588572,0.0010939296,0.0012131262,0.0009915348,0.0006975339,0.0013624486,0.0009934269,0.0020876876,0.0016208892,0.0013915793,0.001275694,0.0009750744,0.0038360746,0.0011750907,0.0013194671,0.00094860024
7_10739,7_10739.wav,original,7,TreeFalling,3,True,TreeFalling,TreeFalling,False,True,0.003223927,0.000707405,0.002228287,0.0011608326,0.0012782938,0.0021918311,0.9356447,0.002198879,0.0015144004,0.011034547,0.0018053023,0.0023809809,0.0084404675,0.002857617,0.0019252276,0.0013152375,0.0023103154,0.0019358183,0.0014067603,0.0024015184,0.0030752579,0.002005486,0.0016883044,0.00065136567,0.0013865341,0.0016910221,0.001539677
7_10743,7_10743.wav,pitch_up_2,7,TreeFalling,3,True,TreeFalling,TreeFalling,False,True,0.003499186,0.0011267405,0.0017121158,0.0026318536,0.0014501367,0.0024597878,0.9481724,0.0016296273,0.0015125051,0.0015862632,0.0007532362,0.0016704464,0.0071225376,0.0009891047,0.0014827028,0.0006712244,0.0016929066,0.0016266867,0.004066377,0.0018872827,0.0010773926,0.0014224803,0.0015013044,0.003627414,0.0015171621,0.0018029889,0.0013080576
7_10744,7_10744.wav,pitch_down_2,7,TreeFalling,3,True,TreeFalling,TreeFalling,False,True,0.0011706474,0.0006729218,0.002034171,0.00051118544,0.0009769577,0.00094245886,0.97483736,0.0012101042,0.0016266828,0.0011005785,0.00051321654,0.0008692467,0.00067297945,0.0012850895,0.001283402,0.00035281407,0.0010124979,0.00068785,0.00094957586,0.0013183778,0.0009362241,0.0012275553,0.00070007046,0.00052870694,0.0009264129,0.0008081708,0.0008447047
7_10750,7_10750.wav,original,7,TreeFalling,3,False,TreeFalling,TreeFalling,False,True,0.0065575223,0.0010685258,0.001974655,0.0026189766,0.0017485028,0.0019574265,0.91173244,0.0033064473,0.0020696614,0.016680976,0.002519131,0.0023182293,0.009687137,0.0024896818,0.0032412454,0.0033093952,0.0029732352,0.0028927077,0.0010919425,0.003653879,0.0035749609,0.0026256451,0.0021859657,0.0005927436,0.0022115351,0.0023898382,0.002527687
7_10750,7_10750.wav,pitch_down_2,7,TreeFalling,3,False,TreeFalling,TreeFalling,False,True,0.0065575223,0.0010685258,0.001974655,0.0026189766,0.0017485028,0.0019574265,0.91173244,0.0033064473,0.0020696614,0.016680976,0.002519131,0.0023182293,0.009687137,0.0024896818,0.0032412454,0.0033093952,0.0029732352,0.0028927077,0.0010919425,0.003653879,0.0035749609,0.0026256451,0.0021859657,0.0005927436,0.0022115351,0.0023898382,0.002527687
7_10750,7_10750.wav,pitch_up_2,7,TreeFalling,3,False,TreeFalling,TreeFalling,False,True,0.0065575223,0.0010685258,0.001974655,0.0026189766,0.0017485028,0.0019574265,0.91173244,0.0033064473,0.0020696614,0.016680976,0.002519131,0.0023182293,0.009687137,0.0024896818,0.0032412454,0.0033093952,0.0029732352,0.0028927077,0.0010919425,0.003653879,0.0035749609,0.0026256451,0.0021859657,0.0005927436,0.0022115351,0.0023898382,0.002527687
7_10751,7_10751.wav,pitch_down_2,7,TreeFalling,3,True,TreeFalling,TreeFalling,False,True,0.0027917635,0.0011833583,0.0048841024,0.0010078877,0.0013864649,0.0013792344,0.94758755,0.0016396845,0.0008153937,0.0028106517,0.00069329055,0.0011225379,0.00085807993,0.014960003,0.0027806072,0.0003718664,0.0014613544,0.0010513114,0.0019269589,0.0012715425,0.0013904864,0.0012260248,0.0009894831,0.00052523793,0.0012190253,0.001317725,0.0013482651
7_10752,7_10752.wav,original,7,TreeFalling,3,True,TreeFalling,TreeFalling,False,True,0.0024817707,0.00076894165,0.0076330085,0.0011251493,0.001656325,0.0015114498,0.9619436,0.0015887627,0.0017036205,0.0013223371,0.0010516454,0.0007609919,0.00087858405,0.0021275016,0.000795854,0.0005405754,0.0012759968,0.0011903535,0.0008514671,0.001309838,0.001284669,0.0014592482,0.0010375315,0.00053990295,0.0010263073,0.0009919765,0.001142607
7_10755,7_10755.wav,pitch_down_2,7,TreeFalling,3,True,TreeFalling,TreeFalling,False,True,0.0047596255,0.00074415695,0.0012761042,0.000923316,0.0011384351,0.0017667748,0.957846,0.0014953254,0.0028615613,0.0011913496,0.0027121182,0.001513726,0.0006345599,0.00648923,0.0014846162,0.0005563938,0.001570711,0.0007404846,0.0010123505,0.00092419697,0.0016681975,0.0013486771,0.0009682979,0.0010421181,0.0009974191,0.0012152917,0.001119001
7_10757,7_10757.wav,pitch_up_2,7,TreeFalling,3,True,TreeFalling,TreeFalling,False,True,0.001991201,0.0008059223,0.0013385466,0.00095169264,0.0013235002,0.0011526514,0.96917915,0.001454128,0.0013667307,0.0012047278,0.0011868548,0.0013784124,0.00081601617,0.0017634163,0.0011607842,0.00052408944,0.0012234962,0.0011192635,0.00070459716,0.0011270844,0.0009301984,0.0013156115,0.0009721496,0.0020196263,0.00096420635,0.0009950278,0.0010309052
7_10758,7_10758.wav,original,7,TreeFalling,3,True,TreeFalling,TreeFalling,False,True,0.0015981313,0.00076284766,0.0013291189,0.0007556763,0.0012818472,0.0009014138,0.9712484,0.0012872219,0.000890806,0.0013784257,0.0011668544,0.0011863378,0.0011235686,0.0011999635,0.000825956,0.0004247975,0.001150609,0.0011030777,0.00072597526,0.0015315282,0.0011954812,0.0015463195,0.0008924355,0.0012031444,0.0010143971,0.0011483851,0.001127286
7_10761,7_10761.wav,original,7,TreeFalling,3,True,TreeFalling,TreeFalling,False,True,0.002659478,0.00056071766,0.0020861248,0.0011222736,0.0012585133,0.0013958089,0.97147727,0.0013025188,0.0012002148,0.0011116987,0.00077013107,0.0006908907,0.00060963404,0.0023910357,0.00093623804,0.00036264947,0.0010700416,0.0009051191,0.00072908035,0.0010979715,0.0012636468,0.0010847911,0.00077155494,0.00047024383,0.00090141845,0.0008207569,0.0009501662
7_10763,7_10763.wav,original,7,TreeFalling,3,True,TreeFalling,TreeFalling,False,True,0.0029511794,0.000997716,0.0009380402,0.0010964007,0.0007483165,0.0019718139,0.9576195,0.0020594038,0.0020044555,0.0014493851,0.0015941248,0.0015409918,0.0030253474,0.0012215654,0.00085455854,0.0004901182,0.0014557474,0.001546332,0.0019992567,0.0047222706,0.0014062306,0.0018329177,0.0010545712,0.0011905092,0.0014806212,0.00149156,0.0012570205
7_10764,7_10764.wav,original,7,TreeFalling,3,True,TreeFalling,TreeFalling,False,True,0.0011729129,0.00076724036,0.00081251963,0.0008791376,0.00072080357,0.0019762665,0.9652713,0.0013415044,0.0017745458,0.0010253856,0.0023735028,0.002260611,0.0018744856,0.0011179057,0.0011555352,0.0004966157,0.0011537225,0.001377008,0.0011758767,0.0014130916,0.0010805059,0.0017129295,0.00087703933,0.0019181048,0.0012384987,0.0013623912,0.0016705202
7_10765,7_10765.wav,original,7,TreeFalling,3,True,TreeFalling,TreeFalling,False,True,0.004787661,0.00546799,0.002729329,0.004052878,0.0030330445,0.0038645763,0.7210601,0.0016153759,0.16643363,0.017021887,0.007679848,0.02001229,0.0020343175,0.0038006213,0.0023570082,0.0019252845,0.0025199957,0.0025249554,0.0028992936,0.002933977,0.0035888522,0.002376611,0.002161094,0.0012910574,0.004493857,0.0034960278,0.003838445
7_10765,7_10765.wav,pitch_down_2,7,TreeFalling,3,True,TreeFalling,TreeFalling,False,True,0.004787661,0.00546799,0.002729329,0.004052878,0.0030330445,0.0038645763,0.7210601,0.0016153759,0.16643363,0.017021887,0.007679848,0.02001229,0.0020343175,0.0038006213,0.0023570082,0.0019252845,0.0025199957,0.0025249554,0.0028992936,0.002933977,0.0035888522,0.002376611,0.002161094,0.0012910574,0.004493857,0.0034960278,0.003838445
7_10771,7_10771.wav,original,7,TreeFalling,3,True,TreeFalling,TreeFalling,False,True,0.0013727268,0.00088527874,0.0017445247,0.0013858475,0.0015337135,0.0015507793,0.9647837,0.0012238199,0.0016279084,0.0019597057,0.0010298155,0.002067412,0.00062932796,0.0027905067,0.0008338736,0.00045153438,0.0016610343,0.0011938025,0.0008502135,0.0019240131,0.0009686875,0.0014932425,0.001351152,0.00073235814,0.0011807886,0.0017394833,0.0010347549
7_10772,7_10772.wav,pitch_up_2,7,TreeFalling,3,True,TreeFalling,TreeFalling,False,True,0.004817433,0.0009967146,0.0012845112,0.0013734758,0.0015700954,0.0019616026,0.935569,0.0021398375,0.0035689494,0.0035585389,0.009234847,0.0045439065,0.0027896876,0.0025690498,0.0011739293,0.00078508846,0.002195657,0.0019643009,0.0014829338,0.0021027639,0.0013014394,0.0013142406,0.0013662573,0.005287407,0.0014530584,0.0018839109,0.0017114367
7_10773,7_10773.wav,original,7,TreeFalling,3,True,TreeFalling,TreeFalling,False,True,0.0003962906,0.0008199154,0.0014692728,0.0013530165,0.0031462188,0.0013706476,0.95653373,0.0024400586,0.0017700233,0.001640615,0.002686567,0.0031292841,0.001109261,0.0014815069,0.0022599334,0.00083757564,0.0012681526,0.0012872455,0.0012954427,0.0009615049,0.0011081211,0.0033628624,0.001516149,0.0021273252,0.0032016514,0.0008954539,0.0005321948
7_10774,7_10774.wav,pitch_up_2,7,TreeFalling,3,True,TreeFalling,TreeFalling,False,True,0.0020094858,0.0008178216,0.0012523899,0.0008741159,0.0012317713,0.0011478526,0.9668749,0.0012282018,0.0010234088,0.0015663491,0.0016498226,0.0016402038,0.0012083921,0.0012781542,0.00097618304,0.0004765021,0.0012466359,0.0012474529,0.00060869206,0.0020070698,0.0012769281,0.0015241313,0.00096033147,0.0021224392,0.0011734617,0.001282131,0.0012951674
8_10802,8_10802.wav,pitch_up_2,8,Helicopter,3,True,Helicopter,Helicopter,False,True,0.0011381502,0.0008450858,0.0012160159,0.0013123198,0.00082507706,0.00066300575,0.0010006455,0.9743183,0.0007625599,0.0007586594,0.0010480755,0.00078269275,0.0010938611,0.0010800287,0.0009266397,0.0013689189,0.0009763031,0.0010004239,0.0009205186,0.001394845,0.00067382207,0.001158449,0.0010756635,0.0008984934,0.0009334688,0.00087731006,0.0009505833
8_10805,8_10805.wav,original,8,Helicopter,3,True,Helicopter,Helicopter,False,True,0.0007906759,0.0012943213,0.00089070556,0.0005968766,0.0006168967,0.0006016654,0.0010297458,0.97018886,0.0014947416,0.0005833369,0.00074293936,0.0016016914,0.00094768294,0.00097062375,0.0008792722,0.001272873,0.00094131124,0.0010740262,0.00072959857,0.0011007766,0.002135089,0.0009803084,0.0049140234,0.001165994,0.0008398071,0.0009953993,0.0006208211
8_10810,8_10810.wav,original,8,Helicopter,3,True,Helicopter,Helicopter,False,True,0.0018537464,0.002006474,0.00081334513,0.0015404864,0.0013541942,0.00093542394,0.0010860432,0.96290857,0.0011232634,0.0009755573,0.002554943,0.0007692597,0.0017961562,0.0021793826,0.0011301792,0.0012375605,0.0016270814,0.001499841,0.0017131324,0.0011592539,0.0013060435,0.0014986447,0.0018002758,0.0009928042,0.0015908069,0.0012757732,0.001271715
8_10811,8_10811.wav,pitch_up_2,8,Helicopter,3,True,Helicopter,Helicopter,False,True,0.0018537464,0.002006474,0.00081334513,0.0015404864,0.0013541942,0.00093542394,0.0010860432,0.96290857,0.0011232634,0.0009755573,0.002554943,0.0007692597,0.0017961562,0.0021793826,0.0011301792,0.0012375605,0.0016270814,0.001499841,0.0017131324,0.0011592539,0.0013060435,0.0014986447,0.0018002758,0.0009928042,0.0015908069,0.0012757732,0.001271715
8_10813,8_10813.wav,original,8,Helicopter,3,True,Helicopter,Helicopter,False,True,0.0013900822,0.001420442,0.0013265336,0.0020206545,0.0012997432,0.0011700615,0.0015773334,0.9604109,0.0009702765,0.0013982699,0.0018891342,0.0014899572,0.0013956499,0.0017687505,0.001148771,0.0016269385,0.0014570638,0.0017435448,0.0013173387,0.0014805306,0.0014429133,0.0017157652,0.0027237523,0.0013870895,0.0013388762,0.0015933205,0.001496253
8_10813,8_10813.wav,pitch_down_2,8,Helicopter,3,True,Helicopter,Helicopter,False,True,0.0013900822,0.001420442,0.0013265336,0.0020206545,0.0012997432,0.0011700615,0.0015773334,0.9604109,0.0009702765,0.0013982699,0.0018891342,0.0014899572,0.0013956499,0.0017687505,0.001148771,0.0016269385,0.0014570638,0.0017435448,0.0013173387,0.0014805306,0.0014429133,0.0017157652,0.0027237523,0.0013870895,0.0013388762,0.0015933205,0.001496253
8_10814,8_10814.wav,original,8,Helicopter,3,True,Helicopter,Helicopter,False,True,0.0014429939,0.0008648932,0.0013229508,0.0016042696,0.0013323216,0.00081891223,0.0014595842,0.96297,0.001278302,0.0012333937,0.0016490403,0.0013747135,0.0013469979,0.0022518227,0.0008902704,0.0013249818,0.0014611749,0.0012685884,0.0013924286,0.0012234119,0.00085813814,0.0023803993,0.0020886115,0.0015160827,0.0015381583,0.00161601,0.0014915235
8_10815,8_10815.wav,pitch_up_2,8,Helicopter,3,True,Helicopter,Helicopter,False,True,0.0012295434,0.0012636934,0.0011154063,0.0019360672,0.0022891585,0.0010836716,0.0012801094,0.95813084,0.00157981,0.0013577351,0.0041282387,0.0034922243,0.0013446851,0.0016303001,0.0010692234,0.0018261069,0.0014453685,0.0014057178,0.0019002623,0.0014812447,0.0011452977,0.001292695,0.0010949454,0.0009296748,0.0015209642,0.0014961889,0.0015308316
8_10816,8_10816.wav,pitch_up_2,8,Helicopter,3,True,Helicopter,Helicopter,False,True,0.001866449,0.0012575861,0.0053891316,0.0011777548,0.0014069165,0.0007246309,0.0010617095,0.95948076,0.000890196,0.0011495178,0.0015065692,0.000438472,0.0016320162,0.0011720076,0.00118167,0.002060983,0.0015320965,0.0012680353,0.0014847065,0.0016408284,0.0014267317,0.0019469149,0.0020076886,0.0011187074,0.0023607996,0.0016740576,0.0011430035
8_10819,8_10819.wav,pitch_down_2,8,Helicopter,3,True,Helicopter,Helicopter,False,True,0.0007432429,0.0011998923,0.0008849545,0.0012025107,0.001591398,0.00080968876,0.0013401005,0.9668425,0.0050561777,0.00081841246,0.002177647,0.00071522273,0.0011396593,0.0010198628,0.0007576028,0.0013221063,0.0009840195,0.0009371464,0.0014447969,0.001508826,0.001182095,0.0010644504,0.0013004054,0.0012386163,0.0010086546,0.0008110977,0.0008989423
8_10820,8_10820.wav,pitch_down_2,8,Helicopter,3,True,Helicopter,Helicopter,False,True,0.0011686761,0.0010177548,0.0010505831,0.0013199438,0.0007050233,0.0006892754,0.0010622038,0.96581936,0.00420634,0.0010141241,0.0016353453,0.0008877823,0.001683401,0.0012471423,0.0009949346,0.0012729244,0.0012220809,0.0015902777,0.0013558114,0.001766162,0.001374114,0.0010409418,0.0017020904,0.00085174484,0.00094933476,0.0011855,0.0011871754
8_10820,8_10820.wav,pitch_up_2,8,Helicopter,3,True,Helicopter,Helicopter,False,True,0.0011686761,0.0010177548,0.0010505831,0.0013199438,0.0007050233,0.0006892754,0.0010622038,0.96581936,0.00420634,0.0010141241,0.0016353453,0.0008877823,0.001683401,0.0012471423,0.0009949346,0.0012729244,0.0012220809,0.0015902777,0.0013558114,0.001766162,0.001374114,0.0010409418,0.0017020904,0.00085174484,0.00094933476,0.0011855,0.0011871754
8_10821,8_10821.wav,pitch_down_2,8,Helicopter,3,True,Helicopter,Helicopter,False,True,0.0012446418,0.0009560141,0.0009106446,0.0012605912,0.0011603641,0.00074363826,0.0011947895,0.9695609,0.0014528612,0.0011388056,0.0011521905,0.0010380232,0.0012607644,0.0011913724,0.00089966756,0.0015269239,0.0012968099,0.0010686665,0.0011894373,0.0017410339,0.0011720313,0.0013761469,0.0009914852,0.0009646342,0.0015159464,0.001295871,0.0006957674
8_10823,8_10823.wav,original,8,Helicopter,3,True,Helicopter,Helicopter,False,True,0.0013570632,0.0030426823,0.0009971578,0.0016602502,0.0023170898,0.0010783308,0.0017298082,0.95154905,0.0006760152,0.0012134229,0.001663597,0.0024059599,0.0011282997,0.001651496,0.0022115917,0.0020546876,0.0016252007,0.0012585815,0.0014821999,0.0031904858,0.0015480524,0.0014102951,0.001052261,0.00838032,0.0011469476,0.0015385266,0.0006306405
8_10824,8_10824.wav,pitch_up_2,8,Helicopter,3,True,Helicopter,Helicopter,False,True,0.0010402229,0.001832848,0.0010869084,0.001535368,0.0008854638,0.0009943981,0.0010110267,0.9677542,0.00073150056,0.00080934813,0.0014162116,0.0006896004,0.0018354423,0.0020080705,0.0012419728,0.0012963457,0.0014105191,0.0013107682,0.0014439131,0.0012934873,0.0012324862,0.0013358075,0.0017266953,0.0011777874,0.0010828432,0.0011410572,0.0006757143
8_10827,8_10827.wav,pitch_down_2,8,Helicopter,3,True,Helicopter,Helicopter,False,True,0.0013078833,0.0019949868,0.0008362423,0.0011981245,0.0007759508,0.0007228318,0.00087034516,0.9640084,0.000987514,0.0011980984,0.0016900242,0.0010191471,0.0018266407,0.0023486468,0.0011366917,0.0017742197,0.0014494518,0.0017474816,0.0014793635,0.0018097656,0.0015498778,0.0014119418,0.002404404,0.0010100654,0.00097153505,0.0014487907,0.0010216102
8_10827,8_10827.wav,pitch_up_2,8,Helicopter,3,True,Helicopter,Helicopter,False,True,0.0013078833,0.0019949868,0.0008362423,0.0011981245,0.0007759508,0.0007228318,0.00087034516,0.9640084,0.000987514,0.0011980984,0.0016900242,0.0010191471,0.0018266407,0.0023486468,0.0011366917,0.0017742197,0.0014494518,0.0017474816,0.0014793635,0.0018097656,0.0015498778,0.0014119418,0.002404404,0.0010100654,0.00097153505,0.0014487907,0.0010216102
8_10830,8_10830.wav,pitch_up_2,8,Helicopter,3,True,Helicopter,Helicopter,False,True,0.0023754763,0.0013832931,0.011519817,0.0005997781,0.0015195986,0.00078877556,0.001849154,0.9541734,0.0010007807,0.00075785146,0.0035387538,0.0013323273,0.00078146026,0.00081479753,0.000654479,0.0020524508,0.0010851948,0.00080491044,0.00090054097,0.0012791,0.0011129513,0.0016588947,0.0015833989,0.0029080573,0.0018108621,0.001214703,0.00049920223
8_10831,8_10831.wav,original,8,Helicopter,3,False,Thunderstorm,Thunderstorm,False,False,0.0014595115,0.011362381,0.9177155,0.0010874782,0.00062126503,0.0022354086,0.0013321019,0.033584807,0.0017318014,0.0010517801,0.0019326931,0.0016686054,0.0017889179,0.00072138757,0.0010682539,0.0020698246,0.0020808221,0.0017183734,0.0017675214,0.0018369661,0.0017026527,0.0023274065,0.0019485271,0.0007044933,0.0013581021,0.0021016777,0.0010217695
8_10831,8_10831.wav,pitch_down_2,8,Helicopter,3,False,Thunderstorm,Thunderstorm,False,False,0.0014595115,0.011362381,0.9177155,0.0010874782,0.00062126503,0.0022354086,0.0013321019,0.033584807,0.0017318014,0.0010517801,0.0019326931,0.0016686054,0.0017889179,0.00072138757,0.0010682539,0.0020698246,0.0020808221,0.0017183734,0.0017675214,0.0018369661,0.0017026527,0.0023274065,0.0019485271,0.0007044933,0.0013581021,0.0021016777,0.0010217695
8_10831,8_10831.wav,pitch_up_2,8,Helicopter,3,False,Thunderstorm,Thunderstorm,False,False,0.0014595115,0.011362381,0.9177155,0.0010874782,0.00062126503,0.0022354086,0.0013321019,0.033584807,0.0017318014,0.0010517801,0.0019326931,0.0016686054,0.0017889179,0.00072138757,0.0010682539,0.0020698246,0.0020808221,0.0017183734,0.0017675214,0.0018369661,0.0017026527,0.0023274065,0.0019485271,0.0007044933,0.0013581021,0.0021016777,0.0010217695
8_10833,8_10833.wav,original,8,Helicopter,3,True,Helicopter,Helicopter,False,True,0.002647713,0.0021221081,0.0024723804,0.0016611138,0.001552405,0.0017901115,0.002642054,0.930155,0.0034837883,0.0016763615,0.004625525,0.0030398087,0.0018889067,0.002504086,0.0019065886,0.005274348,0.001966864,0.0034717757,0.0024333778,0.0022659968,0.003180016,0.0022943064,0.0027537525,0.0051577403,0.002544002,0.002765517,0.0017243332
8_10833,8_10833.wav,pitch_down_2,8,Helicopter,3,True,Helicopter,Helicopter,False,True,0.002647713,0.0021221081,0.0024723804,0.0016611138,0.001552405,0.0017901115,0.002642054,0.930155,0.0034837883,0.0016763615,0.004625525,0.0030398087,0.0018889067,0.002504086,0.0019065886,0.005274348,0.001966864,0.0034717757,0.0024333778,0.0022659968,0.003180016,0.0022943064,0.0027537525,0.0051577403,0.002544002,0.002765517,0.0017243332
8_10836,8_10836.wav,pitch_down_2,8,Helicopter,3,True,Helicopter,Helicopter,False,True,0.0021484701,0.0007347591,0.0020615458,0.00096371415,0.00094361725,0.0005832492,0.0016227962,0.956973,0.0021112293,0.0007654271,0.0018632769,0.0010728738,0.0014007924,0.00097029615,0.0016787527,0.0017567415,0.0012508313,0.0010956236,0.0010784012,0.0017393273,0.0034361929,0.004819268,0.0012255707,0.0010278138,0.0031334881,0.002759489,0.00078355265
8_10838,8_10838.wav,pitch_up_2,8,Helicopter,3,True,Helicopter,Helicopter,False,True,0.0010833426,0.00088664494,0.0016641029,0.000740013,0.0025073453,0.0004927261,0.0012507875,0.9681863,0.0013643913,0.00083929725,0.00057148776,0.0010154621,0.0009624856,0.0008846324,0.0017794259,0.0013496685,0.0013060663,0.00096973684,0.0010922843,0.002033399,0.002292534,0.0013172888,0.001026576,0.0013369791,0.0012795707,0.0012176485,0.00054982584
8_10839,8_10839.wav,original,8,Helicopter,3,True,Helicopter,Helicopter,False,True,0.0021866949,0.0011948658,0.0019865325,0.0027253937,0.0018286261,0.0014484185,0.0017804541,0.9581218,0.0015033706,0.0011886571,0.002023366,0.0010892847,0.0017793025,0.0012576137,0.00094097486,0.0030911465,0.0014496375,0.0016654514,0.0013742191,0.0013323122,0.0012446796,0.0016978112,0.0012649446,0.0011842018,0.0020130074,0.0013939185,0.0012333583
8_10842,8_10842.wav,original,8,Helicopter,3,True,Helicopter,Helicopter,False,True,0.0012299739,0.0013816031,0.00149232,0.0012035283,0.0010971111,0.0012114275,0.0012549675,0.9657933,0.00069321337,0.0010737479,0.0021631813,0.0011808395,0.0017939514,0.0013799793,0.0009434601,0.0018805317,0.0014524196,0.0012482301,0.0011915389,0.0017858013,0.0010560361,0.0016344502,0.0017203036,0.0008789205,0.0010165244,0.0012814136,0.0009611962
8_10845,8_10845.wav,original,8,Helicopter,3,True,Helicopter,Helicopter,False,True,0.0020757334,0.0022139503,0.0031797157,0.0018290597,0.0018260764,0.0019027973,0.001232578,0.9550214,0.0010722145,0.0008936276,0.0014531668,0.0008060495,0.0022788506,0.0013271725,0.001469347,0.0020047529,0.0017723037,0.0017892303,0.002063676,0.0016666832,0.001737842,0.0018027077,0.0017904561,0.0013900021,0.001330962,0.0016856081,0.0023840342
8_10849,8_10849.wav,pitch_down_2,8,Helicopter,3,True,Helicopter,Helicopter,False,True,0.0017262212,0.002197566,0.0051477323,0.0026430674,0.012656681,0.0015868034,0.001963443,0.9145822,0.008761334,0.001068245,0.0014665313,0.0018105694,0.0022977402,0.0010356671,0.004541728,0.0038461324,0.0017758566,0.0023344401,0.0036237726,0.0036621138,0.0022156567,0.002328226,0.0017131604,0.0017402885,0.0041065277,0.0071774567,0.0019908857
8_10849,8_10849.wav,pitch_up_2,8,Helicopter,3,True,Helicopter,Helicopter,False,True,0.0017262212,0.002197566,0.0051477323,0.0026430674,0.012656681,0.0015868034,0.001963443,0.9145822,0.008761334,0.001068245,0.0014665313,0.0018105694,0.0022977402,0.0010356671,0.004541728,0.0038461324,0.0017758566,0.0023344401,0.0036237726,0.0036621138,0.0022156567,0.002328226,0.0017131604,0.0017402885,0.0041065277,0.0071774567,0.0019908857
8_10856,8_10856.wav,pitch_up_2,8,Helicopter,3,True,Helicopter,Helicopter,False,True,0.0018219198,0.001686966,0.0014767369,0.0014504944,0.0014788383,0.0009903475,0.0013797404,0.96203464,0.00080854195,0.0009781662,0.0023566026,0.00058626017,0.001633958,0.0016464386,0.0011071801,0.0019144354,0.0012519422,0.0014265003,0.0018088957,0.0015728939,0.0016415388,0.001480998,0.0020806324,0.0014115277,0.0016805307,0.0013884023,0.0009048528
8_10857,8_10857.wav,original,8,Helicopter,3,True,Helicopter,Helicopter,False,True,0.001719056,0.0012723854,0.0011820508,0.0014196391,0.0009667087,0.0008232274,0.0020188058,0.9614592,0.00094940583,0.0015141341,0.0035149155,0.0013228335,0.0017051357,0.002247921,0.0011453327,0.0011472361,0.0017058509,0.0012440197,0.0014637095,0.001966392,0.0010474501,0.0017979058,0.002044078,0.0009247122,0.0012425099,0.0012187036,0.0009366159
8_10859,8_10859.wav,pitch_down_2,8,Helicopter,3,True,Helicopter,Helicopter,False,True,0.0015137562,0.0009529449,0.001693226,0.0013889307,0.0010980117,0.00082726846,0.0014567045,0.9630428,0.0010026192,0.0012316749,0.0027285141,0.0007722166,0.001473281,0.0018290718,0.00089746824,0.0015751781,0.0011979212,0.0014222598,0.0013565236,0.0021404997,0.0014442941,0.0025469114,0.0010949807,0.0010675456,0.0019184364,0.0014363254,0.0008905074
8_10862,8_10862.wav,pitch_up_2,8,Helicopter,3,True,Helicopter,Helicopter,False,True,0.0020893782,0.00091602793,0.0035515495,0.0011091392,0.0012170553,0.0013005594,0.0012898148,0.9642257,0.00077917817,0.0009995945,0.00091794395,0.0019652098,0.001137718,0.00069988874,0.0021368593,0.002244401,0.0012092944,0.0011429017,0.0011210768,0.0015303497,0.0005839634,0.001460807,0.0012623313,0.0013372713,0.0010461811,0.001453463,0.0012723994
8_10863,8_10863.wav,original,8,Helicopter,3,True,Helicopter,Helicopter,False,True,0.0016113553,0.00079701905,0.0015950626,0.0015054392,0.0010501064,0.002439778,0.0019767478,0.8978787,0.0009853678,0.0032240134,0.003260907,0.01262502,0.000998761,0.0015712875,0.00056855823,0.002147468,0.0015046173,0.0012419823,0.0011458684,0.0022197773,0.012297214,0.0027859102,0.033940047,0.0010580382,0.0028946486,0.0012687368,0.005407553
8_10866,8_10866.wav,pitch_down_2,8,Helicopter,3,True,VehicleEngine,VehicleEngine,False,False,0.0020779187,0.00078356365,0.0013157647,0.0010048059,0.00097310747,0.00089604757,0.0007350038,0.32402948,0.633613,0.0012443397,0.00097157387,0.0027122274,0.0015202933,0.00092482753,0.0012186911,0.0014547695,0.0013447437,0.0011881898,0.0010138942,0.0021869272,0.0046012974,0.0024839172,0.0065309578,0.0015272171,0.0012457898,0.0016096645,0.00079198094
8_10866,8_10866.wav,pitch_up_2,8,Helicopter,3,True,VehicleEngine,VehicleEngine,False,False,0.0020779187,0.00078356365,0.0013157647,0.0010048059,0.00097310747,0.00089604757,0.0007350038,0.32402948,0.633613,0.0012443397,0.00097157387,0.0027122274,0.0015202933,0.00092482753,0.0012186911,0.0014547695,0.0013447437,0.0011881898,0.0010138942,0.0021869272,0.0046012974,0.0024839172,0.0065309578,0.0015272171,0.0012457898,0.0016096645,0.00079198094
8_10869,8_10869.wav,original,8,Helicopter,3,False,Helicopter,Generator,True,False,0.0029790907,0.0021445646,0.0037229985,0.0029981781,0.00270163,0.0028548157,0.002677452,0.15683748,0.14955755,0.0051262327,0.0030448437,0.5695299,0.005638352,0.0039142384,0.002390257,0.006125673,0.0039052244,0.0029143644,0.004776002,0.0039353925,0.013283134,0.0048684794,0.030508101,0.0032903021,0.004953576,0.0033643553,0.0019578133
8_10869,8_10869.wav,pitch_down_2,8,Helicopter,3,False,Generator,Generator,False,False,0.0029790907,0.0021445646,0.0037229985,0.0029981781,0.00270163,0.0028548157,0.002677452,0.15683748,0.14955755,0.0051262327,0.0030448437,0.5695299,0.005638352,0.0039142384,0.002390257,0.006125673,0.0039052244,0.0029143644,0.004776002,0.0039353925,0.013283134,0.0048684794,0.030508101,0.0032903021,0.004953576,0.0033643553,0.0019578133
8_10869,8_10869.wav,pitch_up_2,8,Helicopter,3,False,Generator,Generator,False,False,0.0029790907,0.0021445646,0.0037229985,0.0029981781,0.00270163,0.0028548157,0.002677452,0.15683748,0.14955755,0.0051262327,0.0030448437,0.5695299,0.005638352,0.0039142384,0.002390257,0.006125673,0.0039052244,0.0029143644,0.004776002,0.0039353925,0.013283134,0.0048684794,0.030508101,0.0032903021,0.004953576,0.0033643553,0.0019578133
8_10870,8_10870.wav,pitch_down_2,8,Helicopter,3,True,Helicopter,Helicopter,False,True,0.0014509269,0.0012693545,0.0015598558,0.0015042165,0.0017652604,0.0011607684,0.001151924,0.96111006,0.0011398891,0.0011001056,0.0013384614,0.0018600618,0.0016834569,0.0014701277,0.0016530358,0.0029449526,0.0014105673,0.0013914186,0.0017994345,0.0018227418,0.0010103441,0.0020569835,0.0011424812,0.0008695258,0.0013498766,0.0021650472,0.00081912894
8_10871,8_10871.wav,pitch_down_2,8,Helicopter,3,True,Helicopter,Helicopter,False,True,0.0013955707,0.0026376562,0.007102601,0.0010868837,0.0010089754,0.00126583,0.0011311964,0.9476971,0.0011725052,0.0013515125,0.0012028214,0.0007569682,0.0016259644,0.0010387525,0.001707546,0.0046530743,0.0016687141,0.0013150353,0.0011911936,0.0016431935,0.0020330523,0.0022530055,0.002520672,0.0016044228,0.0040756688,0.0037571678,0.0011030245
8_10872,8_10872.wav,pitch_up_2,8,Helicopter,3,True,Helicopter,Helicopter,False,True,0.0017307732,0.0012993518,0.0013801599,0.0010254167,0.0020277782,0.0007592584,0.0013434511,0.9665778,0.0008983551,0.00089242915,0.001989993,0.00051222,0.0013481192,0.0017019598,0.0013622089,0.0015756147,0.0012511384,0.00094658387,0.0017252853,0.0015427343,0.0010163084,0.00116195,0.0011676941,0.0013733943,0.0015176543,0.00095982134,0.0009124608
8_10873,8_10873.wav,pitch_up_2,8,Helicopter,3,True,Helicopter,Helicopter,False,True,0.0010498837,0.0023118986,0.0017316657,0.0010118828,0.0010040555,0.0009775202,0.0010944487,0.97057086,0.0010484564,0.00073956506,0.0013633459,0.0008255383,0.0011318069,0.0011602953,0.00089980196,0.0011037379,0.0010268945,0.0010017955,0.0012064329,0.0017922205,0.0010359768,0.0009143609,0.000807224,0.001461093,0.0008833979,0.00084447727,0.001001284
8_10875,8_10875.wav,pitch_up_2,8,Helicopter,3,True,Helicopter,Helicopter,False,True,0.0019685403,0.0020801944,0.0013695747,0.0011474808,0.0034192416,0.00074806594,0.0013170247,0.96030444,0.0008675742,0.0010570389,0.0016769199,0.0007797052,0.0017147238,0.0017357887,0.0014465987,0.0015391262,0.001480444,0.0011561312,0.0022611415,0.0018112347,0.0018323843,0.0013607525,0.0011299867,0.0009981908,0.0019819702,0.0014882417,0.0013274843
9_10902,9_10902.wav,pitch_up_2,9,VehicleEngine,3,True,VehicleEngine,VehicleEngine,False,True,0.0014395458,0.0012683385,0.0010764307,0.0007470046,0.0009228426,0.0012556906,0.00066462817,0.00072921073,0.9698403,0.0010971056,0.0006043184,0.0021825896,0.0010381853,0.0012956451,0.0011274748,0.0006818292,0.0010985356,0.0006129229,0.0015922202,0.0016247359,0.0018427944,0.0018149298,0.0008700053,0.0009965296,0.0012875855,0.0014039329,0.0008847026
9_10903,9_10903.wav,original,9,VehicleEngine,3,False,VehicleEngine,VehicleEngine,False,True,0.008374672,0.001180047,0.005636394,0.006273245,0.011342228,0.0039297272,0.0044163023,0.119770564,0.4857417,0.010432978,0.0029332743,0.1990666,0.006501958,0.003429955,0.006410055,0.009828516,0.0058698026,0.0058610775,0.00890775,0.0036120142,0.0074534896,0.0066845305,0.0323951,0.006986154,0.015639063,0.008413918,0.012908906
9_10903,9_10903.wav,pitch_down_2,9,VehicleEngine,3,False,VehicleEngine,VehicleEngine,False,True,0.008374672,0.001180047,0.005636394,0.006273245,0.011342228,0.0039297272,0.0044163023,0.119770564,0.4857417,0.010432978,0.0029332743,0.1990666,0.006501958,0.003429955,0.006410055,0.009828516,0.0058698026,0.0058610775,0.00890775,0.0036120142,0.0074534896,0.0066845305,0.0323951,0.006986154,0.015639063,0.008413918,0.012908906
9_10903,9_10903.wav,pitch_up_2,9,VehicleEngine,3,False,VehicleEngine,VehicleEngine,False,True,0.008374672,0.001180047,0.005636394,0.006273245,0.011342228,0.0039297272,0.0044163023,0.119770564,0.4857417,0.010432978,0.0029332743,0.1990666,0.006501958,0.003429955,0.006410055,0.009828516,0.0058698026,0.0058610775,0.00890775,0.0036120142,0.0074534896,0.0066845305,0.0323951,0.006986154,0.015639063,0.008413918,0.012908906
9_10914,9_10914.wav,pitch_down_2,9,VehicleEngine,3,True,VehicleEngine,VehicleEngine,False,True,0.0012641788,0.0006933063,0.0009025205,0.0007412159,0.0013848398,0.0013080308,0.00092251756,0.00139139,0.9613394,0.0006609209,0.0020666595,0.01308423,0.0008203728,0.00077619683,0.00087468885,0.0006205453,0.0006870202,0.0007921118,0.0015407973,0.001015786,0.0013765967,0.00072998996,0.00055724377,0.0007649294,0.0009934739,0.0014841411,0.0012068757
9_10917,9_10917.wav,original,9,VehicleEngine,3,True,VehicleEngine,VehicleEngine,False,True,0.0010164798,0.0009168898,0.001445773,0.0014429563,0.00087648403,0.0009905837,0.0011322078,0.0012736204,0.9674682,0.0010622293,0.00061355694,0.0007207904,0.0020121678,0.0009155536,0.001494656,0.0012116963,0.0013860003,0.0014161306,0.0011782943,0.0016500257,0.0014488026,0.0026098017,0.0020042711,0.00077094306,0.0007390566,0.0014025765,0.00080025435
9_10921,9_10921.wav,original,9,VehicleEngine,3,True,VehicleEngine,VehicleEngine,False,True,0.001368329,0.0010334833,0.0010382495,0.00089159136,0.0013077826,0.0010040771,0.0006577056,0.0012711618,0.96832365,0.0008213721,0.0010042969,0.0005372591,0.0014836635,0.001220725,0.0010461652,0.0010112039,0.001283993,0.00161574,0.0016181767,0.0013473973,0.0016723495,0.0022744986,0.0024933266,0.00071693567,0.00071543286,0.0013086708,0.00093268283
9_10921,9_10921.wav,pitch_down_2,9,VehicleEngine,3,True,VehicleEngine,VehicleEngine,False,True,0.001368329,0.0010334833,0.0010382495,0.00089159136,0.0013077826,0.0010040771,0.0006577056,0.0012711618,0.96832365,0.0008213721,0.0010042969,0.0005372591,0.0014836635,0.001220725,0.0010461652,0.0010112039,0.001283993,0.00161574,0.0016181767,0.0013473973,0.0016723495,0.0022744986,0.0024933266,0.00071693567,0.00071543286,0.0013086708,0.00093268283
9_10924,9_10924.wav,pitch_up_2,9,VehicleEngine,3,True,Generator,VehicleEngine,True,True,0.0008906556,0.0021723134,0.0007644018,0.0015324742,0.0006739416,0.001390864,0.0008913142,0.0013977159,0.66726065,0.0018645591,0.0006914828,0.30133626,0.0011468523,0.0013184588,0.0009034494,0.00073680776,0.0012401241,0.00054419716,0.0014535137,0.0018686851,0.0025589734,0.0010973117,0.0015105515,0.0009254197,0.0014071019,0.0012411022,0.0011808387
9_10925,9_10925.wav,original,9,VehicleEngine,3,True,VehicleEngine,VehicleEngine,False,True,0.0016405099,0.0024409515,0.0029163833,0.0011177931,0.0016819513,0.001115097,0.000679363,0.014561842,0.89126843,0.0011406628,0.0015865625,0.04479033,0.0018420429,0.0017209955,0.001072823,0.0012096247,0.001587347,0.0025075045,0.0018209113,0.0029044386,0.008017932,0.0010896195,0.0011972602,0.0011733345,0.00195292,0.0027013707,0.0042620744
9_10926,9_10926.wav,pitch_down_2,9,VehicleEngine,3,True,VehicleEngine,VehicleEngine,False,True,0.0015036833,0.011065323,0.002601182,0.0022278924,0.0025507205,0.0021587473,0.0016179293,0.01887147,0.8781659,0.0022228288,0.0026240835,0.031593222,0.0020601095,0.0031766861,0.0023183182,0.0021022737,0.002670154,0.0016248511,0.002568954,0.008811037,0.004461109,0.0015402263,0.0017508605,0.0023143662,0.0027000017,0.0024818783,0.0022161908
9_10928,9_10928.wav,pitch_up_2,9,VehicleEngine,3,True,VehicleEngine,VehicleEngine,False,True,0.0013695202,0.0007367235,0.0010752948,0.0012061567,0.00097593624,0.00118062,0.0009232981,0.0011838969,0.9706206,0.0009402845,0.00096750865,0.00060286705,0.0012947401,0.0008630973,0.0012387811,0.0011153407,0.0011412152,0.0013864278,0.0010908218,0.0012391737,0.0010354867,0.002391032,0.0013324289,0.0009904021,0.00088665896,0.0013985895,0.00081311044
9_10930,9_10930.wav,pitch_up_2,9,VehicleEngine,3,True,VehicleEngine,VehicleEngine,False,True,0.0011358083,0.00089782354,0.0012635499,0.0011132399,0.0011382919,0.0014041188,0.0011213651,0.0012315913,0.96879536,0.0009889918,0.0016346514,0.0009200857,0.0010854077,0.00080908736,0.0011913605,0.0015838227,0.0010918701,0.0011748644,0.0013220405,0.0014138095,0.0010270796,0.0022246523,0.0013917353,0.0010949342,0.0012426848,0.00092954474,0.0007722185
9_10931,9_10931.wav,pitch_down_2,9,VehicleEngine,3,True,VehicleEngine,VehicleEngine,False,True,0.0010879389,0.0009599675,0.0012085453,0.0010621435,0.0021439157,0.0008505666,0.0014293866,0.0014725014,0.9689822,0.0007087488,0.0008299357,0.00027638883,0.0011269107,0.00097270467,0.0012014842,0.0010860754,0.0011666856,0.0011028516,0.0017739665,0.0011220436,0.0012102709,0.0020739737,0.0020150703,0.0012546565,0.0007579222,0.0011584543,0.00096473657
9_10935,9_10935.wav,original,9,VehicleEngine,3,True,VehicleEngine,VehicleEngine,False,True,0.0010738348,0.0010315392,0.0015706866,0.0010789749,0.0013464689,0.000981905,0.0010520912,0.0011269986,0.967695,0.00086329615,0.00069180253,0.0004124256,0.0014189101,0.00091764174,0.0013457426,0.0011881242,0.0013037403,0.0013547437,0.0016581955,0.0012075991,0.001593052,0.0032121812,0.0020320236,0.0010459739,0.0009154606,0.0013350107,0.0005465793
9_10935,9_10935.wav,pitch_down_2,9,VehicleEngine,3,True,VehicleEngine,VehicleEngine,False,True,0.0010738348,0.0010315392,0.0015706866,0.0010789749,0.0013464689,0.000981905,0.0010520912,0.0011269986,0.967695,0.00086329615,0.00069180253,0.0004124256,0.0014189101,0.00091764174,0.0013457426,0.0011881242,0.0013037403,0.0013547437,0.0016581955,0.0012075991,0.001593052,0.0032121812,0.0020320236,0.0010459739,0.0009154606,0.0013350107,0.0005465793
9_10936,9_10936.wav,original,9,VehicleEngine,3,True,VehicleEngine,VehicleEngine,False,True,0.0017302091,0.0011658912,0.0022497177,0.0009631682,0.0018084403,0.0009841005,0.0007443828,0.002074137,0.95727736,0.0011110447,0.00075164414,0.00079340226,0.0017953959,0.0012694948,0.0013297298,0.0013499266,0.0014191907,0.0013088485,0.0018090376,0.0014787504,0.0036400722,0.004582578,0.0038050546,0.0006262032,0.00092236855,0.0017368085,0.0012731162
9_10937,9_10937.wav,pitch_up_2,9,VehicleEngine,3,True,VehicleEngine,VehicleEngine,False,True,0.0011680663,0.0019337455,0.0019015878,0.0010624297,0.0011511305,0.0007959486,0.0025179852,0.0013844465,0.96184224,0.0010189613,0.0009642528,0.0048556756,0.0008395787,0.0010635336,0.0020511404,0.0011353827,0.0012100317,0.00078692613,0.001986041,0.0013662908,0.0012360573,0.0013207817,0.0007815338,0.0012777249,0.0017816505,0.0013104305,0.001256423
9_10938,9_10938.wav,pitch_up_2,9,VehicleEngine,3,True,VehicleEngine,VehicleEngine,False,True,0.0013877602,0.0017511802,0.0008426486,0.0011306977,0.0011980551,0.0008161498,0.00045457072,0.0009538626,0.9700408,0.0006820716,0.0011400104,0.0025721958,0.001147831,0.0009859948,0.0011064584,0.0017541196,0.0017537841,0.0010407383,0.0013729619,0.0008706758,0.0013214205,0.0007047372,0.0008661542,0.0006105021,0.0013756525,0.0010647867,0.001054132
9_10939,9_10939.wav,pitch_down_2,9,VehicleEngine,3,True,VehicleEngine,VehicleEngine,False,True,0.003485974,0.00889925,0.003288394,0.0028735632,0.0015788748,0.0024488154,0.0038254226,0.01183397,0.84586483,0.0015475424,0.0039578876,0.062499717,0.0017956087,0.0014485028,0.0022657223,0.0044639283,0.0019145502,0.0019518336,0.0026325982,0.001619795,0.010785423,0.0023964948,0.0028857521,0.0011269719,0.008554065,0.0019976937,0.0020567023
9_10940,9_10940.wav,pitch_down_2,9,VehicleEngine,3,True,VehicleEngine,VehicleEngine,False,True,0.0009598722,0.0010799866,0.00079816877,0.0009888378,0.0007938415,0.001031903,0.0009165493,0.0015024057,0.9737827,0.0006167943,0.0014320795,0.00030045293,0.00093290565,0.00068373483,0.0011037823,0.00081085623,0.0010820703,0.0016204634,0.0012021597,0.0011154184,0.0009889655,0.0009780504,0.0020263358,0.0006959841,0.00067867996,0.0008881665,0.0009888281
9_10941,9_10941.wav,pitch_down_2,9,VehicleEngine,3,True,Chainsaw,VehicleEngine,True,True,0.0065072146,0.0023107708,0.0040422953,0.0017709825,0.003853403,0.003421667,0.0052491263,0.005519718,0.6338034,0.004423853,0.26479182,0.004101799,0.003835542,0.002924504,0.0030081717,0.003682352,0.0034300636,0.003195287,0.0045839013,0.0030113712,0.007902206,0.00590187,0.0044180867,0.0023148973,0.0060832067,0.0030673693,0.0028450098
9_10941,9_10941.wav,pitch_up_2,9,VehicleEngine,3,True,VehicleEngine,VehicleEngine,False,True,0.0065072146,0.0023107708,0.0040422953,0.0017709825,0.003853403,0.003421667,0.0052491263,0.005519718,0.6338034,0.004423853,0.26479182,0.004101799,0.003835542,0.002924504,0.0030081717,0.003682352,0.0034300636,0.003195287,0.0045839013,0.0030113712,0.007902206,0.00590187,0.0044180867,0.0023148973,0.0060832067,0.0030673693,0.0028450098
9_10943,9_10943.wav,original,9,VehicleEngine,3,True,VehicleEngine,VehicleEngine,False,True,0.0023238722,0.0013375223,0.003142897,0.00117364,0.0027960108,0.0023040501,0.0036241992,0.0015386799,0.9365514,0.0027196517,0.0024123006,0.0034232864,0.001798064,0.0028988337,0.002415735,0.0017256513,0.0022431365,0.0013539296,0.0033972012,0.0040394515,0.0016008472,0.0028587126,0.0012403141,0.0020505162,0.0027936504,0.0029139034,0.0033225438
9_10944,9_10944.wav,pitch_up_2,9,VehicleEngine,3,True,VehicleEngine,VehicleEngine,False,True,0.0007945958,0.0011719858,0.0010776425,0.001186347,0.0012917592,0.0021539598,0.0013692594,0.0010741766,0.9639168,0.0011373571,0.0019352726,0.0010132611,0.0012621493,0.0011034029,0.0015216349,0.0014203899,0.0014816237,0.0014852253,0.0012850128,0.0009291277,0.0013591913,0.0016150702,0.0025206248,0.001324029,0.0010914543,0.0012902244,0.0021883843
9_10945,9_10945.wav,pitch_down_2,9,VehicleEngine,3,True,VehicleEngine,VehicleEngine,False,True,0.0018662842,0.0013830842,0.0014186903,0.0014445815,0.0012905778,0.0011414055,0.0014327456,0.00202284,0.9639778,0.0011708153,0.0011412716,0.0005255959,0.0014873979,0.0013423609,0.0015702687,0.00089769,0.0016168813,0.0014323018,0.0024591833,0.0017261048,0.001129441,0.0010170398,0.0014144649,0.00074292003,0.0009685258,0.0019148885,0.0014648298
9_10948,9_10948.wav,pitch_down_2,9,VehicleEngine,3,True,VehicleEngine,VehicleEngine,False,True,0.0012285424,0.00089205126,0.0016973194,0.0012089899,0.001119611,0.0011537807,0.0011888389,0.0012873439,0.9663939,0.0012317252,0.0007237705,0.000577875,0.0020124072,0.0010714937,0.0016222163,0.0013283306,0.0014351654,0.0015108158,0.0014269982,0.0010663812,0.0013698008,0.0024543125,0.0017336583,0.00095502473,0.0009284403,0.0014503807,0.00093083567
9_10950,9_10950.wav,pitch_up_2,9,VehicleEngine,3,True,VehicleEngine,VehicleEngine,False,True,0.001593009,0.0014010807,0.0015268256,0.0014585047,0.0006933108,0.0014021933,0.0009142358,0.0036246974,0.95099086,0.00074910204,0.0011867462,0.0020096062,0.0017942238,0.0014896743,0.001006118,0.0014555156,0.0014793486,0.0026062971,0.0013894107,0.0035447504,0.0022421794,0.0038055799,0.005843803,0.0014968058,0.0010232627,0.0018787609,0.0013940813
9_10952,9_10952.wav,original,9,VehicleEngine,3,True,VehicleEngine,VehicleEngine,False,True,0.0006671776,0.0009535155,0.0011064048,0.0012132184,0.0015103346,0.00091063045,0.0011651627,0.0010678993,0.9738262,0.0005355258,0.001085021,0.00056219497,0.0010123028,0.0006185405,0.0014606189,0.0010703485,0.0009771755,0.00083817774,0.00110807,0.0010145316,0.0011526222,0.0013944939,0.0012341151,0.0012123124,0.00071848865,0.0009089741,0.0006758336
9_10953,9_10953.wav,pitch_down_2,9,VehicleEngine,3,True,VehicleEngine,VehicleEngine,False,True,0.0007846292,0.0011897424,0.0015052865,0.0035946944,0.0026295476,0.0009342804,0.0007138674,0.0013593856,0.9610875,0.0006992772,0.003685475,0.0013054083,0.00078772893,0.0010406392,0.0014570212,0.0019131535,0.0014417251,0.0017346366,0.000707156,0.00089130545,0.0012138839,0.0018475973,0.00080326636,0.0008506179,0.003686295,0.0013619171,0.0007738669
9_10954,9_10954.wav,original,9,VehicleEngine,3,True,VehicleEngine,VehicleEngine,False,True,0.0012382764,0.002888345,0.0016868444,0.0036963606,0.004560066,0.0025620514,0.003884299,0.0041135545,0.90556836,0.0022132124,0.014525805,0.01221561,0.0017310027,0.0019542675,0.0032792368,0.0032001168,0.0018378139,0.0017097268,0.002857592,0.0027965363,0.0019980425,0.0038676464,0.0028907573,0.0065092235,0.0018385554,0.0024832222,0.0018935399
9_10954,9_10954.wav,pitch_down_2,9,VehicleEngine,3,True,VehicleEngine,VehicleEngine,False,True,0.0012382764,0.002888345,0.0016868444,0.0036963606,0.004560066,0.0025620514,0.003884299,0.0041135545,0.90556836,0.0022132124,0.014525805,0.01221561,0.0017310027,0.0019542675,0.0032792368,0.0032001168,0.0018378139,0.0017097268,0.002857592,0.0027965363,0.0019980425,0.0038676464,0.0028907573,0.0065092235,0.0018385554,0.0024832222,0.0018935399
9_10956,9_10956.wav,original,9,VehicleEngine,3,True,VehicleEngine,VehicleEngine,False,True,0.0012547778,0.00065790996,0.0011218203,0.0008901519,0.0009924191,0.00075187226,0.00076200016,0.0010117899,0.9734711,0.0011538194,0.0008840182,0.0006007989,0.00085223286,0.000874544,0.0004920655,0.0022640722,0.0012658936,0.0013588226,0.0010937256,0.0009603055,0.0007719481,0.0010662245,0.0009950981,0.0009935821,0.0012992929,0.0009761679,0.0011836233
9_10958,9_10958.wav,original,9,VehicleEngine,3,True,VehicleEngine,VehicleEngine,False,True,0.0018113614,0.0010620718,0.0018583083,0.0021842322,0.0017425494,0.0018712679,0.0025810723,0.05033731,0.90503234,0.0016840146,0.00096565177,0.0014158003,0.002036506,0.0017519029,0.002069995,0.002074268,0.001618668,0.0016007564,0.0015237654,0.0024013082,0.0016554882,0.0025762417,0.0018120344,0.0018498873,0.0013654041,0.0018259134,0.001291924
9_10958,9_10958.wav,pitch_up_2,9,VehicleEngine,3,True,VehicleEngine,VehicleEngine,False,True,0.0018113614,0.0010620718,0.0018583083,0.0021842322,0.0017425494,0.0018712679,0.0025810723,0.05033731,0.90503234,0.0016840146,0.00096565177,0.0014158003,0.002036506,0.0017519029,0.002069995,0.002074268,0.001618668,0.0016007564,0.0015237654,0.0024013082,0.0016554882,0.0025762417,0.0018120344,0.0018498873,0.0013654041,0.0018259134,0.001291924
9_10960,9_10960.wav,original,9,VehicleEngine,3,True,VehicleEngine,VehicleEngine,False,True,0.0009599759,0.0008759878,0.0009835212,0.0012784288,0.0010628003,0.0011920206,0.00084856385,0.0021418487,0.9691693,0.001252039,0.0009560725,0.0015338938,0.0017119759,0.0009542275,0.001148141,0.0011767241,0.0010005307,0.0012282488,0.0011531534,0.0013675903,0.0008679672,0.0018924646,0.0018031276,0.0006749682,0.0007642435,0.0011627559,0.00083942054
9_10963,9_10963.wav,pitch_down_2,9,VehicleEngine,3,True,VehicleEngine,VehicleEngine,False,True,0.003147743,0.09004887,0.002056054,0.0037244551,0.0011201464,0.007125189,0.0026991647,0.0057616048,0.62053156,0.0061658323,0.0038407247,0.12841333,0.0036557524,0.0031157278,0.0056877113,0.0022706,0.00418566,0.049001817,0.0047799293,0.004759705,0.015625188,0.0060176086,0.0049638175,0.0019326188,0.005943276,0.004463434,0.00896245
9_10963,9_10963.wav,pitch_up_2,9,VehicleEngine,3,True,Generator,VehicleEngine,True,True,0.003147743,0.09004887,0.002056054,0.0037244551,0.0011201464,0.007125189,0.0026991647,0.0057616048,0.62053156,0.0061658323,0.0038407247,0.12841333,0.0036557524,0.0031157278,0.0056877113,0.0022706,0.00418566,0.049001817,0.0047799293,0.004759705,0.015625188,0.0060176086,0.0049638175,0.0019326188,0.005943276,0.004463434,0.00896245
9_10965,9_10965.wav,pitch_down_2,9,VehicleEngine,3,True,VehicleEngine,VehicleEngine,False,True,0.008619087,0.009265907,0.082561284,0.007813426,0.0030308806,0.0035129457,0.023144037,0.0048271944,0.7429292,0.0053266636,0.002116434,0.008294447,0.0036760618,0.010396366,0.02006834,0.009368763,0.0047647883,0.0035189465,0.0035042542,0.0015989403,0.004027281,0.0027735594,0.0036387993,0.009970422,0.010123402,0.0054485234,0.0056800023
9_10965,9_10965.wav,pitch_up_2,9,VehicleEngine,3,True,VehicleEngine,VehicleEngine,False,True,0.008619087,0.009265907,0.082561284,0.007813426,0.0030308806,0.0035129457,0.023144037,0.0048271944,0.7429292,0.0053266636,0.002116434,0.008294447,0.0036760618,0.010396366,0.02006834,0.009368763,0.0047647883,0.0035189465,0.0035042542,0.0015989403,0.004027281,0.0027735594,0.0036387993,0.009970422,0.010123402,0.0054485234,0.0056800023
9_10967,9_10967.wav,pitch_up_2,9,VehicleEngine,3,True,VehicleEngine,VehicleEngine,False,True,0.0010807497,0.0020398553,0.0027540475,0.002424447,0.0010219963,0.0012066216,0.0026518742,0.0019200867,0.9405492,0.0018083142,0.0007383125,0.0073536583,0.0020507446,0.0022950317,0.001746141,0.00094888586,0.002098705,0.00073437736,0.0019305715,0.0034727247,0.004934008,0.00518061,0.002512785,0.0015759589,0.0022251618,0.0021837323,0.00056147267
9_10968,9_10968.wav,pitch_down_2,9,VehicleEngine,3,True,VehicleEngine,VehicleEngine,False,True,0.0007760064,0.0007427451,0.0026071593,0.0007927181,0.0008467601,0.0015742363,0.00072023127,0.0008298144,0.973654,0.0005934923,0.00080372737,0.0008234259,0.0008526675,0.0009096304,0.00076299696,0.0011160682,0.00095296017,0.0013905411,0.0011192592,0.0010199508,0.0008808074,0.0011371089,0.0010456152,0.0007560637,0.00083564426,0.0012075132,0.0012489404
9_10969,9_10969.wav,original,9,VehicleEngine,3,True,VehicleEngine,VehicleEngine,False,True,0.0017499928,0.0006125491,0.0013929663,0.0011538436,0.00077679753,0.0011692853,0.00044109812,0.0022906489,0.97141474,0.0005591563,0.00047410632,0.00109892,0.001164432,0.0011643154,0.0006665191,0.0011628203,0.0012823084,0.0013412094,0.00086147944,0.0014067319,0.0007994634,0.0012740007,0.0014985878,0.00094006053,0.00068799796,0.0013247886,0.0012912053
9_10972,9_10972.wav,pitch_down_2,9,VehicleEngine,3,True,VehicleEngine,VehicleEngine,False,True,0.0015927525,0.0009146833,0.002006571,0.0010868052,0.0010465113,0.0010725375,0.00060084503,0.025107041,0.934635,0.00087125064,0.000799479,0.004805841,0.0011581412,0.0011471855,0.0012053893,0.001965958,0.0016108942,0.0014054329,0.0010731228,0.0013969656,0.0009233163,0.0026961078,0.00179535,0.0017529745,0.004439473,0.0017970181,0.0010933332
9_10973,9_10973.wav,pitch_down_2,9,VehicleEngine,3,True,VehicleEngine,VehicleEngine,False,True,0.0009684544,0.00079588377,0.0030514356,0.00072286854,0.0015981159,0.0010236567,0.0006678135,0.0008300463,0.96819717,0.0007398796,0.001095767,0.0007854041,0.0013653049,0.0007702394,0.0011828147,0.0017729476,0.0013063271,0.0010476531,0.0014275224,0.0012647092,0.00088361214,0.0022923069,0.0008946019,0.0012123509,0.0018174275,0.0014109117,0.0008746809
10_11001,10_11001.wav,original,10,Axe,3,True,Axe,Axe,False,True,0.0034270363,0.0020793332,0.0024335957,0.0013407407,0.0009942286,0.003125318,0.003989331,0.0015446938,0.0013366943,0.91883653,0.0013443929,0.0022506174,0.0027162202,0.0027516999,0.0040375195,0.030451449,0.0011934785,0.0016313879,0.0014840061,0.0009714754,0.0012471146,0.0018236045,0.0014828317,0.0012082636,0.0018879293,0.0016891606,0.00272135
10_11002,10_11002.wav,pitch_down_2,10,Axe,3,True,Axe,Axe,False,True,0.0019467565,0.0044943877,0.0010197273,0.002969762,0.00092779606,0.002946456,0.0009002024,0.0015985672,0.001512281,0.9332083,0.00095442246,0.0020133045,0.0025278172,0.0020770764,0.0027537884,0.024088586,0.0010750114,0.0010928843,0.0006182909,0.0018786936,0.00046874944,0.0007207375,0.0010805394,0.0007141933,0.0021062128,0.0010262942,0.0032792073
10_11005,10_11005.wav,original,10,Axe,3,True,Axe,Axe,False,True,0.00070371927,0.0009400829,0.00062357547,0.0008133561,0.0008526884,0.0010383413,0.0023155964,0.00060757325,0.0008251082,0.9768912,0.0007915907,0.0011231647,0.0011246739,0.000896368,0.00082028337,0.0025675038,0.0006680511,0.0006815744,0.00034649778,0.00022163895,0.00050593127,0.000752952,0.0006533168,0.0003865871,0.0010961237,0.00071341963,0.0010390109
10_11009,10_11009.wav,pitch_down_2,10,Axe,3,True,Axe,Axe,False,True,0.0021690985,0.0010886806,0.00075450825,0.0012340839,0.0006382356,0.0011548329,0.0017797736,0.0007581783,0.00090334145,0.970499,0.0004962142,0.0008855592,0.001219394,0.00045548484,0.0002758608,0.007907237,0.00061752065,0.0007045207,0.0011287268,0.00048017,0.00083673367,0.00053075416,0.0008670213,0.00018130611,0.00077963044,0.00074978895,0.0009044558
10_11011,10_11011.wav,original,10,Axe,3,True,Axe,Axe,False,True,0.03157309,0.0017869357,0.0017852563,0.0017895842,0.0033421423,0.0034607,0.0032792455,0.0018755622,0.003503665,0.8720897,0.0018471666,0.0017511005,0.00072456314,0.0033476853,0.0023551283,0.024965743,0.0017024727,0.0018207718,0.023166569,0.0027457501,0.0021255957,0.0010573794,0.0018911884,0.00041357652,0.001990415,0.0018990795,0.0017098462
10_11011,10_11011.wav,pitch_up_2,10,Axe,3,True,Axe,Axe,False,True,0.03157309,0.0017869357,0.0017852563,0.0017895842,0.0033421423,0.0034607,0.0032792455,0.0018755622,0.003503665,0.8720897,0.0018471666,0.0017511005,0.00072456314,0.0033476853,0.0023551283,0.024965743,0.0017024727,0.0018207718,0.023166569,0.0027457501,0.0021255957,0.0010573794,0.0018911884,0.00041357652,0.001990415,0.0018990795,0.0017098462
10_11012,10_11012.wav,original,10,Axe,3,True,Axe,Axe,False,True,0.00080442516,0.0021926782,0.0013610712,0.0032490145,0.0016332312,0.0011219543,0.0014821702,0.0012111842,0.0011090242,0.91097564,0.001101362,0.0010899088,0.0016896505,0.0011326203,0.0012303268,0.054399002,0.0020454677,0.0013717754,0.00050725875,0.0012274372,0.0010791743,0.0016208481,0.0010180244,0.0006146138,0.0022703607,0.0011423134,0.001319457
10_11016,10_11016.wav,original,10,Axe,3,False,Axe,Axe,False,True,0.0017125817,0.0045788623,0.0014700326,0.0018859791,0.002318087,0.0021690268,0.0025884972,0.0011792922,0.0014106048,0.7805841,0.0013839873,0.0030527692,0.0020211043,0.001277353,0.0017375503,0.16566612,0.0067172614,0.0019133309,0.000351657,0.002086194,0.0018064869,0.0011613461,0.0028163104,0.002093467,0.0015244788,0.0020770188,0.0024165125
10_11016,10_11016.wav,pitch_down_2,10,Axe,3,False,Axe,Axe,False,True,0.0017125817,0.0045788623,0.0014700326,0.0018859791,0.002318087,0.0021690268,0.0025884972,0.0011792922,0.0014106048,0.7805841,0.0013839873,0.0030527692,0.0020211043,0.001277353,0.0017375503,0.16566612,0.0067172614,0.0019133309,0.000351657,0.002086194,0.0018064869,0.0011613461,0.0028163104,0.002093467,0.0015244788,0.0020770188,0.0024165125
10_11016,10_11016.wav,pitch_up_2,10,Axe,3,False,Axe,Axe,False,True,0.0017125817,0.0045788623,0.0014700326,0.0018859791,0.002318087,0.0021690268,0.0025884972,0.0011792922,0.0014106048,0.7805841,0.0013839873,0.0030527692,0.0020211043,0.001277353,0.0017375503,0.16566612,0.0067172614,0.0019133309,0.000351657,0.002086194,0.0018064869,0.0011613461,0.0028163104,0.002093467,0.0015244788,0.0020770188,0.0024165125
10_11018,10_11018.wav,pitch_down_2,10,Axe,3,True,Axe,Axe,False,True,0.0006808121,0.0015977607,0.00087229436,0.0007714969,0.00062748394,0.0009370639,0.001839741,0.0007182998,0.0010681505,0.9314192,0.00047270008,0.0016767891,0.00074879144,0.0011139264,0.00038795857,0.0448198,0.0010040483,0.000654448,0.00066148746,0.0020286127,0.0005414283,0.0018689572,0.00083172735,0.00049322116,0.00058636843,0.0008979444,0.0006794654
10_11019,10_11019.wav,original,10,Axe,3,True,Axe,Axe,False,True,0.0007487322,0.001101016,0.0009893025,0.00046745563,0.00090787094,0.00089620595,0.0019889092,0.00066428725,0.00083264895,0.9463625,0.0009363826,0.00071598106,0.0024860036,0.00061040773,0.00040724818,0.029720351,0.0007169457,0.0007209184,0.0022339162,0.00019646948,0.0010442823,0.0008764537,0.0007792182,0.0005468353,0.00082072726,0.0009108093,0.0013180965
10_11021,10_11021.wav,pitch_up_2,10,Axe,3,True,WoodChop,WoodChop,False,False,0.0041420814,0.0023828798,0.0018070819,0.003091544,0.0021217428,0.0023106958,0.0012978449,0.0033750178,0.0015685976,0.42198566,0.0026834244,0.0014777818,0.0011234664,0.0014973138,0.0037733281,0.53024864,0.0015379234,0.0015960984,0.0010046674,0.00089315017,0.0010822864,0.0009379278,0.0012126953,0.0004357648,0.00254312,0.0027760873,0.0010930747
10_11023,10_11023.wav,pitch_down_2,10,Axe,3,True,Axe,Axe,False,True,0.0076768366,0.0020682146,0.0023935614,0.0025761083,0.0024758314,0.001289377,0.0021325857,0.0021933082,0.00218192,0.59640235,0.0021163102,0.0022721689,0.0021715423,0.002054325,0.0016482876,0.338704,0.0031825795,0.0029673006,0.0033954259,0.0003421857,0.0013248761,0.005062623,0.0043912833,0.0011227828,0.0027972132,0.0032511875,0.0018057938
10_11023,10_11023.wav,pitch_up_2,10,Axe,3,True,WoodChop,Axe,True,True,0.0076768366,0.0020682146,0.0023935614,0.0025761083,0.0024758314,0.001289377,0.0021325857,0.0021933082,0.00218192,0.59640235,0.0021163102,0.0022721689,0.0021715423,0.002054325,0.0016482876,0.338704,0.0031825795,0.0029673006,0.0033954259,0.0003421857,0.0013248761,0.005062623,0.0043912833,0.0011227828,0.0027972132,0.0032511875,0.0018057938
10_11024,10_11024.wav,pitch_up_2,10,Axe,3,True,Axe,Axe,False,True,0.0013517813,0.0019185605,0.0016570041,0.00051833707,0.0019890612,0.0030422825,0.009696699,0.0017256252,0.002920708,0.8117394,0.0032889573,0.0024762095,0.0062244274,0.0013409741,0.006772505,0.1195159,0.001758133,0.0044582724,0.00054405496,0.0027754242,0.0012826993,0.002764606,0.0018606251,0.0012266011,0.0021673555,0.002972005,0.0020118174
10_11025,10_11025.wav,original,10,Axe,3,True,Axe,Axe,False,True,0.0015671443,0.00091912673,0.001067558,0.00042001708,0.0013223263,0.0014369101,0.0072944276,0.0009680952,0.0014310809,0.93183845,0.0011567852,0.0015187305,0.0027717378,0.0011862534,0.00034773815,0.031560447,0.0011509517,0.0013787876,0.0025643806,0.0006674775,0.0008780265,0.0014338087,0.0010525008,0.0003599739,0.0008060446,0.0014660134,0.001435253
10_11026,10_11026.wav,original,10,Axe,3,True,Axe,Axe,False,True,0.0009089462,0.0012543836,0.0009552706,0.00088915677,0.0016516432,0.002282015,0.008281124,0.0010737657,0.0013091302,0.94823885,0.0021584888,0.0017721243,0.0058430005,0.0010408509,0.001002765,0.004283692,0.0010932257,0.0040663825,0.0022539974,0.0010185625,0.0007342153,0.001570295,0.0014752789,0.0007732928,0.0013231762,0.0015607695,0.0011856521
10_11026,10_11026.wav,pitch_down_2,10,Axe,3,True,Axe,Axe,False,True,0.0009089462,0.0012543836,0.0009552706,0.00088915677,0.0016516432,0.002282015,0.008281124,0.0010737657,0.0013091302,0.94823885,0.0021584888,0.0017721243,0.0058430005,0.0010408509,0.001002765,0.004283692,0.0010932257,0.0040663825,0.0022539974,0.0010185625,0.0007342153,0.001570295,0.0014752789,0.0007732928,0.0013231762,0.0015607695,0.0011856521
10_11029,10_11029.wav,pitch_down_2,10,Axe,3,True,Axe,Axe,False,True,0.0015798096,0.0013554757,0.001365776,0.007419838,0.0016675509,0.0017090612,0.0015232791,0.0018585124,0.0013840125,0.91557616,0.0009479004,0.0014593402,0.0017880178,0.00074156077,0.0012600202,0.044919267,0.0010858803,0.0011044934,0.0025269315,0.00012258558,0.00073038536,0.0010478608,0.0024045783,0.0003812971,0.0011703409,0.0017916416,0.0010784235
10_11030,10_11030.wav,pitch_down_2,10,Axe,3,True,Axe,Axe,False,True,0.0021609112,0.0039816634,0.0042378306,0.0025758955,0.004136573,0.0064855055,0.04992642,0.0036630072,0.005108707,0.5961401,0.0018863356,0.0049305395,0.0029823284,0.0026155065,0.013355321,0.045165505,0.0045689107,0.005319623,0.0076528327,0.017499128,0.0025826686,0.004596442,0.0034791976,0.18457367,0.007534239,0.003624283,0.00921688
10_11030,10_11030.wav,pitch_up_2,10,Axe,3,True,WingFlaping,Axe,True,True,0.0021609112,0.0039816634,0.0042378306,0.0025758955,0.004136573,0.0064855055,0.04992642,0.0036630072,0.005108707,0.5961401,0.0018863356,0.0049305395,0.0029823284,0.0026155065,0.013355321,0.045165505,0.0045689107,0.005319623,0.0076528327,0.017499128,0.0025826686,0.004596442,0.0034791976,0.18457367,0.007534239,0.003624283,0.00921688
10_11034,10_11034.wav,pitch_up_2,10,Axe,3,True,Axe,Axe,False,True,0.0008145556,0.0020342853,0.0010614101,0.0017631063,0.0013303021,0.0014158225,0.0039632446,0.001257762,0.0015342158,0.898083,0.000931409,0.0021364463,0.0014035915,0.000709624,0.0011598603,0.067446746,0.00089248625,0.0015483703,0.00038345158,0.00029325447,0.0013145144,0.0026025188,0.001779677,0.00021181651,0.0012750123,0.0013688613,0.0012846971
10_11035,10_11035.wav,pitch_up_2,10,Axe,3,True,Axe,Axe,False,True,0.002132346,0.0021903005,0.0013483813,0.0023243704,0.0013236006,0.0015761169,0.0010433487,0.0014270224,0.0012386468,0.91631943,0.0006819015,0.0009681553,0.0010237811,0.00081493007,0.0010604054,0.052340943,0.0012091816,0.0009127308,0.0028470384,9.996665e-05,0.0011238042,0.0008971025,0.0014016657,0.00020692025,0.0014599949,0.001114355,0.00091354805
10_11038,10_11038.wav,pitch_down_2,10,Axe,3,True,Axe,Axe,False,True,0.0011250096,0.004541064,0.0034126274,0.0030113158,0.0027976688,0.0030542158,0.0061542355,0.003471548,0.0061801407,0.78349394,0.004596736,0.005537691,0.091016345,0.002988842,0.004953505,0.01773368,0.0027334467,0.0042089242,0.010348372,0.011362386,0.0032087385,0.003693232,0.0049474775,0.0015269223,0.0061944663,0.004527316,0.0031800943
10_11038,10_11038.wav,pitch_up_2,10,Axe,3,True,Axe,Axe,False,True,0.0011250096,0.004541064,0.0034126274,0.0030113158,0.0027976688,0.0030542158,0.0061542355,0.003471548,0.0061801407,0.78349394,0.004596736,0.005537691,0.091016345,0.002988842,0.004953505,0.01773368,0.0027334467,0.0042089242,0.010348372,0.011362386,0.0032087385,0.003693232,0.0049474775,0.0015269223,0.0061944663,0.004527316,0.0031800943
10_11040,10_11040.wav,pitch_down_2,10,Axe,3,True,Axe,Axe,False,True,0.0012443168,0.00081878266,0.00081368693,0.00037403766,0.0014706167,0.003004622,0.00039609466,0.0009834724,0.00086338236,0.93727785,0.0015320013,0.0015582741,0.0004574375,0.0073852763,0.008211533,0.01716673,0.00091772573,0.0013464569,0.00419905,0.0031086046,0.00065707864,0.00084335986,0.00057432865,0.0004978124,0.0014494528,0.0014566033,0.001391373
10_11046,10_11046.wav,original,10,Axe,3,True,WoodChop,Axe,True,True,0.0016884288,0.0024523141,0.0011173338,0.00050871103,0.0016731243,0.0013997662,0.0012291825,0.0016087387,0.0018103542,0.6353733,0.0013229876,0.0018917121,0.0011052289,0.0019584182,0.0014683707,0.32888082,0.0014690072,0.0013500513,0.001166056,0.000359432,0.0011730363,0.0009715616,0.0015557782,0.0020746125,0.0012878624,0.0019225786,0.0011812155
10_11048,10_11048.wav,original,10,Axe,3,True,Axe,Axe,False,True,0.0022568044,0.0012434041,0.0013222527,0.0004920569,0.0021592127,0.0023809439,0.0125017585,0.0013016365,0.0023962043,0.90629166,0.004938303,0.0018413471,0.004343425,0.003955605,0.003476468,0.027538365,0.0017524686,0.0015669535,0.006624391,0.00045272696,0.0012059958,0.0015490308,0.0027647128,0.00057008583,0.0017616566,0.0018553111,0.0014572883
10_11049,10_11049.wav,original,10,Axe,3,True,WoodChop,Axe,True,True,0.0009951008,0.0019017765,0.0012287066,0.0022136157,0.0018138752,0.0015215719,0.0022248444,0.0013410718,0.002387454,0.5202269,0.0022766048,0.0018977096,0.0008745361,0.0018274583,0.019451076,0.42011118,0.0011317785,0.002560569,0.001173959,0.0010967985,0.0013651397,0.0013835436,0.0018046253,0.0010715722,0.0020761152,0.0016746921,0.0023677351
10_11049,10_11049.wav,pitch_up_2,10,Axe,3,True,WoodChop,Axe,True,True,0.0009951008,0.0019017765,0.0012287066,0.0022136157,0.0018138752,0.0015215719,0.0022248444,0.0013410718,0.002387454,0.5202269,0.0022766048,0.0018977096,0.0008745361,0.0018274583,0.019451076,0.42011118,0.0011317785,0.002560569,0.001173959,0.0010967985,0.0013651397,0.0013835436,0.0018046253,0.0010715722,0.0020761152,0.0016746921,0.0023677351
10_11053,10_11053.wav,pitch_down_2,10,Axe,3,True,Axe,Axe,False,True,0.017659465,0.0067832246,0.0074439794,0.0029178988,0.0031011973,0.0039699352,0.007008189,0.0056813844,0.007055424,0.48582315,0.0037842102,0.0075073075,0.0054508136,0.0025512297,0.0042714593,0.09251344,0.0029918428,0.0041536684,0.27334693,0.025234675,0.0065856366,0.0037026561,0.005048089,0.0011812405,0.0040338193,0.006515283,0.0036838178
10_11053,10_11053.wav,pitch_up_2,10,Axe,3,True,Footsteps,Axe,True,True,0.017659465,0.0067832246,0.0074439794,0.0029178988,0.0031011973,0.0039699352,0.007008189,0.0056813844,0.007055424,0.48582315,0.0037842102,0.0075073075,0.0054508136,0.0025512297,0.0042714593,0.09251344,0.0029918428,0.0041536684,0.27334693,0.025234675,0.0065856366,0.0037026561,0.005048089,0.0011812405,0.0040338193,0.006515283,0.0036838178
10_11054,10_11054.wav,pitch_down_2,10,Axe,3,True,Axe,Axe,False,True,0.0005948047,0.0014272324,0.0010441714,0.0020076719,0.0008064481,0.001258786,0.00062893314,0.001037666,0.0011986714,0.9449155,0.000373894,0.0010076631,0.000841158,0.0011650575,0.0005467139,0.02709786,0.000599239,0.00090307294,0.00040927614,0.0049287747,0.00087663514,0.002093637,0.0011073721,0.00035915858,0.000978391,0.000973572,0.0008187722
10_11057,10_11057.wav,original,10,Axe,3,True,WoodChop,Axe,True,True,0.0042209183,0.0017651267,0.0012755701,0.00076171133,0.0016503496,0.0016388786,0.0011597403,0.0013810442,0.0010359553,0.696511,0.0017776727,0.0013886495,0.00076674257,0.0011792792,0.0006784227,0.2703351,0.0012573302,0.0011558343,0.0014432851,0.0001967228,0.0013061225,0.001355323,0.0011409726,0.00060589367,0.0012829391,0.001801466,0.0009279806
10_11057,10_11057.wav,pitch_up_2,10,Axe,3,True,Axe,Axe,False,True,0.0042209183,0.0017651267,0.0012755701,0.00076171133,0.0016503496,0.0016388786,0.0011597403,0.0013810442,0.0010359553,0.696511,0.0017776727,0.0013886495,0.00076674257,0.0011792792,0.0006784227,0.2703351,0.0012573302,0.0011558343,0.0014432851,0.0001967228,0.0013061225,0.001355323,0.0011409726,0.00060589367,0.0012829391,0.001801466,0.0009279806
10_11059,10_11059.wav,original,10,Axe,3,True,Axe,Axe,False,True,0.0022323548,0.0022909257,0.001137532,0.005136822,0.0026274675,0.0015601363,0.0016603889,0.00096153835,0.0015917245,0.8796099,0.0037569113,0.005719478,0.0072132167,0.0012741348,0.0029228309,0.05866682,0.0022793573,0.0038383473,0.0014215446,0.0016549468,0.0013703996,0.0015345193,0.0029120455,0.0009983977,0.0014907666,0.0018151678,0.00232233
10_11059,10_11059.wav,pitch_down_2,10,Axe,3,True,Axe,Axe,False,True,0.0022323548,0.0022909257,0.001137532,0.005136822,0.0026274675,0.0015601363,0.0016603889,0.00096153835,0.0015917245,0.8796099,0.0037569113,0.005719478,0.0072132167,0.0012741348,0.0029228309,0.05866682,0.0022793573,0.0038383473,0.0014215446,0.0016549468,0.0013703996,0.0015345193,0.0029120455,0.0009983977,0.0014907666,0.0018151678,0.00232233
10_11064,10_11064.wav,original,10,Axe,3,True,Axe,Axe,False,True,0.0012785274,0.0009933722,0.001374069,0.0014912348,0.0017337097,0.0020235365,0.003941869,0.0012984128,0.0012709624,0.93650436,0.00087189116,0.0013802578,0.0018062674,0.0012552841,0.00304758,0.009572023,0.0012754438,0.0010214386,0.014563468,0.00042385902,0.0015823528,0.0012592749,0.002111858,0.0008784111,0.0045657554,0.0011639968,0.0013108645
10_11064,10_11064.wav,pitch_up_2,10,Axe,3,True,Axe,Axe,False,True,0.0012785274,0.0009933722,0.001374069,0.0014912348,0.0017337097,0.0020235365,0.003941869,0.0012984128,0.0012709624,0.93650436,0.00087189116,0.0013802578,0.0018062674,0.0012552841,0.00304758,0.009572023,0.0012754438,0.0010214386,0.014563468,0.00042385902,0.0015823528,0.0012592749,0.002111858,0.0008784111,0.0045657554,0.0011639968,0.0013108645
10_11065,10_11065.wav,original,10,Axe,3,True,Axe,Axe,False,True,0.0012843114,0.0012121936,0.0013251057,0.0006983462,0.0009351017,0.002508967,0.0010204612,0.00083085615,0.0011516567,0.9595955,0.00080378633,0.00084002485,0.00087033055,0.0013546726,0.00045661526,0.01191441,0.001320616,0.0012297403,0.0025970133,0.0002552866,0.0007692299,0.0012236967,0.001401601,0.00060731155,0.0017669201,0.0010761066,0.0009500987
10_11066,10_11066.wav,original,10,Axe,3,True,Axe,Axe,False,True,0.0032952214,0.0028896562,0.0021392936,0.0008243276,0.0025843072,0.0016038936,0.0007775714,0.0011382714,0.0016518929,0.8496835,0.0014366565,0.002283233,0.0019979712,0.0008506724,0.0043075765,0.10215089,0.0016100751,0.0016384483,0.0006943505,0.005682346,0.0014201632,0.0019225084,0.0019207752,0.0005824109,0.0014359757,0.0019569367,0.001521056
10_11068,10_11068.wav,original,10,Axe,3,True,WoodChop,Axe,True,True,0.0016734645,0.0013366608,0.00088253577,0.0007447372,0.0011570755,0.0014620731,0.00058376713,0.00097286823,0.00087681785,0.78327537,0.0012672013,0.0011666688,0.0008974027,0.0017914631,0.0006894059,0.19048196,0.0013330947,0.00093441264,0.0012463796,0.00018479298,0.0011661716,0.0007175443,0.0010813944,0.00044906276,0.0011267802,0.0013788039,0.0011221097
10_11069,10_11069.wav,original,10,Axe,3,True,Axe,Axe,False,True,0.0007631318,0.0011711335,0.00060372753,0.00027186933,0.000811464,0.00092191884,0.0004249471,0.00056483544,0.0006367062,0.9611357,0.00036462714,0.00085110095,0.00056681526,0.0006136901,0.0005668822,0.022873139,0.0006965738,0.0006138379,0.0007951534,0.00044215823,0.000843565,0.00050108536,0.000683555,0.0004814342,0.0005672433,0.00069141906,0.0005422389
10_11070,10_11070.wav,pitch_up_2,10,Axe,3,True,Axe,Axe,False,True,0.0014087161,0.0013325474,0.00079907733,0.0003917635,0.0015145208,0.001618051,0.0021255575,0.0005884135,0.0006038037,0.93976563,0.0012418485,0.0014191357,0.0014633494,0.0011578028,0.0050255307,0.027214088,0.0012316131,0.0012864354,0.0016817398,0.00020837225,0.0008331788,0.0008182332,0.0011267028,0.00043351448,0.0025025147,0.0013207285,0.00088717166
11_11101,11_11101.wav,pitch_down_2,11,Chainsaw,3,True,Chainsaw,Chainsaw,False,True,0.0007847682,0.0020071154,0.0012375166,0.0009177946,0.0023544421,0.00087232614,0.0004931298,0.0011289646,0.0016534213,0.0013469277,0.93767446,0.0037414618,0.0018368474,0.0012988063,0.0031749206,0.011740872,0.0030681256,0.00087420683,0.0060632066,0.0012547774,0.0016066525,0.0017242498,0.0012479494,0.008890814,0.0011424306,0.0011525438,0.0007112585
11_11101,11_11101.wav,pitch_up_2,11,Chainsaw,3,True,Chainsaw,Chainsaw,False,True,0.0007847682,0.0020071154,0.0012375166,0.0009177946,0.0023544421,0.00087232614,0.0004931298,0.0011289646,0.0016534213,0.0013469277,0.93767446,0.0037414618,0.0018368474,0.0012988063,0.0031749206,0.011740872,0.0030681256,0.00087420683,0.0060632066,0.0012547774,0.0016066525,0.0017242498,0.0012479494,0.008890814,0.0011424306,0.0011525438,0.0007112585
11_11102,11_11102.wav,pitch_down_2,11,Chainsaw,3,True,Chainsaw,Chainsaw,False,True,0.00069760066,0.0014439261,0.00092462427,0.00078917685,0.0014332607,0.0012090626,0.0011737823,0.0008817141,0.0006784796,0.0010668639,0.9708801,0.0015631426,0.0019618701,0.00070512976,0.0009670819,0.0011682645,0.0012830253,0.00074199477,0.00082530495,0.0019421942,0.00077006104,0.0009935467,0.0010003397,0.0010878117,0.00082871714,0.002100106,0.0008828284
11_11103,11_11103.wav,pitch_down_2,11,Chainsaw,3,True,Chainsaw,Chainsaw,False,True,0.002002285,0.0012073581,0.0013664201,0.0011123833,0.0013860414,0.0009933519,0.0019206698,0.0008045779,0.00077969575,0.0009680661,0.96838164,0.0008199326,0.001592307,0.0016133456,0.0010692895,0.00090586155,0.0011229584,0.0014550412,0.0011615823,0.00088309235,0.0008155362,0.0012856772,0.0012872862,0.0011614457,0.0012000162,0.0013485173,0.0013556521
11_11105,11_11105.wav,original,11,Chainsaw,3,True,Chainsaw,Chainsaw,False,True,0.0012008572,0.0011999948,0.0012308998,0.0008628942,0.0012674612,0.0010056152,0.0017185261,0.0010246184,0.0008190214,0.00089901034,0.9716299,0.0006562812,0.0014973846,0.0011085732,0.0011330578,0.0008808454,0.0011136795,0.001657053,0.00097601645,0.0007929578,0.00084281625,0.000964555,0.0009487634,0.0010420737,0.0011696703,0.0011836393,0.0011737546
11_11109,11_11109.wav,pitch_up_2,11,Chainsaw,3,True,Chainsaw,Chainsaw,False,True,0.0021163481,0.0018156854,0.00095174176,0.0009928473,0.001110132,0.0010875935,0.0014953474,0.0015412816,0.002859061,0.0006857644,0.9657559,0.0041138283,0.00094620045,0.00093217846,0.00081888883,0.0010420502,0.0011216139,0.0008194489,0.0011180615,0.0008139748,0.001171687,0.0015330178,0.0010486892,0.0008929687,0.0011722461,0.0011525768,0.00089092227
11_11110,11_11110.wav,pitch_up_2,11,Chainsaw,3,True,Chainsaw,Chainsaw,False,True,0.0026967574,0.0034629367,0.00083172787,0.0010316414,0.000765464,0.0016345711,0.0019223116,0.03394546,0.008179034,0.0010564249,0.92060304,0.0023448933,0.0013750974,0.0017438944,0.0012315094,0.0014498985,0.001810307,0.0011328935,0.0013243047,0.001942909,0.00096720416,0.0016348952,0.001392075,0.0017758968,0.0014668321,0.0011473934,0.0011305612
11_11111,11_11111.wav,pitch_down_2,11,Chainsaw,3,True,Chainsaw,Chainsaw,False,True,0.0015788424,0.00095838244,0.0013805116,0.0011054529,0.0012784317,0.0014367509,0.003372033,0.0012784138,0.0006178657,0.0016762068,0.961768,0.0014208722,0.0019660157,0.0016310344,0.0012518264,0.0016352953,0.0012864555,0.0013723104,0.0014230818,0.0012607188,0.0015989821,0.0020997091,0.0010632686,0.0012451574,0.0014692299,0.0012862743,0.0015388672
11_11112,11_11112.wav,pitch_down_2,11,Chainsaw,3,True,Chainsaw,Chainsaw,False,True,0.0011091129,0.00085361913,0.0010654276,0.00081039284,0.0010359766,0.0011870267,0.003027221,0.0014850657,0.001984657,0.0015176648,0.96531755,0.0032073215,0.0012971269,0.00092782074,0.0012726501,0.00091060955,0.0014381435,0.0007289341,0.0011875591,0.0013934296,0.0012228121,0.0017646207,0.0010579434,0.0006374545,0.0012591019,0.0011833451,0.0011173344
11_11112,11_11112.wav,pitch_up_2,11,Chainsaw,3,True,Chainsaw,Chainsaw,False,True,0.0011091129,0.00085361913,0.0010654276,0.00081039284,0.0010359766,0.0011870267,0.003027221,0.0014850657,0.001984657,0.0015176648,0.96531755,0.0032073215,0.0012971269,0.00092782074,0.0012726501,0.00091060955,0.0014381435,0.0007289341,0.0011875591,0.0013934296,0.0012228121,0.0017646207,0.0010579434,0.0006374545,0.0012591019,0.0011833451,0.0011173344
11_11115,11_11115.wav,pitch_down_2,11,Chainsaw,3,True,Chainsaw,Chainsaw,False,True,0.0015184899,0.0012863278,0.0007821445,0.0012695557,0.00088086614,0.0012186333,0.0013078299,0.0012979009,0.00041254517,0.00082930905,0.96640724,0.0031023107,0.0014582853,0.0014787059,0.0006721217,0.0011729407,0.002086398,0.0010050402,0.0011477565,0.0007789324,0.0011722447,0.0018344863,0.0011232389,0.0019036466,0.0008788306,0.0014918008,0.0014824279
11_11117,11_11117.wav,original,11,Chainsaw,3,True,Chainsaw,Chainsaw,False,True,0.0010322031,0.00092935405,0.00091420865,0.0012031266,0.0009017961,0.0009845629,0.0022645018,0.0009505991,0.0012515044,0.00081476034,0.97161007,0.0006479751,0.0016282485,0.0010144329,0.0008388446,0.00079047465,0.00082253286,0.0009610993,0.00093458616,0.000973256,0.0008652014,0.001833741,0.0010506789,0.0011154948,0.0012651263,0.0012568673,0.001144756
11_11117,11_11117.wav,pitch_down_2,11,Chainsaw,3,True,Chainsaw,Chainsaw,False,True,0.0010322031,0.00092935405,0.00091420865,0.0012031266,0.0009017961,0.0009845629,0.0022645018,0.0009505991,0.0012515044,0.00081476034,0.97161007,0.0006479751,0.0016282485,0.0010144329,0.0008388446,0.00079047465,0.00082253286,0.0009610993,0.00093458616,0.000973256,0.0008652014,0.001833741,0.0010506789,0.0011154948,0.0012651263,0.0012568673,0.001144756
11_11120,11_11120.wav,original,11,Chainsaw,3,True,Chainsaw,Chainsaw,False,True,0.001039355,0.0011550946,0.0008851827,0.0007921864,0.001316962,0.0009321442,0.0009944979,0.0005823137,0.0007274418,0.000709549,0.9740843,0.00089416356,0.0012718718,0.001358123,0.0008257565,0.0011208663,0.0009890968,0.0010545925,0.001125438,0.00075998314,0.00072072557,0.0009903344,0.0009028598,0.0013052964,0.00087366346,0.0013147757,0.0012733787
11_11120,11_11120.wav,pitch_up_2,11,Chainsaw,3,True,Chainsaw,Chainsaw,False,True,0.001039355,0.0011550946,0.0008851827,0.0007921864,0.001316962,0.0009321442,0.0009944979,0.0005823137,0.0007274418,0.000709549,0.9740843,0.00089416356,0.0012718718,0.001358123,0.0008257565,0.0011208663,0.0009890968,0.0010545925,0.001125438,0.00075998314,0.00072072557,0.0009903344,0.0009028598,0.0013052964,0.00087366346,0.0013147757,0.0012733787
11_11123,11_11123.wav,original,11,Chainsaw,3,True,Chainsaw,Chainsaw,False,True,0.0011885323,0.0010771552,0.0009863029,0.0017865995,0.0016018143,0.0014656592,0.0017549974,0.0012803263,0.0009701767,0.0011231162,0.965642,0.0029690105,0.001560601,0.0013379649,0.0010123719,0.0012032046,0.0011614942,0.0010314226,0.0010694013,0.0009512575,0.00086882495,0.0013203277,0.0011691962,0.0016989064,0.00090892444,0.0013769319,0.0014835008
11_11124,11_11124.wav,original,11,Chainsaw,3,True,Chainsaw,Chainsaw,False,True,0.0009747325,0.00097075355,0.001203505,0.00071847154,0.0018316848,0.0011606385,0.0014103875,0.005725721,0.0016001012,0.001396013,0.954076,0.0037982392,0.001480403,0.0011756584,0.00074083457,0.0010837488,0.0016944477,0.0008410816,0.0011360346,0.0012402398,0.0012164869,0.0017717635,0.0064429343,0.0019523874,0.0012765283,0.0012640358,0.0018171566
11_11125,11_11125.wav,original,11,Chainsaw,3,True,Chainsaw,Chainsaw,False,True,0.0011012548,0.00092686474,0.0009644993,0.00083826046,0.0008799977,0.00071670994,0.0011108728,0.0008507618,0.00040029935,0.0012307739,0.9761503,0.00074408104,0.0012998001,0.000981215,0.00088714086,0.0007594812,0.0011553954,0.00097250595,0.00090769184,0.00086464646,0.00067585957,0.0008428966,0.0009463403,0.00085046794,0.0008234602,0.0009449233,0.0011735958
11_11129,11_11129.wav,pitch_down_2,11,Chainsaw,3,True,Chainsaw,Chainsaw,False,True,0.0012610434,0.00091574364,0.00085742585,0.0010019604,0.0010009519,0.0015669027,0.002329809,0.0012040407,0.001760779,0.0011556344,0.9690766,0.0015768958,0.0009723752,0.001221937,0.00096609717,0.00073310133,0.0010833511,0.0009827935,0.0010411179,0.0015512529,0.00067357795,0.0012157004,0.000984714,0.0015800032,0.0010328381,0.00092024874,0.0013331324
11_11133,11_11133.wav,original,11,Chainsaw,3,True,Chainsaw,Chainsaw,False,True,0.0014479737,0.0011592723,0.0012791273,0.001890926,0.0013404586,0.001401457,0.004518597,0.001555916,0.001986949,0.0013713936,0.9562785,0.0006745416,0.0032533128,0.0015305172,0.0014028522,0.0014546756,0.0014164193,0.0012054205,0.0018302562,0.0013766835,0.001460495,0.002191588,0.0014809951,0.0017360864,0.0017387712,0.0015210663,0.0014957836
11_11133,11_11133.wav,pitch_down_2,11,Chainsaw,3,True,Chainsaw,Chainsaw,False,True,0.0014479737,0.0011592723,0.0012791273,0.001890926,0.0013404586,0.001401457,0.004518597,0.001555916,0.001986949,0.0013713936,0.9562785,0.0006745416,0.0032533128,0.0015305172,0.0014028522,0.0014546756,0.0014164193,0.0012054205,0.0018302562,0.0013766835,0.001460495,0.002191588,0.0014809951,0.0017360864,0.0017387712,0.0015210663,0.0014957836
11_11134,11_11134.wav,pitch_up_2,11,Chainsaw,3,True,Chainsaw,Chainsaw,False,True,0.0012299392,0.002930918,0.00080005283,0.0015502764,0.0025403115,0.0013866484,0.0012429273,0.002223827,0.0011872941,0.0011138428,0.94372463,0.0047456105,0.0033410059,0.00092162745,0.0019750295,0.0018950367,0.0014862405,0.001077454,0.0009357133,0.0006250998,0.0019682257,0.0016313245,0.0020740235,0.008800865,0.0067516523,0.001406981,0.0004334683
11_11137,11_11137.wav,original,11,Chainsaw,3,True,Chainsaw,Chainsaw,False,True,0.0010439969,0.001363532,0.0013380827,0.0012915645,0.0018121694,0.00095530524,0.00085573504,0.0014811818,0.0023249253,0.00094432733,0.96655965,0.00083203823,0.0007838453,0.001266812,0.00051183597,0.0015283418,0.0015315124,0.0027952904,0.0011742203,0.0011440307,0.0009022945,0.0016262647,0.0006529647,0.0014033314,0.0013376191,0.001588653,0.00095050404
11_11139,11_11139.wav,pitch_down_2,11,Chainsaw,3,True,Chainsaw,Chainsaw,False,True,0.0012105225,0.0011497616,0.0011184785,0.001003481,0.0015635994,0.0018218514,0.0011410691,0.00489836,0.0014341567,0.001159548,0.9632094,0.004018812,0.00070885493,0.0014409045,0.00080736034,0.0015396173,0.0011466118,0.00076634623,0.0012410738,0.0009848699,0.0012113573,0.0011966894,0.00092263304,0.0014097608,0.0010182812,0.00090639736,0.00097022805
11_11141,11_11141.wav,pitch_up_2,11,Chainsaw,3,True,Chainsaw,Chainsaw,False,True,0.0012123038,0.0010859399,0.0008935845,0.0010238285,0.0010552865,0.001448776,0.0018132314,0.0009785591,0.0018013557,0.0011618022,0.97016734,0.0013264758,0.001285777,0.001197815,0.0010373531,0.0007479613,0.0010027018,0.0008078928,0.0011582944,0.0011662525,0.00085790944,0.0012230888,0.0009320439,0.0016090114,0.0010517653,0.00091639627,0.0010372853
11_11142,11_11142.wav,pitch_down_2,11,Chainsaw,3,True,Chainsaw,Chainsaw,False,True,0.0008532748,0.0008877711,0.00090353424,0.0007727135,0.0012581873,0.001097961,0.0013668494,0.00095354946,0.00083405135,0.0014288911,0.97285414,0.0012807859,0.0014724339,0.001161308,0.00095131545,0.0008105212,0.0010477772,0.00090066314,0.0012690276,0.00081279414,0.0006502485,0.0012578442,0.0009521613,0.0010238945,0.00079145445,0.0009543029,0.0014525756
11_11144,11_11144.wav,original,11,Chainsaw,3,True,Chainsaw,Chainsaw,False,True,0.0015210999,0.0029474336,0.0027893705,0.0027984828,0.0022827638,0.0033240065,0.008133466,0.0015404086,0.0034854189,0.0033443335,0.91505307,0.013721664,0.0046983915,0.0022205391,0.0014745776,0.0016072085,0.0019816696,0.0017547294,0.0021081322,0.0052979477,0.0018511371,0.0026383938,0.0015823442,0.0029218404,0.0034800477,0.0033908477,0.002050616
11_11144,11_11144.wav,pitch_down_2,11,Chainsaw,3,True,Chainsaw,Chainsaw,False,True,0.0015210999,0.0029474336,0.0027893705,0.0027984828,0.0022827638,0.0033240065,0.008133466,0.0015404086,0.0034854189,0.0033443335,0.91505307,0.013721664,0.0046983915,0.0022205391,0.0014745776,0.0016072085,0.0019816696,0.0017547294,0.0021081322,0.0052979477,0.0018511371,0.0026383938,0.0015823442,0.0029218404,0.0034800477,0.0033908477,0.002050616
11_11146,11_11146.wav,original,11,Chainsaw,3,True,Chainsaw,Chainsaw,False,True,0.001232444,0.0011349024,0.0011812847,0.0010474444,0.001098906,0.0009868927,0.0008941859,0.0006390966,0.00078193564,0.0020814936,0.96817976,0.0015600423,0.0025971795,0.0008573735,0.0011545614,0.0019091977,0.00091124285,0.0008826996,0.0015928374,0.0014858054,0.0014797185,0.0013839486,0.00072719186,0.00040811556,0.0011312169,0.0013546475,0.0013058163
11_11150,11_11150.wav,pitch_down_2,11,Chainsaw,3,True,Chainsaw,Chainsaw,False,True,0.0017371211,0.0017038258,0.0012828093,0.0010112071,0.0014220787,0.0010285294,0.001231688,0.00090220314,0.00059178774,0.0010881781,0.9689848,0.000824882,0.0012729382,0.0013819579,0.0010325907,0.0012046038,0.0015183403,0.0012692394,0.0011078488,0.0008040438,0.0015415765,0.0009317436,0.0010250829,0.0010395382,0.0009930584,0.001575788,0.001492649
11_11150,11_11150.wav,pitch_up_2,11,Chainsaw,3,True,Chainsaw,Chainsaw,False,True,0.0017371211,0.0017038258,0.0012828093,0.0010112071,0.0014220787,0.0010285294,0.001231688,0.00090220314,0.00059178774,0.0010881781,0.9689848,0.000824882,0.0012729382,0.0013819579,0.0010325907,0.0012046038,0.0015183403,0.0012692394,0.0011078488,0.0008040438,0.0015415765,0.0009317436,0.0010250829,0.0010395382,0.0009930584,0.001575788,0.001492649
11_11154,11_11154.wav,original,11,Chainsaw,3,True,Chainsaw,Chainsaw,False,True,0.0015582958,0.0014114069,0.0012889436,0.0006727464,0.0014440484,0.0010006451,0.0011267489,0.0008748626,0.0008491447,0.0010920375,0.9693942,0.0010482245,0.0020421,0.0012551941,0.001233362,0.0012027252,0.0013223067,0.0012642323,0.0010567433,0.0009084972,0.00094523124,0.00080954266,0.0010939672,0.00093961245,0.0011208839,0.0016405778,0.0014036907
11_11155,11_11155.wav,pitch_down_2,11,Chainsaw,3,True,Chainsaw,Chainsaw,False,True,0.00082084624,0.0029750373,0.002131401,0.002296597,0.0023241618,0.0033931148,0.0017056158,0.004250099,0.0038059296,0.0037185673,0.80046767,0.011585183,0.0051765144,0.002399943,0.0028997732,0.028476393,0.0032683304,0.0018529356,0.08732029,0.0028279463,0.0015988833,0.0048347977,0.0027110912,0.0064212647,0.004594404,0.0050455895,0.0010977028
11_11156,11_11156.wav,pitch_down_2,11,Chainsaw,3,True,Chainsaw,Chainsaw,False,True,0.0009754794,0.0013595881,0.00077119126,0.0014172364,0.0016240273,0.00072308583,0.0019860796,0.00078336225,0.009393797,0.0003624157,0.9432114,0.0046739173,0.0012631173,0.0012520369,0.0008312573,0.0017723418,0.0018748197,0.0011819093,0.0012995123,0.0009504198,0.011833445,0.0031728465,0.0011769605,0.0017587832,0.0019691137,0.001106882,0.0012749566
11_11157,11_11157.wav,original,11,Chainsaw,3,True,Chainsaw,Chainsaw,False,True,0.0009316106,0.0012949355,0.0010970148,0.00053194276,0.0015291782,0.0013182726,0.00096173235,0.002798274,0.0013729027,0.0034021316,0.9521665,0.0024059548,0.0023311507,0.0009977422,0.007826335,0.0029066235,0.0015525407,0.000922537,0.0019524371,0.002723131,0.0010594871,0.0012104748,0.0015811526,0.0013171762,0.0015269782,0.0013040383,0.0009778187
11_11158,11_11158.wav,original,11,Chainsaw,3,True,Chainsaw,Chainsaw,False,True,0.0013383371,0.0008063775,0.0010929,0.0010783919,0.00092977803,0.0013983003,0.0020640262,0.001999327,0.0035918795,0.0015082391,0.96118146,0.0040913043,0.0019142482,0.0010570541,0.0012458287,0.0011460487,0.0014560184,0.001062075,0.0015268385,0.0012487777,0.0009663115,0.0013576876,0.0012646366,0.0010554921,0.001162585,0.0013472805,0.0011087334
11_11163,11_11163.wav,pitch_down_2,11,Chainsaw,3,True,Chainsaw,Chainsaw,False,True,0.003147089,0.0073114582,0.00065968133,0.0009241667,0.0010317396,0.0007636336,0.0007937648,0.00071286457,0.0005697766,0.0012763612,0.96199894,0.0033013944,0.0010554044,0.0012538305,0.001351045,0.0012037231,0.0008500091,0.0007074051,0.0007903942,0.0035649242,0.0010635504,0.0008916683,0.0009580653,0.0011979621,0.0010389896,0.00073410064,0.0008480909
11_11166,11_11166.wav,original,11,Chainsaw,3,True,Chainsaw,Chainsaw,False,True,0.0009139787,0.0010678017,0.0007402432,0.004426357,0.0011294385,0.001558375,0.0014162589,0.0009008486,0.0013348853,0.0027304934,0.9592603,0.00087228185,0.0016321582,0.00091644033,0.0028345988,0.0012243601,0.0009781774,0.0036670174,0.00069342804,0.0026325558,0.0018550531,0.0010318491,0.0015992519,0.0008892946,0.0015998922,0.00080979784,0.0012849238
11_11166,11_11166.wav,pitch_down_2,11,Chainsaw,3,True,Chainsaw,Chainsaw,False,True,0.0009139787,0.0010678017,0.0007402432,0.004426357,0.0011294385,0.001558375,0.0014162589,0.0009008486,0.0013348853,0.0027304934,0.9592603,0.00087228185,0.0016321582,0.00091644033,0.0028345988,0.0012243601,0.0009781774,0.0036670174,0.00069342804,0.0026325558,0.0018550531,0.0010318491,0.0015992519,0.0008892946,0.0015998922,0.00080979784,0.0012849238
11_11167,11_11167.wav,pitch_down_2,11,Chainsaw,3,True,Chainsaw,Chainsaw,False,True,0.0006538559,0.0014102842,0.0012756933,0.0007103731,0.0026370278,0.0008077382,0.0005082554,0.0013166261,0.0013028844,0.0020203036,0.9446085,0.0067240577,0.0015200885,0.002050196,0.0037268915,0.005657529,0.0019195024,0.0012575631,0.0016168995,0.0010989177,0.0017245077,0.001864395,0.0012336061,0.008339179,0.0019180226,0.0011818552,0.0009151948
11_11167,11_11167.wav,pitch_up_2,11,Chainsaw,3,True,Chainsaw,Chainsaw,False,True,0.0006538559,0.0014102842,0.0012756933,0.0007103731,0.0026370278,0.0008077382,0.0005082554,0.0013166261,0.0013028844,0.0020203036,0.9446085,0.0067240577,0.0015200885,0.002050196,0.0037268915,0.005657529,0.0019195024,0.0012575631,0.0016168995,0.0010989177,0.0017245077,0.001864395,0.0012336061,0.008339179,0.0019180226,0.0011818552,0.0009151948
11_11169,11_11169.wav,original,11,Chainsaw,3,True,Chainsaw,Chainsaw,False,True,0.0013446707,0.001687773,0.0009945263,0.0007538018,0.0013335409,0.0012391635,0.0011943696,0.0028201814,0.0012541801,0.001560904,0.96548706,0.0038001454,0.0013366,0.0011118752,0.00096917833,0.0011331785,0.0010963428,0.00072089216,0.0016013741,0.0013299814,0.0009617161,0.0010507116,0.00086545077,0.00096832,0.00096133864,0.0012539378,0.0011687595
11_11170,11_11170.wav,original,11,Chainsaw,3,True,Chainsaw,Chainsaw,False,True,0.0010884563,0.0011817445,0.0011102858,0.0011911029,0.0013723708,0.0012291644,0.001757474,0.00056569953,0.0019031117,0.0009641261,0.9696446,0.0013255263,0.0012169735,0.0010858387,0.001164839,0.00090843486,0.0011174027,0.0011784639,0.0013154648,0.0008710509,0.000848216,0.0010999808,0.001225192,0.0009069165,0.0010667158,0.0013472195,0.0013135718
11_11172,11_11172.wav,original,11,Chainsaw,3,True,Chainsaw,Chainsaw,False,True,0.0016022382,0.0015701914,0.0014523618,0.0013003653,0.0017048853,0.0011805068,0.0017207215,0.0008302498,0.0008777014,0.0010357212,0.96457356,0.00082477654,0.0020121345,0.0016234809,0.0013373111,0.0010645761,0.0015957424,0.0016411816,0.0014716292,0.00092735904,0.0011413918,0.0013429336,0.0013655908,0.0013506812,0.0012576712,0.0017053449,0.0014896368
11_11174,11_11174.wav,pitch_down_2,11,Chainsaw,3,True,Chainsaw,Chainsaw,False,True,0.0010665361,0.0011953443,0.0011632115,0.0013597741,0.0015734403,0.0012995013,0.0019991477,0.0007819398,0.0012899251,0.00089995115,0.9640575,0.0017627586,0.0025375832,0.00132328,0.001127692,0.0008307251,0.0012704121,0.0012485891,0.0012483442,0.0008738051,0.0008987475,0.0022030172,0.0018198611,0.0016986033,0.0016307407,0.0017013022,0.0011382926
12_11203,12_11203.wav,pitch_down_2,12,Generator,3,True,Generator,Generator,False,True,0.0016077146,0.0007481484,0.0018164382,0.0012980598,0.0012709878,0.0011629973,0.0012889289,0.011268568,0.0045692944,0.0033416103,0.0017502452,0.947444,0.00088513084,0.001448122,0.000835695,0.00074527826,0.0013622349,0.0012736741,0.0006735986,0.0012728279,0.0006099663,0.0020383138,0.0014211416,0.0015055801,0.005381509,0.0019953395,0.0009845506
12_11204,12_11204.wav,original,12,Generator,3,True,Generator,Generator,False,True,0.0024444216,0.060860053,0.0054252404,0.009642509,0.0024317151,0.0056977137,0.005196814,0.0035353482,0.010175806,0.005145379,0.011460471,0.77152777,0.014938813,0.0046818177,0.0050001056,0.010345417,0.006760776,0.0024934167,0.0032104936,0.011798542,0.008669664,0.004931227,0.014878646,0.0077528707,0.0028618341,0.0046600723,0.0034730618
12_11206,12_11206.wav,pitch_down_2,12,Generator,3,True,Generator,Generator,False,True,0.0014841956,0.0005759437,0.0009796912,0.0014826983,0.0009133001,0.00068883627,0.0014461131,0.005153964,0.0040961453,0.0022984475,0.0020323854,0.9645769,0.0006488122,0.0008329711,0.0006924262,0.0008458292,0.0009979852,0.002201817,0.0010661875,0.000929039,0.00084462995,0.0005297687,0.0006833459,0.00075371895,0.0009822091,0.0009676078,0.0012950427
12_11207,12_11207.wav,pitch_up_2,12,Generator,3,True,Generator,Generator,False,True,0.00091688073,0.0004782259,0.0009993254,0.0016069523,0.0006666525,0.001551957,0.0015319065,0.0004525095,0.0068154056,0.0015984216,0.0012499559,0.9685345,0.00040919054,0.00074535626,0.0009584092,0.00058281474,0.0010387433,0.0007268884,0.0011138594,0.00050340337,0.0013029493,0.0013200633,0.00046226347,0.0007435214,0.0018184312,0.0012660491,0.0006053026
12_11209,12_11209.wav,pitch_down_2,12,Generator,3,True,Generator,Generator,False,True,0.0009827648,0.0016542337,0.0013316652,0.0011006091,0.0011268606,0.0013975616,0.0012006928,0.0007711114,0.0018048667,0.002945682,0.0025821608,0.96764857,0.00091908104,0.0011934523,0.0012235848,0.0006557354,0.001157426,0.0010060495,0.0016355984,0.00065562426,0.0010751007,0.0007809752,0.0010889297,0.0010829443,0.0011144942,0.001052264,0.0008119059
12_11210,12_11210.wav,original,12,Generator,3,True,Generator,Generator,False,True,0.0014465092,0.0014205067,0.0014420749,0.0011613317,0.0010713605,0.0009795255,0.0013237507,0.0013430999,0.006695704,0.002582297,0.0021964547,0.9586599,0.0011165799,0.001245567,0.0009697033,0.00095128425,0.0011954607,0.0014193055,0.0017613749,0.001248078,0.0016636938,0.0010521888,0.00097063236,0.0017403018,0.0015930388,0.0016267794,0.0011235033
12_11210,12_11210.wav,pitch_down_2,12,Generator,3,True,Generator,Generator,False,True,0.0014465092,0.0014205067,0.0014420749,0.0011613317,0.0010713605,0.0009795255,0.0013237507,0.0013430999,0.006695704,0.002582297,0.0021964547,0.9586599,0.0011165799,0.001245567,0.0009697033,0.00095128425,0.0011954607,0.0014193055,0.0017613749,0.001248078,0.0016636938,0.0010521888,0.00097063236,0.0017403018,0.0015930388,0.0016267794,0.0011235033
12_11212,12_11212.wav,original,12,Generator,3,True,Generator,Generator,False,True,0.001861684,0.0021240392,0.0011239817,0.004641201,0.0016440154,0.0011139709,0.0036009215,0.00096252904,0.0041681803,0.0013555527,0.0063525625,0.9431109,0.0024694635,0.0009940133,0.0050617415,0.0009649913,0.0018275798,0.0007781002,0.0005394125,0.00067612156,0.0017952224,0.0016422165,0.0013982059,0.006852996,0.0014865054,0.0009875968,0.00046628
12_11214,12_11214.wav,pitch_up_2,12,Generator,3,True,Generator,Generator,False,True,0.001430857,0.0037167103,0.0014701607,0.0020310755,0.0012572063,0.0013233839,0.0016525894,0.0009063116,0.0054520466,0.0007582496,0.009471033,0.94881135,0.0014017484,0.0012241391,0.0016538351,0.00071297056,0.0013645169,0.0010174196,0.0011597242,0.0016611802,0.004525768,0.0010932619,0.0010395502,0.0012166338,0.0014315493,0.0014340142,0.0007826641
12_11216,12_11216.wav,pitch_up_2,12,Generator,3,True,Generator,Generator,False,True,0.001906026,0.0016632503,0.0010740958,0.0011714824,0.003016729,0.0010180795,0.0008451133,0.0032484941,0.0047431584,0.001967675,0.00080510584,0.95818025,0.001431189,0.0011507622,0.0005499607,0.0009061983,0.0008652403,0.00091622304,0.000810526,0.0012568865,0.005855636,0.001113727,0.00049598096,0.00042296274,0.000992375,0.0012953077,0.0022975977
12_11218,12_11218.wav,original,12,Generator,3,True,Generator,Generator,False,True,0.00055024563,0.0006581466,0.001081191,0.0010166272,0.0012444677,0.0010516146,0.0007914612,0.0048845774,0.0042592767,0.0014628704,0.000341357,0.9667372,0.0016548039,0.0010307519,0.0007435545,0.00044812306,0.00082463614,0.0007715377,0.0009719551,0.0013334047,0.0025963848,0.00068648794,0.00085851806,0.00065815524,0.0010531414,0.0011139117,0.0011756367
12_11220,12_11220.wav,original,12,Generator,3,True,Generator,Generator,False,True,0.0033403058,0.001471415,0.0026850358,0.0014854061,0.0006723101,0.004329698,0.0027636606,0.00091085164,0.0013690138,0.0020889882,0.0009983547,0.9387515,0.0018605208,0.0026139878,0.001377117,0.0033273567,0.0030083905,0.0032862823,0.0014332413,0.0034017803,0.006456288,0.0008568538,0.002975561,0.0023108348,0.001919662,0.003531201,0.00077433436
12_11220,12_11220.wav,pitch_up_2,12,Generator,3,True,Generator,Generator,False,True,0.0033403058,0.001471415,0.0026850358,0.0014854061,0.0006723101,0.004329698,0.0027636606,0.00091085164,0.0013690138,0.0020889882,0.0009983547,0.9387515,0.0018605208,0.0026139878,0.001377117,0.0033273567,0.0030083905,0.0032862823,0.0014332413,0.0034017803,0.006456288,0.0008568538,0.002975561,0.0023108348,0.001919662,0.003531201,0.00077433436
12_11227,12_11227.wav,original,12,Generator,3,True,Generator,Generator,False,True,0.001327333,0.0014423918,0.0019463501,0.001246449,0.0008305693,0.001018997,0.0013098755,0.00028978076,0.0012683371,0.0010551693,0.0020656625,0.965631,0.0020573454,0.00093443465,0.0017913381,0.001134679,0.0015762091,0.0009292651,0.0004571608,0.0011332665,0.0013011255,0.0009769632,0.00046794233,0.002510125,0.0010776579,0.0026109675,0.0016095754
12_11228,12_11228.wav,original,12,Generator,3,True,Generator,Generator,False,True,0.0016139768,0.0014612576,0.0009139195,0.0015994697,0.0016992725,0.0018628143,0.001771035,0.0021946721,0.012611848,0.0028320493,0.00049304974,0.8371296,0.0022898172,0.0018121664,0.0008624098,0.0008533649,0.0014897467,0.0021406685,0.0012820655,0.0019811166,0.008553241,0.0011563286,0.0015617275,0.00073382,0.0012239463,0.0020933773,0.10578331
12_11229,12_11229.wav,pitch_up_2,12,Generator,3,True,Generator,Generator,False,True,0.0018416833,0.0009123736,0.0021567948,0.001519181,0.001052372,0.0016197917,0.0025383232,0.0012922793,0.0066363295,0.0048351777,0.004219154,0.94929117,0.0016753236,0.0012056264,0.0016756369,0.00055725285,0.0014425948,0.0015721532,0.0011813728,0.0020701734,0.0015425668,0.0015157545,0.0019153286,0.0010472533,0.0018489491,0.0018291958,0.0010061887
12_11230,12_11230.wav,original,12,Generator,3,True,Generator,Generator,False,True,0.001272643,0.0007026321,0.00087267166,0.0009963667,0.0012121691,0.0017977651,0.0009142367,0.00087531534,0.0011909408,0.0012972824,0.00026886215,0.9755252,0.0007961918,0.0009951612,0.0009908659,0.00044740093,0.0008181611,0.0007904442,0.0010875032,0.0009941409,0.0010669754,0.00079964154,0.00069901004,0.0008262263,0.00086368265,0.00096508657,0.0009334497
12_11233,12_11233.wav,original,12,Generator,3,True,Generator,Generator,False,True,0.0013006144,0.0008649062,0.0014258052,0.0012820738,0.0016990203,0.0014454202,0.002182523,0.0017170018,0.009592337,0.0038802158,0.0037998965,0.9535334,0.00078287395,0.00095513253,0.0011999495,0.0008488455,0.0012270936,0.0010068627,0.0016915165,0.0010203343,0.0013929596,0.0008011164,0.0009964724,0.0011673175,0.0013834191,0.0015638747,0.0012390554
12_11235,12_11235.wav,pitch_up_2,12,Generator,3,True,Generator,Generator,False,True,0.001056656,0.0004334267,0.0010027225,0.001483718,0.0011248873,0.0010727338,0.0011789164,0.00061299134,0.008100553,0.0014671596,0.0008921321,0.96681064,0.00074895006,0.0011481371,0.0014857956,0.0005162944,0.0007772078,0.00083201396,0.0009399703,0.0010697107,0.00094484404,0.0012616301,0.0005095787,0.0010267707,0.0011270607,0.0010194032,0.0013560787
12_11238,12_11238.wav,original,12,Generator,3,True,Generator,Generator,False,True,0.0019603549,0.0004958805,0.002129542,0.0010793124,0.0009049654,0.0012314598,0.0017125978,0.000722243,0.0013910589,0.00197833,0.0030130325,0.9671509,0.00076766073,0.0012190999,0.0009989399,0.00065168104,0.0011605868,0.0019741042,0.0011292261,0.0013806983,0.0011198424,0.00067933445,0.0009423636,0.00048751602,0.0017146015,0.0012293515,0.00077536027
12_11238,12_11238.wav,pitch_down_2,12,Generator,3,True,Generator,Generator,False,True,0.0019603549,0.0004958805,0.002129542,0.0010793124,0.0009049654,0.0012314598,0.0017125978,0.000722243,0.0013910589,0.00197833,0.0030130325,0.9671509,0.00076766073,0.0012190999,0.0009989399,0.00065168104,0.0011605868,0.0019741042,0.0011292261,0.0013806983,0.0011198424,0.00067933445,0.0009423636,0.00048751602,0.0017146015,0.0012293515,0.00077536027
12_11239,12_11239.wav,pitch_up_2,12,Generator,3,True,Generator,Generator,False,True,0.0013797415,0.0015684386,0.0008408492,0.0006859707,0.0007263259,0.00072498544,0.00062004064,0.00045818396,0.0043445053,0.0022927383,0.0020010234,0.9690769,0.00071399513,0.0015334329,0.001295916,0.00087303825,0.0011066565,0.0022198905,0.0006388523,0.0005751483,0.0010589318,0.00054797897,0.0007524253,0.00058659195,0.00068770413,0.0009388129,0.001750901
12_11240,12_11240.wav,pitch_up_2,12,Generator,3,True,Generator,Generator,False,True,0.0013509706,0.001424949,0.0016834213,0.0010981464,0.0009055331,0.002720433,0.0037746187,0.0036908097,0.0030492588,0.005353144,0.0061539765,0.93617076,0.0013289335,0.0027831849,0.0011899694,0.0031714737,0.002647218,0.0058828383,0.0014367277,0.00097095716,0.0013241265,0.0012962485,0.0010396411,0.0016605308,0.0028749665,0.0008310432,0.004186089
12_11243,12_11243.wav,pitch_up_2,12,Generator,3,True,Generator,Generator,False,True,0.0007535228,0.000994448,0.000692589,0.00079259975,0.00048905856,0.0007175636,0.0006710549,0.00038582648,0.0017543277,0.0011812455,0.0023863602,0.97698826,0.00044973183,0.0013169103,0.0012703494,0.00081827515,0.00059740484,0.0010748248,0.0005991082,0.00034213925,0.0009215423,0.00058312394,0.0004526194,0.000814325,0.0011118846,0.0006808539,0.0011601319
12_11244,12_11244.wav,original,12,Generator,3,True,Generator,Generator,False,True,0.0012484068,0.0027068595,0.0015219726,0.00071812444,0.0007922642,0.0025886644,0.00056687533,0.0014462484,0.0023538193,0.0019809494,0.00079094805,0.9464626,0.0015018104,0.0025826509,0.0026269415,0.00081196526,0.0008751983,0.012542804,0.0012556369,0.000796665,0.0026513617,0.0010920257,0.0065594334,0.00049329316,0.0012740673,0.0008145546,0.0009438701
12_11246,12_11246.wav,pitch_down_2,12,Generator,3,True,Generator,Generator,False,True,0.0005763241,0.0005948062,0.0009722149,0.0016680766,0.00070879614,0.0014304966,0.0015785015,0.0032084677,0.0005696097,0.0016197101,0.0005594958,0.9707322,0.0019917006,0.0012718347,0.0010127312,0.0008306268,0.0013529182,0.00079315115,0.00064287573,0.0013434179,0.0007874935,0.00095045666,0.000750761,0.0012076476,0.0010436709,0.0009886175,0.0008133713
12_11247,12_11247.wav,original,12,Generator,3,True,Generator,Generator,False,True,0.0021526373,0.001029428,0.0014624702,0.0010690864,0.0009688083,0.0015163054,0.0011810212,0.004768225,0.0033285625,0.002134573,0.00045362196,0.9501519,0.0026133147,0.0015764994,0.00079500716,0.0027624425,0.0014622748,0.001133594,0.0006830687,0.0018441713,0.008167745,0.0010487157,0.0027499131,0.0014600015,0.0018965397,0.0010446439,0.000545345
12_11247,12_11247.wav,pitch_up_2,12,Generator,3,True,Generator,Generator,False,True,0.0021526373,0.001029428,0.0014624702,0.0010690864,0.0009688083,0.0015163054,0.0011810212,0.004768225,0.0033285625,0.002134573,0.00045362196,0.9501519,0.0026133147,0.0015764994,0.00079500716,0.0027624425,0.0014622748,0.001133594,0.0006830687,0.0018441713,0.008167745,0.0010487157,0.0027499131,0.0014600015,0.0018965397,0.0010446439,0.000545345
12_11249,12_11249.wav,original,12,Generator,3,True,Clapping,Generator,True,True,0.0039661,0.0052447463,0.0037469815,0.0454461,0.0028021242,0.0036124524,0.005335122,0.0067432537,0.0026917215,0.0028246979,0.014376614,0.6547232,0.007336954,0.0043462086,0.010910771,0.0099071115,0.0036146957,0.0044433763,0.00247841,0.17747527,0.0028898513,0.0059119537,0.0034232505,0.0077450443,0.0024467518,0.003439716,0.0021174666
12_11250,12_11250.wav,pitch_down_2,12,Generator,3,True,Generator,Generator,False,True,0.0015351182,0.0008326897,0.001311839,0.0019785634,0.00077748136,0.001040496,0.0011716527,0.0033206667,0.001153674,0.0013937306,0.0029662515,0.96071976,0.0012719358,0.0013910992,0.0016545226,0.00084404927,0.0021912141,0.0018550456,0.00087601243,0.0019942205,0.0011602822,0.0013468796,0.0010771854,0.0011743644,0.0016625765,0.002223512,0.0010752724
12_11253,12_11253.wav,original,12,Generator,3,True,Generator,Generator,False,True,0.0040577627,0.0052144397,0.0012749372,0.0017486004,0.0008366211,0.0063576046,0.0063587143,0.010498627,0.016151143,0.003678727,0.0025673585,0.88483506,0.00215804,0.0019769582,0.0020903242,0.001384052,0.0029189277,0.0014905563,0.0010463587,0.0019658157,0.005707018,0.0027136095,0.003104289,0.021723645,0.0036359497,0.0036619147,0.00084295723
12_11256,12_11256.wav,original,12,Generator,3,True,Generator,Generator,False,True,0.0023748514,0.00071680406,0.0015383372,0.0008685487,0.0018329993,0.00079920207,0.0018528936,0.0028694058,0.0050203293,0.000880657,0.0012414787,0.9638106,0.0015344555,0.00087950175,0.001490743,0.00081486703,0.0010386471,0.0017920559,0.0010846214,0.0009778854,0.0011520846,0.00056625594,0.00050727866,0.0010420677,0.000915631,0.0011278164,0.0012699635
12_11257,12_11257.wav,original,12,Generator,3,True,Generator,Generator,False,True,0.020607574,0.0063456562,0.005726641,0.0018773181,0.006925629,0.0030170083,0.014484566,0.0050908583,0.007646549,0.0010696842,0.077408545,0.7659294,0.0059077963,0.0027091259,0.011500802,0.003561774,0.005707899,0.00768277,0.011208163,0.006879808,0.002674601,0.0027028348,0.0026556412,0.0049554543,0.0033105751,0.003725483,0.008687789
12_11258,12_11258.wav,pitch_down_2,12,Generator,3,True,Generator,Generator,False,True,0.0039354344,0.0028496,0.0022148627,0.0018023769,0.0009074842,0.0012036666,0.00083176635,0.0012713583,0.0021293182,0.0020076653,0.0017492588,0.9583907,0.0011800373,0.0024331363,0.0015282944,0.002141447,0.0011974204,0.0029858428,0.00082862284,0.0006493014,0.0010344279,0.00076579413,0.0007623593,0.00051556504,0.001354539,0.0008154087,0.0025142708
12_11259,12_11259.wav,pitch_up_2,12,Generator,3,True,Generator,Generator,False,True,0.0011962937,0.0005218781,0.0011640795,0.00089035835,0.0005340574,0.0010775891,0.0022941055,0.00033686278,0.002318223,0.0015155183,0.0023494412,0.96881723,0.0012059737,0.000996291,0.0010797889,0.00044020018,0.0010793537,0.002029409,0.00073875673,0.0010329075,0.001444596,0.0009705415,0.00050980516,0.0012775416,0.0017880044,0.0015583831,0.0008328206
12_11260,12_11260.wav,pitch_up_2,12,Generator,3,True,Generator,Generator,False,True,0.0010161883,0.0012753356,0.00093156163,0.0010583769,0.0003670389,0.001735271,0.00091694295,0.0020731187,0.0029576328,0.0013548099,0.003077532,0.96759456,0.00087466446,0.001443509,0.00082567916,0.0007395421,0.00058437075,0.0011863963,0.000779937,0.0022166793,0.00044217941,0.0014024606,0.000861414,0.0008059868,0.0010683981,0.00080761034,0.0016028141
12_11261,12_11261.wav,pitch_up_2,12,Generator,3,True,Generator,Generator,False,True,0.0009244659,0.0010450869,0.0007938693,0.00090599636,0.0010940759,0.0010023563,0.0011394242,0.00077647343,0.001037611,0.0009527947,0.0018632733,0.97307473,0.00078923424,0.0009423099,0.0016948186,0.00089427055,0.00085661537,0.0005941992,0.0006691948,0.0009112905,0.001133198,0.0007838453,0.0009384928,0.0024054921,0.00088058907,0.0011453057,0.00075089483
12_11263,12_11263.wav,pitch_down_2,12,Generator,3,True,Generator,Generator,False,True,0.0009399255,0.0011615636,0.0017893479,0.004187032,0.0016091057,0.0024359648,0.007643527,0.0026619018,0.108067125,0.0025310514,0.005066116,0.8254263,0.0027435115,0.0014419765,0.0024642586,0.0014985407,0.0025562693,0.0010801145,0.0024637985,0.0020721229,0.001392501,0.0025748436,0.0024657093,0.007007227,0.0026386753,0.002257714,0.0018237708
12_11264,12_11264.wav,pitch_down_2,12,Generator,3,True,Wind,Generator,True,True,0.0047615278,0.028635139,0.010152947,0.004193216,0.18042023,0.0044319388,0.008274041,0.03322288,0.035659682,0.0089860065,0.002587274,0.4870489,0.00786082,0.007960247,0.0096948175,0.0069756582,0.0050621764,0.0027964197,0.010166838,0.005253831,0.09703194,0.0075300303,0.01195999,0.0045634597,0.006322021,0.0066757873,0.0017721662
12_11264,12_11264.wav,pitch_up_2,12,Generator,3,True,Insect,Generator,True,True,0.0047615278,0.028635139,0.010152947,0.004193216,0.18042023,0.0044319388,0.008274041,0.03322288,0.035659682,0.0089860065,0.002587274,0.4870489,0.00786082,0.007960247,0.0096948175,0.0069756582,0.0050621764,0.0027964197,0.010166838,0.005253831,0.09703194,0.0075300303,0.01195999,0.0045634597,0.006322021,0.0066757873,0.0017721662
12_11266,12_11266.wav,original,12,Generator,3,True,Generator,Generator,False,True,0.0020699985,0.000738295,0.0016319716,0.0023493674,0.003185993,0.0012057935,0.0013042754,0.0021656577,0.000982735,0.0014361014,0.00092605664,0.9589405,0.001788257,0.0013551499,0.002089577,0.0010362488,0.0014704037,0.0019683365,0.0012501733,0.0021008987,0.0008687389,0.0012467199,0.0014019464,0.001044858,0.0017679551,0.0014561041,0.0022179224
12_11270,12_11270.wav,pitch_down_2,12,Generator,3,True,Generator,Generator,False,True,0.0021672456,0.0007756115,0.0012218482,0.0012739658,0.002339423,0.0011955536,0.0022873248,0.001651584,0.0009046394,0.0011655758,0.00076795573,0.96619064,0.0012867664,0.00074907957,0.002754086,0.00072549167,0.0010690364,0.0010581837,0.0014440818,0.0012860075,0.0009299318,0.0011243912,0.00080721156,0.001008275,0.0013196393,0.0011465412,0.0013498346
12_11270,12_11270.wav,pitch_up_2,12,Generator,3,True,Generator,Generator,False,True,0.0021672456,0.0007756115,0.0012218482,0.0012739658,0.002339423,0.0011955536,0.0022873248,0.001651584,0.0009046394,0.0011655758,0.00076795573,0.96619064,0.0012867664,0.00074907957,0.002754086,0.00072549167,0.0010690364,0.0010581837,0.0014440818,0.0012860075,0.0009299318,0.0011243912,0.00080721156,0.001008275,0.0013196393,0.0011465412,0.0013498346
12_11273,12_11273.wav,original,12,Generator,3,True,Generator,Generator,False,True,0.002694934,0.0029756688,0.0032120107,0.0022297485,0.0011837407,0.002970079,0.0069930847,0.0012145006,0.03611255,0.0033113277,0.00058569794,0.898601,0.0011115362,0.0037164807,0.0028394805,0.0017211507,0.001734993,0.012024079,0.0014329028,0.0011413102,0.0017270042,0.0010799065,0.0018636584,0.0007861531,0.0027784954,0.002134474,0.0018240478
12_11274,12_11274.wav,pitch_up_2,12,Generator,3,True,Generator,Generator,False,True,0.00081942003,0.0011637997,0.0012176252,0.0013371381,0.0011344816,0.0008500999,0.0011320803,0.0011339856,0.0037077141,0.0024543751,0.0014264778,0.9678822,0.000898456,0.0009863112,0.0010478223,0.00053828297,0.0010727202,0.00055117434,0.0009246787,0.0015199078,0.0015849794,0.0008423981,0.001247085,0.0010188388,0.0011568931,0.0014423708,0.00090867217
13_11301,13_11301.wav,pitch_up_2,13,Handsaw,3,True,Handsaw,Handsaw,False,True,0.0008069209,0.00097104727,0.0015834338,0.0016179133,0.0011266621,0.0013838074,0.0010904379,0.0012856933,0.0014028713,0.0011888236,0.0012756124,0.0011900868,0.9673489,0.001271253,0.001311176,0.00056879636,0.0014011456,0.0011745851,0.0014670636,0.0017998227,0.0010748802,0.001349654,0.0015312168,0.0012667768,0.001075145,0.0013054404,0.0011308494
13_11302,13_11302.wav,original,13,Handsaw,3,True,Handsaw,Handsaw,False,True,0.0008565092,0.0010184406,0.0012196316,0.0011856962,0.0010313232,0.0012261498,0.000995139,0.0012679786,0.0011258824,0.0010988944,0.0012230576,0.0014208016,0.97097117,0.00092774193,0.0012686397,0.00055866083,0.0011789822,0.0011855074,0.00075733865,0.0012005935,0.0011687689,0.0014003435,0.0012906449,0.0011110205,0.00085496093,0.001375352,0.0010807934
13_11305,13_11305.wav,pitch_down_2,13,Handsaw,3,True,Handsaw,Handsaw,False,True,0.0010576712,0.0011162515,0.0015990731,0.0012117282,0.001081861,0.00131533,0.0013647656,0.0010848312,0.0012168981,0.0013268432,0.0019313124,0.00092144794,0.96918964,0.0011415015,0.0010251291,0.00072737486,0.0011773831,0.0013359146,0.00071676535,0.0011169465,0.0012552141,0.0010827798,0.00090454984,0.0014938841,0.0010335206,0.0010768452,0.0014945659
13_11306,13_11306.wav,pitch_down_2,13,Handsaw,3,True,Handsaw,Handsaw,False,True,0.0010000289,0.0009984046,0.001668624,0.0012413734,0.0010711834,0.0012835334,0.0011900626,0.0012946132,0.00092750444,0.00180774,0.0015497297,0.0009169153,0.9683251,0.0010841545,0.0016490453,0.00092510186,0.00098426,0.0016571163,0.0006362022,0.0013977588,0.0014619449,0.0013176758,0.00085089443,0.0011052937,0.0014440758,0.0011360161,0.0010757429
13_11307,13_11307.wav,original,13,Handsaw,3,True,Handsaw,Handsaw,False,True,0.0012968235,0.001002973,0.00204968,0.0015503565,0.0013020104,0.0017544908,0.0012926847,0.0016104284,0.0012089805,0.002118983,0.0017815166,0.00097612524,0.96358293,0.0013849713,0.0014823937,0.00078356225,0.0011345199,0.0020009167,0.0008169015,0.001520584,0.0013768845,0.0016894214,0.0011816995,0.0010710468,0.0012760608,0.0012109854,0.0015420839
13_11307,13_11307.wav,pitch_down_2,13,Handsaw,3,True,Handsaw,Handsaw,False,True,0.0012968235,0.001002973,0.00204968,0.0015503565,0.0013020104,0.0017544908,0.0012926847,0.0016104284,0.0012089805,0.002118983,0.0017815166,0.00097612524,0.96358293,0.0013849713,0.0014823937,0.00078356225,0.0011345199,0.0020009167,0.0008169015,0.001520584,0.0013768845,0.0016894214,0.0011816995,0.0010710468,0.0012760608,0.0012109854,0.0015420839
13_11308,13_11308.wav,pitch_up_2,13,Handsaw,3,True,Handsaw,Handsaw,False,True,0.0009798753,0.0014473001,0.0012941723,0.0018039063,0.0010796081,0.001047865,0.00063731923,0.00092395116,0.0009228501,0.0009518079,0.0021962088,0.0016602702,0.96748185,0.0011738444,0.0013198968,0.0011307081,0.00133844,0.0009907357,0.0006452406,0.0010119168,0.0024426354,0.0013352412,0.00082941965,0.001086646,0.0010405262,0.0011118267,0.0021159602
13_11310,13_11310.wav,pitch_up_2,13,Handsaw,3,True,Handsaw,Handsaw,False,True,0.0011547772,0.0015595426,0.0014115042,0.0021081541,0.0013109114,0.0010963907,0.0007892793,0.0010488265,0.0013591534,0.001531906,0.0039526764,0.0020819798,0.9625208,0.0013906093,0.0014875213,0.0010740521,0.0014791326,0.0010865527,0.00047729257,0.0010452972,0.0019947083,0.0013355673,0.0012309832,0.0014095149,0.0009919328,0.0013756301,0.0016953225
13_11313,13_11313.wav,pitch_down_2,13,Handsaw,3,True,Handsaw,Handsaw,False,True,0.0012317677,0.001603283,0.0018402791,0.0013047392,0.0014558184,0.001024617,0.0011009481,0.0014984362,0.0016201506,0.0021058593,0.0020361084,0.0012832341,0.9626213,0.0015033903,0.0012084454,0.00090835383,0.0016565584,0.0014094323,0.0012372878,0.0011219339,0.0011747275,0.0012964912,0.0014828605,0.001756918,0.001455951,0.0015080338,0.0015531067
13_11317,13_11317.wav,original,13,Handsaw,3,True,Handsaw,Handsaw,False,True,0.0011811288,0.0012249299,0.0018129906,0.0014221634,0.0010424174,0.0012240404,0.00115247,0.0012690903,0.0012988496,0.0018959859,0.0014534929,0.0009262398,0.9669187,0.0016129672,0.0011364088,0.00078602927,0.0012252816,0.0013144728,0.00043502278,0.001297526,0.0013633979,0.0013635898,0.0014147353,0.0016147695,0.0010603464,0.0013299258,0.0012230547
13_11319,13_11319.wav,original,13,Handsaw,3,True,Handsaw,Handsaw,False,True,0.0009241733,0.0011692899,0.0018408935,0.0012196917,0.0011477503,0.0011584739,0.0013303432,0.0015135981,0.0013536111,0.0030470656,0.0017026939,0.0007407041,0.96553844,0.0014774948,0.0010666237,0.00076675735,0.0011411911,0.0015531693,0.0006890572,0.0011038113,0.0014597708,0.0014588906,0.0016212353,0.0012935051,0.0011969913,0.0013180333,0.0011667929
13_11319,13_11319.wav,pitch_up_2,13,Handsaw,3,True,Handsaw,Handsaw,False,True,0.0009241733,0.0011692899,0.0018408935,0.0012196917,0.0011477503,0.0011584739,0.0013303432,0.0015135981,0.0013536111,0.0030470656,0.0017026939,0.0007407041,0.96553844,0.0014774948,0.0010666237,0.00076675735,0.0011411911,0.0015531693,0.0006890572,0.0011038113,0.0014597708,0.0014588906,0.0016212353,0.0012935051,0.0011969913,0.0013180333,0.0011667929
13_11320,13_11320.wav,original,13,Handsaw,3,True,Handsaw,Handsaw,False,True,0.001260905,0.0010146488,0.0018214746,0.0012616274,0.0013218328,0.0013933065,0.0012912769,0.0012699735,0.0012680528,0.0014792868,0.0011334815,0.0009987035,0.9666913,0.001473668,0.0013200501,0.0007586554,0.0012569024,0.0013581876,0.0006778959,0.0013243573,0.0011574336,0.0012869205,0.0013442364,0.0020345326,0.0010373604,0.0014386117,0.0013252205
13_11320,13_11320.wav,pitch_up_2,13,Handsaw,3,True,Handsaw,Handsaw,False,True,0.001260905,0.0010146488,0.0018214746,0.0012616274,0.0013218328,0.0013933065,0.0012912769,0.0012699735,0.0012680528,0.0014792868,0.0011334815,0.0009987035,0.9666913,0.001473668,0.0013200501,0.0007586554,0.0012569024,0.0013581876,0.0006778959,0.0013243573,0.0011574336,0.0012869205,0.0013442364,0.0020345326,0.0010373604,0.0014386117,0.0013252205
13_11321,13_11321.wav,pitch_up_2,13,Handsaw,3,True,Handsaw,Handsaw,False,True,0.00079931744,0.0014069177,0.001553927,0.0012675122,0.0016421727,0.0016235168,0.0019999214,0.0012282549,0.0009919321,0.0042759683,0.0013037282,0.0017180168,0.96153444,0.0014338791,0.0012482759,0.00067662913,0.0012405132,0.001589051,0.0012362562,0.00063991855,0.0012724632,0.001444533,0.0012617261,0.00207142,0.0014421922,0.0014013187,0.0016962265
13_11324,13_11324.wav,pitch_down_2,13,Handsaw,3,True,Handsaw,Handsaw,False,True,0.0009428598,0.0014473447,0.0012653777,0.0012016635,0.0013032578,0.0013294244,0.0008299919,0.0008816375,0.0010370737,0.001578684,0.0014454682,0.0014300816,0.9674446,0.0016466031,0.0011820343,0.00056089467,0.0013448152,0.001289523,0.0007278209,0.0016441961,0.0018624327,0.0012133151,0.0009405192,0.0014996752,0.0013635367,0.0013966585,0.001190479
13_11326,13_11326.wav,original,13,Handsaw,3,True,Handsaw,Handsaw,False,True,0.001088498,0.0016044942,0.001829741,0.0017075818,0.0010788953,0.0010615181,0.0008474311,0.0010507343,0.0013485918,0.0013347314,0.0019631449,0.0010999526,0.966027,0.0013023391,0.0011373954,0.00081211614,0.0011131713,0.0013945452,0.00085778796,0.0021730547,0.0016958589,0.0011629293,0.0013906675,0.0010829958,0.0010632222,0.0013017174,0.0014698942
13_11327,13_11327.wav,pitch_down_2,13,Handsaw,3,True,Handsaw,Handsaw,False,True,0.0008973553,0.0012876416,0.001518121,0.0016138,0.00094373414,0.00095941935,0.00083321845,0.00097217254,0.0011572702,0.0012550125,0.0013596761,0.0010136962,0.9701306,0.0011436705,0.0010581334,0.0007797952,0.001035268,0.0012084489,0.0009992406,0.001847208,0.0014147608,0.00092366704,0.0013004616,0.00088862405,0.0009733582,0.0011469461,0.0013386841
13_11328,13_11328.wav,original,13,Handsaw,3,True,Handsaw,Handsaw,False,True,0.00092818885,0.0012523914,0.0018047098,0.0017627558,0.0010925109,0.0010337421,0.0007193363,0.001076736,0.0013368275,0.001364153,0.0014213976,0.0009244935,0.9697583,0.0010209292,0.0010113708,0.00072887883,0.0010597251,0.0013799217,0.0006465555,0.0012942776,0.0013378343,0.0011747006,0.0011232696,0.0011830605,0.0009955988,0.0012067893,0.0013615047
13_11332,13_11332.wav,original,13,Handsaw,3,True,Handsaw,Handsaw,False,True,0.000732202,0.0018285835,0.0013769466,0.0008907236,0.0015385648,0.0016561373,0.00090645504,0.0011008595,0.0013676191,0.0011105008,0.0013191993,0.0032024346,0.95490456,0.0019996145,0.0017064865,0.0005560997,0.0019162983,0.0012634788,0.003646615,0.00146636,0.0012088394,0.0012219775,0.0013189901,0.0069201514,0.0016784891,0.0013311105,0.0018307357
13_11334,13_11334.wav,original,13,Handsaw,3,True,Handsaw,Handsaw,False,True,0.00063927984,0.001121744,0.001368571,0.0008108768,0.0010680883,0.0014643003,0.0012525035,0.0012558658,0.0011983969,0.0016580718,0.0007888491,0.0020971699,0.965561,0.0014262929,0.0012826117,0.00058864104,0.001279288,0.0011742054,0.0015801741,0.0012830022,0.0010252964,0.001319393,0.0010760254,0.003350633,0.0013111936,0.0013993309,0.0016192099
13_11337,13_11337.wav,original,13,Handsaw,3,True,Handsaw,Handsaw,False,True,0.0014212495,0.0017506607,0.001619887,0.0011018934,0.0012524942,0.0010667461,0.00071645895,0.0011993982,0.0015453425,0.0018491233,0.0018349908,0.0015873372,0.96425706,0.0018428635,0.001317416,0.0005961168,0.0013184827,0.0015184288,0.0008957144,0.0012158267,0.0012943568,0.0011981265,0.001410927,0.0016232777,0.0011685882,0.0016858972,0.0017112959
13_11337,13_11337.wav,pitch_down_2,13,Handsaw,3,True,Handsaw,Handsaw,False,True,0.0014212495,0.0017506607,0.001619887,0.0011018934,0.0012524942,0.0010667461,0.00071645895,0.0011993982,0.0015453425,0.0018491233,0.0018349908,0.0015873372,0.96425706,0.0018428635,0.001317416,0.0005961168,0.0013184827,0.0015184288,0.0008957144,0.0012158267,0.0012943568,0.0011981265,0.001410927,0.0016232777,0.0011685882,0.0016858972,0.0017112959
13_11338,13_11338.wav,pitch_down_2,13,Handsaw,3,True,Handsaw,Handsaw,False,True,0.0011283518,0.0015642395,0.0017162889,0.0011053565,0.0013926756,0.0012684992,0.00085735385,0.0011258773,0.0013680741,0.0024775472,0.002687841,0.0010942509,0.9620276,0.00215709,0.0016117734,0.0007957183,0.0012655632,0.0015285435,0.0012621292,0.0015381011,0.001391787,0.0011899703,0.0014157105,0.001135012,0.0013573444,0.0016904342,0.0018468192
13_11339,13_11339.wav,pitch_up_2,13,Handsaw,3,True,Handsaw,Handsaw,False,True,0.0008261802,0.0009688795,0.0014001116,0.0007903891,0.0012736097,0.0011599634,0.00043321308,0.0012202283,0.0011531771,0.0030111736,0.0017212633,0.0009796231,0.9659788,0.0015191376,0.0032840865,0.0013254363,0.0009224993,0.0013645942,0.00075103575,0.0018751425,0.0012064058,0.0011765127,0.0011055119,0.0009537204,0.0008936183,0.0016283466,0.0010773543
13_11340,13_11340.wav,pitch_down_2,13,Handsaw,3,True,Handsaw,Handsaw,False,True,0.0009824862,0.0011274162,0.0017472962,0.0015714163,0.0014419816,0.0013429349,0.0011358922,0.0013045989,0.0010887248,0.003104449,0.0021479183,0.0009956207,0.9640178,0.0016615526,0.0016872078,0.00092555134,0.0010526645,0.0013981633,0.0008027468,0.0018458063,0.0012857625,0.0012327718,0.0012538834,0.00088528567,0.0012112403,0.0014935668,0.0012553142
13_11340,13_11340.wav,pitch_up_2,13,Handsaw,3,True,Handsaw,Handsaw,False,True,0.0009824862,0.0011274162,0.0017472962,0.0015714163,0.0014419816,0.0013429349,0.0011358922,0.0013045989,0.0010887248,0.003104449,0.0021479183,0.0009956207,0.9640178,0.0016615526,0.0016872078,0.00092555134,0.0010526645,0.0013981633,0.0008027468,0.0018458063,0.0012857625,0.0012327718,0.0012538834,0.00088528567,0.0012112403,0.0014935668,0.0012553142
13_11344,13_11344.wav,pitch_up_2,13,Handsaw,3,True,Handsaw,Handsaw,False,True,0.0013484765,0.0012231023,0.001549286,0.0020470573,0.0012692163,0.0011478123,0.00095129036,0.001069663,0.001437962,0.0011503386,0.0025941208,0.0013571094,0.96203303,0.0014263797,0.0014451169,0.0010097503,0.0013862057,0.0013318951,0.00078913214,0.0022145754,0.0013785908,0.0013210526,0.001965329,0.0014007348,0.0010872121,0.001438709,0.0026268484
13_11349,13_11349.wav,pitch_up_2,13,Handsaw,3,True,Handsaw,Handsaw,False,True,0.0017307414,0.0010338703,0.0013431618,0.0010348471,0.001434892,0.0011762796,0.0012344341,0.0010435703,0.0010953547,0.0023812347,0.0017420395,0.0011583684,0.9674683,0.0012895734,0.0011987466,0.0010984702,0.0011683678,0.0011930274,0.0010678341,0.0011788971,0.0012791195,0.0009285807,0.0015209913,0.0007750466,0.0010306652,0.001256885,0.0011366123
13_11350,13_11350.wav,pitch_up_2,13,Handsaw,3,True,Handsaw,Handsaw,False,True,0.0013193075,0.0011889245,0.0013598484,0.0011237814,0.0011461027,0.001227274,0.0009508293,0.0011258277,0.0011891379,0.0018726516,0.001452331,0.0009606855,0.96888757,0.001481865,0.0010606676,0.0007554952,0.0012233703,0.0013324412,0.00085558806,0.0014668903,0.0012091682,0.0010238789,0.0013617188,0.0008308852,0.0010981611,0.0012752361,0.0012204065
13_11351,13_11351.wav,pitch_down_2,13,Handsaw,3,True,Handsaw,Handsaw,False,True,0.0011587717,0.0010703427,0.0012179284,0.0009649306,0.001025943,0.0010407026,0.0007891487,0.00095771905,0.001063312,0.0011068914,0.0014898898,0.0011052265,0.97121555,0.0012494777,0.001100879,0.00070585945,0.0011291695,0.0011311435,0.001179024,0.0017620432,0.0011658698,0.00091455766,0.0012252001,0.00078493095,0.0010115221,0.0011796382,0.0012543113
13_11353,13_11353.wav,pitch_down_2,13,Handsaw,3,True,Handsaw,Handsaw,False,True,0.0017135795,0.0010447409,0.0014870964,0.001408151,0.0014950287,0.0013148143,0.002096594,0.0010390683,0.0010204221,0.0025197074,0.0027530456,0.0011792284,0.9625693,0.0013847441,0.0014187763,0.001030746,0.0013183033,0.0016688717,0.001790261,0.0008002121,0.0014951337,0.0010256218,0.0014600299,0.0006930021,0.001374715,0.0015553465,0.001343492
13_11353,13_11353.wav,pitch_up_2,13,Handsaw,3,True,Handsaw,Handsaw,False,True,0.0017135795,0.0010447409,0.0014870964,0.001408151,0.0014950287,0.0013148143,0.002096594,0.0010390683,0.0010204221,0.0025197074,0.0027530456,0.0011792284,0.9625693,0.0013847441,0.0014187763,0.001030746,0.0013183033,0.0016688717,0.001790261,0.0008002121,0.0014951337,0.0010256218,0.0014600299,0.0006930021,0.001374715,0.0015553465,0.001343492
13_11354,13_11354.wav,pitch_up_2,13,Handsaw,3,True,Handsaw,Handsaw,False,True,0.0012721288,0.001247536,0.0012344819,0.0009256547,0.0014772011,0.0012811105,0.0013272899,0.00119627,0.001092428,0.001687992,0.0032205824,0.00092734833,0.9650108,0.0013255915,0.0013702079,0.0010065337,0.0015313708,0.0015943652,0.0014369461,0.00089038233,0.0016091455,0.0013221004,0.0014248751,0.00079430034,0.0011453558,0.0013596145,0.0012883567
13_11358,13_11358.wav,pitch_down_2,13,Handsaw,3,True,Handsaw,Handsaw,False,True,0.00077208393,0.0014176705,0.0011925626,0.0016716019,0.00074039074,0.0011699279,0.0014767622,0.00085915625,0.0013714175,0.0018067205,0.0048402534,0.0020818484,0.95276785,0.0013058446,0.0018517527,0.00074067345,0.0011959282,0.0012995045,0.00034152847,0.001030389,0.0023692932,0.002033859,0.00705737,0.002788199,0.0025969914,0.0021284537,0.0010920105
13_11358,13_11358.wav,pitch_up_2,13,Handsaw,3,True,Handsaw,Handsaw,False,True,0.00077208393,0.0014176705,0.0011925626,0.0016716019,0.00074039074,0.0011699279,0.0014767622,0.00085915625,0.0013714175,0.0018067205,0.0048402534,0.0020818484,0.95276785,0.0013058446,0.0018517527,0.00074067345,0.0011959282,0.0012995045,0.00034152847,0.001030389,0.0023692932,0.002033859,0.00705737,0.002788199,0.0025969914,0.0021284537,0.0010920105
13_11359,13_11359.wav,pitch_down_2,13,Handsaw,3,True,Handsaw,Handsaw,False,True,0.00038225646,0.0021212827,0.00087544584,0.001180135,0.0007548751,0.00048782627,0.001249929,0.00091788097,0.0006797702,0.0062180883,0.00084895577,0.0014284517,0.96937585,0.00077600783,0.0008066466,0.0007308538,0.0007429777,0.0016298391,0.0016626738,0.0007343536,0.0007851092,0.001102696,0.0012816633,0.00045404397,0.00087736826,0.001013891,0.00088114076
13_11362,13_11362.wav,pitch_up_2,13,Handsaw,3,True,Handsaw,Handsaw,False,True,0.00053652184,0.002909324,0.0014195099,0.0022750117,0.0009880875,0.00080368295,0.0021626758,0.0010832011,0.0007420857,0.0027795911,0.0005902835,0.0014986926,0.9664662,0.00086429185,0.00076718995,0.0005895983,0.0011581135,0.0011158985,0.0010822016,0.0014397927,0.0011425036,0.0015038823,0.0009554315,0.0009327458,0.00085258414,0.00091858924,0.002422218
13_11363,13_11363.wav,pitch_down_2,13,Handsaw,3,True,Handsaw,Handsaw,False,True,0.00044921887,0.0021842557,0.0010774476,0.0022363828,0.0009048588,0.0005987703,0.0025337038,0.0011340537,0.0005498465,0.0052280743,0.00080721825,0.0014164167,0.9666223,0.0009138305,0.00087684864,0.00040977265,0.0008465897,0.0013492984,0.001330823,0.00084699754,0.00083183736,0.001368994,0.001713131,0.0005568304,0.0012740083,0.0009144443,0.0010240359
13_11367,13_11367.wav,pitch_up_2,13,Handsaw,3,True,Handsaw,Handsaw,False,True,0.00031859335,0.0023857637,0.0010703332,0.0014741806,0.00065643346,0.0010625685,0.0062803538,0.00095940736,0.0010088971,0.0036089867,0.0029385844,0.001468495,0.9619666,0.000754596,0.0014358172,0.00045567486,0.0009611783,0.0008926612,0.00073838903,0.00078417035,0.0010945568,0.0014364956,0.0025804334,0.0008193126,0.0014426041,0.0010189894,0.00038591327
13_11368,13_11368.wav,original,13,Handsaw,3,True,Handsaw,Handsaw,False,True,0.00056552235,0.00072776753,0.0013884148,0.004852479,0.0010600514,0.0006365917,0.0018901052,0.0008051889,0.0008737316,0.0018919929,0.0011047971,0.0017866393,0.9633014,0.0010523763,0.0012616367,0.0011552814,0.0009942065,0.0030671025,0.00078099483,0.00088544114,0.0007996767,0.001073904,0.0011383487,0.0030520791,0.001166131,0.0012363816,0.0014517116
13_11373,13_11373.wav,pitch_up_2,13,Handsaw,3,True,Handsaw,Handsaw,False,True,0.00042761234,0.00081855705,0.0019005439,0.00534975,0.0011807347,0.0013118653,0.0013971824,0.00095597777,0.0009142058,0.0016323241,0.0012704618,0.0015275824,0.96284825,0.00070981425,0.0011724423,0.0013101433,0.0009915938,0.0010738253,0.001955286,0.0008743832,0.00048484284,0.0018696127,0.0011654607,0.003516753,0.00076317205,0.0011647482,0.0014128363
13_11374,13_11374.wav,pitch_down_2,13,Handsaw,3,True,Handsaw,Handsaw,False,True,0.0019937078,0.06751207,0.015212439,0.0058881803,0.00742205,0.0035826361,0.011869039,0.0024369524,0.005791731,0.0055300444,0.005636718,0.005636856,0.72778106,0.006951096,0.007971711,0.002014568,0.005510805,0.005514227,0.031297777,0.019541813,0.0031296264,0.004976736,0.014999855,0.015626177,0.005234728,0.0043720007,0.006565472
13_11374,13_11374.wav,pitch_up_2,13,Handsaw,3,True,Handsaw,Handsaw,False,True,0.0019937078,0.06751207,0.015212439,0.0058881803,0.00742205,0.0035826361,0.011869039,0.0024369524,0.005791731,0.0055300444,0.005636718,0.005636856,0.72778106,0.006951096,0.007971711,0.002014568,0.005510805,0.005514227,0.031297777,0.019541813,0.0031296264,0.004976736,0.014999855,0.015626177,0.005234728,0.0043720007,0.006565472
13_11375,13_11375.wav,pitch_up_2,13,Handsaw,3,True,Handsaw,Handsaw,False,True,0.00029449214,0.007052779,0.0014355155,0.0012214524,0.0006725031,0.0008180639,0.0035689634,0.0008637761,0.0014318359,0.002343736,0.0010078261,0.0013147722,0.9610112,0.0014397692,0.0012972107,0.00033536123,0.0013027556,0.0011371899,0.0013074488,0.001214523,0.0009769241,0.0011666975,0.0029185389,0.0013939706,0.0008016928,0.0009789084,0.0006921382
14_11402,14_11402.wav,pitch_up_2,14,Firework,3,True,Firework,Firework,False,True,0.0019491563,0.0021356568,0.027932823,0.0031444223,0.001134277,0.0014264038,0.0011920645,0.0016949736,0.0013838442,0.001028655,0.0011384292,0.0013702083,0.00189886,0.9309065,0.0012108759,0.0016193917,0.0021659646,0.0013596392,0.0016269516,0.0014495183,0.0012693055,0.0019472853,0.0012448794,0.0031882797,0.001156924,0.001731279,0.0016934549
14_11403,14_11403.wav,pitch_down_2,14,Firework,3,True,Firework,Firework,False,True,0.0011486746,0.0013863792,0.0018927292,0.0020945808,0.00097422063,0.0012089773,0.0005871661,0.0010748752,0.0012559068,0.0012126985,0.0007223315,0.0016679107,0.0012563444,0.9669308,0.0023785238,0.0011491994,0.0013034316,0.0011481368,0.0008221464,0.0007815654,0.001152126,0.0009426161,0.001598575,0.0012582416,0.0010414567,0.0013370543,0.0016733115
14_11404,14_11404.wav,pitch_down_2,14,Firework,3,True,Firework,Firework,False,True,0.00086878025,0.0012417472,0.0054993476,0.0017246315,0.0009106722,0.0015071229,0.0007198151,0.0015962588,0.0011709369,0.0013581853,0.002378273,0.0015121402,0.0014987959,0.9505089,0.0016938265,0.0016027399,0.0014584512,0.0011200724,0.0023747243,0.0011883635,0.0012131523,0.0015493451,0.0015090894,0.0013810681,0.008568092,0.0016551254,0.0021902744
14_11404,14_11404.wav,pitch_up_2,14,Firework,3,True,Firework,Firework,False,True,0.00086878025,0.0012417472,0.0054993476,0.0017246315,0.0009106722,0.0015071229,0.0007198151,0.0015962588,0.0011709369,0.0013581853,0.002378273,0.0015121402,0.0014987959,0.9505089,0.0016938265,0.0016027399,0.0014584512,0.0011200724,0.0023747243,0.0011883635,0.0012131523,0.0015493451,0.0015090894,0.0013810681,0.008568092,0.0016551254,0.0021902744
14_11405,14_11405.wav,pitch_down_2,14,Firework,3,True,Firework,Firework,False,True,0.001069916,0.0018915682,0.0045108665,0.002118768,0.0010414516,0.0009905313,0.0006029911,0.0012389739,0.0011430768,0.0012881281,0.0010394055,0.0017129,0.0016057882,0.96368665,0.0011520992,0.0014378852,0.0011499964,0.0011660339,0.0009507861,0.0011096966,0.0013900577,0.0017304718,0.0012344137,0.0009551112,0.0013849325,0.0010539879,0.0013435526
14_11408,14_11408.wav,pitch_down_2,14,Firework,3,True,Firework,Firework,False,True,0.0011932474,0.0012255501,0.0014098879,0.001280088,0.000858882,0.0011932426,0.0012908421,0.0011476584,0.0012986386,0.0011136675,0.0013549553,0.0011194315,0.0010558255,0.9702582,0.0007742557,0.0008608201,0.0011490579,0.001252816,0.00094374764,0.00093805435,0.0011354085,0.0014165649,0.001244947,0.00058976165,0.0013220889,0.0010446244,0.0015278077
14_11409,14_11409.wav,pitch_down_2,14,Firework,3,True,Firework,Firework,False,True,0.0011720891,0.00093257846,0.0007398741,0.0010994346,0.00078548276,0.0010394609,0.001978839,0.0008975854,0.0011177965,0.0008395961,0.0012825964,0.0009206629,0.0010693227,0.9718654,0.00065839424,0.00070370006,0.0011274285,0.0015138577,0.0013966105,0.0008082145,0.0009668595,0.001222897,0.001126193,0.001157494,0.0012650102,0.00095208356,0.001360489
14_11410,14_11410.wav,original,14,Firework,3,True,Firework,Firework,False,True,0.0015732446,0.0010395935,0.0037555061,0.0016606211,0.0007114049,0.0013551569,0.0022384322,0.0010067608,0.0009737318,0.0013990077,0.00097161956,0.0011506741,0.0009300741,0.96460676,0.0009391031,0.0010269476,0.0012361273,0.0014535579,0.0013657346,0.0014223391,0.0012347188,0.0009490662,0.0009574636,0.00085087755,0.0011823296,0.0009042765,0.0031048448
14_11414,14_11414.wav,pitch_down_2,14,Firework,3,True,Firework,Firework,False,True,0.0039365217,0.0027686674,0.17742169,0.0042116023,0.0023219457,0.0032783889,0.002880458,0.0030014913,0.0031112034,0.0035683922,0.0025160005,0.0032986582,0.0034998555,0.7421329,0.00313593,0.0037958778,0.0037499033,0.0030242756,0.0024164927,0.0031655289,0.0031540918,0.003933064,0.003457037,0.0022114085,0.0034620196,0.0029001937,0.00364648
14_11414,14_11414.wav,pitch_up_2,14,Firework,3,True,Firework,Firework,False,True,0.0039365217,0.0027686674,0.17742169,0.0042116023,0.0023219457,0.0032783889,0.002880458,0.0030014913,0.0031112034,0.0035683922,0.0025160005,0.0032986582,0.0034998555,0.7421329,0.00313593,0.0037958778,0.0037499033,0.0030242756,0.0024164927,0.0031655289,0.0031540918,0.003933064,0.003457037,0.0022114085,0.0034620196,0.0029001937,0.00364648
14_11415,14_11415.wav,pitch_down_2,14,Firework,3,True,Firework,Firework,False,True,0.0009916985,0.0012130782,0.0065534567,0.0015970158,0.00093322695,0.0014211544,0.0007225231,0.0016082386,0.001652996,0.0022258454,0.0017586412,0.0022350848,0.001574163,0.95424503,0.0024237798,0.0020295843,0.0014565691,0.0012364633,0.0017012657,0.0008106167,0.0014697401,0.0013145357,0.0020471762,0.0008840125,0.0024987673,0.0014555646,0.001939781
14_11416,14_11416.wav,pitch_down_2,14,Firework,3,True,Firework,Firework,False,True,0.0010870243,0.0011027291,0.0028054193,0.0013101316,0.0012145718,0.0013150786,0.0014983937,0.001354697,0.0019045994,0.0010793401,0.0013115968,0.0011661429,0.001916407,0.96489364,0.0008624903,0.0008186709,0.0013534209,0.0013294589,0.0013109613,0.0010310136,0.0014230711,0.0016598349,0.0013695039,0.0010666504,0.0011626264,0.00096527254,0.0016872563
14_11417,14_11417.wav,pitch_up_2,14,Firework,3,True,Firework,Firework,False,True,0.0014161887,0.0024464666,0.00096420996,0.0019900142,0.0015183063,0.0011535771,0.00078624644,0.0017208629,0.0014480259,0.0011968355,0.0013627134,0.0015126868,0.002106163,0.9592354,0.002933264,0.0006265487,0.0014977151,0.0015818056,0.003259428,0.0022032151,0.0010942138,0.0015375088,0.0010512698,0.00089556986,0.0017103794,0.0012947498,0.0014566485
14_11419,14_11419.wav,original,14,Firework,3,True,Firework,Firework,False,True,0.0012510581,0.0017336124,0.0012749861,0.0016835574,0.0010211925,0.00093226624,0.00084039243,0.0011063708,0.0010357817,0.0016422016,0.0012309278,0.0010719458,0.0019256026,0.96722245,0.0017605902,0.0008953091,0.0011849231,0.0012422405,0.0009444673,0.0010215482,0.0012393865,0.0012573134,0.0012743172,0.0012178621,0.0016662901,0.0010568601,0.0012665975
14_11420,14_11420.wav,original,14,Firework,3,True,Firework,Firework,False,True,0.0012468371,0.002081514,0.00073186867,0.0014483883,0.00094505906,0.0016252127,0.00054273516,0.0014301329,0.0016675201,0.003434437,0.0012475009,0.0014989912,0.001404988,0.9640743,0.0011378803,0.0016192868,0.0010891884,0.0012609706,0.00097196613,0.0012438445,0.0013982579,0.0013243459,0.0014075418,0.00090298784,0.0016645527,0.0011572085,0.0014424444
14_11422,14_11422.wav,pitch_up_2,14,Firework,3,True,Firework,Firework,False,True,0.0009424849,0.0019929039,0.0026421936,0.0014515674,0.00085825333,0.0013309008,0.00060141954,0.0010555248,0.0012087948,0.00081734214,0.0011040698,0.001008351,0.0011196391,0.96781653,0.001623739,0.0012729099,0.0010522032,0.0016576834,0.00065806555,0.0010419915,0.0012600349,0.0012399988,0.0013343113,0.0009752237,0.0012235423,0.0011360048,0.0015743971
14_11424,14_11424.wav,pitch_up_2,14,Firework,3,True,Firework,Firework,False,True,0.00093777734,0.0015427861,0.0015140238,0.0014871197,0.0015673129,0.0011076764,0.0010317067,0.0012463665,0.0014738509,0.0009721487,0.0024662788,0.0011269992,0.001749984,0.9641895,0.0016573719,0.0009863405,0.0012488016,0.0013918643,0.000954934,0.0017012116,0.0013597399,0.001634787,0.0012630081,0.0009483676,0.0015057912,0.0012138298,0.0017203875
14_11425,14_11425.wav,pitch_down_2,14,Firework,3,True,Firework,Firework,False,True,0.0009688416,0.0014227723,0.002727892,0.0017032553,0.0012524786,0.0011284827,0.0009287637,0.0014385884,0.0013480755,0.0011948999,0.0017346293,0.0011335463,0.0016993232,0.9633348,0.0014838352,0.0009803558,0.0012848425,0.0014803251,0.0013204184,0.0010595673,0.001309323,0.0015808577,0.0015673606,0.0008332431,0.0019414574,0.0012653699,0.0018766586
14_11427,14_11427.wav,original,14,Firework,3,True,Firework,Firework,False,True,0.001695434,0.0015738247,0.0011743673,0.0014022616,0.001365698,0.0012480438,0.0020936907,0.0014037011,0.0021468801,0.0026391977,0.0020994267,0.0009476594,0.0015448743,0.95328623,0.0029045453,0.0008036645,0.0019395142,0.0023352418,0.0028580024,0.0021698193,0.00185439,0.0016049091,0.001450954,0.0014834503,0.001827492,0.0019170796,0.0022296947
14_11429,14_11429.wav,original,14,Firework,3,True,Firework,Firework,False,True,0.0012149251,0.0017037904,0.00094642583,0.0014261627,0.00089200883,0.0014221926,0.0014947328,0.0011213067,0.0012416056,0.001962562,0.0014564792,0.0019690527,0.0013556294,0.9673593,0.000640765,0.0011993229,0.0012215021,0.001259816,0.0005670588,0.0009151623,0.001135561,0.0016942304,0.0013242938,0.0007874712,0.0010824875,0.0011932431,0.0014129021
14_11430,14_11430.wav,pitch_down_2,14,Firework,3,True,Firework,Firework,False,True,0.0014122534,0.0019567914,0.0011209295,0.0014235163,0.0009706276,0.0011759825,0.00083964,0.0018127492,0.001702283,0.0012540314,0.0016151405,0.0018681213,0.0012574295,0.96494406,0.0015106854,0.0014111124,0.0012910725,0.0010837656,0.0005881038,0.001007926,0.001710239,0.0018251579,0.0014174269,0.0008027682,0.0012515484,0.0013226011,0.0014240845
14_11431,14_11431.wav,pitch_down_2,14,Firework,3,True,Firework,Firework,False,True,0.0009869543,0.0020025999,0.0022054398,0.0014193058,0.0012637278,0.0012455592,0.00093265966,0.0013663564,0.0015948191,0.0008328363,0.0015192804,0.0014201169,0.0018650601,0.96359843,0.001374993,0.0007768269,0.0013409652,0.0015011295,0.0013598143,0.001491095,0.0013803818,0.001728051,0.0013809483,0.0012564777,0.0011972365,0.0011360239,0.0018228834
14_11433,14_11433.wav,original,14,Firework,3,True,Firework,Firework,False,True,0.0017013518,0.0027491972,0.0068085957,0.00224114,0.0011742618,0.0013253246,0.00076460646,0.001977829,0.001464548,0.0016547638,0.0012600633,0.0018787676,0.0021160634,0.953293,0.0014699412,0.0019107433,0.0015293957,0.0014866963,0.0008780055,0.0013153757,0.0019104056,0.00209416,0.0014645053,0.0011759029,0.0015287143,0.0012383914,0.0015882103
14_11438,14_11438.wav,pitch_down_2,14,Firework,3,True,Firework,Firework,False,True,0.0068651135,0.0040674466,0.0033640722,0.0022733428,0.002777,0.0020442843,0.0044664736,0.001638594,0.002737234,0.0019821485,0.0020905465,0.0024273715,0.0051074172,0.9096387,0.0024404756,0.0011910087,0.0022898142,0.0020955347,0.0013014443,0.004195737,0.0026752052,0.0026330051,0.0029024908,0.018590858,0.0029259592,0.0019519267,0.003326828
14_11439,14_11439.wav,pitch_down_2,14,Firework,3,True,Firework,Firework,False,True,0.00070857053,0.0012873866,0.0006077756,0.0017403666,0.0008409705,0.0011184559,0.000519749,0.0013816116,0.0014517732,0.0012046354,0.0011733319,0.0009855556,0.0015211408,0.9705762,0.0015537728,0.0010613153,0.0009774734,0.0013781668,0.0012816988,0.0011311827,0.0011856301,0.0009508194,0.0010844393,0.0008933979,0.0012664228,0.0010759021,0.0010421962
14_11440,14_11440.wav,pitch_up_2,14,Firework,3,True,Firework,Firework,False,True,0.0017878423,0.0017369281,0.0014968729,0.0028840008,0.0013758568,0.0020865723,0.0009134098,0.0020542257,0.0020575204,0.06813923,0.003077979,0.002136899,0.0021052368,0.8790307,0.0047712396,0.0022985407,0.0021676926,0.0026384976,0.0018768711,0.001569874,0.0013415735,0.002231964,0.0019526388,0.00095212756,0.0024068647,0.0021684093,0.0027404234
14_11441,14_11441.wav,pitch_up_2,14,Firework,3,True,Firework,Firework,False,True,0.0021979182,0.0020196065,0.00093141105,0.0024338148,0.001324847,0.0017793748,0.0022289052,0.0015790686,0.0018624178,0.0058420864,0.0015125206,0.0016127201,0.0022004077,0.9505553,0.0014716028,0.0007451524,0.0018110579,0.0019937668,0.002450451,0.0024887964,0.0014357083,0.0017563141,0.0015984044,0.0009610704,0.001715781,0.0017321525,0.0017592409
14_11442,14_11442.wav,pitch_down_2,14,Firework,3,True,Firework,Firework,False,True,0.0007862999,0.0016992851,0.0010235232,0.001315233,0.0010906042,0.0011908066,0.00069310045,0.0015435609,0.0017721931,0.0010691443,0.0014475874,0.0011630591,0.0015105681,0.9675705,0.0018290379,0.0008013951,0.0012878241,0.0013212021,0.0010676859,0.0011794697,0.0012578708,0.0014733197,0.00121174,0.00094138976,0.0013885481,0.0009693045,0.0013956669
14_11444,14_11444.wav,pitch_down_2,14,Firework,3,True,Firework,Firework,False,True,0.0013682939,0.0017368257,0.001968312,0.0015510338,0.0012145176,0.0011325484,0.0024170869,0.0013976824,0.0013289084,0.0017081854,0.0015532944,0.0010604019,0.004095394,0.95694345,0.0011382834,0.0009582878,0.0015901461,0.0015342181,0.0012096422,0.0016562842,0.0017661055,0.0021073504,0.0018648516,0.0018598806,0.0016558529,0.0014739428,0.0017092434
14_11446,14_11446.wav,pitch_down_2,14,Firework,3,True,Firework,Firework,False,True,0.0008248375,0.0024455762,0.00068182475,0.0010639714,0.001101646,0.0010379598,0.00061613525,0.0010356227,0.0022332938,0.0010388603,0.0013555515,0.0012738284,0.0015446491,0.9669326,0.0016496255,0.0006575913,0.0012097842,0.0014542616,0.0016855383,0.0014537257,0.0011422192,0.0011801008,0.0010954421,0.001219919,0.001360807,0.0009795966,0.0017249789
14_11448,14_11448.wav,pitch_down_2,14,Firework,3,True,Firework,Firework,False,True,0.00073248666,0.0008781837,0.0023314685,0.001948834,0.0015049832,0.0008461923,0.0009155327,0.002389224,0.0012587218,0.0012904772,0.0015135828,0.0017473163,0.0012841234,0.96165603,0.004300979,0.0013824449,0.0011975492,0.0008725927,0.0013310738,0.0008623251,0.0009600054,0.0013753781,0.0016172557,0.0010182856,0.002266741,0.0011953046,0.0013230155
14_11449,14_11449.wav,pitch_up_2,14,Firework,3,True,Firework,Firework,False,True,0.0007431561,0.0025563517,0.0005549852,0.0011327602,0.00087799464,0.0009224476,0.0006874562,0.00091743056,0.0015977734,0.0014228136,0.0011437202,0.00092563056,0.0012032335,0.9694372,0.0011547583,0.0007196108,0.001126891,0.0014378112,0.0012523582,0.0017616133,0.0012852891,0.001199522,0.0010869374,0.0009338728,0.0014771922,0.0010376927,0.0014035306
14_11451,14_11451.wav,pitch_down_2,14,Firework,3,True,Firework,Firework,False,True,0.0013046507,0.0022981577,0.004304601,0.0022933735,0.0022647027,0.0012804661,0.0011549568,0.0010636492,0.001447964,0.0021576819,0.0012832308,0.001485344,0.0026039563,0.95553756,0.0025400599,0.0017069328,0.001246336,0.0011106805,0.0008872201,0.0016894696,0.0015748577,0.0017010312,0.0012505894,0.0010441776,0.0018942244,0.0017915446,0.0010825394
14_11451,14_11451.wav,pitch_up_2,14,Firework,3,True,Firework,Firework,False,True,0.0013046507,0.0022981577,0.004304601,0.0022933735,0.0022647027,0.0012804661,0.0011549568,0.0010636492,0.001447964,0.0021576819,0.0012832308,0.001485344,0.0026039563,0.95553756,0.0025400599,0.0017069328,0.001246336,0.0011106805,0.0008872201,0.0016894696,0.0015748577,0.0017010312,0.0012505894,0.0010441776,0.0018942244,0.0017915446,0.0010825394
14_11452,14_11452.wav,pitch_down_2,14,Firework,3,True,Firework,Firework,False,True,0.00080864923,0.0012776278,0.001015585,0.0016490162,0.00077198376,0.0010099063,0.00073441165,0.0010099757,0.0015221055,0.0012114187,0.0012382339,0.0010475932,0.0015670558,0.97093683,0.0006977872,0.0009663327,0.0010146719,0.0012776856,0.00093268504,0.0008690893,0.0012967958,0.0013329434,0.0012654698,0.00082550483,0.0012933876,0.00095264177,0.00147465
14_11455,14_11455.wav,pitch_down_2,14,Firework,3,True,Firework,Firework,False,True,0.0011042017,0.0018230695,0.002243707,0.001268306,0.0008059813,0.0012617988,0.0011754893,0.0019983738,0.0009773051,0.0012043462,0.0013167886,0.0014636662,0.0013168431,0.96509475,0.0008466981,0.0011619803,0.0012562443,0.0014246305,0.00076236104,0.0012602699,0.0013387669,0.0015273388,0.0012949334,0.0018800609,0.0015692528,0.0011694807,0.0014532884
14_11456,14_11456.wav,pitch_down_2,14,Firework,3,True,Firework,Firework,False,True,0.0008188491,0.0016864073,0.00090031856,0.0014711194,0.00056451507,0.0010140591,0.0008272605,0.0017407989,0.0010906112,0.0010383925,0.0011169525,0.0017520562,0.0013261037,0.96912026,0.0007972656,0.0011593293,0.0010708743,0.0011174871,0.00076242693,0.0010265649,0.001309309,0.001402513,0.0013910147,0.0016137928,0.0015967215,0.0010947101,0.001190307
14_11456,14_11456.wav,pitch_up_2,14,Firework,3,True,Firework,Firework,False,True,0.0008188491,0.0016864073,0.00090031856,0.0014711194,0.00056451507,0.0010140591,0.0008272605,0.0017407989,0.0010906112,0.0010383925,0.0011169525,0.0017520562,0.0013261037,0.96912026,0.0007972656,0.0011593293,0.0010708743,0.0011174871,0.00076242693,0.0010265649,0.001309309,0.001402513,0.0013910147,0.0016137928,0.0015967215,0.0010947101,0.001190307
14_11457,14_11457.wav,pitch_up_2,14,Firework,3,True,Firework,Firework,False,True,0.0010867802,0.002819772,0.0013632873,0.0015213214,0.00090862316,0.0013212101,0.001302401,0.0016615554,0.0014348546,0.0016651318,0.0014993885,0.0017237385,0.0011823624,0.9588518,0.0027858021,0.0010644573,0.0013569667,0.0015311936,0.0011843583,0.0014185068,0.0016385033,0.0015933298,0.0013215673,0.0029161295,0.0019240305,0.0014480735,0.0014748512
14_11460,14_11460.wav,original,14,Firework,3,True,Firework,Firework,False,True,0.0014267061,0.0011837658,0.00066312315,0.0008402504,0.0009918548,0.000955802,0.0016988544,0.0012272293,0.0010209549,0.0012920508,0.0009518507,0.0008343395,0.0014521801,0.9701982,0.0005190761,0.00075184257,0.0011393131,0.0011964366,0.001987432,0.0009669566,0.0012016688,0.0012303065,0.0013515801,0.0016808716,0.0009846971,0.0009663978,0.0012862193
14_11460,14_11460.wav,pitch_up_2,14,Firework,3,True,Firework,Firework,False,True,0.0014267061,0.0011837658,0.00066312315,0.0008402504,0.0009918548,0.000955802,0.0016988544,0.0012272293,0.0010209549,0.0012920508,0.0009518507,0.0008343395,0.0014521801,0.9701982,0.0005190761,0.00075184257,0.0011393131,0.0011964366,0.001987432,0.0009669566,0.0012016688,0.0012303065,0.0013515801,0.0016808716,0.0009846971,0.0009663978,0.0012862193
14_11464,14_11464.wav,pitch_down_2,14,Firework,3,True,Firework,Firework,False,True,0.0008245251,0.0017115069,0.004389697,0.0022416092,0.0007548954,0.002290623,0.0009528562,0.0010929802,0.0018758546,0.001443101,0.001199292,0.0036565645,0.0013601488,0.94372344,0.002012558,0.0017086122,0.0018364963,0.013444219,0.00094845664,0.0010683354,0.0011935426,0.001547953,0.0023015568,0.0013552518,0.0021719185,0.0010259895,0.001868058
14_11467,14_11467.wav,pitch_down_2,14,Firework,3,True,Firework,Firework,False,True,0.0011441024,0.0011225952,0.0010650634,0.0013508423,0.0012355022,0.00092454115,0.00050003064,0.0012521095,0.0011052549,0.0011450503,0.0011554863,0.0012580812,0.0018391808,0.97003585,0.0015691636,0.0010608418,0.0012141252,0.0009887989,0.00078575924,0.000748674,0.0009348945,0.0011749204,0.0010330862,0.0017415312,0.0012866355,0.0009534128,0.0013744064
14_11471,14_11471.wav,pitch_up_2,14,Firework,3,True,Firework,Firework,False,True,0.0020023535,0.003916011,0.077040255,0.0026235264,0.0024674681,0.0020557896,0.00073954434,0.0021893687,0.0021970423,0.0017780246,0.002583326,0.0020569128,0.002916528,0.8658038,0.005001604,0.0025006298,0.0021183307,0.002036526,0.001897091,0.0017589213,0.0018227348,0.002641388,0.0017418455,0.0017316506,0.0017560559,0.002494125,0.002129121
14_11472,14_11472.wav,original,14,Firework,3,True,Firework,Firework,False,True,0.00080575165,0.0017756087,0.0005364825,0.0011037075,0.0012101008,0.0011264457,0.00043658,0.0012511206,0.0018628513,0.0012838911,0.0012363672,0.0014049938,0.0027624692,0.963734,0.0027915733,0.0009977059,0.0012136012,0.0013376707,0.001896664,0.001192415,0.0012002941,0.0011860427,0.001059384,0.0022966042,0.0015765248,0.0010733558,0.0016478511
15_11501,15_11501.wav,pitch_down_2,15,Gunshot,3,True,Gunshot,Gunshot,False,True,0.0012963958,0.0014878999,0.0012256205,0.00068235723,0.001372531,0.0008981544,0.000947813,0.0016754948,0.0016044639,0.004768331,0.0009816019,0.00092152273,0.0017254604,0.0030702401,0.9580927,0.0033839836,0.0014575442,0.00094733894,0.000992923,0.0010619705,0.0032572846,0.001277233,0.0013236393,0.0017560221,0.0012024782,0.0012356265,0.0013533953
15_11503,15_11503.wav,pitch_down_2,15,Gunshot,3,True,Gunshot,Gunshot,False,True,0.0011902433,0.00094725104,0.0014738793,0.0016420939,0.0023292932,0.0015934658,0.0015487926,0.0016939002,0.0017762912,0.0017914753,0.0014493144,0.0014649195,0.0019215256,0.01489848,0.93358773,0.0018968993,0.0019061699,0.0017250661,0.0030708339,0.0070309043,0.0019901034,0.0016612131,0.0013899565,0.0025864346,0.0032384899,0.0022960417,0.0018992526
15_11503,15_11503.wav,pitch_up_2,15,Gunshot,3,True,Gunshot,Gunshot,False,True,0.0011902433,0.00094725104,0.0014738793,0.0016420939,0.0023292932,0.0015934658,0.0015487926,0.0016939002,0.0017762912,0.0017914753,0.0014493144,0.0014649195,0.0019215256,0.01489848,0.93358773,0.0018968993,0.0019061699,0.0017250661,0.0030708339,0.0070309043,0.0019901034,0.0016612131,0.0013899565,0.0025864346,0.0032384899,0.0022960417,0.0018992526
15_11504,15_11504.wav,pitch_down_2,15,Gunshot,3,True,WingFlaping,WingFlaping,False,False,0.0031369852,0.0038596457,0.007022176,0.0088260425,0.009867073,0.004209604,0.0028681045,0.0032210797,0.0052830675,0.0028636388,0.0049004727,0.0059796334,0.009718719,0.017323265,0.3521459,0.020547396,0.010715873,0.0061763865,0.0066146986,0.012463686,0.0148633495,0.0035116097,0.007956591,0.46072546,0.004270473,0.005312763,0.0056162938
15_11504,15_11504.wav,pitch_up_2,15,Gunshot,3,True,WingFlaping,WingFlaping,False,False,0.0031369852,0.0038596457,0.007022176,0.0088260425,0.009867073,0.004209604,0.0028681045,0.0032210797,0.0052830675,0.0028636388,0.0049004727,0.0059796334,0.009718719,0.017323265,0.3521459,0.020547396,0.010715873,0.0061763865,0.0066146986,0.012463686,0.0148633495,0.0035116097,0.007956591,0.46072546,0.004270473,0.005312763,0.0056162938
15_11506,15_11506.wav,original,15,Gunshot,3,True,Gunshot,Gunshot,False,True,0.0006301498,0.00057295244,0.0007961818,0.0013560457,0.00090326805,0.0009128446,0.0008177664,0.0009437105,0.0009995642,0.0014419883,0.0007165354,0.0007633494,0.0012259952,0.0027337808,0.9714673,0.00072559755,0.00092602725,0.00075695926,0.0008290823,0.0020248827,0.0009697252,0.00097654056,0.000986339,0.0015916764,0.0017133476,0.0011204091,0.0010978809
15_11507,15_11507.wav,pitch_down_2,15,Gunshot,3,True,Gunshot,Gunshot,False,True,0.0008620922,0.00067672326,0.0010045987,0.0008875332,0.001467401,0.00085975934,0.000591757,0.0009547484,0.0010388291,0.0005083644,0.0013621221,0.0025561277,0.0009634066,0.0038738328,0.97077507,0.0009174808,0.0008150873,0.0008827326,0.00064416905,0.0014056478,0.0013601751,0.0010990283,0.0007661339,0.0007847443,0.0010786483,0.0010454366,0.000818348
15_11512,15_11512.wav,pitch_down_2,15,Gunshot,3,True,Gunshot,Gunshot,False,True,0.0010659605,0.0008279727,0.0012873745,0.0010727193,0.0011226727,0.0011091826,0.0011438894,0.0012874758,0.001816468,0.0010838754,0.001320732,0.0009948583,0.001086217,0.0006555712,0.9633293,0.0010571339,0.0011935577,0.0011292879,0.0017972771,0.006006842,0.0017116488,0.0015123272,0.0010758896,0.00096249516,0.0016144818,0.0017060322,0.0010287436
15_11514,15_11514.wav,pitch_down_2,15,Gunshot,3,True,Gunshot,Gunshot,False,True,0.001314174,0.001280252,0.0010918374,0.00083261775,0.001795624,0.0009802049,0.0005779181,0.0011496678,0.0014092339,0.00059213355,0.0012233749,0.0015720961,0.0016694992,0.00372721,0.96536,0.0010088837,0.0011933414,0.0013105565,0.00093643327,0.0010128174,0.00216335,0.0012264877,0.00095144956,0.0016491995,0.0015363571,0.0014390034,0.0009962072
15_11516,15_11516.wav,pitch_up_2,15,Gunshot,3,True,Gunshot,Gunshot,False,True,0.00122989,0.0021158764,0.016367173,0.0014188165,0.0021898884,0.0024499306,0.002246865,0.0026239157,0.0022196386,0.0007263941,0.0009847471,0.002145064,0.0016737576,0.0046859104,0.9412984,0.0011820244,0.0010577132,0.0012217133,0.0014666925,0.0013159247,0.0015335754,0.00122445,0.000947328,0.0012461504,0.0013862917,0.0018017854,0.0012400416
15_11517,15_11517.wav,pitch_down_2,15,Gunshot,3,True,Gunshot,Gunshot,False,True,0.0014104844,0.0012761537,0.0014922302,0.0012899976,0.0022524537,0.0011777923,0.0016263379,0.0018124375,0.002295656,0.0013372643,0.0013283277,0.0011420473,0.0017502279,0.019812772,0.93914294,0.0014327554,0.0020264974,0.001205299,0.0016591597,0.00094472786,0.002681611,0.0018590447,0.0017847907,0.0015124307,0.002340697,0.0019786812,0.0014272062
15_11518,15_11518.wav,original,15,Gunshot,3,True,Gunshot,Gunshot,False,True,0.0008282051,0.00093863066,0.0014148112,0.0011100936,0.001292482,0.0010379892,0.001869687,0.0013576149,0.001956539,0.0007828779,0.0012410729,0.0013321699,0.0021232257,0.00039648815,0.96273357,0.0016704667,0.0013175757,0.0010914573,0.0022857394,0.0023590813,0.0018858403,0.0017930592,0.0010831155,0.001231262,0.002090989,0.001473727,0.0013022068
15_11518,15_11518.wav,pitch_down_2,15,Gunshot,3,True,Gunshot,Gunshot,False,True,0.0008282051,0.00093863066,0.0014148112,0.0011100936,0.001292482,0.0010379892,0.001869687,0.0013576149,0.001956539,0.0007828779,0.0012410729,0.0013321699,0.0021232257,0.00039648815,0.96273357,0.0016704667,0.0013175757,0.0010914573,0.0022857394,0.0023590813,0.0018858403,0.0017930592,0.0010831155,0.001231262,0.002090989,0.001473727,0.0013022068
15_11521,15_11521.wav,pitch_down_2,15,Gunshot,3,True,Gunshot,Gunshot,False,True,0.0019837094,0.0018947249,0.008650755,0.0020812235,0.0021252683,0.0027337165,0.0062350146,0.001844299,0.0024375867,0.0013408862,0.0014882201,0.0026911804,0.0017432688,0.10304627,0.8337528,0.001125862,0.0018359985,0.0038370062,0.0029739903,0.0010054255,0.0020787204,0.001521389,0.0014842955,0.002663319,0.0027594639,0.0028170042,0.0018486431
15_11522,15_11522.wav,original,15,Gunshot,3,True,Gunshot,Gunshot,False,True,0.001575918,0.00201285,0.0019623153,0.0023593714,0.0024641578,0.0020039815,0.0013200464,0.004344095,0.004258736,0.0014400302,0.0029945427,0.0035838056,0.0026309306,0.014287696,0.9208517,0.0032937352,0.0029447682,0.0021090666,0.0012221372,0.0011728766,0.0041150535,0.0032762138,0.0012418124,0.0043235426,0.0034320636,0.0027531572,0.0020253595
15_11522,15_11522.wav,pitch_down_2,15,Gunshot,3,True,Gunshot,Gunshot,False,True,0.001575918,0.00201285,0.0019623153,0.0023593714,0.0024641578,0.0020039815,0.0013200464,0.004344095,0.004258736,0.0014400302,0.0029945427,0.0035838056,0.0026309306,0.014287696,0.9208517,0.0032937352,0.0029447682,0.0021090666,0.0012221372,0.0011728766,0.0041150535,0.0032762138,0.0012418124,0.0043235426,0.0034320636,0.0027531572,0.0020253595
15_11523,15_11523.wav,pitch_down_2,15,Gunshot,3,True,Gunshot,Gunshot,False,True,0.0034028057,0.002172719,0.0024475076,0.0014731496,0.0021945813,0.001720185,0.0024622947,0.0018429576,0.0022408164,0.0010057479,0.0031526573,0.0014713858,0.0020895284,0.0013217996,0.89685756,0.0023091806,0.002413192,0.0029832271,0.001378246,0.046530586,0.0023279614,0.0036355825,0.0026799876,0.0017900737,0.0028162,0.0026810814,0.0025990442
15_11523,15_11523.wav,pitch_up_2,15,Gunshot,3,True,Gunshot,Gunshot,False,True,0.0034028057,0.002172719,0.0024475076,0.0014731496,0.0021945813,0.001720185,0.0024622947,0.0018429576,0.0022408164,0.0010057479,0.0031526573,0.0014713858,0.0020895284,0.0013217996,0.89685756,0.0023091806,0.002413192,0.0029832271,0.001378246,0.046530586,0.0023279614,0.0036355825,0.0026799876,0.0017900737,0.0028162,0.0026810814,0.0025990442
15_11526,15_11526.wav,pitch_up_2,15,Gunshot,3,True,Gunshot,Gunshot,False,True,0.00059286045,0.00043099202,0.0011063999,0.0015190141,0.0024431662,0.0023975705,0.00041011078,0.0008880094,0.000544298,0.004484829,0.00082404417,0.000591045,0.0006327007,0.0033655528,0.96947986,0.0018031197,0.00046296642,0.000632486,0.0009905756,0.00024925545,0.00029846924,0.0005335777,0.0009384288,0.0010176001,0.00082621985,0.0010382795,0.0014984865
15_11529,15_11529.wav,pitch_down_2,15,Gunshot,3,True,Gunshot,Gunshot,False,True,0.0009022976,0.00082335115,0.0011173313,0.00067666644,0.0010809223,0.0010265523,0.0006672833,0.0009876033,0.0018139879,0.00158423,0.0011976884,0.0011048275,0.0009716239,0.0008774469,0.9664421,0.0008167976,0.0009232675,0.001128713,0.0012728927,0.005805656,0.0017434597,0.0011145655,0.00087792426,0.0010926056,0.0016588299,0.0013253983,0.0009659468
15_11530,15_11530.wav,pitch_down_2,15,Gunshot,3,True,Gunshot,Gunshot,False,True,0.0008724036,0.0015587962,0.0020528564,0.0022760646,0.0018702233,0.0010396049,0.0012619992,0.0014688211,0.002202986,0.0042446987,0.0016985902,0.0012976786,0.0013520281,0.00315461,0.9500081,0.007350867,0.0013164502,0.0021047494,0.0018602245,0.0011664942,0.0014691511,0.000916153,0.000811961,0.00093564205,0.0030067812,0.0011391257,0.001563077
15_11534,15_11534.wav,pitch_down_2,15,Gunshot,3,True,Gunshot,Gunshot,False,True,0.0017298767,0.0017667371,0.004401225,0.0011053478,0.0020991194,0.0014312571,0.0021339713,0.003381436,0.0016514127,0.0013527618,0.0015330504,0.0012653148,0.0020809493,0.013250778,0.94066954,0.001772992,0.0018437481,0.0013567059,0.0014674932,0.0013437906,0.0022911292,0.0024223647,0.0014594464,0.0012381427,0.0015035333,0.0018144697,0.0016334485
15_11535,15_11535.wav,pitch_up_2,15,Gunshot,3,True,Gunshot,Gunshot,False,True,0.0016606748,0.00075118965,0.0014030235,0.0007578987,0.0012754786,0.0012632281,0.0012141439,0.0011369125,0.0014775038,0.0014033038,0.0011493048,0.0011665955,0.0007565329,0.0022164544,0.96619844,0.0010795598,0.001339519,0.0012823966,0.0012310225,0.0034423552,0.0012497287,0.0011265756,0.00094072026,0.00067430706,0.001209897,0.0013460579,0.0012471125
15_11537,15_11537.wav,pitch_down_2,15,Gunshot,3,True,Gunshot,Gunshot,False,True,0.001004823,0.0013123336,0.0022773605,0.00075122766,0.0010286175,0.0013324204,0.0008021989,0.000953152,0.0014171051,0.0020257726,0.001223695,0.0008046438,0.00110328,0.0011341743,0.96321625,0.0007220202,0.0007884493,0.0011272071,0.0018167977,0.007151863,0.0017789872,0.0010577826,0.00095384725,0.0008009213,0.0012970376,0.001128647,0.0009894265
15_11538,15_11538.wav,pitch_down_2,15,Gunshot,3,True,Gunshot,Gunshot,False,True,0.0012905204,0.001584208,0.0018439967,0.0022922063,0.0019166074,0.0014172387,0.0012748485,0.0023664413,0.0028235025,0.0012464004,0.0033402487,0.0016303378,0.0018244527,0.0013422067,0.9382985,0.004360833,0.0020533116,0.0021623983,0.002463125,0.009403096,0.001782617,0.0022632496,0.0015653592,0.0020100202,0.0030693132,0.0026834358,0.0016914536
15_11540,15_11540.wav,pitch_up_2,15,Gunshot,3,True,Gunshot,Gunshot,False,True,0.0007121086,0.001110572,0.0015722258,0.0007445312,0.0012019202,0.0013856472,0.0015633004,0.0017409356,0.0014952553,0.00083949295,0.00063488114,0.0014111749,0.0014130715,0.0017028585,0.9683721,0.0016627978,0.00092795334,0.0009902626,0.00050992,0.0014555455,0.0017827874,0.0011590016,0.0007836823,0.0017501205,0.0008621461,0.0013252789,0.000890413
15_11542,15_11542.wav,pitch_down_2,15,Gunshot,3,True,Gunshot,Gunshot,False,True,0.00080140826,0.0008049623,0.0009107045,0.00093973265,0.001809175,0.0031893204,0.0010106165,0.0014867285,0.0008049466,0.0008355502,0.0010917302,0.0006165336,0.0012599792,0.0027197779,0.9677965,0.0015239945,0.0009247807,0.0009738027,0.0007277976,0.0007331241,0.00093841186,0.0012077811,0.00093373354,0.0012646235,0.00086533534,0.0020842396,0.0017447318
15_11543,15_11543.wav,original,15,Gunshot,3,True,Gunshot,Gunshot,False,True,0.0006966098,0.0012343053,0.0008631562,0.00064053887,0.0013484937,0.0009454147,0.00041909036,0.0008864818,0.0014928783,0.0012860246,0.0014557076,0.0011045457,0.002448595,0.005870867,0.9621215,0.0011757545,0.0008994118,0.0009752282,0.0010287096,0.0037110958,0.0027124367,0.0008281939,0.0008556093,0.0013215351,0.0014985563,0.0012011357,0.0009781462
15_11546,15_11546.wav,pitch_down_2,15,Gunshot,3,True,Gunshot,Gunshot,False,True,0.001297962,0.0014269467,0.0031494936,0.0011912187,0.0019563122,0.0013784483,0.0014291956,0.0017926515,0.0019290199,0.0005237019,0.0012028585,0.0021707125,0.0013233988,0.00144182,0.95800376,0.0016987479,0.0017574382,0.001503922,0.0013641141,0.0017234503,0.0012118061,0.0013978524,0.0007637094,0.0019535457,0.0025678563,0.0020813094,0.0017586866
15_11548,15_11548.wav,original,15,Gunshot,3,True,Gunshot,Gunshot,False,True,0.0011815607,0.0010478481,0.0016103451,0.00072511536,0.00094897783,0.0017959601,0.0013425155,0.0010814704,0.0010783876,0.0016375651,0.0010403601,0.00057408237,0.0014767864,0.0012932988,0.9681522,0.0013699316,0.0011182389,0.0012358004,0.000631401,0.0026045777,0.0009998098,0.0014167484,0.0010345038,0.00091416464,0.0008786225,0.0015528438,0.0012568281
15_11550,15_11550.wav,pitch_down_2,15,Gunshot,3,True,Gunshot,Gunshot,False,True,0.0010090332,0.0008666977,0.0010211515,0.00085663557,0.0015582865,0.00070034387,0.000854546,0.00085838494,0.001047125,0.0011060297,0.00086920196,0.0012203638,0.0010678411,0.0033394655,0.9711954,0.0013914533,0.0010000088,0.0010477653,0.0007489254,0.00031401686,0.0013985223,0.00090858847,0.0006795619,0.0008524877,0.0012314412,0.0012571042,0.0015996513
15_11553,15_11553.wav,pitch_down_2,15,Gunshot,3,True,Gunshot,Gunshot,False,True,0.0014905689,0.00095411204,0.0017248873,0.0016276411,0.0011695996,0.00064872584,0.0014153211,0.00037540848,0.0011261733,0.0007702377,0.0041588563,0.004713272,0.0009874499,0.0013715628,0.9629651,0.0016414089,0.0011787324,0.0006561533,0.001461924,0.0016027478,0.00096450554,0.00049632875,0.0011491786,0.00090585876,0.0029258889,0.00079445384,0.0007240223
15_11554,15_11554.wav,pitch_down_2,15,Gunshot,3,True,Gunshot,Gunshot,False,True,0.00044219624,0.000651704,0.00065709447,0.0005476587,0.0006218962,0.0004945987,0.0012367092,0.00025084655,0.00089144433,0.00049839396,0.0012677332,0.0017813932,0.00069185166,0.0012634586,0.97921914,0.0011539723,0.0014268664,0.00049848645,0.0014078765,0.00071308814,0.00095188565,0.00042113024,0.00046580506,0.00035127194,0.0008572133,0.00053700205,0.0006993474
15_11557,15_11557.wav,original,15,Gunshot,3,True,Gunshot,Gunshot,False,True,0.0017606375,0.001560172,0.0015279512,0.0009783354,0.0016503902,0.00049143116,0.00065143564,0.0011939842,0.0014231834,0.00053396955,0.0014250722,0.0008724343,0.0010064882,0.0013245397,0.96762186,0.0025832371,0.000808904,0.0007388732,0.00092592346,0.0013108919,0.0014358362,0.0007686415,0.00065530115,0.003861702,0.0008937388,0.0011850892,0.0008099509
15_11558,15_11558.wav,original,15,Gunshot,3,True,Gunshot,Gunshot,False,True,0.00096053566,0.0013777275,0.0017278179,0.001158197,0.001667852,0.00091942097,0.001317494,0.000715055,0.0017530821,0.00055344595,0.0012695623,0.0012754538,0.0017522048,0.0010094551,0.95466,0.0012066165,0.0009541843,0.0011137759,0.0021064042,0.011753713,0.001862062,0.0009342565,0.000785847,0.0024703087,0.0017351218,0.0011814756,0.0017789459
15_11559,15_11559.wav,pitch_down_2,15,Gunshot,3,True,Gunshot,Gunshot,False,True,0.0017131028,0.0011607404,0.0013802684,0.0012341008,0.0013329565,0.0010501789,0.0023537008,0.00074604456,0.0014212866,0.0002947588,0.0025260556,0.001792945,0.0010032203,0.0009753629,0.9645517,0.0009572425,0.0008032241,0.0010579269,0.0023158647,0.0028569363,0.0024166151,0.00083770347,0.0007590675,0.0008093614,0.0013509464,0.0010485685,0.0012500738
15_11561,15_11561.wav,pitch_up_2,15,Gunshot,3,True,Gunshot,Gunshot,False,True,0.0010517245,0.001618307,0.0014765869,0.0007730282,0.0011781974,0.0011079662,0.0013591157,0.0012971433,0.0019065179,0.0026668357,0.00091549614,0.0010895506,0.0016346667,0.00093420834,0.9600701,0.0017823838,0.0012484944,0.0017325144,0.00090819254,0.0031871733,0.0021355033,0.0013377479,0.001484011,0.001756683,0.0024407078,0.0016165724,0.0012906467
15_11563,15_11563.wav,original,15,Gunshot,3,True,Gunshot,Gunshot,False,True,0.001141467,0.0008216331,0.002137215,0.0014432907,0.0026715908,0.0015823323,0.0020200356,0.0019871376,0.0007012296,0.0013739181,0.0024592588,0.0012790911,0.0011494101,0.010553714,0.8834873,0.0052764043,0.0015609353,0.002113082,0.00120924,0.0009108595,0.060815144,0.0027765098,0.0019023707,0.0017585345,0.0021373706,0.002856818,0.0018740945
15_11565,15_11565.wav,pitch_up_2,15,Gunshot,3,True,Gunshot,Gunshot,False,True,0.0011884257,0.001923229,0.0029176038,0.0015427276,0.0021459444,0.001515142,0.0023843176,0.0010838252,0.0027783087,0.00094261713,0.0012597687,0.001611414,0.0019485914,0.001954864,0.957552,0.0010392006,0.001227288,0.0010563107,0.0025535768,0.00074543216,0.0028551102,0.00093152374,0.0009728063,0.0011506319,0.0019503467,0.0012908992,0.0014780547
15_11566,15_11566.wav,original,15,Gunshot,3,True,Gunshot,Gunshot,False,True,0.00084219157,0.0011594659,0.00074357033,0.0010991085,0.00059836387,0.0009150335,0.0006974616,0.0006548909,0.0007955939,0.0010552797,0.00082831713,0.0006183229,0.0008554487,0.0009570757,0.97678405,0.00078529236,0.0008036969,0.002639475,0.000408067,0.00060811505,0.0007289932,0.000843516,0.0017721729,0.000504124,0.000557848,0.0010457081,0.00069880515
15_11568,15_11568.wav,pitch_down_2,15,Gunshot,3,True,Gunshot,Gunshot,False,True,0.001263477,0.0012432215,0.0019378805,0.00068958855,0.002542556,0.0016263891,0.0012912909,0.001169874,0.0009670875,0.0008745389,0.0006687129,0.002413194,0.0009867696,0.009600773,0.96132606,0.0007066152,0.0009872488,0.0008875951,0.00047710547,0.00077893416,0.0019825168,0.0008171922,0.0004422036,0.0011334739,0.0008264405,0.0012290751,0.0011302647
15_11571,15_11571.wav,pitch_down_2,15,Gunshot,3,True,Gunshot,Gunshot,False,True,0.00076418853,0.0008088085,0.0015230915,0.0010705481,0.0010637095,0.0009420996,0.0012913975,0.0009255242,0.0013573483,0.0007222433,0.0009925913,0.0008540629,0.0013503468,0.0009965226,0.97244364,0.0005150757,0.0010384314,0.00088897377,0.0016419989,0.0011535797,0.0014362138,0.0009680711,0.0009061966,0.0008669461,0.0013386142,0.0010742178,0.0010655589
15_11574,15_11574.wav,pitch_up_2,15,Gunshot,3,True,Gunshot,Gunshot,False,True,0.0008888342,0.0018039406,0.0009675555,0.0017123806,0.0011689592,0.00096771447,0.0012748841,0.0012048758,0.0022277967,0.0010418104,0.0013197936,0.0013205715,0.0018400052,0.00076986576,0.9607572,0.0018214793,0.0015039776,0.0013281507,0.0009838209,0.0020092118,0.0018196272,0.001343212,0.0008813143,0.0041896384,0.0021588497,0.0014031864,0.0012913871
15_11575,15_11575.wav,original,15,Gunshot,3,True,Gunshot,Gunshot,False,True,0.0010841257,0.00128373,0.0013541225,0.00082303426,0.0016835997,0.0016543916,0.00090527907,0.0011103303,0.0014473501,0.000944365,0.00089185423,0.0018848041,0.001371948,0.0017794637,0.96863025,0.0008714039,0.0009980436,0.0011886773,0.00061691133,0.00070966454,0.00180589,0.0011194632,0.00070660637,0.0010833849,0.0014946545,0.0015388894,0.0010177767
15_11575,15_11575.wav,pitch_down_2,15,Gunshot,3,True,Gunshot,Gunshot,False,True,0.0010841257,0.00128373,0.0013541225,0.00082303426,0.0016835997,0.0016543916,0.00090527907,0.0011103303,0.0014473501,0.000944365,0.00089185423,0.0018848041,0.001371948,0.0017794637,0.96863025,0.0008714039,0.0009980436,0.0011886773,0.00061691133,0.00070966454,0.00180589,0.0011194632,0.00070660637,0.0010833849,0.0014946545,0.0015388894,0.0010177767
16_11603,16_11603.wav,original,16,WoodChop,3,True,WoodChop,WoodChop,False,True,0.002411403,0.0032353855,0.0065538487,0.003783156,0.0033915967,0.0040081707,0.02649499,0.004051079,0.003372546,0.009439713,0.023085294,0.011630471,0.027470348,0.005033081,0.013059164,0.7245202,0.006140473,0.00983178,0.016137393,0.002382854,0.002725187,0.018139048,0.010611169,0.007182687,0.019366855,0.0073350314,0.028607076
16_11607,16_11607.wav,original,16,WoodChop,3,True,Axe,WoodChop,True,True,0.003099651,0.002152742,0.0014717587,0.0008695033,0.0027942706,0.0015674565,0.047194943,0.0020012462,0.0028571112,0.2557833,0.0018160095,0.003486817,0.0036005161,0.0020382442,0.0026771876,0.6467393,0.0018830206,0.001790226,0.00033479478,0.0006620887,0.0024884301,0.0018558475,0.0018727197,0.002252268,0.0019333386,0.002322861,0.002454295
16_11608,16_11608.wav,pitch_down_2,16,WoodChop,3,True,Axe,WoodChop,True,True,0.0025819761,0.0024600122,0.0017767363,0.0009314678,0.0014546447,0.0018058891,0.0007061085,0.0010605247,0.0018642176,0.313103,0.001071297,0.0017717015,0.0014201564,0.0015572716,0.0019918124,0.6443913,0.001672462,0.0019516844,0.0005012851,0.00608658,0.0018170414,0.0010963102,0.000950572,0.00066570524,0.0013186913,0.002235602,0.0017559448
16_11612,16_11612.wav,original,16,WoodChop,3,True,WoodChop,WoodChop,False,True,0.0007135247,0.0020534422,0.0009333839,0.00080439023,0.0012956178,0.0012336448,0.00053344254,0.0017227294,0.001405281,0.06860152,0.0015695643,0.00081403804,0.0008588484,0.00071309815,0.0048617884,0.89464873,0.001417125,0.00091379957,0.0010597594,0.0065364637,0.0013573007,0.0005780244,0.00094974996,0.0008351756,0.00118057,0.0010585483,0.0013505378
16_11613,16_11613.wav,pitch_down_2,16,WoodChop,3,True,Axe,WoodChop,True,True,0.0011884483,0.0027699843,0.0028066437,0.0019110161,0.0027466782,0.014827155,0.0032156676,0.0048082923,0.0028063161,0.37272313,0.0021297776,0.004769233,0.0027090283,0.0032300018,0.005796853,0.5231724,0.0030259995,0.002610577,0.013548851,0.0046101124,0.003918285,0.0056948974,0.0044215494,0.0025845636,0.0036714217,0.0025877964,0.0017152872
16_11614,16_11614.wav,pitch_down_2,16,WoodChop,3,True,Axe,Axe,False,False,0.0014854376,0.0025011231,0.0013949455,0.004113468,0.0017840915,0.0014503006,0.0012722261,0.0022875837,0.0017305148,0.5230021,0.0014605691,0.0014217389,0.0012505468,0.0012313423,0.0011920802,0.43672216,0.0017308196,0.0011206861,0.0031630788,0.0001895957,0.0009384851,0.0013526311,0.0021663466,0.00082811015,0.0011308338,0.0017447848,0.0013344401
16_11616,16_11616.wav,pitch_down_2,16,WoodChop,3,True,WingFlaping,WoodChop,True,True,0.003509026,0.010555158,0.0037663335,0.0045151976,0.003907762,0.005085032,0.002711957,0.0075655393,0.019238673,0.051477235,0.0034527949,0.005100379,0.002681924,0.2860062,0.006873421,0.3649136,0.0061145113,0.0031316925,0.043126542,0.005071157,0.007304123,0.0061195176,0.01047233,0.121433586,0.0061404705,0.007195346,0.002530475
16_11616,16_11616.wav,pitch_up_2,16,WoodChop,3,True,Firework,WoodChop,True,True,0.003509026,0.010555158,0.0037663335,0.0045151976,0.003907762,0.005085032,0.002711957,0.0075655393,0.019238673,0.051477235,0.0034527949,0.005100379,0.002681924,0.2860062,0.006873421,0.3649136,0.0061145113,0.0031316925,0.043126542,0.005071157,0.007304123,0.0061195176,0.01047233,0.121433586,0.0061404705,0.007195346,0.002530475
16_11617,16_11617.wav,original,16,WoodChop,3,True,Axe,WoodChop,True,True,0.000981063,0.002307094,0.0010085158,0.00038344064,0.0025846139,0.0013996478,0.0044045453,0.0023351281,0.0019291737,0.33284205,0.0021923564,0.000862929,0.0009507074,0.0012102613,0.0006031173,0.62255144,0.0016582445,0.0012440888,0.007948387,0.0011729538,0.0010812241,0.0009771386,0.0019747717,0.0021131688,0.0011320462,0.0010806975,0.0010711835
16_11619,16_11619.wav,pitch_down_2,16,WoodChop,3,True,Axe,WoodChop,True,True,0.0014092913,0.00242902,0.0020374442,0.006002553,0.0017868375,0.0043089967,0.0034845304,0.0016473933,0.0035748885,0.45732033,0.0014661001,0.002719153,0.002454396,0.0009579326,0.0019990702,0.48232904,0.0023269253,0.002859326,0.0032255102,0.0004201719,0.0016572917,0.0015761851,0.0022534898,0.0012136212,0.0028008155,0.0027242973,0.0030154008
16_11619,16_11619.wav,pitch_up_2,16,WoodChop,3,True,Axe,WoodChop,True,True,0.0014092913,0.00242902,0.0020374442,0.006002553,0.0017868375,0.0043089967,0.0034845304,0.0016473933,0.0035748885,0.45732033,0.0014661001,0.002719153,0.002454396,0.0009579326,0.0019990702,0.48232904,0.0023269253,0.002859326,0.0032255102,0.0004201719,0.0016572917,0.0015761851,0.0022534898,0.0012136212,0.0028008155,0.0027242973,0.0030154008
16_11621,16_11621.wav,pitch_up_2,16,WoodChop,3,True,WoodChop,WoodChop,False,True,0.0013573952,0.0010127747,0.00095151056,0.00014712429,0.0011686857,0.0009414465,0.000637686,0.0009769315,0.0014380818,0.07088551,0.0016895118,0.0008173729,0.0007392199,0.0017865988,0.0018731685,0.9002807,0.0011284238,0.0012020157,0.0032364659,0.0005942289,0.0008822367,0.0010737834,0.0007676605,0.00092832156,0.00066714274,0.0012897715,0.0015262308
16_11622,16_11622.wav,original,16,WoodChop,3,True,WoodChop,WoodChop,False,True,0.0017144857,0.0015805376,0.001871774,0.0004881062,0.0016968044,0.0011123009,0.0030968692,0.0014512961,0.0015109704,0.08911675,0.0014069151,0.00081684167,0.00074151874,0.002159543,0.00044372593,0.87777805,0.0013060238,0.0014444492,0.0020281428,0.00037546642,0.00055161124,0.001686708,0.0011715026,0.0009276149,0.0007885007,0.0013058241,0.0014276557
16_11622,16_11622.wav,pitch_down_2,16,WoodChop,3,True,WoodChop,WoodChop,False,True,0.0017144857,0.0015805376,0.001871774,0.0004881062,0.0016968044,0.0011123009,0.0030968692,0.0014512961,0.0015109704,0.08911675,0.0014069151,0.00081684167,0.00074151874,0.002159543,0.00044372593,0.87777805,0.0013060238,0.0014444492,0.0020281428,0.00037546642,0.00055161124,0.001686708,0.0011715026,0.0009276149,0.0007885007,0.0013058241,0.0014276557
16_11623,16_11623.wav,pitch_up_2,16,WoodChop,3,True,WoodChop,WoodChop,False,True,0.0004938576,0.0040338878,0.0009486444,0.0011012786,0.00075496174,0.00047617676,0.0006011662,0.0011731101,0.0017252,0.051240522,0.00094204914,0.00053064036,0.0016176045,0.0010383666,0.0011745347,0.9205912,0.00082568056,0.0012379261,0.00039737893,0.0013975892,0.0008195382,0.0008896366,0.0016055662,0.0015575931,0.0007891405,0.0010792994,0.0009574701
16_11625,16_11625.wav,pitch_up_2,16,WoodChop,3,True,WoodChop,WoodChop,False,True,0.0014542751,0.0009727517,0.0006760592,0.0005107447,0.0015358849,0.0003244694,0.00033472374,0.0012562267,0.0017952792,0.0051298984,0.0015360573,0.00071257935,0.0005516556,0.000873291,0.0022460588,0.9694736,0.0013648444,0.001773458,0.0006895696,0.00047628573,0.0008777934,0.0010029095,0.0008865066,0.00046330193,0.001141176,0.0011495324,0.0007910421
16_11627,16_11627.wav,original,16,WoodChop,3,True,Axe,WoodChop,True,True,0.0028447658,0.0028295887,0.0008590738,0.00041658175,0.0019237715,0.0009767833,0.0032467733,0.0015939105,0.0027651815,0.27722916,0.0010142197,0.0014864834,0.0014458941,0.00094392913,0.001352082,0.6847939,0.0014069807,0.0016455464,0.0011652709,0.00025854414,0.0017639882,0.0008166844,0.0016587605,0.0014368593,0.0015574392,0.0015089008,0.001058943
16_11634,16_11634.wav,original,16,WoodChop,3,True,WoodChop,WoodChop,False,True,0.0014018617,0.0022367076,0.0012862029,0.00077508664,0.0007439135,0.0009950809,0.002802726,0.0011736072,0.0013112373,0.12149304,0.0009867912,0.0015098877,0.0015429022,0.000766421,0.001003238,0.84490657,0.0011311526,0.00089745066,0.00074480375,0.0005698201,0.0014306576,0.0013201883,0.0017133299,0.004100512,0.0011813813,0.0009813309,0.0009940859
16_11635,16_11635.wav,pitch_down_2,16,WoodChop,3,True,WoodChop,WoodChop,False,True,0.00065593165,0.0015724617,0.00083873066,0.0009588392,0.0005900938,0.0008407367,0.00034326318,0.00079349923,0.00089458964,0.21660484,0.0012465157,0.0009047038,0.0009848365,0.00095321843,0.00048916443,0.761571,0.00075822714,0.0011022731,0.00035566246,0.00071156333,0.00081438874,0.0014992551,0.0014266684,0.0005506536,0.00081470393,0.0010773792,0.0006467847
16_11638,16_11638.wav,pitch_down_2,16,WoodChop,3,True,WoodChop,WoodChop,False,True,0.0004938457,0.0011329978,0.0016065981,0.0022105763,0.0008894039,0.0022283914,0.0005341433,0.0011317108,0.0013123696,0.08893814,0.002078916,0.0010321991,0.0005261645,0.0020565924,0.000641796,0.8762843,0.0023356276,0.00073937327,0.0016783742,0.0007907183,0.00071702566,0.0017084113,0.0015222459,0.0007369129,0.001822898,0.0027528722,0.0020974523
16_11640,16_11640.wav,original,16,WoodChop,3,True,WoodChop,WoodChop,False,True,0.00055742014,0.0025254393,0.0006517813,0.00096056284,0.0007353463,0.0007742673,0.00050610746,0.0011890602,0.0008319489,0.035554014,0.000887704,0.0012886712,0.0007907784,0.00036421535,0.0026455203,0.93955415,0.00093089504,0.0008324901,0.0006181725,0.0018474079,0.0010165944,0.00041730216,0.00078626553,0.001153406,0.0008513445,0.0008695363,0.0008596924
16_11642,16_11642.wav,original,16,WoodChop,3,True,Axe,WoodChop,True,True,0.00042137873,0.0015210006,0.00057659735,0.0005361761,0.0009540313,0.0005690462,0.0011560641,0.0006231184,0.00063070277,0.32849458,0.0006332858,0.00090422895,0.0011464274,0.00049151387,0.00035672807,0.6539778,0.00068459474,0.00071099075,0.00010133611,0.00032672437,0.0009591744,0.0004984765,0.00064841483,0.00069782883,0.0006124812,0.0009314562,0.00083579944
16_11642,16_11642.wav,pitch_up_2,16,WoodChop,3,True,WoodChop,WoodChop,False,True,0.00042137873,0.0015210006,0.00057659735,0.0005361761,0.0009540313,0.0005690462,0.0011560641,0.0006231184,0.00063070277,0.32849458,0.0006332858,0.00090422895,0.0011464274,0.00049151387,0.00035672807,0.6539778,0.00068459474,0.00071099075,0.00010133611,0.00032672437,0.0009591744,0.0004984765,0.00064841483,0.00069782883,0.0006124812,0.0009314562,0.00083579944
16_11646,16_11646.wav,original,16,WoodChop,3,True,WoodChop,WoodChop,False,True,0.0005669278,0.0012694582,0.0005164501,0.0006734941,0.00096990896,0.0009709615,0.0005101653,0.00086725183,0.0014772714,0.0701029,0.001656572,0.0007822816,0.0004486624,0.00046282416,0.0004884982,0.90897036,0.001123126,0.00081164873,0.0011970439,0.0008940033,0.000726891,0.0005799115,0.0008278924,0.00056238595,0.0007685022,0.00083879055,0.0009358267
16_11647,16_11647.wav,original,16,WoodChop,3,True,Axe,WoodChop,True,True,0.0030530589,0.0025280851,0.004531844,0.0073022232,0.0023585034,0.006246044,0.027353616,0.0022494944,0.0052394294,0.2010582,0.00076188735,0.008350705,0.001555184,0.0025032891,0.004960564,0.69179296,0.002431445,0.006683763,0.00076005916,0.0012750272,0.0016387793,0.0045016897,0.0020255565,0.00094590895,0.0029185433,0.0027194011,0.0022546998
16_11649,16_11649.wav,pitch_down_2,16,WoodChop,3,True,WoodChop,WoodChop,False,True,0.001135646,0.0015791218,0.0017494041,0.0020354001,0.001396975,0.0011679168,0.00026544207,0.0017456327,0.0014457246,0.07022796,0.0026966508,0.0020962202,0.0012632405,0.0016079807,0.0015244441,0.8900666,0.0019871157,0.0012868376,0.00036670375,0.0032596888,0.0007909728,0.0010123368,0.0010637107,0.0036006977,0.0010772235,0.0015143235,0.0020360083
16_11650,16_11650.wav,original,16,WoodChop,3,True,Axe,WoodChop,True,True,0.0015563773,0.005314169,0.006003264,0.0039852182,0.0045429035,0.0033169035,0.0050818264,0.003859992,0.0054263193,0.14101511,0.0025154918,0.003436269,0.006333593,0.0013876297,0.0075691193,0.70270634,0.006025622,0.0046721627,0.019813897,0.032620016,0.0050031077,0.0034817408,0.0060389675,0.004583777,0.007156163,0.0027688853,0.0037851706
16_11651,16_11651.wav,pitch_down_2,16,WoodChop,3,True,WoodChop,WoodChop,False,True,0.0012272313,0.0023092753,0.0024346684,0.0015801728,0.0015923317,0.0061228354,0.001091567,0.0015700599,0.002446545,0.110844634,0.0043400545,0.0017332559,0.0016033755,0.003445034,0.0025219629,0.8232636,0.0030394967,0.002981968,0.0006009809,0.0031202899,0.0011146242,0.006087407,0.0018324618,0.0011221534,0.0067796223,0.0024173893,0.0027769755
16_11652,16_11652.wav,pitch_up_2,16,WoodChop,3,True,WoodChop,WoodChop,False,True,0.0012680715,0.0011233544,0.00062973984,0.00061656354,0.0008218344,0.0009770803,0.00030273592,0.0010433379,0.0008304762,0.015062388,0.0009342421,0.000578236,0.0005491508,0.0007131535,0.0025285732,0.95882106,0.0008417722,0.0008494687,0.0003585492,0.0048646447,0.0015815232,0.0009803139,0.0006821896,0.00030612582,0.00068141427,0.0010092435,0.0010447867
16_11653,16_11653.wav,original,16,WoodChop,3,True,Clapping,WoodChop,True,True,0.029689899,0.0019467035,0.004105458,0.0026427966,0.0046232753,0.0030137498,0.006594295,0.0043777297,0.0029227296,0.008831707,0.0038579812,0.0062320526,0.0042457744,0.0026629118,0.014916584,0.6727409,0.0035517907,0.0025530143,0.002764714,0.19558072,0.002517029,0.0021454454,0.0028213703,0.0022926575,0.0039488934,0.0053146346,0.003105268
16_11654,16_11654.wav,original,16,WoodChop,3,False,Fire,Fire,False,False,0.40804267,0.0072664223,0.016128423,0.059281338,0.012179416,0.015727099,0.011725869,0.017784627,0.013863303,0.02990671,0.017516127,0.01605719,0.009357923,0.010701664,0.007703113,0.11463639,0.009785764,0.010900065,0.06777937,0.080240145,0.010552374,0.007346017,0.009632696,0.0064332816,0.007517604,0.0134376725,0.008496718
16_11654,16_11654.wav,pitch_down_2,16,WoodChop,3,False,Fire,Fire,False,False,0.40804267,0.0072664223,0.016128423,0.059281338,0.012179416,0.015727099,0.011725869,0.017784627,0.013863303,0.02990671,0.017516127,0.01605719,0.009357923,0.010701664,0.007703113,0.11463639,0.009785764,0.010900065,0.06777937,0.080240145,0.010552374,0.007346017,0.009632696,0.0064332816,0.007517604,0.0134376725,0.008496718
16_11654,16_11654.wav,pitch_up_2,16,WoodChop,3,False,WoodChop,Fire,True,False,0.40804267,0.0072664223,0.016128423,0.059281338,0.012179416,0.015727099,0.011725869,0.017784627,0.013863303,0.02990671,0.017516127,0.01605719,0.009357923,0.010701664,0.007703113,0.11463639,0.009785764,0.010900065,0.06777937,0.080240145,0.010552374,0.007346017,0.009632696,0.0064332816,0.007517604,0.0134376725,0.008496718
16_11655,16_11655.wav,original,16,WoodChop,3,True,WoodChop,WoodChop,False,True,0.0015786927,0.0057646935,0.0013695684,0.0012434591,0.0027058248,0.0018543885,0.0012548257,0.0027935177,0.0027266433,0.005440323,0.0020393867,0.0010400934,0.0006438201,0.00070673536,0.0019821974,0.9208576,0.0017267211,0.0018171704,0.00792889,0.012220454,0.003095866,0.0015123355,0.0021913873,0.008584895,0.0042539965,0.0015197176,0.0011468012
16_11655,16_11655.wav,pitch_up_2,16,WoodChop,3,True,WoodChop,WoodChop,False,True,0.0015786927,0.0057646935,0.0013695684,0.0012434591,0.0027058248,0.0018543885,0.0012548257,0.0027935177,0.0027266433,0.005440323,0.0020393867,0.0010400934,0.0006438201,0.00070673536,0.0019821974,0.9208576,0.0017267211,0.0018171704,0.00792889,0.012220454,0.003095866,0.0015123355,0.0021913873,0.008584895,0.0042539965,0.0015197176,0.0011468012
16_11656,16_11656.wav,pitch_down_2,16,WoodChop,3,True,WoodChop,WoodChop,False,True,0.0014238893,0.0040338617,0.0010879702,0.0021781833,0.0019954068,0.00204137,0.0009111533,0.0020283407,0.0022775528,0.0074209725,0.0023445492,0.0010934394,0.00076380465,0.0010777082,0.0016464588,0.93630975,0.0021919229,0.0014142594,0.00055167096,0.014725003,0.002192729,0.0012385752,0.0010981068,0.003029151,0.0024900583,0.0012559271,0.0011781723
16_11657,16_11657.wav,pitch_up_2,16,WoodChop,3,True,WoodChop,WoodChop,False,True,0.00030481184,0.0019132042,0.0007016097,0.00062450423,0.00068635464,0.0012017564,0.0002810601,0.0016762204,0.0008803143,0.017205874,0.0010170343,0.0007751388,0.00054803636,0.0004778007,0.0005228828,0.9427302,0.0012845062,0.000595434,0.00042713786,0.020931339,0.000695164,0.001038218,0.00086277694,0.0009806823,0.000637616,0.00053581264,0.0004645416
16_11658,16_11658.wav,original,16,WoodChop,3,True,WoodChop,WoodChop,False,True,0.005491543,0.0055685383,0.0024771115,0.0062477714,0.0023828805,0.0022122914,0.0013017444,0.0047332314,0.0029479132,0.0033931294,0.0026076632,0.002251113,0.001061337,0.0015323014,0.017601779,0.86020094,0.0035586345,0.0029505712,0.0036744003,0.028155735,0.004247814,0.0024132046,0.0024793742,0.019337634,0.0061237724,0.002243973,0.0028035473
16_11659,16_11659.wav,pitch_down_2,16,WoodChop,3,True,WoodChop,WoodChop,False,True,0.00027323177,0.0017999891,0.00042742144,0.0006652693,0.00048429158,0.00060092285,0.00015027008,0.00058484,0.0006245522,0.0035753876,0.00076153333,0.00026044657,0.00034025373,0.00021616853,0.0003871858,0.9844273,0.0006861932,0.00031719534,0.00034887416,0.00040042246,0.0002685105,0.00031933156,0.00041005065,0.00056308805,0.00046628443,0.00032603645,0.00031499317
16_11662,16_11662.wav,original,16,WoodChop,3,True,WoodChop,WoodChop,False,True,0.0003111305,0.0035499355,0.000433985,0.00082545076,0.0009186819,0.0009076819,0.0010140871,0.0008283939,0.0009159415,0.011902508,0.001040025,0.0021671506,0.0007265079,0.00034522937,0.0021606071,0.95874137,0.000887532,0.0006697565,0.00023395209,0.0014099459,0.0012222383,0.00087484065,0.0005672116,0.0039236858,0.0018225666,0.00074824825,0.00085140223
16_11663,16_11663.wav,pitch_down_2,16,WoodChop,3,True,WoodChop,WoodChop,False,True,0.0012940312,0.0009659129,0.0012283453,0.0024926357,0.0011682145,0.0048621623,0.017555716,0.0018653624,0.005622657,0.008680276,0.0007106731,0.005707527,0.0014125056,0.0006999457,0.0016789864,0.9106253,0.001115724,0.0030368483,0.0007726632,0.0012162338,0.0077503216,0.0017010565,0.0009170211,0.01035486,0.0041873246,0.0014020478,0.0009756914
16_11665,16_11665.wav,original,16,WoodChop,3,True,WoodChop,WoodChop,False,True,0.0010355805,0.001537336,0.001191233,0.00074971374,0.0015311654,0.0012500113,0.0003536872,0.0014064852,0.0019080732,0.0063993875,0.0022117398,0.002133875,0.00077894836,0.0016776933,0.0008429289,0.9461493,0.0010710546,0.0010000943,0.0038456777,0.015646232,0.0010915293,0.0013345928,0.0007436499,0.0007294936,0.0015106279,0.0007715475,0.001098358
16_11666,16_11666.wav,original,16,WoodChop,3,True,Axe,WoodChop,True,True,0.0008034544,0.0021242015,0.00077870395,0.0009913744,0.00080292596,0.0005164497,0.00028537004,0.0009880238,0.0014114162,0.22341178,0.0013685524,0.00076302624,0.0009770673,0.0015956521,0.0013357801,0.7489469,0.00093564414,0.0014733421,0.0010043185,0.0003584855,0.00092466874,0.0008695538,0.002768386,0.0012670179,0.0010196293,0.0013527111,0.00092556234
16_11669,16_11669.wav,original,16,WoodChop,3,True,WoodChop,WoodChop,False,True,0.0015234286,0.002181853,0.0013243972,0.0008879335,0.0010708956,0.0017506342,0.0111968145,0.0022952382,0.0024677056,0.1266443,0.0018004216,0.0016849568,0.0015785744,0.0011758594,0.0010462255,0.8119456,0.0022728837,0.0015583369,0.011146032,0.00074229063,0.0025276719,0.0030195126,0.002088548,0.0013720052,0.0011342415,0.0020247083,0.0015388853
16_11675,16_11675.wav,pitch_up_2,16,WoodChop,3,True,WoodChop,WoodChop,False,True,0.0017143596,0.0015888024,0.0013908859,0.0063540936,0.001850135,0.0028908253,0.0007300987,0.0018905684,0.0029355192,0.0038574694,0.0023702045,0.0013090692,0.0011139828,0.0009449694,0.0024362598,0.9450986,0.0019848815,0.0016363664,0.0015206729,0.002844774,0.0011557628,0.00063147675,0.0012664231,0.0029034119,0.0012563224,0.0023309872,0.0039930856
17_11701,17_11701.wav,original,17,Whistling,3,True,Whistling,Whistling,False,True,0.0012903581,0.0015419042,0.0013870206,0.0015943003,0.0013046026,0.001551476,0.001745703,0.0014296888,0.0013168278,0.0012592088,0.0012482324,0.0022035313,0.0015629191,0.0012514485,0.002047306,0.0011153435,0.96396774,0.0010608848,0.0012190526,0.0014534803,0.0011276214,0.0012901904,0.00148472,0.0011106809,0.0011856639,0.0012025543,0.0010475237
17_11701,17_11701.wav,pitch_up_2,17,Whistling,3,True,Whistling,Whistling,False,True,0.0012903581,0.0015419042,0.0013870206,0.0015943003,0.0013046026,0.001551476,0.001745703,0.0014296888,0.0013168278,0.0012592088,0.0012482324,0.0022035313,0.0015629191,0.0012514485,0.002047306,0.0011153435,0.96396774,0.0010608848,0.0012190526,0.0014534803,0.0011276214,0.0012901904,0.00148472,0.0011106809,0.0011856639,0.0012025543,0.0010475237
17_11702,17_11702.wav,original,17,Whistling,3,True,Whistling,Whistling,False,True,0.0010975627,0.0013320755,0.0012929327,0.0012660554,0.001445244,0.0012736287,0.0014119745,0.0012433635,0.0012944775,0.0011107238,0.0011788189,0.0012078623,0.001174259,0.0010448402,0.0012881259,0.0011177951,0.9694934,0.00096329214,0.0010951936,0.0013238373,0.0007369498,0.0013638935,0.0010831483,0.00089275016,0.0011391565,0.00090207387,0.001226565
17_11703,17_11703.wav,pitch_up_2,17,Whistling,3,True,Whistling,Whistling,False,True,0.0016573569,0.0013762739,0.0015224839,0.0010824484,0.0010945533,0.001289715,0.0012195179,0.000976346,0.0016870404,0.0009119404,0.001667803,0.0014321186,0.0016018165,0.0012375979,0.0013523734,0.001692572,0.96171266,0.0015390328,0.0012055653,0.0023204717,0.0035665694,0.001506874,0.0013383357,0.0013750597,0.0016742676,0.0012310747,0.00072807184
17_11706,17_11706.wav,original,17,Whistling,3,True,Whistling,Whistling,False,True,0.0011042895,0.001022655,0.0012572574,0.0020566196,0.0016439821,0.0016986798,0.001205633,0.0013092998,0.0015521544,0.00088550727,0.0009931679,0.0014096607,0.0011551714,0.0011457759,0.001150546,0.0009854343,0.96785027,0.0010145522,0.0013133729,0.0010116242,0.0009913502,0.001350224,0.0010178756,0.001107392,0.0009747096,0.00085051364,0.0019422799
17_11708,17_11708.wav,pitch_down_2,17,Whistling,3,True,Whistling,Whistling,False,True,0.001371326,0.0013116389,0.0015642085,0.0019309786,0.0020658404,0.001989394,0.0014863593,0.0012009115,0.0017995875,0.0012619123,0.0011758691,0.0011942947,0.0010193797,0.0014092705,0.0012022398,0.0012436225,0.96249646,0.0013377367,0.0016222467,0.0010621486,0.0011264981,0.0006913002,0.0017968888,0.0010251356,0.0014224,0.0019997268,0.0021926311
17_11712,17_11712.wav,original,17,Whistling,3,True,Whistling,Whistling,False,True,0.0019865388,0.0022525536,0.0033716254,0.00183366,0.0024879475,0.0030286731,0.0036425032,0.0014994978,0.0028131688,0.0018488131,0.0018534196,0.0037231464,0.0029452788,0.0017882431,0.0024828715,0.0030917225,0.91547424,0.003491249,0.002330459,0.0029243447,0.0010347625,0.0013433653,0.0022758227,0.0023432598,0.0014671948,0.024844153,0.0018214677
17_11712,17_11712.wav,pitch_down_2,17,Whistling,3,True,Whistling,Whistling,False,True,0.0019865388,0.0022525536,0.0033716254,0.00183366,0.0024879475,0.0030286731,0.0036425032,0.0014994978,0.0028131688,0.0018488131,0.0018534196,0.0037231464,0.0029452788,0.0017882431,0.0024828715,0.0030917225,0.91547424,0.003491249,0.002330459,0.0029243447,0.0010347625,0.0013433653,0.0022758227,0.0023432598,0.0014671948,0.024844153,0.0018214677
17_11713,17_11713.wav,original,17,Whistling,3,True,Whistling,Whistling,False,True,0.0021180918,0.0008601374,0.0016405354,0.0009437755,0.0011342802,0.0013185177,0.0021154934,0.0020534333,0.0015531536,0.0011377995,0.0027223844,0.0016743707,0.002128809,0.002069902,0.0017372598,0.00244372,0.9502334,0.00250927,0.0020839823,0.0014680247,0.0038551467,0.0026056694,0.0021399674,0.0021272043,0.0016023633,0.001541593,0.0021816655
17_11715,17_11715.wav,pitch_up_2,17,Whistling,3,True,Whistling,Whistling,False,True,0.0010584005,0.0010186795,0.0012145517,0.0008391137,0.0020514482,0.00065907213,0.0012319577,0.0015229672,0.0014700115,0.0009710118,0.001539563,0.0016815284,0.0016586566,0.0012358458,0.0016522774,0.0025364037,0.96140355,0.00088879955,0.0024652577,0.00069723994,0.0027569376,0.003016822,0.0022965476,0.0011910787,0.0010167328,0.0011764468,0.0007491415
17_11721,17_11721.wav,original,17,Whistling,3,True,Whistling,Whistling,False,True,0.0010512612,0.0015037735,0.0011874833,0.0016200397,0.0014176028,0.0014479536,0.0011277483,0.0012543771,0.0013803742,0.0010457663,0.0011264058,0.0009910361,0.0013524726,0.0011624792,0.0012252466,0.0011473371,0.96805364,0.0011942988,0.0013640025,0.0013067317,0.0012259918,0.0016326313,0.0011112698,0.0012959928,0.001085298,0.0008947149,0.00079399097
17_11722,17_11722.wav,pitch_up_2,17,Whistling,3,True,Whistling,Whistling,False,True,0.0016288823,0.0011879775,0.0015487983,0.0007719204,0.00221741,0.0009969122,0.0014805197,0.002055423,0.0017028567,0.0008421065,0.001454061,0.0012467055,0.0011315761,0.0022962627,0.001961426,0.00094293413,0.9646068,0.0011494468,0.0013350239,0.0009208643,0.0011304999,0.0017106737,0.000765878,0.001067849,0.0010286391,0.001737366,0.0010811262
17_11724,17_11724.wav,pitch_up_2,17,Whistling,3,True,Whistling,Whistling,False,True,0.0014112158,0.0013240422,0.0014478884,0.0028081683,0.002112448,0.0014322425,0.0011494936,0.001654299,0.0016097081,0.001464766,0.0014045312,0.0012909739,0.0014271848,0.0016653602,0.0009376995,0.0016707602,0.9610645,0.0012855214,0.0011076381,0.00091537676,0.0009824932,0.0030365281,0.0015144438,0.001261987,0.0011733738,0.0010779508,0.0017693698
17_11725,17_11725.wav,pitch_up_2,17,Whistling,3,True,Whistling,Whistling,False,True,0.0015562833,0.0017132763,0.0011617996,0.0011760761,0.0021346696,0.0018090215,0.0012214098,0.0012616271,0.0015521622,0.0011100286,0.0013262965,0.0012952668,0.0014560958,0.0015482813,0.0012472094,0.0011284844,0.96502423,0.001259772,0.0010598126,0.0010233807,0.0012740771,0.0009939384,0.00117304,0.0013940855,0.001387142,0.0013156007,0.001396896
17_11728,17_11728.wav,pitch_down_2,17,Whistling,3,True,Whistling,Whistling,False,True,0.0013857093,0.00103436,0.0012591652,0.0007325625,0.0013270719,0.0008062666,0.0008936459,0.0008706289,0.0012484863,0.0007442939,0.0018884001,0.0011509005,0.0011816723,0.0010449537,0.0012646586,0.0015993182,0.96964806,0.0012950029,0.0012140766,0.0017696643,0.0015543402,0.0012117609,0.0012084772,0.0009166426,0.0012376293,0.00093671604,0.00057562307
17_11733,17_11733.wav,pitch_up_2,17,Whistling,3,True,Whistling,Whistling,False,True,0.00097202946,0.0015093357,0.000963585,0.000875037,0.0012403791,0.0013973169,0.00089008774,0.0008917199,0.0012416574,0.00090480736,0.0009507919,0.0010280041,0.0012437822,0.0011707107,0.0012214999,0.0011194837,0.96299046,0.004348153,0.0023061228,0.0012044082,0.0023578685,0.0036927604,0.0015930069,0.0008168746,0.0009163678,0.0008181462,0.0013356311
17_11734,17_11734.wav,pitch_up_2,17,Whistling,3,True,Whistling,Whistling,False,True,0.0011077683,0.0011816093,0.0011793092,0.00092108926,0.0008830116,0.0011292436,0.0008966073,0.0008656815,0.0014506051,0.00090484676,0.0015699075,0.001043186,0.001392346,0.0011717802,0.0012753637,0.0010161448,0.9702069,0.0010953859,0.0011349879,0.0011979152,0.0021310728,0.0013589221,0.00086838397,0.0010716239,0.0013723088,0.00081448286,0.00075954833
17_11735,17_11735.wav,pitch_down_2,17,Whistling,3,True,Whistling,Whistling,False,True,0.0015964452,0.001295488,0.0013685738,0.0007912799,0.0019174978,0.0009683324,0.0010596873,0.0017189244,0.0017824027,0.001024709,0.0013997774,0.0012342745,0.0013329303,0.0015545451,0.0012150841,0.001168537,0.96560305,0.0015828485,0.0012465356,0.0008669505,0.00097060436,0.0013616452,0.0015319745,0.00095169776,0.0012400976,0.0010755304,0.0021406447
17_11740,17_11740.wav,pitch_down_2,17,Whistling,3,True,Whistling,Whistling,False,True,0.0013606328,0.0010783081,0.0011245571,0.0012752359,0.0013879621,0.0011196635,0.0013894938,0.0011632434,0.0014816462,0.0014933354,0.0013242619,0.0010401141,0.0011957266,0.0012425972,0.0013494367,0.0012696487,0.96778077,0.0012985935,0.0008622914,0.001256588,0.0009937881,0.0008273874,0.0019325629,0.0012084577,0.0011675912,0.0008904284,0.0014858105
17_11741,17_11741.wav,pitch_up_2,17,Whistling,3,True,Whistling,Whistling,False,True,0.0013686336,0.0011252967,0.0014582785,0.0012180475,0.0015384952,0.0011576383,0.0012843716,0.0009986729,0.0019661246,0.0012212711,0.00087792706,0.0008803114,0.001360096,0.0014254822,0.00096370646,0.0017057051,0.9669387,0.0011115246,0.0011352346,0.0010098425,0.0007373211,0.0028587496,0.0014272731,0.0009581726,0.0014075335,0.00096076913,0.00090484996
17_11742,17_11742.wav,original,17,Whistling,3,True,Whistling,Whistling,False,True,0.0014002126,0.001644357,0.0012069684,0.001310784,0.0016674298,0.001363948,0.0012799372,0.0012010807,0.0016505198,0.0013495468,0.0015079844,0.0011857274,0.0015366507,0.0014406404,0.0017573651,0.00146589,0.9637994,0.0013000675,0.0014118749,0.0010842474,0.0014045802,0.0013648494,0.0015586788,0.0013878824,0.001481821,0.0011166407,0.0011209807
17_11743,17_11743.wav,original,17,Whistling,3,True,Whistling,Whistling,False,True,0.0014012548,0.0017355187,0.0013200431,0.0013605434,0.0010590445,0.0013920208,0.0012296718,0.0014195963,0.0014220556,0.0012963536,0.0013459143,0.0011662607,0.0016360534,0.0014295242,0.0016323585,0.0013319881,0.96376103,0.0024289333,0.0013157724,0.0013025999,0.0010260224,0.0011761077,0.0019516569,0.0011416628,0.0014399533,0.0009981359,0.0012798384
17_11743,17_11743.wav,pitch_down_2,17,Whistling,3,True,Whistling,Whistling,False,True,0.0014012548,0.0017355187,0.0013200431,0.0013605434,0.0010590445,0.0013920208,0.0012296718,0.0014195963,0.0014220556,0.0012963536,0.0013459143,0.0011662607,0.0016360534,0.0014295242,0.0016323585,0.0013319881,0.96376103,0.0024289333,0.0013157724,0.0013025999,0.0010260224,0.0011761077,0.0019516569,0.0011416628,0.0014399533,0.0009981359,0.0012798384
17_11745,17_11745.wav,original,17,Whistling,3,True,Whistling,Whistling,False,True,0.0018497083,0.0017612712,0.0010960529,0.001309718,0.0015024367,0.0014913481,0.0012384405,0.0011585797,0.0012230958,0.0014392646,0.0018617449,0.0012828475,0.0014917399,0.0014336364,0.0013138116,0.0014105131,0.96445227,0.0012047333,0.0013912441,0.0011329,0.0010120466,0.001076857,0.00126345,0.0012481334,0.0014688609,0.0013325134,0.0015527764
17_11746,17_11746.wav,original,17,Whistling,3,True,Whistling,Whistling,False,True,0.0010778982,0.0012440094,0.0017063773,0.0020658115,0.0018248548,0.0017195715,0.0016615394,0.0015571184,0.001922238,0.0007915621,0.0013015751,0.00161514,0.0011289719,0.0015798922,0.0009388248,0.0010941817,0.95728034,0.0011579263,0.001550231,0.001203037,0.0040553776,0.003240574,0.0020380183,0.0014893138,0.0010820697,0.001025049,0.0026485047
17_11747,17_11747.wav,pitch_up_2,17,Whistling,3,True,Whistling,Whistling,False,True,0.0015770536,0.0015842584,0.0014995079,0.0015944592,0.0027239274,0.002180169,0.0014506396,0.0012292919,0.0023219537,0.0014015728,0.0011037551,0.0020807385,0.0015133348,0.0016808783,0.0015306175,0.0016915496,0.9577492,0.0016256316,0.0011768428,0.0014779804,0.0010253565,0.0011888904,0.0012972142,0.001064151,0.0018253917,0.0028723935,0.0015332346
17_11748,17_11748.wav,original,17,Whistling,3,False,Whistling,Whistling,False,True,0.0012991625,0.0010382973,0.0011872975,0.0009387028,0.0013336533,0.0010315549,0.0012565167,0.00084600854,0.0013084678,0.00088183087,0.0011758736,0.0009957551,0.0013630213,0.0012365944,0.0012747798,0.0014104439,0.9699407,0.0012513724,0.0011980504,0.0009996671,0.0009499079,0.0011255502,0.0012599264,0.001388859,0.0013988568,0.0012313406,0.00067774527
17_11748,17_11748.wav,pitch_down_2,17,Whistling,3,False,Whistling,Whistling,False,True,0.0012991625,0.0010382973,0.0011872975,0.0009387028,0.0013336533,0.0010315549,0.0012565167,0.00084600854,0.0013084678,0.00088183087,0.0011758736,0.0009957551,0.0013630213,0.0012365944,0.0012747798,0.0014104439,0.9699407,0.0012513724,0.0011980504,0.0009996671,0.0009499079,0.0011255502,0.0012599264,0.001388859,0.0013988568,0.0012313406,0.00067774527
17_11748,17_11748.wav,pitch_up_2,17,Whistling,3,False,Whistling,Whistling,False,True,0.0012991625,0.0010382973,0.0011872975,0.0009387028,0.0013336533,0.0010315549,0.0012565167,0.00084600854,0.0013084678,0.00088183087,0.0011758736,0.0009957551,0.0013630213,0.0012365944,0.0012747798,0.0014104439,0.9699407,0.0012513724,0.0011980504,0.0009996671,0.0009499079,0.0011255502,0.0012599264,0.001388859,0.0013988568,0.0012313406,0.00067774527
17_11749,17_11749.wav,original,17,Whistling,3,True,Whistling,Whistling,False,True,0.0019681833,0.0017989926,0.0013024075,0.0015754245,0.0021502073,0.002131637,0.0013492211,0.0015335242,0.0016840817,0.0014988036,0.0016209102,0.0012670527,0.0014815157,0.0017134539,0.0012934469,0.0013523794,0.95996386,0.0014675515,0.0016024207,0.0011383956,0.0012141895,0.0014028926,0.0014675711,0.0011445932,0.0013440541,0.0013795389,0.0021536732
17_11753,17_11753.wav,pitch_down_2,17,Whistling,3,True,Whistling,Whistling,False,True,0.0015409215,0.0017011195,0.0013388064,0.0015460952,0.0016941368,0.0015860159,0.0014785947,0.00142418,0.0016223345,0.001325912,0.0019562861,0.0011408948,0.0018265317,0.0016585039,0.0016755526,0.0014000443,0.96050054,0.0014529984,0.0014750883,0.0011735412,0.0014896506,0.0013266875,0.0016344351,0.0016273694,0.0017098597,0.0013320496,0.001361803
17_11754,17_11754.wav,pitch_up_2,17,Whistling,3,True,Whistling,Whistling,False,True,0.0012522792,0.0013557957,0.0010706251,0.0013183565,0.0015892518,0.0013875143,0.0011610308,0.0010844411,0.00156526,0.000955466,0.001310483,0.0010871782,0.0014031391,0.0012878998,0.0015099458,0.0012690806,0.9674682,0.0012615821,0.0011455356,0.0012742021,0.0013125287,0.0012103327,0.00094807957,0.0013660208,0.0012538129,0.0011708422,0.0009810699
17_11755,17_11755.wav,pitch_down_2,17,Whistling,3,True,Whistling,Whistling,False,True,0.0012718773,0.0013102343,0.0011255051,0.0010301684,0.0014161483,0.001448336,0.0012143012,0.0012950368,0.001344828,0.0010192259,0.0012075059,0.001087354,0.0013810829,0.0011075103,0.0012586456,0.001370113,0.96792793,0.0011514769,0.0011021422,0.0011723321,0.0013548271,0.0012934329,0.0011413413,0.0011675743,0.0015227222,0.0013468467,0.0009315478
17_11756,17_11756.wav,pitch_up_2,17,Whistling,3,True,Whistling,Whistling,False,True,0.0010101433,0.00075839105,0.000875453,0.000870994,0.0008343915,0.0010238093,0.0008711799,0.0007753985,0.0009914947,0.0007149473,0.0009611072,0.00096707116,0.0011381361,0.00078763015,0.0010197649,0.0011615424,0.97552186,0.0009231859,0.0009471793,0.0011527673,0.0007756814,0.0011851001,0.0006285704,0.0007526256,0.0013016901,0.0014239274,0.0006259175
17_11758,17_11758.wav,pitch_down_2,17,Whistling,3,True,Whistling,Whistling,False,True,0.0027648008,0.0016294476,0.0017486349,0.0018904795,0.0016960535,0.0020200491,0.0012299042,0.0012943846,0.0022630696,0.0029148085,0.0040407474,0.004474361,0.0027004213,0.0016960102,0.0014251462,0.003246254,0.9419245,0.002935568,0.0025944726,0.0039070323,0.0010118837,0.0022221475,0.0015261496,0.0011875497,0.0019668646,0.0019546594,0.0017346592
17_11758,17_11758.wav,pitch_up_2,17,Whistling,3,True,Whistling,Whistling,False,True,0.0027648008,0.0016294476,0.0017486349,0.0018904795,0.0016960535,0.0020200491,0.0012299042,0.0012943846,0.0022630696,0.0029148085,0.0040407474,0.004474361,0.0027004213,0.0016960102,0.0014251462,0.003246254,0.9419245,0.002935568,0.0025944726,0.0039070323,0.0010118837,0.0022221475,0.0015261496,0.0011875497,0.0019668646,0.0019546594,0.0017346592
17_11763,17_11763.wav,pitch_down_2,17,Whistling,3,True,Whistling,Whistling,False,True,0.001496002,0.0013444809,0.00121431,0.0016625825,0.001663193,0.001311405,0.0013260795,0.0011800929,0.0014479072,0.0011799027,0.0013103965,0.0011824258,0.0010874504,0.0009910436,0.0011336365,0.001177926,0.9679262,0.0011530678,0.0010789478,0.0011846338,0.001188421,0.0009463486,0.0011363085,0.0011054958,0.0013722619,0.0010497662,0.001149664
17_11764,17_11764.wav,pitch_down_2,17,Whistling,3,True,Whistling,Whistling,False,True,0.0016809428,0.0013216155,0.0014681992,0.00081976614,0.0020689336,0.0012607138,0.0009464906,0.0013065393,0.0017528934,0.00083966827,0.001377671,0.0016811532,0.0011880024,0.0016405234,0.0009363922,0.0012188161,0.9659911,0.0013721675,0.0013825643,0.00078818557,0.0008554011,0.0009756054,0.0014576908,0.00086591503,0.0010637233,0.0013459452,0.0023933959
17_11765,17_11765.wav,pitch_down_2,17,Whistling,3,True,Whistling,Whistling,False,True,0.0010732097,0.0010034168,0.0014041685,0.0007604158,0.0012532441,0.0009838721,0.0010968763,0.0010721182,0.0014656986,0.00092763983,0.0013096691,0.001047013,0.0011919751,0.0011385881,0.00094106887,0.0008467191,0.9691408,0.0011020073,0.001255339,0.0012782667,0.002320998,0.0012253164,0.0017859711,0.0010714076,0.0012843589,0.0007436825,0.0012761225
17_11767,17_11767.wav,pitch_up_2,17,Whistling,3,True,Whistling,Whistling,False,True,0.0018198811,0.0015367293,0.0015082668,0.0012881415,0.002654902,0.0011134456,0.0010409293,0.0014432207,0.0015181634,0.0010756353,0.0012709689,0.001523716,0.0013306403,0.001990766,0.0010246984,0.0014412155,0.9604106,0.001814215,0.0016821743,0.0011559768,0.0008761967,0.0009211294,0.0023989286,0.0009301657,0.0011843448,0.0017047714,0.0033401363
17_11768,17_11768.wav,original,17,Whistling,3,True,Whistling,Whistling,False,True,0.0015020426,0.0013881535,0.0016709688,0.0016493709,0.0012874586,0.0015060687,0.0017452197,0.0014597072,0.0017149475,0.0015814491,0.001463262,0.0015028225,0.0014157946,0.0012869823,0.0014352062,0.0012181116,0.9605479,0.0014134655,0.0010570738,0.0021607764,0.0011905986,0.00073125423,0.0032432128,0.0013509245,0.0012863572,0.0009954338,0.0021953266
17_11769,17_11769.wav,pitch_up_2,17,Whistling,3,True,Whistling,Whistling,False,True,0.0014484343,0.0013424428,0.0012974986,0.001283202,0.0017557185,0.0015829512,0.0013890745,0.0013821479,0.0015937815,0.0010968313,0.0012851538,0.0012467917,0.0015178855,0.0012015454,0.0013314659,0.0013947878,0.96451324,0.0012379716,0.0012121074,0.0012611574,0.0015181262,0.0015365187,0.0013130772,0.0012936477,0.0016286289,0.0012811435,0.0010547278
17_11773,17_11773.wav,pitch_down_2,17,Whistling,3,True,Whistling,Whistling,False,True,0.0013165824,0.0013301963,0.0011353375,0.0011416598,0.0014495769,0.0014723315,0.0011919375,0.0009920888,0.0013568386,0.0009638187,0.0014840801,0.0012070496,0.0013979116,0.0013077204,0.0011590096,0.001209345,0.9680629,0.001165571,0.0011144218,0.0010049915,0.001001978,0.0011158456,0.0010446506,0.0015222868,0.0014361488,0.0014929766,0.0009227488
17_11773,17_11773.wav,pitch_up_2,17,Whistling,3,True,Whistling,Whistling,False,True,0.0013165824,0.0013301963,0.0011353375,0.0011416598,0.0014495769,0.0014723315,0.0011919375,0.0009920888,0.0013568386,0.0009638187,0.0014840801,0.0012070496,0.0013979116,0.0013077204,0.0011590096,0.001209345,0.9680629,0.001165571,0.0011144218,0.0010049915,0.001001978,0.0011158456,0.0010446506,0.0015222868,0.0014361488,0.0014929766,0.0009227488
17_11775,17_11775.wav,pitch_up_2,17,Whistling,3,True,Whistling,Whistling,False,True,0.001337879,0.001896764,0.0011550457,0.001233797,0.001639773,0.0016779671,0.0011025812,0.0011053527,0.0012700129,0.0011175041,0.0015818913,0.001368015,0.001481358,0.0013188245,0.0013864647,0.0012511457,0.9646407,0.001276611,0.0013768423,0.0014292635,0.0013452932,0.0011714046,0.001158513,0.001427703,0.0014473276,0.0016324403,0.0011696094
18_11803,18_11803.wav,original,18,Speaking,3,True,Speaking,Speaking,False,True,0.0012660666,0.0011545854,0.0014841644,0.0013015255,0.0008269856,0.0017502299,0.0010041678,0.0015990152,0.0014738146,0.00087891537,0.0011415315,0.0011561406,0.0011327578,0.0015211328,0.0015989671,0.0012400951,0.0014176947,0.9666752,0.0011279922,0.0012782883,0.0011194167,0.0014750403,0.0018975567,0.0011356894,0.0014636981,0.001064578,0.00081472745
18_11804,18_11804.wav,pitch_up_2,18,Speaking,3,True,Speaking,Speaking,False,True,0.0017121813,0.0027329482,0.0009247956,0.0011277137,0.0007001679,0.0016845892,0.0014458298,0.0011602619,0.0011437975,0.0010680403,0.0007915208,0.0007661217,0.001975008,0.0012444038,0.0011111796,0.0011196594,0.0014041825,0.93837565,0.001475179,0.00089416537,0.0012059802,0.0009979223,0.0014170147,0.029334998,0.0014252033,0.0010440248,0.0017175566
18_11806,18_11806.wav,original,18,Speaking,3,True,Speaking,Speaking,False,True,0.0010019629,0.0012200639,0.0012737331,0.00093730836,0.0008165009,0.0015855269,0.0010125668,0.0014664078,0.0017926531,0.0006745676,0.0006478816,0.0014176387,0.0011854678,0.0014835387,0.0012663435,0.0012340667,0.0011442499,0.9692541,0.0012169904,0.00085256,0.0011122556,0.0011090472,0.00198799,0.0007507601,0.0013021383,0.0011567165,0.0010969996
18_11806,18_11806.wav,pitch_down_2,18,Speaking,3,True,Speaking,Speaking,False,True,0.0010019629,0.0012200639,0.0012737331,0.00093730836,0.0008165009,0.0015855269,0.0010125668,0.0014664078,0.0017926531,0.0006745676,0.0006478816,0.0014176387,0.0011854678,0.0014835387,0.0012663435,0.0012340667,0.0011442499,0.9692541,0.0012169904,0.00085256,0.0011122556,0.0011090472,0.00198799,0.0007507601,0.0013021383,0.0011567165,0.0010969996
18_11808,18_11808.wav,pitch_up_2,18,Speaking,3,True,Speaking,Speaking,False,True,0.0010244757,0.0019021673,0.001161859,0.0009461993,0.0011092213,0.0006355898,0.0010046286,0.0014009275,0.0010524028,0.00097277435,0.00074847107,0.0007634789,0.0011266029,0.0012118871,0.0012137421,0.0010619189,0.0011420556,0.971139,0.0015142305,0.0011115891,0.0013823254,0.0008930261,0.0011973744,0.0014718492,0.0013341323,0.0007333937,0.00074467814
18_11809,18_11809.wav,pitch_up_2,18,Speaking,3,True,Speaking,Speaking,False,True,0.0012655671,0.0006180319,0.001238613,0.0006999495,0.00079882314,0.0012712824,0.0008036637,0.0014392209,0.0012415173,0.0012372467,0.0013322904,0.0017144248,0.0012713928,0.0020660043,0.002595018,0.001162455,0.0044375802,0.95903754,0.0019786032,0.0009518953,0.001996876,0.0025591892,0.0013885796,0.0017238534,0.001587193,0.0011070413,0.0024761602
18_11810,18_11810.wav,pitch_down_2,18,Speaking,3,True,Speaking,Speaking,False,True,0.0011245894,0.0008233986,0.00082423555,0.0019733293,0.0007226853,0.001110071,0.0011106358,0.0011292797,0.0009947135,0.0012309862,0.0011281153,0.0008619672,0.001328495,0.0009848858,0.0013507517,0.00072154705,0.0013968782,0.970134,0.0009441176,0.001048077,0.0010419997,0.0015494501,0.0009563397,0.0015155688,0.0010478478,0.0015235167,0.0014224974
18_11811,18_11811.wav,pitch_up_2,18,Speaking,3,True,Speaking,Speaking,False,True,0.0014160572,0.0014114407,0.0013800133,0.0015711997,0.001123189,0.0017715688,0.0018948741,0.0017997585,0.0015037773,0.0015763071,0.0014028231,0.0012142927,0.0016821463,0.0016028617,0.0016621449,0.0011787014,0.002480583,0.9582084,0.0013398455,0.0024853619,0.0019144593,0.0015674266,0.0016043995,0.0013763676,0.001825381,0.0017608668,0.0012457458
18_11815,18_11815.wav,original,18,Speaking,3,True,Speaking,Speaking,False,True,0.0007502425,0.0032567333,0.0011620978,0.00080344727,0.000731301,0.0014982185,0.00066381023,0.0021984132,0.001630667,0.00092170347,0.0009023834,0.0016745292,0.0012118901,0.001610532,0.0014557629,0.00094806094,0.0011749495,0.96431404,0.0014599888,0.0012700186,0.0010798363,0.0011379431,0.002970359,0.0016340218,0.0012033953,0.0008793636,0.0014562818
18_11819,18_11819.wav,original,18,Speaking,3,True,Speaking,Speaking,False,True,0.0013187233,0.0016875942,0.0013524452,0.001240545,0.0008645489,0.0019729135,0.0010629818,0.0015664081,0.0010917754,0.0013398504,0.0014861409,0.0011317128,0.001603922,0.0018333982,0.0015502125,0.0009148572,0.0018285378,0.9627848,0.0016614948,0.0017023509,0.001391231,0.0019829322,0.0012110701,0.0014892976,0.0012915605,0.0011459934,0.0014926586
18_11819,18_11819.wav,pitch_up_2,18,Speaking,3,True,Speaking,Speaking,False,True,0.0013187233,0.0016875942,0.0013524452,0.001240545,0.0008645489,0.0019729135,0.0010629818,0.0015664081,0.0010917754,0.0013398504,0.0014861409,0.0011317128,0.001603922,0.0018333982,0.0015502125,0.0009148572,0.0018285378,0.9627848,0.0016614948,0.0017023509,0.001391231,0.0019829322,0.0012110701,0.0014892976,0.0012915605,0.0011459934,0.0014926586
18_11822,18_11822.wav,pitch_down_2,18,Speaking,3,True,Speaking,Speaking,False,True,0.0010662851,0.000815871,0.0010127773,0.0012762038,0.00067643635,0.0012248727,0.0010727387,0.0014750734,0.0010352478,0.00092139497,0.0008815431,0.001352693,0.001061963,0.0018812196,0.0012369909,0.0014952555,0.0013803683,0.96638083,0.0014756433,0.0022982594,0.00085142365,0.0013491759,0.0014113557,0.0023023197,0.0012750481,0.0008832224,0.0019057994
18_11828,18_11828.wav,pitch_up_2,18,Speaking,3,True,Speaking,Speaking,False,True,0.0016211456,0.0019837092,0.001870091,0.0013628447,0.00112995,0.0022223266,0.0013252404,0.0026066387,0.0017941864,0.0015092153,0.0016677914,0.0014115829,0.0016960598,0.002456231,0.0022174933,0.0013815257,0.0023712341,0.9495329,0.0023272082,0.003263804,0.0018928383,0.0023369507,0.0021716787,0.0024517132,0.0020718137,0.0016980484,0.001625781
18_11830,18_11830.wav,pitch_up_2,18,Speaking,3,True,Speaking,Speaking,False,True,0.001341531,0.0009737474,0.0008208488,0.0009673826,0.0006090358,0.00070245424,0.00080992025,0.00093182636,0.0011113579,0.0011602099,0.0008481774,0.00080034655,0.0011773607,0.0010674993,0.0013882892,0.0011882175,0.0009861244,0.97463894,0.00088743307,0.0009169395,0.0008874007,0.0008286917,0.0009680641,0.0007434972,0.00088034617,0.00081800896,0.0015463912
18_11831,18_11831.wav,pitch_down_2,18,Speaking,3,True,Speaking,Speaking,False,True,0.000913267,0.00095272623,0.0009500001,0.0009332011,0.0011456009,0.00065383007,0.0009832628,0.00084983814,0.0010159862,0.0011999287,0.00081889494,0.0024455902,0.00054320047,0.003606854,0.00086565485,0.0012780674,0.0014688807,0.9653743,0.00075924513,0.0059968624,0.00077795534,0.00087532727,0.0010831337,0.0013040317,0.0012877492,0.0010376872,0.0008788908
18_11834,18_11834.wav,pitch_up_2,18,Speaking,3,True,Speaking,Speaking,False,True,0.0012271451,0.00094648515,0.0012395211,0.0008094209,0.001223195,0.0010043132,0.0015159255,0.0013929236,0.0018805513,0.00092558446,0.0014128839,0.0006142235,0.0011659487,0.001039513,0.0013319695,0.0011160737,0.0016743038,0.9674911,0.0010770474,0.0015706336,0.0020765304,0.0010052876,0.0014829686,0.00090175663,0.0012279464,0.001308398,0.0013384605
18_11835,18_11835.wav,pitch_down_2,18,Speaking,3,True,Speaking,Speaking,False,True,0.0014093883,0.0013166666,0.0009963259,0.0008950027,0.001368309,0.0015625688,0.0015437336,0.0012337005,0.0014117085,0.001179043,0.0013380587,0.0015303505,0.0011433475,0.0010981703,0.0018532068,0.0011711405,0.0013926226,0.95778066,0.0012096482,0.0007189371,0.0017662956,0.0012679506,0.005222159,0.0023232966,0.0037571331,0.00096341345,0.0025471312
18_11837,18_11837.wav,pitch_up_2,18,Speaking,3,True,Speaking,Speaking,False,True,0.0008906794,0.001070338,0.00124338,0.00060783344,0.0006574386,0.0007627139,0.0012094105,0.0007973768,0.00092359,0.0018854401,0.0011352111,0.0008143734,0.0008419719,0.0009757858,0.00090489286,0.0011939732,0.0010515702,0.97389907,0.00064096175,0.00078567443,0.0008872877,0.0011116574,0.0008894352,0.000519226,0.0028463698,0.00071649835,0.0007378654
18_11839,18_11839.wav,pitch_down_2,18,Speaking,3,True,Generator,Speaking,True,True,0.0031842266,0.0019920336,0.0051135183,0.0016623061,0.0035515262,0.002362653,0.0016414899,0.0071853534,0.0014230959,0.0019569492,0.0017179205,0.15735064,0.0016269217,0.0033723777,0.0023582971,0.0031430973,0.00200782,0.77661043,0.0018015312,0.0021423732,0.0022019849,0.0014563206,0.0030783964,0.0013184325,0.0017632851,0.001953509,0.006023459
18_11839,18_11839.wav,pitch_up_2,18,Speaking,3,True,Speaking,Speaking,False,True,0.0031842266,0.0019920336,0.0051135183,0.0016623061,0.0035515262,0.002362653,0.0016414899,0.0071853534,0.0014230959,0.0019569492,0.0017179205,0.15735064,0.0016269217,0.0033723777,0.0023582971,0.0031430973,0.00200782,0.77661043,0.0018015312,0.0021423732,0.0022019849,0.0014563206,0.0030783964,0.0013184325,0.0017632851,0.001953509,0.006023459
18_11840,18_11840.wav,pitch_down_2,18,Speaking,3,True,Speaking,Speaking,False,True,0.0013451823,0.0014684157,0.0011031843,0.00074038125,0.0009738466,0.0010599591,0.0016281828,0.0020897053,0.019152561,0.00088627875,0.001227379,0.00092847977,0.0014153613,0.0011526981,0.0015486457,0.0012349299,0.0014217453,0.9479301,0.0014745839,0.0010650562,0.0012801251,0.0016792621,0.0015808524,0.0018827555,0.0015316219,0.00114585,0.0010528899
18_11841,18_11841.wav,pitch_down_2,18,Speaking,3,True,Speaking,Speaking,False,True,0.0015388737,0.0016168226,0.002037512,0.0017695933,0.0011873771,0.0020945205,0.0011992218,0.0012083595,0.0015419306,0.0008343493,0.0016173162,0.0014149259,0.0024369096,0.0013890066,0.0014571832,0.001920368,0.0016012912,0.9539607,0.0014078306,0.0013686895,0.0013417747,0.0017205836,0.0020364916,0.0011719629,0.003647397,0.0056135408,0.00086541916
18_11842,18_11842.wav,pitch_up_2,18,Speaking,3,True,Speaking,Speaking,False,True,0.00068901427,0.00092129246,0.00082997984,0.0011935072,0.00073192315,0.0009059454,0.0019449977,0.0008467827,0.0010144644,0.0029244653,0.001151027,0.0008631427,0.0014432584,0.001123616,0.0019783685,0.0009027827,0.00094718905,0.9671243,0.0011005388,0.0007839611,0.0008609582,0.0010639642,0.0009319047,0.004753871,0.0011836427,0.00094411103,0.00084097
18_11844,18_11844.wav,pitch_down_2,18,Speaking,3,True,Speaking,Speaking,False,True,0.0005859775,0.0017399447,0.001431167,0.0016540083,0.0007445006,0.0009615273,0.0006097806,0.0009772935,0.0011654764,0.00083731214,0.0009009109,0.000803469,0.0009843399,0.0007341615,0.0011600901,0.0011377004,0.0011341758,0.9724415,0.00092701084,0.0010804426,0.0011401314,0.0013984259,0.0013735719,0.0009179685,0.00102708,0.0012622847,0.000869781
18_11845,18_11845.wav,pitch_down_2,18,Speaking,3,True,Speaking,Speaking,False,True,0.0012677502,0.0011730691,0.001143535,0.0008942107,0.0006697865,0.001281646,0.0012193886,0.0012692207,0.0014134728,0.0010947379,0.0010575966,0.00086240465,0.0011848739,0.0013002291,0.001212812,0.0008641761,0.0013082987,0.97081083,0.0011148652,0.0010772296,0.0012127977,0.0011769506,0.0011858783,0.0009942191,0.0012788977,0.0010575278,0.00087372324
18_11845,18_11845.wav,pitch_up_2,18,Speaking,3,True,Speaking,Speaking,False,True,0.0012677502,0.0011730691,0.001143535,0.0008942107,0.0006697865,0.001281646,0.0012193886,0.0012692207,0.0014134728,0.0010947379,0.0010575966,0.00086240465,0.0011848739,0.0013002291,0.001212812,0.0008641761,0.0013082987,0.97081083,0.0011148652,0.0010772296,0.0012127977,0.0011769506,0.0011858783,0.0009942191,0.0012788977,0.0010575278,0.00087372324
18_11851,18_11851.wav,pitch_up_2,18,Speaking,3,True,Speaking,Speaking,False,True,0.0011621444,0.0021902642,0.0015419725,0.0026728527,0.00077466975,0.008729885,0.0010239743,0.0012565632,0.0017213713,0.0014047186,0.00088386494,0.00354791,0.0017440254,0.0014196377,0.0027773893,0.0025814008,0.0015945067,0.94386035,0.0019341897,0.0011933944,0.0021778492,0.0014121603,0.0019618948,0.0015538181,0.0037088243,0.0041689663,0.0010014344
18_11852,18_11852.wav,pitch_up_2,18,Speaking,3,True,Speaking,Speaking,False,True,0.00051875605,0.0018421644,0.0010919903,0.0016405223,0.0025682587,0.0026291634,0.0030153012,0.0026056543,0.0019620294,0.000854458,0.0011569443,0.0018551858,0.001437468,0.0012637852,0.00079894013,0.0021177933,0.0015726471,0.942015,0.0011036721,0.0042955396,0.0015283573,0.0019826207,0.0020960623,0.0037486616,0.0017334103,0.008456548,0.0041091684
18_11854,18_11854.wav,pitch_up_2,18,Speaking,3,True,Speaking,Speaking,False,True,0.0012117937,0.0010353731,0.0013504256,0.0012960884,0.0009237842,0.0015631892,0.0014313945,0.0022215238,0.0016296632,0.0012910824,0.00091339997,0.0018554527,0.0014379075,0.0022167594,0.0017758291,0.0017823424,0.0020319102,0.9585128,0.0015736275,0.0022001758,0.0012941778,0.0014533683,0.0024413883,0.0011103088,0.0024465136,0.0018051086,0.0011946018
18_11855,18_11855.wav,original,18,Speaking,3,True,Speaking,Speaking,False,True,0.0024946951,0.0028529672,0.0043396256,0.0023799117,0.005758175,0.0028322127,0.0053551663,0.0024933773,0.004096471,0.0013740963,0.0042303526,0.0034154586,0.0065459833,0.0016003848,0.005160002,0.0050770533,0.0069327834,0.8905882,0.0024911792,0.00554028,0.007270931,0.009840456,0.0017528172,0.0051132184,0.002505672,0.0063600396,0.0015984465
18_11855,18_11855.wav,pitch_up_2,18,Speaking,3,True,Speaking,Speaking,False,True,0.0024946951,0.0028529672,0.0043396256,0.0023799117,0.005758175,0.0028322127,0.0053551663,0.0024933773,0.004096471,0.0013740963,0.0042303526,0.0034154586,0.0065459833,0.0016003848,0.005160002,0.0050770533,0.0069327834,0.8905882,0.0024911792,0.00554028,0.007270931,0.009840456,0.0017528172,0.0051132184,0.002505672,0.0063600396,0.0015984465
18_11857,18_11857.wav,pitch_down_2,18,Speaking,3,True,Speaking,Speaking,False,True,0.0012101595,0.0017161276,0.0012319405,0.0014095847,0.0009367531,0.0015117287,0.0011257482,0.0014887489,0.002050137,0.0009765552,0.00075681513,0.0011221272,0.0015783439,0.0014775735,0.0019239389,0.0010886678,0.0017419647,0.9652305,0.0011763537,0.001508697,0.0015413119,0.0015348626,0.001502593,0.0009525632,0.001252669,0.0011933023,0.0007602147
18_11857,18_11857.wav,pitch_up_2,18,Speaking,3,True,Speaking,Speaking,False,True,0.0012101595,0.0017161276,0.0012319405,0.0014095847,0.0009367531,0.0015117287,0.0011257482,0.0014887489,0.002050137,0.0009765552,0.00075681513,0.0011221272,0.0015783439,0.0014775735,0.0019239389,0.0010886678,0.0017419647,0.9652305,0.0011763537,0.001508697,0.0015413119,0.0015348626,0.001502593,0.0009525632,0.001252669,0.0011933023,0.0007602147
18_11859,18_11859.wav,original,18,Speaking,3,True,Speaking,Speaking,False,True,0.0015838867,0.0009036428,0.0013843988,0.0016745689,0.0018097577,0.00091243326,0.0017072847,0.0011602398,0.0014234293,0.0010853586,0.00149533,0.0010742223,0.0016108417,0.0012036859,0.0028052733,0.0017392087,0.0013476023,0.9427209,0.0016796505,0.0023838829,0.005597513,0.0019843988,0.005612329,0.0016883574,0.0012604038,0.0015883384,0.0105631165
18_11861,18_11861.wav,original,18,Speaking,3,True,Speaking,Speaking,False,True,0.0019503898,0.0020994495,0.0009957115,0.0014127959,0.0005228796,0.0008912103,0.0011828666,0.0019461685,0.0014867275,0.00085933536,0.0015125427,0.0016213126,0.0023691917,0.0022152632,0.0016551052,0.0009664471,0.0026221445,0.93495107,0.017897693,0.0029782774,0.0024130524,0.0016884394,0.002946262,0.0031042846,0.002324218,0.002080438,0.0033066664
18_11861,18_11861.wav,pitch_down_2,18,Speaking,3,True,Speaking,Speaking,False,True,0.0019503898,0.0020994495,0.0009957115,0.0014127959,0.0005228796,0.0008912103,0.0011828666,0.0019461685,0.0014867275,0.00085933536,0.0015125427,0.0016213126,0.0023691917,0.0022152632,0.0016551052,0.0009664471,0.0026221445,0.93495107,0.017897693,0.0029782774,0.0024130524,0.0016884394,0.002946262,0.0031042846,0.002324218,0.002080438,0.0033066664
18_11862,18_11862.wav,pitch_up_2,18,Speaking,3,True,Speaking,Speaking,False,True,0.0010230347,0.0012287496,0.00082662207,0.0012556525,0.0008031659,0.0013175504,0.0010363503,0.001001917,0.001262114,0.0010219687,0.0006375458,0.00083907676,0.0010870872,0.0012569446,0.0013424549,0.0010630953,0.0011880326,0.97298574,0.0008528245,0.0008096271,0.0012715679,0.0010267013,0.0011347792,0.0006997997,0.001070097,0.001126632,0.00083089346
18_11863,18_11863.wav,original,18,Speaking,3,True,Speaking,Speaking,False,True,0.001526632,0.002107865,0.0012156557,0.0016276344,0.0007481531,0.0010548197,0.0012494586,0.0014509031,0.0033637043,0.0012457742,0.00080217747,0.00091925514,0.0010158401,0.0009762559,0.0017959932,0.0033823496,0.0016354675,0.9591122,0.0009076332,0.0018697261,0.0037011674,0.0013951609,0.0017062603,0.0011052777,0.0014519794,0.0017987638,0.0008338173
18_11863,18_11863.wav,pitch_down_2,18,Speaking,3,True,Speaking,Speaking,False,True,0.001526632,0.002107865,0.0012156557,0.0016276344,0.0007481531,0.0010548197,0.0012494586,0.0014509031,0.0033637043,0.0012457742,0.00080217747,0.00091925514,0.0010158401,0.0009762559,0.0017959932,0.0033823496,0.0016354675,0.9591122,0.0009076332,0.0018697261,0.0037011674,0.0013951609,0.0017062603,0.0011052777,0.0014519794,0.0017987638,0.0008338173
18_11867,18_11867.wav,pitch_up_2,18,Speaking,3,True,Speaking,Speaking,False,True,0.00096775655,0.0014296545,0.0017562289,0.0017554875,0.0010034632,0.0009774718,0.0008627395,0.0010875963,0.0009618912,0.0015359669,0.0015406705,0.00082920975,0.0014482035,0.0011425456,0.00166756,0.0006916511,0.0015815754,0.9670039,0.0014492688,0.0014604932,0.0014085508,0.0015794095,0.0015892513,0.0011301953,0.001228625,0.0013797153,0.0005309567
18_11868,18_11868.wav,pitch_up_2,18,Speaking,3,True,Speaking,Speaking,False,True,0.0010090997,0.0012564742,0.00062883314,0.00038411445,0.0012777514,0.0010281516,0.00062839786,0.00081308285,0.0015147926,0.0008493027,0.0007116261,0.0020379622,0.00082102447,0.0009987736,0.001131141,0.0018452386,0.001050524,0.97169083,0.0011420649,0.00052461645,0.00082984526,0.0010696984,0.0007091475,0.0007462294,0.0009699307,0.0011323419,0.0031989918
18_11869,18_11869.wav,original,18,Speaking,3,True,Speaking,Speaking,False,True,0.00085552735,0.0009288481,0.0012208315,0.002212044,0.0009117333,0.0012420736,0.0008554955,0.0011814451,0.0010206751,0.0015333883,0.0029673278,0.0017954796,0.002332758,0.0007386075,0.0017838803,0.0017058371,0.002081098,0.9566856,0.001519099,0.0037433235,0.00096963876,0.0014045062,0.0016379291,0.0014441651,0.0013129311,0.0043362505,0.0015794272
18_11871,18_11871.wav,pitch_up_2,18,Speaking,3,True,Speaking,Speaking,False,True,0.0022213173,0.0011252058,0.001970241,0.0020077636,0.0012706439,0.0015753778,0.0017035356,0.0017604133,0.0014953054,0.00092740264,0.0012303478,0.0007709004,0.0013158038,0.0020068812,0.0022557152,0.0022267776,0.002451186,0.9568097,0.0016005985,0.0022753507,0.0012139902,0.0013404704,0.0022666494,0.0018767851,0.0017574402,0.0016700719,0.00087413745
18_11873,18_11873.wav,pitch_up_2,18,Speaking,3,True,Speaking,Speaking,False,True,0.0007339083,0.0009773211,0.00094086764,0.0010863486,0.00072847045,0.001614063,0.001095086,0.0010121256,0.00095582963,0.0009094276,0.0006263577,0.000562331,0.00090896693,0.0013171132,0.0030996094,0.0009416311,0.0007784742,0.96586865,0.0012222255,0.00091780955,0.001080522,0.0015033074,0.0040467842,0.002908132,0.0010907464,0.00068530417,0.0023887323
18_11875,18_11875.wav,pitch_down_2,18,Speaking,3,True,Speaking,Speaking,False,True,0.0015039894,0.0013390211,0.0015761683,0.0014912816,0.0011851402,0.0017593094,0.0012485017,0.0011805595,0.0012485884,0.0011208283,0.0015298291,0.0007875512,0.0016647857,0.0016324762,0.0011660085,0.0012692917,0.0022669735,0.95934623,0.0013458785,0.003930868,0.0017114248,0.0013489941,0.0013486953,0.0012355772,0.0019926976,0.002324044,0.0014453052
19_11901,19_11901.wav,original,19,Footsteps,3,True,Footsteps,Footsteps,False,True,0.0012978328,0.0005262089,0.0010278242,0.0011152937,0.0007961895,0.0019834023,0.0007751997,0.00089094136,0.001421338,0.0008555544,0.0011300276,0.0009344679,0.0006691683,0.000643469,0.0011012483,0.00095584005,0.0009192475,0.0010097007,0.9715714,0.0013010259,0.0010322697,0.00069906254,0.00085127755,0.003166125,0.0013500145,0.0011890774,0.0007867774
19_11904,19_11904.wav,original,19,Footsteps,3,True,Fire,Footsteps,True,True,0.17378719,0.0006821405,0.003076373,0.0045278757,0.0022215077,0.0032266586,0.005677039,0.0027332313,0.0029866064,0.0020409534,0.0020608425,0.00197932,0.001729848,0.0014959028,0.0031109108,0.0016003652,0.002684787,0.0025702687,0.7544469,0.0011754736,0.002577284,0.0016957078,0.0027105024,0.011284103,0.0028552443,0.00281473,0.0022481622
19_11908,19_11908.wav,original,19,Footsteps,3,True,Footsteps,Footsteps,False,True,0.004567995,0.0012177846,0.0013552316,0.00097607466,0.00076562905,0.0016786503,0.0013322221,0.0017163827,0.0018374384,0.0019639267,0.0011783849,0.0011475073,0.0024776205,0.0011729089,0.00088043214,0.0011825034,0.0012887134,0.0013842372,0.96105856,0.0012578799,0.0015085071,0.0013614692,0.0021486285,0.0005790162,0.0011051035,0.0018911995,0.0009660381
19_11909,19_11909.wav,pitch_down_2,19,Footsteps,3,True,Footsteps,Footsteps,False,True,0.0033421263,0.0007063614,0.0014551856,0.0014514471,0.0010517183,0.0017197455,0.0034729906,0.0015029957,0.0011947242,0.0009996436,0.0014657291,0.0012354767,0.0010307058,0.0010898433,0.001272912,0.0007306728,0.0013323828,0.0017785523,0.96134,0.002742662,0.0011632121,0.0012693964,0.0014132502,0.00090986834,0.0017156693,0.0016856585,0.0009270175
19_11914,19_11914.wav,original,19,Footsteps,3,True,Footsteps,Footsteps,False,True,0.00029916994,0.000608348,0.00067074754,0.00045282338,0.00075408607,0.001096415,0.00087120774,0.0009694475,0.0012563466,0.00073298044,0.00075768837,0.00086441264,0.00049915345,0.000857482,0.0008518547,0.0007915611,0.00080457603,0.0009366901,0.9786094,0.00053188344,0.0007503195,0.0007477811,0.0008545704,0.0015799613,0.0011102742,0.0011411834,0.00059962523
19_11914,19_11914.wav,pitch_down_2,19,Footsteps,3,True,Footsteps,Footsteps,False,True,0.00029916994,0.000608348,0.00067074754,0.00045282338,0.00075408607,0.001096415,0.00087120774,0.0009694475,0.0012563466,0.00073298044,0.00075768837,0.00086441264,0.00049915345,0.000857482,0.0008518547,0.0007915611,0.00080457603,0.0009366901,0.9786094,0.00053188344,0.0007503195,0.0007477811,0.0008545704,0.0015799613,0.0011102742,0.0011411834,0.00059962523
19_11916,19_11916.wav,pitch_down_2,19,Footsteps,3,True,Footsteps,Footsteps,False,True,0.00034212615,0.0009558741,0.0016466818,0.0013293382,0.0009220955,0.0013017394,0.0014199574,0.0017578909,0.0019255407,0.0006170773,0.0016965927,0.0011264738,0.0041311947,0.00255236,0.0017991409,0.00049734244,0.0013737642,0.0022210106,0.9548835,0.0050726444,0.0011142142,0.0011924007,0.0011062113,0.003625569,0.0020351734,0.0016220195,0.0017321246
19_11919,19_11919.wav,pitch_down_2,19,Footsteps,3,True,Footsteps,Footsteps,False,True,0.0015671061,0.0007549561,0.0022269443,0.0010776808,0.0021785407,0.0012595191,0.0021138084,0.0023901744,0.0022705926,0.0016796872,0.0023694218,0.001408724,0.007601083,0.0019198713,0.0013037425,0.0011470295,0.0020336232,0.0013905085,0.94949895,0.0010847136,0.0018197993,0.0016619136,0.0017565885,0.0033227718,0.0012232439,0.00172348,0.0012154841
19_11920,19_11920.wav,original,19,Footsteps,3,True,Footsteps,Footsteps,False,True,0.016031992,0.0019025336,0.0017211051,0.0019515957,0.0020294506,0.004080653,0.0016139405,0.0025600777,0.003939725,0.00095280976,0.0020369706,0.0016384743,0.0008054776,0.002061854,0.002770206,0.0018388974,0.0020169544,0.001865191,0.9276049,0.0020317247,0.0024000977,0.0019021031,0.0017051917,0.005858948,0.0024388125,0.0027863823,0.0014539189
19_11920,19_11920.wav,pitch_down_2,19,Footsteps,3,True,Footsteps,Footsteps,False,True,0.016031992,0.0019025336,0.0017211051,0.0019515957,0.0020294506,0.004080653,0.0016139405,0.0025600777,0.003939725,0.00095280976,0.0020369706,0.0016384743,0.0008054776,0.002061854,0.002770206,0.0018388974,0.0020169544,0.001865191,0.9276049,0.0020317247,0.0024000977,0.0019021031,0.0017051917,0.005858948,0.0024388125,0.0027863823,0.0014539189
19_11923,19_11923.wav,pitch_down_2,19,Footsteps,3,True,Footsteps,Footsteps,False,True,0.015677081,0.0012197074,0.0033729821,0.0014941677,0.0020926541,0.002624239,0.002485761,0.0036770015,0.0035655892,0.0027920224,0.0022090613,0.0016845289,0.009075216,0.0019558147,0.0019971977,0.0041687624,0.0027986828,0.0027160782,0.8888095,0.026391992,0.0031061105,0.0016689257,0.0024693776,0.0030333933,0.0022705232,0.0048365504,0.0018070489
19_11924,19_11924.wav,pitch_down_2,19,Footsteps,3,True,Footsteps,Footsteps,False,True,0.004997616,0.0011059305,0.0025857028,0.0026272468,0.0019092673,0.00291105,0.008818649,0.009366091,0.0027410497,0.00079994596,0.0022372762,0.002137887,0.0008435214,0.020222029,0.007251372,0.0011959685,0.0025393933,0.0015117483,0.8923326,0.011063684,0.0021433115,0.0029528597,0.0012060375,0.0061802617,0.001986066,0.002657871,0.0036755912
19_11926,19_11926.wav,original,19,Footsteps,3,True,Footsteps,Footsteps,False,True,0.0032117916,0.0009840813,0.0011595301,0.00049736514,0.0008615616,0.0010137055,0.0007903305,0.0011885042,0.0012075015,0.0007701815,0.0012017101,0.0006655869,0.0015160986,0.0010068318,0.0012750397,0.0009114514,0.00114207,0.0016629052,0.9705195,0.0007684557,0.000934435,0.001024512,0.0012321452,0.0009768066,0.0012276806,0.0012625215,0.0009877571
19_11928,19_11928.wav,original,19,Footsteps,3,True,Footsteps,Footsteps,False,True,0.0012009988,0.0013336092,0.0013185499,0.003148039,0.0011631126,0.001159981,0.0017306887,0.00114551,0.0012958745,0.0020151853,0.0012079608,0.0011694069,0.002980018,0.0010926663,0.0008756697,0.0010051363,0.0011560203,0.0011254973,0.9652242,0.0012523168,0.0011534884,0.0009026467,0.0013794614,0.00024248118,0.0012243516,0.0012088874,0.0012883684
19_11929,19_11929.wav,pitch_up_2,19,Footsteps,3,True,Footsteps,Footsteps,False,True,0.0011738461,0.0010461075,0.0010317775,0.00059337314,0.0012189135,0.0009063824,0.00053660385,0.0011755083,0.0014191084,0.0011674719,0.0015836079,0.0009852294,0.003029547,0.002286273,0.001253401,0.00089132343,0.0013259025,0.0015907352,0.9671641,0.0011974073,0.0008766839,0.0010139248,0.0012961201,0.0006900918,0.0012279957,0.0013841485,0.0019343904
19_11931,19_11931.wav,original,19,Footsteps,3,True,Footsteps,Footsteps,False,True,0.0014332758,0.0007749784,0.000952286,0.00038790845,0.0007203277,0.0008599265,0.00064972346,0.0009419133,0.0011233255,0.0011662178,0.0013808225,0.00066095433,0.001303249,0.0008900245,0.0008643838,0.0006892337,0.0009709811,0.0013782522,0.97507316,0.0018973682,0.0007770727,0.0009920461,0.000901561,0.0003097295,0.0009555709,0.0010626755,0.0008830472
19_11931,19_11931.wav,pitch_up_2,19,Footsteps,3,True,Footsteps,Footsteps,False,True,0.0014332758,0.0007749784,0.000952286,0.00038790845,0.0007203277,0.0008599265,0.00064972346,0.0009419133,0.0011233255,0.0011662178,0.0013808225,0.00066095433,0.001303249,0.0008900245,0.0008643838,0.0006892337,0.0009709811,0.0013782522,0.97507316,0.0018973682,0.0007770727,0.0009920461,0.000901561,0.0003097295,0.0009555709,0.0010626755,0.0008830472
19_11933,19_11933.wav,pitch_down_2,19,Footsteps,3,True,Footsteps,Footsteps,False,True,0.0027785487,0.0065488704,0.00743692,0.0036285135,0.0023460214,0.0033623835,0.021448912,0.003641154,0.003247479,0.004702306,0.0019420428,0.0034840142,0.032672223,0.0068614692,0.0033266635,0.0023206777,0.0034875872,0.00903468,0.83533245,0.006142517,0.0028809544,0.0025825303,0.0038501658,0.013986829,0.004621334,0.0032106948,0.0051219626
19_11933,19_11933.wav,pitch_up_2,19,Footsteps,3,True,Footsteps,Footsteps,False,True,0.0027785487,0.0065488704,0.00743692,0.0036285135,0.0023460214,0.0033623835,0.021448912,0.003641154,0.003247479,0.004702306,0.0019420428,0.0034840142,0.032672223,0.0068614692,0.0033266635,0.0023206777,0.0034875872,0.00903468,0.83533245,0.006142517,0.0028809544,0.0025825303,0.0038501658,0.013986829,0.004621334,0.0032106948,0.0051219626
19_11935,19_11935.wav,pitch_up_2,19,Footsteps,3,True,Footsteps,Footsteps,False,True,0.004313748,0.0010450744,0.0013504435,0.00036990127,0.0011097925,0.0014144765,0.00088650855,0.0013102704,0.001286027,0.0011255897,0.0010736246,0.0009777345,0.0014663991,0.001082092,0.001333353,0.0012094907,0.0011507871,0.0010894941,0.96585995,0.0008447931,0.0008747934,0.0009801899,0.001051094,0.0028811265,0.0011954396,0.0012972474,0.0014205571
19_11937,19_11937.wav,original,19,Footsteps,3,True,Footsteps,Footsteps,False,True,0.0012847274,0.0020378758,0.0010278424,0.0004662897,0.0008004322,0.0011930832,0.001166379,0.0011809446,0.0011248736,0.0022225536,0.00088828785,0.0010539683,0.0015387041,0.001303087,0.0009297075,0.0009418915,0.0010716636,0.001094153,0.9711146,0.00092190184,0.0007914151,0.0009410157,0.0011072096,0.00048481402,0.0010956881,0.0011010924,0.0011158452
19_11938,19_11938.wav,pitch_up_2,19,Footsteps,3,True,Footsteps,Footsteps,False,True,0.0033489408,0.0012064503,0.0012773769,0.0040476806,0.0012790255,0.0016261091,0.0014104879,0.0014843162,0.0015797918,0.0013478482,0.0012654344,0.0015999415,0.0011068323,0.0011943463,0.0012497094,0.0011455863,0.0015510343,0.0017181891,0.95920235,0.0015469905,0.0015751912,0.0010718529,0.0016531452,0.0005776063,0.0016786176,0.0020872524,0.0011677882
19_11939,19_11939.wav,original,19,Footsteps,3,True,Footsteps,Footsteps,False,True,0.0004869974,0.00084158685,0.0011363359,0.0007930621,0.0010004846,0.0011462909,0.003987309,0.0013288883,0.0016638903,0.00095100654,0.0012080459,0.0013108016,0.0009779659,0.0015705945,0.0011493278,0.00052394764,0.0012646106,0.0012091374,0.9666405,0.0025272078,0.0010488685,0.0012144054,0.0010890163,0.0010731696,0.0014243083,0.0013696266,0.0010626799
19_11939,19_11939.wav,pitch_down_2,19,Footsteps,3,True,Footsteps,Footsteps,False,True,0.0004869974,0.00084158685,0.0011363359,0.0007930621,0.0010004846,0.0011462909,0.003987309,0.0013288883,0.0016638903,0.00095100654,0.0012080459,0.0013108016,0.0009779659,0.0015705945,0.0011493278,0.00052394764,0.0012646106,0.0012091374,0.9666405,0.0025272078,0.0010488685,0.0012144054,0.0010890163,0.0010731696,0.0014243083,0.0013696266,0.0010626799
19_11941,19_11941.wav,pitch_down_2,19,Footsteps,3,True,Footsteps,Footsteps,False,True,0.00076883147,0.0006059341,0.0009924513,0.0011443249,0.001112173,0.0016985863,0.0015288783,0.0009861705,0.0014766366,0.0019123802,0.0015333883,0.0009017503,0.0025903059,0.001052022,0.0015933731,0.0020710595,0.00094593456,0.0011575179,0.965754,0.0009918845,0.0007019013,0.001033355,0.0013154717,0.0020941051,0.0016628235,0.0011996104,0.0011751076
19_11945,19_11945.wav,original,19,Footsteps,3,True,Footsteps,Footsteps,False,True,0.001790911,0.0011105718,0.0013531693,0.00062971906,0.0012804893,0.0015166994,0.0018036976,0.0013841344,0.0016576402,0.0017191448,0.0015134484,0.00083311205,0.0013068969,0.0032015357,0.001476536,0.0007862155,0.0013032932,0.0015611962,0.9625072,0.0018825516,0.0011063875,0.0011200607,0.0013183014,0.0012783079,0.0018301214,0.0017175913,0.0010111624
19_11947,19_11947.wav,original,19,Footsteps,3,True,Footsteps,Footsteps,False,True,0.0006929601,0.00094015157,0.0012516546,0.0010878312,0.0011473335,0.0010495473,0.0010672961,0.0013955362,0.0020055238,0.0010110565,0.001331022,0.0011673406,0.00446213,0.0016347654,0.001235129,0.0005145345,0.0014184482,0.0014837339,0.96305346,0.002382294,0.0011848545,0.0010784835,0.0013204706,0.0014173173,0.0016258688,0.0017456175,0.0012955919
19_11949,19_11949.wav,original,19,Footsteps,3,True,Footsteps,Footsteps,False,True,0.002866904,0.0008493208,0.001088934,0.00049566035,0.0011422532,0.00093948987,0.00086436514,0.0010959383,0.0013343295,0.0014510708,0.0014341702,0.00093206624,0.0009565107,0.0015456717,0.00092045806,0.00063153735,0.0010633114,0.0012254345,0.9707374,0.0012431298,0.0009726162,0.0010348553,0.0010607723,0.00053959957,0.0011193935,0.0013930389,0.0010617842
19_11949,19_11949.wav,pitch_up_2,19,Footsteps,3,True,Footsteps,Footsteps,False,True,0.002866904,0.0008493208,0.001088934,0.00049566035,0.0011422532,0.00093948987,0.00086436514,0.0010959383,0.0013343295,0.0014510708,0.0014341702,0.00093206624,0.0009565107,0.0015456717,0.00092045806,0.00063153735,0.0010633114,0.0012254345,0.9707374,0.0012431298,0.0009726162,0.0010348553,0.0010607723,0.00053959957,0.0011193935,0.0013930389,0.0010617842
19_11950,19_11950.wav,original,19,Footsteps,3,True,Footsteps,Footsteps,False,True,0.0007460988,0.0008017547,0.0010956741,0.00070916564,0.001524271,0.0013790348,0.0017726416,0.0014063889,0.002165829,0.0019166162,0.0014684373,0.001062614,0.0010844922,0.009363238,0.0021684451,0.0012125034,0.001443182,0.0013457712,0.9546718,0.0015316693,0.001583593,0.001276736,0.0014998751,0.0020651743,0.0017792362,0.0015016344,0.0014241777
19_11950,19_11950.wav,pitch_down_2,19,Footsteps,3,True,Footsteps,Footsteps,False,True,0.0007460988,0.0008017547,0.0010956741,0.00070916564,0.001524271,0.0013790348,0.0017726416,0.0014063889,0.002165829,0.0019166162,0.0014684373,0.001062614,0.0010844922,0.009363238,0.0021684451,0.0012125034,0.001443182,0.0013457712,0.9546718,0.0015316693,0.001583593,0.001276736,0.0014998751,0.0020651743,0.0017792362,0.0015016344,0.0014241777
19_11952,19_11952.wav,original,19,Footsteps,3,True,Footsteps,Footsteps,False,True,0.0036394028,0.001753756,0.0017492976,0.0018359626,0.0030369118,0.0033077465,0.016234718,0.002298232,0.003357981,0.04300112,0.001671598,0.0037018787,0.0020825372,0.0013470285,0.0023969468,0.08463734,0.0016741077,0.0015072547,0.78646994,0.0012435568,0.0075788167,0.0018405793,0.007959883,0.005123477,0.0048855077,0.002877352,0.00278703
19_11957,19_11957.wav,original,19,Footsteps,3,True,Axe,Footsteps,True,True,0.001672246,0.0011227321,0.0018266682,0.0015574237,0.0020925696,0.0016527657,0.0015044156,0.0018480927,0.002375862,0.23622741,0.0011103192,0.0012202644,0.0012479209,0.0011120827,0.0009935099,0.010949206,0.0025523906,0.0012968419,0.7143159,0.0010372114,0.000931313,0.0010487365,0.0027526517,0.0020921081,0.001846657,0.002131518,0.0014811698
19_11960,19_11960.wav,pitch_down_2,19,Footsteps,3,True,Footsteps,Footsteps,False,True,0.0017976699,0.00056589016,0.0010233424,0.0006941221,0.00073330244,0.0013198784,0.0010369892,0.0013139356,0.0017518783,0.00087561994,0.00076850125,0.0007269075,0.0009591792,0.0007012419,0.0008390115,0.0006307386,0.00094321184,0.0009454588,0.9747023,0.0006371641,0.0010713405,0.0009060173,0.0010945053,0.001089872,0.00089559605,0.0012106082,0.0007658195
19_11961,19_11961.wav,original,19,Footsteps,3,True,Footsteps,Footsteps,False,True,0.0006310312,0.0009970199,0.0046294117,0.0030670417,0.0035806128,0.004730404,0.027941575,0.0044595576,0.0027302767,0.010431342,0.0028919892,0.0066188234,0.0029037176,0.0026734134,0.010790487,0.002461448,0.0022376964,0.0028726284,0.8669148,0.0059236796,0.0027225744,0.0038716476,0.0021153537,0.010715867,0.0040839254,0.003176253,0.0038275106
19_11965,19_11965.wav,original,19,Footsteps,3,True,Footsteps,Footsteps,False,True,0.0021751083,0.00074947206,0.0014503725,0.0017534402,0.00095418585,0.0012959918,0.005035728,0.0014727568,0.0017402164,0.003562648,0.0010157236,0.001990729,0.0015740047,0.0013099388,0.0009015204,0.0011886257,0.0017515686,0.0015050648,0.9504919,0.0076987385,0.0011387541,0.001260789,0.0018222174,0.0013060542,0.0014707217,0.0018111385,0.0015726173
19_11966,19_11966.wav,pitch_down_2,19,Footsteps,3,True,Footsteps,Footsteps,False,True,0.00066922954,0.0008841899,0.0019213703,0.0022951674,0.0012445311,0.0014135527,0.0018729154,0.0020527083,0.002489957,0.0014974572,0.001318792,0.0013609659,0.0021090687,0.0014156359,0.0010728262,0.0007850412,0.0013175836,0.0018605733,0.95823115,0.0046826075,0.0012490144,0.0016697383,0.0012500953,0.0006550166,0.0018067154,0.00164362,0.0012305136
19_11968,19_11968.wav,pitch_down_2,19,Footsteps,3,True,Footsteps,Footsteps,False,True,0.00035315377,0.0006268584,0.0015912843,0.004212325,0.0009637852,0.0015865107,0.0015191821,0.0012402446,0.0010562676,0.002462844,0.0010425302,0.0016490892,0.0014354251,0.0007611402,0.0009788482,0.0014529288,0.0011908882,0.0010689743,0.9660651,0.0013706787,0.000988165,0.00085851643,0.0013334956,0.00075492525,0.0013973514,0.001245039,0.0007944707
19_11969,19_11969.wav,original,19,Footsteps,3,True,Footsteps,Footsteps,False,True,0.0008401084,0.0008090431,0.0015283185,0.00092211406,0.0011697351,0.0017223675,0.0035687415,0.0021934235,0.001416338,0.0016716821,0.0010675095,0.0011030926,0.0009915828,0.001871463,0.0013941118,0.0009246928,0.0012593595,0.0013731966,0.9576915,0.0034212936,0.0011169701,0.0013628186,0.0014924355,0.004249204,0.0016822089,0.0018458253,0.0013107788
19_11970,19_11970.wav,original,19,Footsteps,3,True,Footsteps,Footsteps,False,True,0.00081347773,0.00095667364,0.00089662353,0.0006778156,0.0013628714,0.000891481,0.000795308,0.0010186007,0.0013452206,0.00078160694,0.001079328,0.0008513139,0.0033869771,0.001430401,0.0014860312,0.0006135127,0.0010108611,0.00106016,0.9671758,0.0014269501,0.0010642157,0.0007803687,0.001129869,0.0035311945,0.0019870175,0.0014364179,0.001009916
19_11971,19_11971.wav,pitch_down_2,19,Footsteps,3,True,Footsteps,Footsteps,False,True,0.0016453178,0.0020317633,0.0050514657,0.0019732502,0.0032619769,0.0024143811,0.0033053153,0.0031359876,0.002898813,0.009448606,0.0033760064,0.007552579,0.010945253,0.045101404,0.020567685,0.0028061925,0.0034800058,0.0025590463,0.8398209,0.0025847668,0.004416212,0.0027413238,0.0032665178,0.004046877,0.0031388726,0.004654856,0.0037745542
19_11972,19_11972.wav,original,19,Footsteps,3,True,Footsteps,Footsteps,False,True,0.027478645,0.0025135663,0.004526031,0.00466488,0.003028596,0.005647316,0.004954772,0.0045206104,0.0045746244,0.011086539,0.002103761,0.00986145,0.0065256543,0.0025442475,0.0013931631,0.010203333,0.004958505,0.0031217698,0.84872836,0.0020547702,0.0031809697,0.0026794942,0.0029174928,0.01369524,0.0038600033,0.0045296927,0.004646471
19_11972,19_11972.wav,pitch_down_2,19,Footsteps,3,True,Footsteps,Footsteps,False,True,0.027478645,0.0025135663,0.004526031,0.00466488,0.003028596,0.005647316,0.004954772,0.0045206104,0.0045746244,0.011086539,0.002103761,0.00986145,0.0065256543,0.0025442475,0.0013931631,0.010203333,0.004958505,0.0031217698,0.84872836,0.0020547702,0.0031809697,0.0026794942,0.0029174928,0.01369524,0.0038600033,0.0045296927,0.004646471
19_11973,19_11973.wav,pitch_up_2,19,Footsteps,3,True,Footsteps,Footsteps,False,True,0.001729549,0.000826135,0.001299466,0.000991495,0.00096844044,0.0009476403,0.0010937437,0.0013926454,0.0015542117,0.0019211081,0.00086264516,0.0009258508,0.006631117,0.0008477017,0.00079972803,0.0034597162,0.0012540384,0.0009950164,0.96280044,0.00074907293,0.0018275279,0.00083797704,0.0010920401,0.0007038985,0.0008029868,0.0014846866,0.0012010712
19_11974,19_11974.wav,original,19,Footsteps,3,True,Footsteps,Footsteps,False,True,0.0020853488,0.0009118845,0.0010417922,0.0009882766,0.001377943,0.0013926085,0.0009702337,0.0014832601,0.0016539468,0.001280543,0.001262233,0.0010188952,0.0007699988,0.001449765,0.0011174924,0.0009907208,0.001158036,0.0014044219,0.9678678,0.0009196503,0.001277347,0.0012237426,0.0013025444,0.0012046146,0.0015222025,0.0015220136,0.0008026951
20_12002,20_12002.wav,pitch_down_2,20,Clapping,3,True,Clapping,Clapping,False,True,0.0024082214,0.00065023056,0.0009887556,0.0031730589,0.0009403829,0.00081957463,0.0014323095,0.001688751,0.0014520232,0.00046035825,0.001391483,0.0015425783,0.00052827806,0.0009383916,0.00084556866,0.0011304533,0.001247349,0.0013455036,0.008669534,0.9589854,0.0013611243,0.0009273335,0.0006867174,0.002420021,0.0013441453,0.001392466,0.0012299578
20_12005,20_12005.wav,pitch_down_2,20,Clapping,3,True,Clapping,Clapping,False,True,0.0014170264,0.0010153059,0.0009503572,0.0024773476,0.0010747444,0.00075818546,0.001273471,0.0014546443,0.0014208996,0.0004927783,0.001319308,0.001422895,0.0009524778,0.0012899297,0.00037077453,0.0027021747,0.0014406635,0.0014137357,0.0008155753,0.9674415,0.0010557863,0.0018692181,0.00095493626,0.0008906924,0.0010246538,0.0010933847,0.001607582
20_12007,20_12007.wav,original,20,Clapping,3,True,Clapping,Clapping,False,True,0.0014885577,0.000680916,0.0014520764,0.010040901,0.0023917344,0.0016540792,0.00087013916,0.0023795897,0.001998013,0.0019873485,0.0023810337,0.0016067997,0.0010429884,0.0022976198,0.0014511863,0.008422323,0.0024987909,0.0018477441,0.007550148,0.9326277,0.00101895,0.0013262549,0.00078842766,0.0027329847,0.002081907,0.0024570778,0.0029246963
20_12008,20_12008.wav,pitch_up_2,20,Clapping,3,True,Clapping,Clapping,False,True,0.001187603,0.001566734,0.0015882789,0.0005991124,0.0012862347,0.0009894075,0.00088794396,0.0013999623,0.0015398912,0.00090816856,0.0011708908,0.0015936325,0.001219989,0.0009379604,0.0018686379,0.0027534047,0.0014290316,0.0019834542,0.003682471,0.9617305,0.0019043306,0.0013427242,0.0011290306,0.0013694852,0.0015181011,0.0011299319,0.0012830541
20_12009,20_12009.wav,pitch_up_2,20,Clapping,3,True,Clapping,Clapping,False,True,0.0013705677,0.00058073964,0.0005896462,0.0015655588,0.0006690961,0.0004751261,0.0005826551,0.00092167436,0.0008547457,0.00036118095,0.0013831364,0.00071220496,0.00083245785,0.0008837053,0.000318444,0.0023264855,0.0007841717,0.0008334086,0.0007737029,0.9775664,0.0006571757,0.0011293766,0.00042007063,0.0006291867,0.0008550054,0.0007017087,0.0012222897
20_12010,20_12010.wav,pitch_down_2,20,Clapping,3,True,Clapping,Clapping,False,True,0.0012074854,0.00075379014,0.0008293618,0.00080787676,0.0011161015,0.0007371332,0.0007196944,0.00095675094,0.0008434232,0.00062935636,0.0013926729,0.0009865586,0.0005464241,0.0018651247,0.00074046454,0.0013711363,0.0011097848,0.0027582115,0.0013768007,0.9675186,0.0010561774,0.0011483036,0.001319468,0.0013262355,0.0017474559,0.004188641,0.00094691507
20_12011,20_12011.wav,pitch_up_2,20,Clapping,3,True,Clapping,Clapping,False,True,0.0021826935,0.00044959295,0.000765009,0.00059338845,0.001043579,0.0008054553,0.001716369,0.00084973004,0.0006931888,0.00067351916,0.0016935201,0.0022115537,0.0007474743,0.0032725967,0.0012521452,0.0010154959,0.0011225324,0.0025135987,0.0008091771,0.96715236,0.00075934455,0.0009973249,0.0004248805,0.0008732719,0.0011101986,0.0017062085,0.0025657741
20_12016,20_12016.wav,pitch_down_2,20,Clapping,3,True,Clapping,Clapping,False,True,0.0010982446,0.0027203832,0.0019568657,0.00089421374,0.001291443,0.001895747,0.0009562133,0.0017792751,0.0026441514,0.0052889423,0.0018741299,0.0017422693,0.001420519,0.00073264405,0.009883597,0.004317276,0.0018284176,0.0019614985,0.0028498834,0.9426451,0.0022979642,0.0012413383,0.0010548572,0.0008778232,0.0024872536,0.0012007095,0.001059295
20_12017,20_12017.wav,pitch_down_2,20,Clapping,3,True,Clapping,Clapping,False,True,0.00078767905,0.0009860875,0.00083683647,0.0007131109,0.0005566632,0.00070982735,0.0006517431,0.0009741611,0.0012693023,0.00052555394,0.00045074036,0.0007976153,0.00078139215,0.0008694389,0.00060514134,0.0009988393,0.0008540668,0.00084086997,0.00037317513,0.9789075,0.00087454886,0.0013862335,0.000740454,0.00084926374,0.00075202296,0.00068847666,0.0012191887
20_12018,20_12018.wav,pitch_down_2,20,Clapping,3,True,Clapping,Clapping,False,True,0.00059160055,0.0011542031,0.0012114738,0.00070127746,0.0009722453,0.000718181,0.0006906374,0.0009845393,0.0015994445,0.00034633666,0.0009579019,0.0015142746,0.0012262658,0.001012633,0.0023103515,0.00048771733,0.0010566636,0.0014983657,0.0015416839,0.97183347,0.0014736103,0.0011417315,0.0008325728,0.0012998305,0.0011223927,0.00076428376,0.00095629477
20_12018,20_12018.wav,pitch_up_2,20,Clapping,3,True,Clapping,Clapping,False,True,0.00059160055,0.0011542031,0.0012114738,0.00070127746,0.0009722453,0.000718181,0.0006906374,0.0009845393,0.0015994445,0.00034633666,0.0009579019,0.0015142746,0.0012262658,0.001012633,0.0023103515,0.00048771733,0.0010566636,0.0014983657,0.0015416839,0.97183347,0.0014736103,0.0011417315,0.0008325728,0.0012998305,0.0011223927,0.00076428376,0.00095629477
20_12019,20_12019.wav,pitch_up_2,20,Clapping,3,True,Clapping,Clapping,False,True,0.0022675216,0.0013712653,0.002152765,0.002901217,0.0017399397,0.002423852,0.0049225353,0.004176753,0.0034556675,0.0046756915,0.009731184,0.0019683745,0.05105415,0.002197696,0.001717189,0.00457347,0.0014736677,0.0030175678,0.006098963,0.87035435,0.0028321089,0.0030694604,0.0033892188,0.0013447652,0.0022456208,0.0024195781,0.0024254986
20_12020,20_12020.wav,pitch_down_2,20,Clapping,3,True,Clapping,Clapping,False,True,0.0009889783,0.00074815535,0.00088874623,0.0009807261,0.0012414177,0.0005012357,0.0014702422,0.0013680289,0.0013860649,0.00066116167,0.0017470373,0.0008491604,0.0014672232,0.0013943864,0.00077801984,0.0015591526,0.0009797612,0.0013130178,0.00365929,0.9684083,0.00082408637,0.0013653872,0.0009342586,0.0010722561,0.001339709,0.00076239,0.001311882
20_12021,20_12021.wav,pitch_down_2,20,Clapping,3,True,Clapping,Clapping,False,True,0.002530143,0.00091416296,0.0023753291,0.0016722726,0.005181464,0.0013301029,0.005939922,0.0023587148,0.0016946982,0.005867643,0.0073595303,0.0033443358,0.0030948205,0.005951487,0.0010983476,0.0058402265,0.003337934,0.009269134,0.0049326015,0.8933692,0.0011930126,0.001707159,0.0014158366,0.0025516434,0.0023479436,0.020552061,0.002770314
20_12021,20_12021.wav,pitch_up_2,20,Clapping,3,True,Clapping,Clapping,False,True,0.002530143,0.00091416296,0.0023753291,0.0016722726,0.005181464,0.0013301029,0.005939922,0.0023587148,0.0016946982,0.005867643,0.0073595303,0.0033443358,0.0030948205,0.005951487,0.0010983476,0.0058402265,0.003337934,0.009269134,0.0049326015,0.8933692,0.0011930126,0.001707159,0.0014158366,0.0025516434,0.0023479436,0.020552061,0.002770314
20_12023,20_12023.wav,pitch_up_2,20,Clapping,3,True,Clapping,Clapping,False,True,0.0015149735,0.0006792221,0.000939098,0.0010850733,0.00088219874,0.0004179602,0.0013334431,0.0011992082,0.0008818728,0.0007215555,0.0012432463,0.0008802941,0.00082868076,0.0010774725,0.00035296686,0.0006796496,0.0008547949,0.0010218183,0.0015464779,0.9753874,0.0006556329,0.0013108389,0.0007548483,0.00050283835,0.0011705714,0.00089808257,0.0011797464
20_12025,20_12025.wav,pitch_up_2,20,Clapping,3,True,Clapping,Clapping,False,True,0.0019351892,0.0009807129,0.001223062,0.0006488023,0.0009907804,0.0007105773,0.0006047524,0.0013561444,0.0014934017,0.00090765086,0.0018188298,0.0010216297,0.0016990133,0.0011685035,0.00091715815,0.0013888921,0.0010855984,0.00097353087,0.0008950182,0.97092795,0.001070618,0.00082327315,0.001224563,0.00052474445,0.0011836406,0.0009769764,0.001449054
20_12026,20_12026.wav,pitch_up_2,20,Clapping,3,True,Clapping,Clapping,False,True,0.00031510266,0.0018806899,0.0010478656,0.0031848697,0.00082612556,0.00078516937,0.00063610246,0.0008384601,0.0014487248,0.00061849365,0.00084281486,0.0011370991,0.0011718967,0.0008878791,0.00042391612,0.004465219,0.0010399641,0.0009880754,0.0010100101,0.9696112,0.0013255804,0.0013314459,0.00083779293,0.00074869953,0.0010176201,0.0007258083,0.0008532948
20_12027,20_12027.wav,original,20,Clapping,3,True,Clapping,Clapping,False,True,0.000798184,0.0030431543,0.0017223976,0.00062061165,0.0013717762,0.00084751984,0.0011938433,0.002293858,0.0031449748,0.0023181236,0.0018348756,0.0036325639,0.001811894,0.0018655407,0.0056365035,0.004037892,0.0017184606,0.0015151255,0.0006692828,0.94949555,0.0026224533,0.0009826118,0.0014790558,0.0013555492,0.0015622767,0.0011519511,0.0012738582
20_12028,20_12028.wav,original,20,Clapping,3,True,Axe,Clapping,True,True,0.0012032028,0.0013901386,0.0021270162,0.00069828395,0.0009766179,0.0012277077,0.0025919133,0.0015220643,0.0019459482,0.30027103,0.0008498938,0.0024784177,0.0017800676,0.0009928858,0.007452075,0.015034474,0.0013572132,0.0014871057,0.00074262964,0.6411484,0.0019988015,0.0019181365,0.0018049156,0.002241292,0.0012391284,0.0019715326,0.00154913
20_12028,20_12028.wav,pitch_up_2,20,Clapping,3,True,Clapping,Clapping,False,True,0.0012032028,0.0013901386,0.0021270162,0.00069828395,0.0009766179,0.0012277077,0.0025919133,0.0015220643,0.0019459482,0.30027103,0.0008498938,0.0024784177,0.0017800676,0.0009928858,0.007452075,0.015034474,0.0013572132,0.0014871057,0.00074262964,0.6411484,0.0019988015,0.0019181365,0.0018049156,0.002241292,0.0012391284,0.0019715326,0.00154913
20_12033,20_12033.wav,original,20,Clapping,3,True,Clapping,Clapping,False,True,0.0014831539,0.0008561574,0.0013308408,0.0015268429,0.0010036149,0.0010310072,0.0017711762,0.0015403343,0.0017455925,0.0003575836,0.0010767175,0.0013860186,0.0015573342,0.0007222235,0.0042438065,0.0010291097,0.001458393,0.0012131316,0.001438374,0.96332693,0.0013740477,0.0013205578,0.0010170913,0.002261305,0.0012963311,0.001068649,0.0015636537
20_12035,20_12035.wav,pitch_up_2,20,Clapping,3,True,Clapping,Clapping,False,True,0.008073103,0.001375279,0.0010859943,0.0026516616,0.0015304345,0.0017403612,0.0027758193,0.0014341259,0.000919625,0.0015285024,0.0031491893,0.0025125984,0.0030977074,0.001989726,0.0014809981,0.019085476,0.001346346,0.0027509413,0.0009814586,0.9290683,0.0021379194,0.0012680219,0.0014134465,0.0005400258,0.0013662115,0.001844265,0.0028524732
20_12038,20_12038.wav,original,20,Clapping,3,True,Clapping,Clapping,False,True,0.00094686635,0.0013395096,0.0010715778,0.001970059,0.0011824027,0.0010207942,0.0006458453,0.0025285538,0.0017256011,0.0033365206,0.0017644251,0.0016099737,0.0023637163,0.0032176746,0.0021996815,0.01751667,0.0019471906,0.0016468167,0.00059093704,0.9392893,0.0019512399,0.001360179,0.0010551636,0.0020870634,0.0016756655,0.0012166497,0.0027400088
20_12040,20_12040.wav,original,20,Clapping,3,True,Clapping,Clapping,False,True,0.000809843,0.0008999535,0.0017883816,0.00086934376,0.000819087,0.0015060276,0.0012439155,0.0015624701,0.0014784619,0.00087334454,0.0010540828,0.0012349776,0.0012913005,0.00066133845,0.004264074,0.0012300949,0.0009167222,0.0013118092,0.0012277723,0.96731323,0.0011572754,0.0012923608,0.00085969624,0.0015419712,0.0011701076,0.0007352443,0.0008871485
20_12040,20_12040.wav,pitch_up_2,20,Clapping,3,True,Clapping,Clapping,False,True,0.000809843,0.0008999535,0.0017883816,0.00086934376,0.000819087,0.0015060276,0.0012439155,0.0015624701,0.0014784619,0.00087334454,0.0010540828,0.0012349776,0.0012913005,0.00066133845,0.004264074,0.0012300949,0.0009167222,0.0013118092,0.0012277723,0.96731323,0.0011572754,0.0012923608,0.00085969624,0.0015419712,0.0011701076,0.0007352443,0.0008871485
20_12041,20_12041.wav,pitch_up_2,20,Clapping,3,True,Clapping,Clapping,False,True,0.0013177028,0.0011097939,0.0009075285,0.0004713553,0.0007744222,0.00075914554,0.0006823451,0.0010180384,0.0012223119,0.0003833246,0.001448691,0.0010173101,0.0043894406,0.0012890919,0.0010209362,0.0013629297,0.0010978555,0.0014032327,0.0010324089,0.9681943,0.0011706493,0.0010872501,0.0010936685,0.00073880766,0.0012642936,0.00090486446,0.0028381858
20_12042,20_12042.wav,pitch_up_2,20,Clapping,3,True,Clapping,Clapping,False,True,0.0017109098,0.00117843,0.0014492424,0.00091676234,0.0010854589,0.0008892319,0.0007639972,0.0016291757,0.0021381273,0.0008438441,0.0009908787,0.0014865663,0.0012505713,0.0012191249,0.00686563,0.0036196997,0.0017548368,0.0015659317,0.000807721,0.95928043,0.0014202702,0.0013327046,0.0013289942,0.0008541923,0.001386249,0.0013031379,0.00092790695
20_12043,20_12043.wav,pitch_down_2,20,Clapping,3,True,Clapping,Clapping,False,True,0.0011528808,0.0008366621,0.0011536647,0.00037693148,0.0011949084,0.000906491,0.00047446508,0.0009740417,0.0015096675,0.00037315782,0.0013617104,0.0014643813,0.0028689795,0.0019311638,0.0069222576,0.00144799,0.0012885495,0.0015990591,0.0010289174,0.9615746,0.001263355,0.0011737434,0.0014114621,0.00142958,0.0015724002,0.0010196862,0.0016892588
20_12045,20_12045.wav,original,20,Clapping,3,False,Clapping,Clapping,False,True,0.0009863432,0.0019038642,0.0011913519,0.0008220899,0.00083912164,0.00082998135,0.0007134946,0.0010421205,0.0013840814,0.0004207155,0.00081694085,0.0016181326,0.0013279194,0.0010699816,0.0009792163,0.0006930967,0.0012474981,0.0017748844,0.0011749811,0.9702861,0.0021583245,0.0010985116,0.0009038565,0.0015294133,0.0010771008,0.0009268788,0.0011840648
20_12045,20_12045.wav,pitch_down_2,20,Clapping,3,False,Clapping,Clapping,False,True,0.0009863432,0.0019038642,0.0011913519,0.0008220899,0.00083912164,0.00082998135,0.0007134946,0.0010421205,0.0013840814,0.0004207155,0.00081694085,0.0016181326,0.0013279194,0.0010699816,0.0009792163,0.0006930967,0.0012474981,0.0017748844,0.0011749811,0.9702861,0.0021583245,0.0010985116,0.0009038565,0.0015294133,0.0010771008,0.0009268788,0.0011840648
20_12045,20_12045.wav,pitch_up_2,20,Clapping,3,False,Clapping,Clapping,False,True,0.0009863432,0.0019038642,0.0011913519,0.0008220899,0.00083912164,0.00082998135,0.0007134946,0.0010421205,0.0013840814,0.0004207155,0.00081694085,0.0016181326,0.0013279194,0.0010699816,0.0009792163,0.0006930967,0.0012474981,0.0017748844,0.0011749811,0.9702861,0.0021583245,0.0010985116,0.0009038565,0.0015294133,0.0010771008,0.0009268788,0.0011840648
20_12047,20_12047.wav,pitch_down_2,20,Clapping,3,True,Clapping,Clapping,False,True,0.0009436628,0.00060545816,0.0011919619,0.00074475486,0.001071366,0.00059214345,0.0013938617,0.00090180436,0.0010082942,0.0006325391,0.000960429,0.0010559276,0.0009906039,0.0004167446,0.004488258,0.00049531925,0.0011153339,0.001416989,0.0007925125,0.9714106,0.000987688,0.0016001771,0.00096668117,0.001105995,0.0012182427,0.00084553496,0.0010471181
20_12047,20_12047.wav,pitch_up_2,20,Clapping,3,True,Clapping,Clapping,False,True,0.0009436628,0.00060545816,0.0011919619,0.00074475486,0.001071366,0.00059214345,0.0013938617,0.00090180436,0.0010082942,0.0006325391,0.000960429,0.0010559276,0.0009906039,0.0004167446,0.004488258,0.00049531925,0.0011153339,0.001416989,0.0007925125,0.9714106,0.000987688,0.0016001771,0.00096668117,0.001105995,0.0012182427,0.00084553496,0.0010471181
20_12049,20_12049.wav,original,20,Clapping,3,True,Clapping,Clapping,False,True,0.0037346159,0.002260153,0.0012868973,0.0037759927,0.0013055489,0.0022599443,0.0014046076,0.0013075144,0.0037234842,0.0007478525,0.0015287772,0.004841812,0.0023328688,0.0023906587,0.005297761,0.012499199,0.0035665196,0.0022562,0.000560582,0.9273476,0.0032569186,0.0022124478,0.0023883842,0.0010609487,0.0023683244,0.002042047,0.0022423358
20_12049,20_12049.wav,pitch_up_2,20,Clapping,3,True,Clapping,Clapping,False,True,0.0037346159,0.002260153,0.0012868973,0.0037759927,0.0013055489,0.0022599443,0.0014046076,0.0013075144,0.0037234842,0.0007478525,0.0015287772,0.004841812,0.0023328688,0.0023906587,0.005297761,0.012499199,0.0035665196,0.0022562,0.000560582,0.9273476,0.0032569186,0.0022124478,0.0023883842,0.0010609487,0.0023683244,0.002042047,0.0022423358
20_12050,20_12050.wav,original,20,Clapping,3,True,Clapping,Clapping,False,True,0.0010360755,0.0007606446,0.0009088723,0.00043573944,0.00087306276,0.0007535271,0.0007939934,0.0010437663,0.0012214541,0.0025557645,0.0014423927,0.0011718109,0.00085793325,0.0013484327,0.0014656571,0.0020777762,0.0009661753,0.0011250802,0.0024016213,0.97014135,0.0009518596,0.0010822089,0.0007319686,0.000410234,0.0011093753,0.00092208246,0.0014111862
20_12052,20_12052.wav,pitch_up_2,20,Clapping,3,True,Clapping,Clapping,False,True,0.0035343228,0.0011312197,0.0013640183,0.0017002517,0.0011467814,0.0011553023,0.0006816263,0.002145875,0.0019513788,0.00071425975,0.0016736187,0.0019757852,0.00097298593,0.0013605602,0.0015418412,0.0028886984,0.0017500258,0.0013831713,0.00072642235,0.960131,0.0015374804,0.0013567293,0.0010533907,0.0010429748,0.0014853793,0.001578706,0.002016197
20_12056,20_12056.wav,pitch_down_2,20,Clapping,3,True,Clapping,Clapping,False,True,0.001747057,0.00038254925,0.00056942296,0.00029613255,0.0009588664,0.0004961439,0.001714705,0.00078958884,0.0006597529,0.0006639792,0.0011213353,0.0008179466,0.0004129718,0.0015694789,0.00097001327,0.0013777466,0.0007959896,0.0011091754,0.0006341115,0.9768515,0.00067583175,0.0010120991,0.00054142275,0.0009387522,0.00083349086,0.00081028044,0.0012496138
20_12061,20_12061.wav,pitch_down_2,20,Clapping,3,True,Clapping,Clapping,False,True,0.0031700712,0.0012209035,0.0014379816,0.00080615043,0.0010580061,0.00057354453,0.0005492705,0.001949757,0.0016477858,0.0005252127,0.0018027263,0.0014797164,0.001464587,0.001875422,0.0013849837,0.0014462454,0.0013010454,0.0011384292,0.00057425024,0.96473116,0.0016108375,0.00090468366,0.0013193145,0.0011371588,0.001219876,0.0013220917,0.0023488684
20_12065,20_12065.wav,pitch_down_2,20,Clapping,3,True,Clapping,Clapping,False,True,0.00053516094,0.001988667,0.0010464853,0.00807343,0.0012575361,0.000965341,0.0015410412,0.0015002283,0.0013225119,0.00034463324,0.0022085889,0.0035768782,0.001969344,0.0011109166,0.0006462449,0.0057748263,0.0020546934,0.0014347549,0.0010551381,0.9494443,0.0016728491,0.001992909,0.0013258486,0.0018077134,0.0015361323,0.0012197682,0.0025940202
20_12066,20_12066.wav,original,20,Clapping,3,True,Clapping,Clapping,False,True,0.0037583404,0.0008261706,0.0014921256,0.0018535868,0.0015172367,0.0011043841,0.001781724,0.0020833104,0.0017118565,0.0026749873,0.0033087085,0.002115848,0.0014701817,0.002458377,0.0013236986,0.0014300528,0.0017281148,0.0018957211,0.023232179,0.9310448,0.0014600133,0.0026581364,0.0014740386,0.00072046166,0.0018901144,0.0012457485,0.0017399825
20_12066,20_12066.wav,pitch_down_2,20,Clapping,3,True,Clapping,Clapping,False,True,0.0037583404,0.0008261706,0.0014921256,0.0018535868,0.0015172367,0.0011043841,0.001781724,0.0020833104,0.0017118565,0.0026749873,0.0033087085,0.002115848,0.0014701817,0.002458377,0.0013236986,0.0014300528,0.0017281148,0.0018957211,0.023232179,0.9310448,0.0014600133,0.0026581364,0.0014740386,0.00072046166,0.0018901144,0.0012457485,0.0017399825
20_12070,20_12070.wav,original,20,Clapping,3,True,Clapping,Clapping,False,True,0.0015373026,0.00087698293,0.0009926568,0.0028817772,0.0014872461,0.0005684813,0.00075857126,0.0013372229,0.0013858444,0.00023897458,0.0011126472,0.0014118311,0.0012562532,0.00096252776,0.0017297288,0.004166917,0.0011788674,0.0015731436,0.00079945143,0.96443135,0.0017181804,0.0009953746,0.0006584218,0.001801341,0.0013541523,0.0011817565,0.0016030002
20_12072,20_12072.wav,pitch_down_2,20,Clapping,3,True,Clapping,Clapping,False,True,0.006115003,0.0010534207,0.0015799287,0.0025611874,0.0012290031,0.00075112144,0.00089937245,0.0018623282,0.0016817787,0.0008813288,0.0013255622,0.0014916351,0.0012140597,0.0017657611,0.0008045701,0.002042992,0.0019685524,0.0014625808,0.00080518355,0.95908326,0.0016103928,0.0013501135,0.001530705,0.00082959485,0.0012881472,0.0014899919,0.0013223877
21_12107,21_12107.wav,pitch_up_2,21,Insect,3,True,Insect,Insect,False,True,0.0013643476,0.0006447322,0.0010774847,0.00034010634,0.00055171177,0.0004715789,0.0009912566,0.00080839946,0.0008622478,0.00068625674,0.00063882914,0.00041466835,0.0008990353,0.0008089389,0.0013088159,0.0007936246,0.0008426116,0.0010366302,0.00070133567,0.0007575788,0.9776199,0.0010776478,0.0017190756,0.00075552845,0.00088777655,0.0007996794,0.0011401848
21_12108,21_12108.wav,pitch_down_2,21,Insect,3,True,Insect,Insect,False,True,0.00051821856,0.0006969341,0.00057640416,0.00041631924,0.0011808727,0.00044495694,0.0012638066,0.00067408686,0.0016199523,0.00034085716,0.00063104206,0.00088933174,0.0014190419,0.0006937469,0.0010770845,0.0008918192,0.0013813999,0.00077917986,0.00082258607,0.0013223226,0.9746081,0.0013410711,0.0005915437,0.00069631427,0.0006263524,0.0025183354,0.0019783215
21_12109,21_12109.wav,pitch_up_2,21,Insect,3,True,Insect,Insect,False,True,0.0018107648,0.0008140656,0.0011898304,0.0007284505,0.0011304427,0.00078494055,0.001471731,0.0009553774,0.0009344861,0.00091334386,0.001043497,0.00054715126,0.0015606141,0.0010559038,0.0014420139,0.0009036355,0.0014943011,0.0015986831,0.0010492528,0.0011391147,0.9630911,0.0015349298,0.0008778327,0.0009157763,0.0011342637,0.0010421126,0.008836501
21_12111,21_12111.wav,pitch_down_2,21,Insect,3,True,Insect,Insect,False,True,0.0033519221,0.0014169039,0.000893926,0.00039316644,0.0005539508,0.0006402594,0.0009518082,0.0017261064,0.0016708802,0.0013612192,0.00060956395,0.0037901208,0.0007236449,0.0011137939,0.0012960616,0.0005119513,0.00032193676,0.0011102491,0.00064428855,0.0006354644,0.96300673,0.008935685,0.00046925098,0.0004529449,0.0011797963,0.0015013418,0.00073707505
21_12112,21_12112.wav,pitch_down_2,21,Insect,3,True,Insect,Insect,False,True,0.001909689,0.0037500605,0.001258867,0.0010494193,0.008643213,0.020164065,0.0020257158,0.0020405694,0.0023110418,0.001686113,0.0030320187,0.0020708859,0.0024223481,0.001824543,0.0038189741,0.0038004934,0.0017002054,0.0018131384,0.0029172779,0.0021109341,0.9171906,0.003705668,0.00081434473,0.0017250556,0.0028767753,0.0022344415,0.0011035344
21_12112,21_12112.wav,pitch_up_2,21,Insect,3,True,Insect,Insect,False,True,0.001909689,0.0037500605,0.001258867,0.0010494193,0.008643213,0.020164065,0.0020257158,0.0020405694,0.0023110418,0.001686113,0.0030320187,0.0020708859,0.0024223481,0.001824543,0.0038189741,0.0038004934,0.0017002054,0.0018131384,0.0029172779,0.0021109341,0.9171906,0.003705668,0.00081434473,0.0017250556,0.0028767753,0.0022344415,0.0011035344
21_12113,21_12113.wav,pitch_down_2,21,Insect,3,True,Insect,Insect,False,True,0.0019350244,0.013246822,0.002241548,0.001219388,0.0014241879,0.0050913417,0.002052048,0.0044838497,0.029519854,0.0017808281,0.0005067776,0.01691665,0.0022384832,0.0014606878,0.0017999918,0.0018518922,0.0018402197,0.0011902986,0.0019363193,0.0010511769,0.89568233,0.0018959678,0.004255494,0.00040765805,0.0013234551,0.0018366593,0.0008110916
21_12116,21_12116.wav,original,21,Insect,3,True,Insect,Insect,False,True,0.0012899396,0.0016860598,0.0018795176,0.0007406734,0.00073336606,0.003172862,0.0020639342,0.0016012223,0.0015890673,0.0018771278,0.0009793459,0.0007544819,0.0019021732,0.0014832824,0.0013062023,0.0013481546,0.0011266457,0.0013408143,0.00096443365,0.002438757,0.94871503,0.012045823,0.0015324923,0.0014715478,0.0016086833,0.0012313398,0.003117012
21_12116,21_12116.wav,pitch_down_2,21,Insect,3,True,Insect,Insect,False,True,0.0012899396,0.0016860598,0.0018795176,0.0007406734,0.00073336606,0.003172862,0.0020639342,0.0016012223,0.0015890673,0.0018771278,0.0009793459,0.0007544819,0.0019021732,0.0014832824,0.0013062023,0.0013481546,0.0011266457,0.0013408143,0.00096443365,0.002438757,0.94871503,0.012045823,0.0015324923,0.0014715478,0.0016086833,0.0012313398,0.003117012
21_12118,21_12118.wav,original,21,Insect,3,True,Insect,Insect,False,True,0.0015594903,0.0006759993,0.0016000718,0.0006320358,0.001273869,0.0010005783,0.0012513818,0.001374254,0.00089030556,0.001343083,0.0011331587,0.0012921464,0.0015672959,0.0013452317,0.0016006249,0.001578431,0.000995661,0.0010983179,0.0015585497,0.001461099,0.96734595,0.0021889813,0.000872768,0.0005955829,0.0011905367,0.0018788973,0.0006957913
21_12119,21_12119.wav,original,21,Insect,3,True,Insect,Insect,False,True,0.0018880068,0.0013545495,0.0007684662,0.0013967631,0.0013583717,0.0017703517,0.0012558121,0.0014705571,0.0011405555,0.0005858133,0.00087131973,0.00093440997,0.0016183346,0.000862361,0.0017780149,0.0021500648,0.0016457257,0.0013650177,0.0009697187,0.0024484757,0.9655414,0.0011897573,0.00049657695,0.0013044779,0.0010627655,0.0019567327,0.00081560895
21_12119,21_12119.wav,pitch_down_2,21,Insect,3,True,Insect,Insect,False,True,0.0018880068,0.0013545495,0.0007684662,0.0013967631,0.0013583717,0.0017703517,0.0012558121,0.0014705571,0.0011405555,0.0005858133,0.00087131973,0.00093440997,0.0016183346,0.000862361,0.0017780149,0.0021500648,0.0016457257,0.0013650177,0.0009697187,0.0024484757,0.9655414,0.0011897573,0.00049657695,0.0013044779,0.0010627655,0.0019567327,0.00081560895
21_12120,21_12120.wav,original,21,Insect,3,True,Insect,Insect,False,True,0.0006507745,0.00043880995,0.0005734021,0.00035437266,0.0008706262,0.0017734749,0.00088082714,0.00040707932,0.0005617752,0.00063734263,0.0008088826,0.000524327,0.0006144066,0.0007341057,0.0011364481,0.00050761155,0.0005436342,0.0006198482,0.0005520325,0.00075818907,0.9816499,0.0011536482,0.0006786871,0.0005477478,0.0006407202,0.0006687388,0.00071257
21_12121,21_12121.wav,original,21,Insect,3,True,Insect,Insect,False,True,0.0015625277,0.0017008735,0.001612767,0.0010383435,0.011195657,0.0071059726,0.0023916569,0.0013664849,0.001997536,0.001796281,0.0016870963,0.0011059061,0.0022370506,0.0020640502,0.002408239,0.0015978146,0.0013689805,0.0023579116,0.0016396787,0.0022073425,0.9229414,0.002371525,0.0007038496,0.0018722558,0.0024690165,0.0018480817,0.01735189
21_12121,21_12121.wav,pitch_up_2,21,Insect,3,True,Insect,Insect,False,True,0.0015625277,0.0017008735,0.001612767,0.0010383435,0.011195657,0.0071059726,0.0023916569,0.0013664849,0.001997536,0.001796281,0.0016870963,0.0011059061,0.0022370506,0.0020640502,0.002408239,0.0015978146,0.0013689805,0.0023579116,0.0016396787,0.0022073425,0.9229414,0.002371525,0.0007038496,0.0018722558,0.0024690165,0.0018480817,0.01735189
21_12123,21_12123.wav,pitch_up_2,21,Insect,3,True,Insect,Insect,False,True,0.0023554333,0.0030729156,0.0014476365,0.0022849797,0.020594092,0.01547569,0.004255518,0.0018230925,0.0030208007,0.0027111443,0.0024899691,0.0026070355,0.002294532,0.003092536,0.0034363195,0.002373318,0.0019046642,0.0021511854,0.0027398895,0.0028129953,0.9016257,0.0019222451,0.0024971014,0.001988601,0.0027671822,0.0029946931,0.0032607086
21_12128,21_12128.wav,pitch_down_2,21,Insect,3,True,Insect,Insect,False,True,0.0013852062,0.00087501557,0.001518356,0.0007576745,0.000693115,0.003138947,0.0017439473,0.0011252189,0.0018022448,0.0015930986,0.00080865016,0.00094543304,0.0018309703,0.001330574,0.0012742429,0.0015440363,0.0016578812,0.0016433159,0.0012048413,0.0014230545,0.9639068,0.001649954,0.0008783885,0.0011907887,0.0013821028,0.0016814921,0.0010146181
21_12128,21_12128.wav,pitch_up_2,21,Insect,3,True,Insect,Insect,False,True,0.0013852062,0.00087501557,0.001518356,0.0007576745,0.000693115,0.003138947,0.0017439473,0.0011252189,0.0018022448,0.0015930986,0.00080865016,0.00094543304,0.0018309703,0.001330574,0.0012742429,0.0015440363,0.0016578812,0.0016433159,0.0012048413,0.0014230545,0.9639068,0.001649954,0.0008783885,0.0011907887,0.0013821028,0.0016814921,0.0010146181
21_12129,21_12129.wav,original,21,Insect,3,True,Insect,Insect,False,True,0.00096981646,0.0010129887,0.001269255,0.0013831244,0.0011792945,0.00083866244,0.002063145,0.001263383,0.00071335846,0.0011376464,0.0009182471,0.0013868521,0.0010952427,0.0013842947,0.0017853457,0.00081703044,0.0010641773,0.0011015764,0.0010573268,0.0034996744,0.9610544,0.0031180421,0.0022194565,0.0009785913,0.0011458165,0.0010874826,0.0044557597
21_12130,21_12130.wav,original,21,Insect,3,True,Insect,Insect,False,True,0.0011011845,0.0018560715,0.0012802667,0.0009286281,0.0009331771,0.0028540855,0.0010748862,0.0018380069,0.0010316364,0.0009494086,0.0013540186,0.0013920631,0.0017584137,0.0010379417,0.001492823,0.0018633875,0.001016288,0.0013841797,0.00080392434,0.00093263347,0.9669318,0.0012638377,0.0012072274,0.0012751338,0.0011535999,0.0009358691,0.00034951812
21_12131,21_12131.wav,pitch_down_2,21,Insect,3,True,Insect,Insect,False,True,0.00070177234,0.000764315,0.0010299793,0.0005860367,0.00040936132,0.0012282768,0.0015095845,0.0007237583,0.0008339885,0.00090556446,0.00070722145,0.0005810084,0.00072880625,0.00062417326,0.0008078788,0.00058852875,0.0008186688,0.00095658144,0.0010616704,0.0012308392,0.97501355,0.0013455091,0.002873931,0.0010801363,0.0012053392,0.0009418689,0.0007416197
21_12132,21_12132.wav,pitch_up_2,21,Insect,3,True,Insect,Insect,False,True,0.0012723198,0.0008777352,0.0008110947,0.00046106396,0.0006729457,0.0007430928,0.0018500838,0.0007677134,0.0008123073,0.0005719366,0.001769109,0.0040997653,0.0005575304,0.000823827,0.001290937,0.0009239828,0.0029115684,0.0008018089,0.00082957186,0.0006825165,0.96883965,0.0024866804,0.0013060303,0.0008854636,0.0010348967,0.0014372384,0.00047903342
21_12134,21_12134.wav,pitch_up_2,21,Insect,3,True,Insect,Insect,False,True,0.0010455634,0.0017606323,0.00079585216,0.0005490589,0.0015950343,0.0005645324,0.0021658007,0.0015260145,0.0015937252,0.00080460636,0.002518209,0.0010750635,0.0007914543,0.0007078832,0.0016377718,0.0016269992,0.0010190094,0.003478191,0.0010725468,0.001098617,0.9657486,0.0011691734,0.001347961,0.0011144672,0.0010117668,0.0009860836,0.0011953346
21_12136,21_12136.wav,original,21,Insect,3,True,Insect,Insect,False,True,0.0005842586,0.002020296,0.0010073291,0.000656819,0.0012819535,0.007554198,0.0013629328,0.0010213727,0.0008765638,0.00079297525,0.00141563,0.0030813012,0.0017721747,0.0010183351,0.0026978627,0.0011242717,0.0010163885,0.0011488715,0.000922034,0.0013178932,0.95108294,0.00075070147,0.010914516,0.001220234,0.0012907289,0.0011362149,0.00093114626
21_12137,21_12137.wav,original,21,Insect,3,True,Insect,Insect,False,True,0.0017040153,0.0024541332,0.002395874,0.0010042995,0.0010682603,0.0017618829,0.003227372,0.000807885,0.0017360551,0.0013814588,0.00086522877,0.004078541,0.003410208,0.0013390947,0.003071172,0.0011711819,0.007387253,0.0023359025,0.0011855516,0.0028486438,0.92106444,0.008250593,0.02123575,0.0011174357,0.0011107895,0.0015666805,0.00042028734
21_12137,21_12137.wav,pitch_down_2,21,Insect,3,True,Insect,Insect,False,True,0.0017040153,0.0024541332,0.002395874,0.0010042995,0.0010682603,0.0017618829,0.003227372,0.000807885,0.0017360551,0.0013814588,0.00086522877,0.004078541,0.003410208,0.0013390947,0.003071172,0.0011711819,0.007387253,0.0023359025,0.0011855516,0.0028486438,0.92106444,0.008250593,0.02123575,0.0011174357,0.0011107895,0.0015666805,0.00042028734
21_12141,21_12141.wav,original,21,Insect,3,True,Insect,Insect,False,True,0.0011162709,0.005965985,0.0011118377,0.00071528234,0.008043776,0.0010188528,0.0015131328,0.0014788802,0.0018581039,0.0007641612,0.00269154,0.0016623546,0.0023401226,0.002071352,0.0018503997,0.0027680604,0.0009887079,0.001213192,0.002107207,0.0018143198,0.9445951,0.00588934,0.0006891924,0.0015781255,0.0014395545,0.0016813149,0.0010338092
21_12141,21_12141.wav,pitch_down_2,21,Insect,3,True,Insect,Insect,False,True,0.0011162709,0.005965985,0.0011118377,0.00071528234,0.008043776,0.0010188528,0.0015131328,0.0014788802,0.0018581039,0.0007641612,0.00269154,0.0016623546,0.0023401226,0.002071352,0.0018503997,0.0027680604,0.0009887079,0.001213192,0.002107207,0.0018143198,0.9445951,0.00588934,0.0006891924,0.0015781255,0.0014395545,0.0016813149,0.0010338092
21_12143,21_12143.wav,pitch_up_2,21,Insect,3,True,Insect,Insect,False,True,0.0018373737,0.0014872327,0.0010984478,0.0008716868,0.0009356751,0.0030293006,0.0011404546,0.00076279085,0.0018966557,0.0010282729,0.00060393126,0.00144047,0.0015784452,0.0011472517,0.0014949915,0.00072136667,0.00069085805,0.001469247,0.0009442553,0.0008955882,0.96877605,0.0010926772,0.0006624767,0.00089987484,0.0011761468,0.0013929987,0.00092543784
21_12145,21_12145.wav,original,21,Insect,3,True,Insect,Insect,False,True,0.0014727031,0.0013064248,0.0010105077,0.0004683307,0.0008543117,0.004774513,0.0016720201,0.0011706556,0.0019698718,0.001569853,0.001600114,0.0014266315,0.00066633197,0.0008955142,0.003321565,0.0013220259,0.0010738582,0.0008002501,0.0014047389,0.0015690863,0.93158746,0.0022169743,0.029858612,0.0011229648,0.0021147365,0.00160984,0.0011401137
21_12147,21_12147.wav,pitch_down_2,21,Insect,3,True,Insect,Insect,False,True,0.0015063739,0.001148921,0.0013900582,0.0007804754,0.00091486797,0.007595151,0.0011918485,0.00083695835,0.0035807278,0.0006412359,0.0009443473,0.0032123448,0.0013699,0.0014438602,0.0017422312,0.0010591039,0.0015056968,0.0021717448,0.00088804634,0.0026643358,0.9568892,0.00046691005,0.0012828568,0.0011133688,0.0016663383,0.0011811705,0.00081193104
21_12151,21_12151.wav,pitch_up_2,21,Insect,3,True,Insect,Insect,False,True,0.0011284057,0.0006859075,0.0012944835,0.00072759594,0.0009401671,0.0010170962,0.0024505246,0.0013598626,0.0013923543,0.00070158805,0.0010126195,0.0005557036,0.001298966,0.00070062646,0.0035817053,0.0030397323,0.0020142563,0.0021565228,0.0008778534,0.0016713437,0.96179503,0.0012318889,0.0015134192,0.0025464252,0.0024205626,0.0011569933,0.0007283897
21_12153,21_12153.wav,original,21,Insect,3,True,Insect,Insect,False,True,0.0022329334,0.0012066967,0.0014724591,0.00095447554,0.0012592447,0.0021467446,0.0016306584,0.0012998707,0.0016013733,0.0010770574,0.00089299824,0.0014451357,0.0025846746,0.0011582229,0.0024865854,0.0020698747,0.0049630958,0.0010379149,0.00054802856,0.0025160287,0.9560814,0.0011987335,0.0013261085,0.0014601728,0.0010871183,0.0014390565,0.002823436
21_12159,21_12159.wav,pitch_up_2,21,Insect,3,True,Insect,Insect,False,True,0.00095671864,0.00074343075,0.0009698584,0.0004336643,0.0006009452,0.0029976282,0.000992478,0.0012368622,0.0011008946,0.000676705,0.0004744482,0.0013449896,0.0014172507,0.00088215247,0.0013804197,0.0014158413,0.00093854096,0.0008496684,0.0006502665,0.0015035757,0.9733135,0.00096959574,0.0011127326,0.0007301508,0.0007563865,0.0009258051,0.0006256324
21_12163,21_12163.wav,pitch_down_2,21,Insect,3,True,Insect,Insect,False,True,0.001430337,0.0025400126,0.0013758327,0.0010473375,0.0010253778,0.0016365629,0.002788757,0.012762719,0.004916742,0.0012510581,0.0029527422,0.0020520056,0.0013637835,0.0011498778,0.0021183677,0.0020439392,0.0015443008,0.003745619,0.0017050528,0.0028697096,0.9391923,0.0019685456,0.0016348138,0.0011623632,0.0012163984,0.0017625628,0.00074297516
21_12164,21_12164.wav,pitch_down_2,21,Insect,3,True,Insect,Insect,False,True,0.0011756055,0.00104075,0.001889055,0.00068509363,0.0011844909,0.0014649426,0.0013659718,0.00096314773,0.0011472842,0.0008032129,0.00077196275,0.0017929999,0.0023683356,0.0011680532,0.002567291,0.0023187925,0.0023617113,0.0011451141,0.0009667129,0.0025749616,0.9585533,0.0014348818,0.0035184359,0.003114728,0.0016807821,0.0012474786,0.00069484464
21_12165,21_12165.wav,pitch_up_2,21,Insect,3,True,Insect,Insect,False,True,0.0010585886,0.0009478589,0.0011657734,0.00085057475,0.0009152875,0.00076429715,0.0030358697,0.002413987,0.0035634667,0.0005479651,0.001251375,0.0006618121,0.0010448815,0.00093095534,0.0018193271,0.0026570216,0.0011090572,0.0026250554,0.0009421723,0.0017758949,0.9619231,0.0013675609,0.0008234183,0.0015927604,0.0026483703,0.001061816,0.0005016611
21_12166,21_12166.wav,original,21,Insect,3,True,Insect,Insect,False,True,0.0015535667,0.004577957,0.0011793285,0.00095030636,0.013075189,0.0021572595,0.00096400315,0.0011648809,0.0010548226,0.0007292812,0.00072363944,0.0011314889,0.0016335039,0.0014141147,0.001761583,0.0012756618,0.0007618259,0.0010024424,0.0008173034,0.0011992619,0.9537151,0.0030876268,0.00035210478,0.0010919978,0.0010884035,0.0012127749,0.0003245811
21_12167,21_12167.wav,original,21,Insect,3,True,Insect,Insect,False,True,0.0010453145,0.0009656094,0.0008850792,0.0008534749,0.00089477183,0.00061185524,0.0015849984,0.0013596948,0.0013347683,0.00071018765,0.00079856697,0.0005233761,0.0011426144,0.0007367107,0.0018070905,0.001144551,0.0010514416,0.0019900717,0.00095853425,0.0015868671,0.9725256,0.00088168605,0.00090749917,0.00096479524,0.00090551906,0.0011214833,0.0007078575
21_12168,21_12168.wav,original,21,Insect,3,True,Insect,Insect,False,True,0.0011639162,0.0011795018,0.0009258424,0.0009646372,0.0009543411,0.00069815415,0.0015426885,0.0016258889,0.0015114172,0.0008066884,0.00077579165,0.00072894385,0.0013279221,0.0008166541,0.0022224,0.0015567235,0.0012330604,0.0018610456,0.0012240048,0.001608515,0.96846837,0.0011178418,0.001719518,0.0010370114,0.0010444514,0.001099051,0.0007856548
21_12170,21_12170.wav,original,21,Insect,3,True,Insect,Insect,False,True,0.0009099148,0.0011215057,0.0018915245,0.0007216263,0.0009441139,0.0019185665,0.0018455106,0.0011550816,0.0011409298,0.0012844382,0.00119142,0.0016411975,0.0028320672,0.0013172013,0.0024637408,0.0016999991,0.0022352268,0.0011570641,0.0010410069,0.0020342902,0.9538347,0.00856405,0.0018863174,0.0011881226,0.0011745078,0.0013399342,0.0014660262
21_12172,21_12172.wav,pitch_down_2,21,Insect,3,True,Insect,Insect,False,True,0.004656074,0.002689291,0.003050261,0.0025926596,0.1440667,0.015936725,0.0034604685,0.0017570468,0.008274793,0.0027000383,0.0014952701,0.012958857,0.0038529474,0.0033292864,0.003925275,0.0019609395,0.0040800045,0.004654002,0.0015970543,0.005378581,0.7523158,0.0023020406,0.0019785564,0.0010827598,0.003578435,0.0038529227,0.0024731269
21_12172,21_12172.wav,pitch_up_2,21,Insect,3,True,Insect,Insect,False,True,0.004656074,0.002689291,0.003050261,0.0025926596,0.1440667,0.015936725,0.0034604685,0.0017570468,0.008274793,0.0027000383,0.0014952701,0.012958857,0.0038529474,0.0033292864,0.003925275,0.0019609395,0.0040800045,0.004654002,0.0015970543,0.005378581,0.7523158,0.0023020406,0.0019785564,0.0010827598,0.003578435,0.0038529227,0.0024731269
21_12173,21_12173.wav,pitch_up_2,21,Insect,3,True,Insect,Insect,False,True,0.0009154308,0.00068755774,0.0010622302,0.0010160013,0.00053642504,0.0031197937,0.0012464541,0.0006185952,0.0015868015,0.0012329916,0.0005420696,0.0027245125,0.00091022806,0.00091476255,0.0014285509,0.00090425444,0.001022146,0.001222384,0.000892854,0.0008339595,0.96981263,0.0011262703,0.0007755295,0.0007717628,0.0013340982,0.0014154133,0.0013463007
21_12175,21_12175.wav,pitch_down_2,21,Insect,3,True,Insect,Insect,False,True,0.002674153,0.0009316315,0.0012027997,0.0002478528,0.0022537906,0.0013008943,0.00073322095,0.0019834058,0.0026151908,0.0006636449,0.0004490691,0.0012927854,0.0008385719,0.0009291395,0.001416145,0.0015553877,0.0006830531,0.0010511175,0.00077714416,0.0006521163,0.9584035,0.0025295292,0.008917049,0.0007101155,0.001618426,0.0019456996,0.0016245133
22_12201,22_12201.wav,pitch_down_2,22,Frog,3,True,Frog,Frog,False,True,0.00088744774,0.0013892724,0.0012650393,0.0011911147,0.0008198728,0.0012996775,0.0011637615,0.0010201338,0.0016387836,0.00067455554,0.00096518017,0.0016082325,0.001665421,0.0014535027,0.0013619289,0.0013339132,0.0013243653,0.0010330462,0.0008712055,0.0012427374,0.0013827289,0.9658582,0.001400752,0.0028318178,0.0013771504,0.0011450473,0.0017951127
22_12203,22_12203.wav,pitch_down_2,22,Frog,3,True,Frog,Frog,False,True,0.0012869025,0.0013286228,0.0011539458,0.0009286127,0.0010062619,0.0009803973,0.0012138898,0.0009289854,0.0011036184,0.00090933027,0.00080624997,0.0011024001,0.0011044898,0.0009937173,0.0010666894,0.0015437059,0.0020086935,0.0009903935,0.0010466155,0.0011546536,0.0008675759,0.9702291,0.0015859861,0.0013745442,0.0012977341,0.0011914925,0.0007954181
22_12204,22_12204.wav,pitch_down_2,22,Frog,3,True,Frog,Frog,False,True,0.0013738833,0.0024887586,0.00196347,0.0035342367,0.0010997782,0.0019975717,0.0012090646,0.0009420758,0.0022810514,0.0008732852,0.0021441833,0.0018145698,0.0035419308,0.0017086704,0.002820071,0.002638354,0.0017972258,0.008720757,0.0015093526,0.0021002989,0.0011038459,0.9420498,0.0020051633,0.0031406109,0.0017714031,0.0016063271,0.0017641624
22_12205,22_12205.wav,original,22,Frog,3,True,Frog,Frog,False,True,0.0009580483,0.00091294455,0.0011754486,0.0013799896,0.0014528829,0.0010258271,0.0013123569,0.00079898635,0.0013291525,0.0009116521,0.0016632596,0.0019077593,0.0017994875,0.0012867171,0.0012697601,0.0012380976,0.0014505684,0.0010592599,0.0011821748,0.0006452138,0.00084787904,0.96756154,0.0007743328,0.0021019469,0.0013148718,0.001346734,0.0012930888
22_12206,22_12206.wav,original,22,Frog,3,True,Frog,Frog,False,True,0.0015694696,0.0015358543,0.0017763354,0.0017108769,0.0012850477,0.0014138212,0.001541933,0.00092893007,0.0015563852,0.0011099548,0.0012655229,0.0012673963,0.0018395353,0.0015874356,0.0016672079,0.001753197,0.0016705616,0.0015543931,0.0016852082,0.0016752594,0.00092715124,0.95915294,0.0011653285,0.0021586923,0.0017018832,0.001679603,0.0028201118
22_12207,22_12207.wav,pitch_up_2,22,Frog,3,True,Frog,Frog,False,True,0.0010638017,0.0011859351,0.0013196947,0.0008889172,0.001006359,0.0010314967,0.0011400672,0.0011307937,0.0012001971,0.0010822314,0.0010602712,0.0010280735,0.0013102907,0.0011558317,0.0011874462,0.0017351168,0.0022271962,0.0010872841,0.0010883803,0.001206081,0.00088216737,0.968602,0.0016400475,0.0013524402,0.0011241573,0.0013259156,0.00093780784
22_12208,22_12208.wav,pitch_down_2,22,Frog,3,True,Frog,Frog,False,True,0.0015436676,0.0010906274,0.001694095,0.0012726075,0.0020326742,0.0014401084,0.0023568522,0.0015231682,0.001047277,0.002244498,0.0011416897,0.0017423214,0.0024209723,0.0027284715,0.00072404026,0.0026983276,0.0030380413,0.0012957006,0.001370794,0.0015339967,0.0011799568,0.9538445,0.0017477646,0.0032694105,0.0020601302,0.0011146412,0.0018436896
22_12212,22_12212.wav,pitch_up_2,22,Frog,3,True,Frog,Frog,False,True,0.0013184912,0.0014714656,0.0016783737,0.0018073777,0.0014135971,0.0013893318,0.0013846634,0.0012963767,0.0016399665,0.0014814613,0.0011005708,0.0012643203,0.001235074,0.0015905988,0.0011822771,0.001733955,0.001553392,0.0014840425,0.0014088014,0.0024152345,0.0016759549,0.9564061,0.003499508,0.0018473649,0.0013757452,0.0014978846,0.0038480393
22_12213,22_12213.wav,pitch_down_2,22,Frog,3,True,Frog,Frog,False,True,0.000931877,0.0009111101,0.0022642598,0.001610057,0.0013339218,0.0014500424,0.0025438683,0.0018379153,0.001182177,0.001730308,0.0022925544,0.0022389775,0.0020158312,0.0010437287,0.0029789945,0.0024594255,0.0014644851,0.0013806064,0.0013539636,0.0009059216,0.0010090907,0.93493015,0.0015368293,0.0017744101,0.025377246,0.001071484,0.00037079895
22_12214,22_12214.wav,original,22,Frog,3,True,Speaking,Frog,True,True,0.003965708,0.008808554,0.00556197,0.010585754,0.0014634359,0.0045873714,0.003054234,0.0049811085,0.003575041,0.002260851,0.0038328387,0.0050901263,0.006348092,0.0061632614,0.0034689792,0.010756332,0.0030840875,0.14780864,0.0023163054,0.0039480696,0.0027012331,0.72135895,0.008504701,0.006422777,0.0064404905,0.006265445,0.0066456757
22_12215,22_12215.wav,pitch_down_2,22,Frog,3,True,Frog,Frog,False,True,0.0015304816,0.0015185425,0.0019528456,0.0015091057,0.0016996806,0.0028283969,0.001818533,0.0019460969,0.0016809142,0.0013917097,0.0011812475,0.0016536848,0.001994675,0.0023280245,0.0021012295,0.0012866011,0.0014902687,0.0010934959,0.0019202697,0.0014392543,0.010020181,0.92088485,0.0007937379,0.0017037401,0.0020486978,0.0015564966,0.028627217
22_12218,22_12218.wav,pitch_up_2,22,Frog,3,True,Frog,Frog,False,True,0.00041909734,0.0009970346,0.00070636865,0.0013522567,0.0010604527,0.0008061438,0.0009562578,0.00065480196,0.0008444121,0.00062062684,0.0010121629,0.0014236526,0.0010593702,0.00063413405,0.0006714242,0.001233324,0.001502681,0.00078672165,0.00088879064,0.000502951,0.0008369964,0.9760631,0.0011991704,0.00094189914,0.001581659,0.00084507564,0.00039948
22_12219,22_12219.wav,pitch_up_2,22,Frog,3,True,Frog,Frog,False,True,0.0013953629,0.0014210845,0.001185937,0.0016662827,0.0015755795,0.0012708182,0.0014285782,0.0012163739,0.0015336898,0.0009559502,0.0008781185,0.0014000735,0.0010793147,0.0013343933,0.0013959926,0.0014290758,0.0016049038,0.0011927006,0.0011084358,0.0012370321,0.0006615029,0.96582603,0.0009015666,0.0015153112,0.0016253376,0.0016805315,0.0014799571
22_12220,22_12220.wav,pitch_down_2,22,Frog,3,True,Frog,Frog,False,True,0.00095556927,0.0013608555,0.001150188,0.001078511,0.0012615328,0.00096737244,0.0009523315,0.001198825,0.001270027,0.00097210053,0.0010012294,0.0012163674,0.0016922704,0.0012275189,0.0009208355,0.001286866,0.0020463092,0.0007957683,0.0011763475,0.0014531355,0.00090355193,0.9693093,0.0012391018,0.0012949122,0.0010414245,0.0010885247,0.001139238
22_12221,22_12221.wav,original,22,Frog,3,True,Frog,Frog,False,True,0.0011878135,0.001351247,0.001149706,0.00078375294,0.00096695573,0.0010980269,0.0011972954,0.0011118868,0.0013158214,0.0009707512,0.0010510129,0.0010937705,0.00113743,0.0011326623,0.0010360287,0.0013366047,0.001405829,0.0009750013,0.0012557958,0.0009494189,0.001020703,0.9706781,0.0010982942,0.0011940338,0.001294715,0.001267395,0.0009399866
22_12221,22_12221.wav,pitch_down_2,22,Frog,3,True,Frog,Frog,False,True,0.0011878135,0.001351247,0.001149706,0.00078375294,0.00096695573,0.0010980269,0.0011972954,0.0011118868,0.0013158214,0.0009707512,0.0010510129,0.0010937705,0.00113743,0.0011326623,0.0010360287,0.0013366047,0.001405829,0.0009750013,0.0012557958,0.0009494189,0.001020703,0.9706781,0.0010982942,0.0011940338,0.001294715,0.001267395,0.0009399866
22_12222,22_12222.wav,original,22,Frog,3,True,Frog,Frog,False,True,0.00084382994,0.0009356129,0.00082259765,0.0009215071,0.00088072685,0.0009756948,0.0018631994,0.0020825567,0.0016109622,0.0006089493,0.0009874426,0.0023265274,0.00075210835,0.0011639037,0.001482166,0.0010672305,0.0012840625,0.0010375511,0.0016304661,0.0013980586,0.0006669778,0.96722937,0.0015149381,0.002451279,0.0012680596,0.0009870229,0.0012071995
22_12226,22_12226.wav,original,22,Frog,3,True,Frog,Frog,False,True,0.0012563748,0.0011470605,0.0010387994,0.0010595508,0.0010463268,0.0012184666,0.0014818957,0.0013064635,0.0010554303,0.0008764597,0.0011952566,0.0012958222,0.0011140392,0.0011443266,0.000995672,0.0012239731,0.001052857,0.0012604469,0.00095285283,0.0010486626,0.0010010465,0.96991944,0.001004828,0.0017174477,0.0013941196,0.0013827026,0.00080969854
22_12227,22_12227.wav,pitch_down_2,22,Frog,3,True,Frog,Frog,False,True,0.0007467245,0.0015575165,0.0020358502,0.0034721072,0.0021049895,0.0016764511,0.0014587637,0.0019239286,0.0015868031,0.001496499,0.001094152,0.0007981043,0.0014961773,0.0013940065,0.0014329744,0.0031618092,0.002436853,0.0009706248,0.0019359317,0.002137397,0.00087036466,0.95438457,0.0035466533,0.002264018,0.0018191907,0.0014849956,0.0007125225
22_12227,22_12227.wav,pitch_up_2,22,Frog,3,True,Frog,Frog,False,True,0.0007467245,0.0015575165,0.0020358502,0.0034721072,0.0021049895,0.0016764511,0.0014587637,0.0019239286,0.0015868031,0.001496499,0.001094152,0.0007981043,0.0014961773,0.0013940065,0.0014329744,0.0031618092,0.002436853,0.0009706248,0.0019359317,0.002137397,0.00087036466,0.95438457,0.0035466533,0.002264018,0.0018191907,0.0014849956,0.0007125225
22_12230,22_12230.wav,pitch_up_2,22,Frog,3,True,Frog,Frog,False,True,0.0009075633,0.00096544105,0.0007960017,0.002168986,0.00091346813,0.0013198629,0.0014201542,0.0009533333,0.0013536941,0.0007125822,0.000707001,0.0010038533,0.0011984874,0.0011342894,0.00096275867,0.0012319364,0.0010464718,0.0009916745,0.0010671243,0.0014284486,0.0012121802,0.96940035,0.00049475994,0.0009983064,0.0014296588,0.0026042499,0.0015773854
22_12232,22_12232.wav,original,22,Frog,3,True,Frog,Frog,False,True,0.0014362732,0.002673911,0.0012840424,0.001462493,0.0011951538,0.0010678075,0.0020024292,0.0010762701,0.0014544687,0.0011993763,0.0015240647,0.002462808,0.002100982,0.0013441328,0.0013785693,0.0015998007,0.0016131593,0.0016964622,0.0013131755,0.0013871203,0.006156719,0.95605344,0.0014062431,0.0013822279,0.0013382802,0.001722625,0.0006680382
22_12235,22_12235.wav,pitch_down_2,22,Frog,3,True,Frog,Frog,False,True,0.0019935363,0.0018159006,0.0013812827,0.0014404422,0.0014575267,0.0014655184,0.0014468486,0.0012145959,0.0014652904,0.0010312899,0.0012232104,0.0014445606,0.00147028,0.0016187782,0.0014215257,0.0018080501,0.0017278246,0.0013021451,0.0019344334,0.001121462,0.001472312,0.9619694,0.0011467278,0.001297982,0.0015350181,0.0018389993,0.00095513044
22_12238,22_12238.wav,pitch_down_2,22,Frog,3,True,Frog,Frog,False,True,0.0015590517,0.0012950829,0.0012165899,0.00096475537,0.0010545109,0.0011877437,0.0012864308,0.0010935185,0.0012245801,0.0011336041,0.0009765638,0.0013032565,0.0010359334,0.0013133353,0.0013863769,0.001503834,0.0012208335,0.00110274,0.0013127913,0.0009346413,0.001075661,0.9676748,0.0015579433,0.001389325,0.0017607495,0.0015815757,0.00085371063
22_12239,22_12239.wav,original,22,Frog,3,True,Frog,Frog,False,True,0.0013651996,0.0016970347,0.0012334961,0.0009977269,0.0010054625,0.0012050967,0.0010461889,0.0009437159,0.0015141981,0.0009336096,0.0009168913,0.0013820071,0.001322758,0.0013357755,0.0009732074,0.0015042137,0.0014189136,0.001156334,0.0012192492,0.000976791,0.0018752986,0.96797127,0.0012958559,0.0010264887,0.0014700858,0.0014313658,0.0007817045
22_12243,22_12243.wav,pitch_down_2,22,Frog,3,True,Frog,Frog,False,True,0.0009253772,0.0014738152,0.000725739,0.00079748343,0.001750517,0.00091456616,0.0012433933,0.0016216036,0.0008607018,0.0009767776,0.0010112574,0.0010894447,0.0010421535,0.0012587509,0.0014437344,0.001117657,0.00084886444,0.0011538303,0.0012858395,0.00083796197,0.0013774219,0.9694019,0.001463093,0.0017121212,0.0010942974,0.0010451417,0.001526603
22_12243,22_12243.wav,pitch_up_2,22,Frog,3,True,Frog,Frog,False,True,0.0009253772,0.0014738152,0.000725739,0.00079748343,0.001750517,0.00091456616,0.0012433933,0.0016216036,0.0008607018,0.0009767776,0.0010112574,0.0010894447,0.0010421535,0.0012587509,0.0014437344,0.001117657,0.00084886444,0.0011538303,0.0012858395,0.00083796197,0.0013774219,0.9694019,0.001463093,0.0017121212,0.0010942974,0.0010451417,0.001526603
22_12244,22_12244.wav,original,22,Frog,3,True,Frog,Frog,False,True,0.0021825943,0.0012650801,0.0019462308,0.0012847626,0.002380035,0.003372406,0.0037709856,0.0022893066,0.0019543297,0.0018249508,0.0013021923,0.0036634766,0.0031136137,0.0024792117,0.0030794702,0.0025624402,0.013619523,0.002317919,0.0022759845,0.0017649512,0.047409903,0.88102746,0.0017591394,0.003099406,0.0036251855,0.0028799947,0.0017494322
22_12244,22_12244.wav,pitch_down_2,22,Frog,3,True,Frog,Frog,False,True,0.0021825943,0.0012650801,0.0019462308,0.0012847626,0.002380035,0.003372406,0.0037709856,0.0022893066,0.0019543297,0.0018249508,0.0013021923,0.0036634766,0.0031136137,0.0024792117,0.0030794702,0.0025624402,0.013619523,0.002317919,0.0022759845,0.0017649512,0.047409903,0.88102746,0.0017591394,0.003099406,0.0036251855,0.0028799947,0.0017494322
22_12246,22_12246.wav,pitch_up_2,22,Frog,3,True,Frog,Frog,False,True,0.00080707454,0.00093902904,0.0007569778,0.0005579837,0.0009717127,0.0012002588,0.0012732783,0.0010769208,0.0008799042,0.0009058925,0.001320763,0.0010691797,0.000802149,0.0010709049,0.0010942476,0.0010849778,0.00068215263,0.0008391395,0.00079004886,0.0006698791,0.0014548019,0.97467023,0.00067013735,0.0012083566,0.0013373095,0.0012666448,0.00060000597
22_12247,22_12247.wav,original,22,Frog,3,True,VehicleEngine,Frog,True,True,0.005839355,0.0056609022,0.005314926,0.004265292,0.0035473898,0.004385348,0.0019018152,0.004553946,0.31674162,0.002293251,0.0019694737,0.0030420767,0.005130138,0.0031947836,0.0025802033,0.0037903215,0.0039627794,0.0049120444,0.0030654427,0.0054934355,0.0056211613,0.5744059,0.0080065625,0.002888053,0.0111738825,0.004656605,0.001603298
22_12247,22_12247.wav,pitch_down_2,22,Frog,3,True,Frog,Frog,False,True,0.005839355,0.0056609022,0.005314926,0.004265292,0.0035473898,0.004385348,0.0019018152,0.004553946,0.31674162,0.002293251,0.0019694737,0.0030420767,0.005130138,0.0031947836,0.0025802033,0.0037903215,0.0039627794,0.0049120444,0.0030654427,0.0054934355,0.0056211613,0.5744059,0.0080065625,0.002888053,0.0111738825,0.004656605,0.001603298
22_12249,22_12249.wav,pitch_down_2,22,Frog,3,True,Frog,Frog,False,True,0.00079897215,0.0011087941,0.00093509286,0.0013364084,0.0007376578,0.0014392516,0.0017280421,0.0010460605,0.0011362238,0.00090858806,0.000710001,0.0011797105,0.0014510341,0.0010218952,0.0013997062,0.0013255525,0.00068261666,0.0009520706,0.0010913512,0.0012508411,0.00077106996,0.9705408,0.0008967482,0.0014511518,0.0012267412,0.0012944267,0.0015791036
22_12256,22_12256.wav,original,22,Frog,3,True,Frog,Frog,False,True,0.0012246358,0.0011855568,0.0013763987,0.0008669922,0.0012374012,0.0009947796,0.0012054527,0.0013273265,0.0011113203,0.0011407499,0.0010608746,0.00087312266,0.0011511635,0.001375391,0.0011936004,0.0017596515,0.0016944284,0.0010266816,0.00096049556,0.0009187949,0.0026063726,0.9678945,0.0015887637,0.0013177277,0.0013038713,0.0010804279,0.0005235658
22_12257,22_12257.wav,pitch_down_2,22,Frog,3,True,Frog,Frog,False,True,0.0012846742,0.0014834311,0.0015590457,0.0013723144,0.0012745727,0.00090183184,0.0012102794,0.0012921393,0.0010831557,0.0011787246,0.0011273443,0.0014233753,0.0016419765,0.0015064318,0.0012621158,0.002137595,0.001429761,0.0010750502,0.0009654032,0.0009277533,0.0031732467,0.9643205,0.0012850167,0.0014983122,0.0013916376,0.0013076486,0.00088663975
22_12260,22_12260.wav,original,22,Frog,3,True,Frog,Frog,False,True,0.0013381994,0.0013051508,0.0010529604,0.000899624,0.0010155028,0.0010132864,0.002087368,0.0015633358,0.0012046009,0.00097356597,0.0010514918,0.0011361077,0.0011602422,0.0015819393,0.0015509875,0.0015025515,0.0009997003,0.0013728916,0.0009208182,0.0010736207,0.0011492415,0.9670829,0.0014584009,0.0015324666,0.001167365,0.001384732,0.0014209468
22_12263,22_12263.wav,original,22,Frog,3,False,Frog,Insect,True,False,0.010247367,0.005998329,0.013020836,0.002921243,0.0031193716,0.005447285,0.011026557,0.010912064,0.027682826,0.007033436,0.00327004,0.023463754,0.0043137777,0.010109389,0.013301515,0.0072102547,0.018706005,0.0639674,0.015945511,0.0032054253,0.50454825,0.09993366,0.016376017,0.0057268827,0.0054865167,0.0069468147,0.10007947
22_12263,22_12263.wav,pitch_down_2,22,Frog,3,False,Insect,Insect,False,False,0.010247367,0.005998329,0.013020836,0.002921243,0.0031193716,0.005447285,0.011026557,0.010912064,0.027682826,0.007033436,0.00327004,0.023463754,0.0043137777,0.010109389,0.013301515,0.0072102547,0.018706005,0.0639674,0.015945511,0.0032054253,0.50454825,0.09993366,0.016376017,0.0057268827,0.0054865167,0.0069468147,0.10007947
22_12263,22_12263.wav,pitch_up_2,22,Frog,3,False,Insect,Insect,False,False,0.010247367,0.005998329,0.013020836,0.002921243,0.0031193716,0.005447285,0.011026557,0.010912064,0.027682826,0.007033436,0.00327004,0.023463754,0.0043137777,0.010109389,0.013301515,0.0072102547,0.018706005,0.0639674,0.015945511,0.0032054253,0.50454825,0.09993366,0.016376017,0.0057268827,0.0054865167,0.0069468147,0.10007947
22_12272,22_12272.wav,original,22,Frog,3,False,Frog,Frog,False,True,0.0013637812,0.0015704116,0.0011005672,0.0009664994,0.0008252771,0.0011444046,0.0013451321,0.0010115071,0.0009998925,0.0008722811,0.0010019947,0.0015185875,0.0012629564,0.0011676844,0.0009383916,0.0014221928,0.00090358366,0.0012517682,0.0008938429,0.00073472393,0.0018348183,0.9706355,0.00083952205,0.00090915314,0.0014625198,0.0015365992,0.00048645682
22_12272,22_12272.wav,pitch_down_2,22,Frog,3,False,Frog,Frog,False,True,0.0013637812,0.0015704116,0.0011005672,0.0009664994,0.0008252771,0.0011444046,0.0013451321,0.0010115071,0.0009998925,0.0008722811,0.0010019947,0.0015185875,0.0012629564,0.0011676844,0.0009383916,0.0014221928,0.00090358366,0.0012517682,0.0008938429,0.00073472393,0.0018348183,0.9706355,0.00083952205,0.00090915314,0.0014625198,0.0015365992,0.00048645682
22_12272,22_12272.wav,pitch_up_2,22,Frog,3,False,Frog,Frog,False,True,0.0013637812,0.0015704116,0.0011005672,0.0009664994,0.0008252771,0.0011444046,0.0013451321,0.0010115071,0.0009998925,0.0008722811,0.0010019947,0.0015185875,0.0012629564,0.0011676844,0.0009383916,0.0014221928,0.00090358366,0.0012517682,0.0008938429,0.00073472393,0.0018348183,0.9706355,0.00083952205,0.00090915314,0.0014625198,0.0015365992,0.00048645682
22_12273,22_12273.wav,original,22,Frog,3,True,Frog,Frog,False,True,0.0011451963,0.001532717,0.0011785184,0.0009658705,0.0008168752,0.00112059,0.0013909768,0.0013409602,0.0009607876,0.0011199004,0.0022770958,0.0013061077,0.0013694711,0.0011075131,0.0010667304,0.0021980733,0.000855512,0.0012065294,0.0008709125,0.0014013374,0.0020062563,0.9681747,0.00056564255,0.0008578927,0.0010687393,0.0015020767,0.000593062
22_12274,22_12274.wav,original,22,Frog,3,True,Frog,Frog,False,True,0.0010818387,0.0012469799,0.0011319537,0.0011672288,0.0011330942,0.0010370087,0.0012228339,0.0010329229,0.0012410264,0.0009936185,0.0013204109,0.001757878,0.0014040157,0.0012705683,0.0012789991,0.0012621264,0.0010518337,0.0012801611,0.0009324747,0.0010843736,0.0009206054,0.9686413,0.0007875474,0.0019384049,0.0014029051,0.0014344471,0.0009434775
22_12275,22_12275.wav,original,22,Frog,3,True,Insect,Frog,True,True,0.0023462179,0.0026467813,0.002801108,0.0011311336,0.0011490918,0.003002214,0.0016900501,0.002593998,0.0016389121,0.0018671673,0.0011818958,0.0013491524,0.0020925,0.0018261584,0.0026297348,0.002851159,0.0012137288,0.0018220604,0.0012419383,0.001712863,0.28398392,0.66917634,0.0010765288,0.001937738,0.0022879557,0.0020380921,0.0007116356
23_12303,23_12303.wav,original,23,BirdChirping,3,True,BirdChirping,BirdChirping,False,True,0.000579899,0.0011093734,0.001660582,0.0006059955,0.0008440121,0.0012853412,0.0006389983,0.0010702201,0.0009867054,0.00334194,0.0013904007,0.0019494024,0.0018351744,0.0012365474,0.0013805631,0.0023275942,0.0013689083,0.0009431825,0.0009385794,0.0011233242,0.0014614728,0.0014697928,0.9625295,0.001437669,0.0017068574,0.0011932482,0.003584684
23_12303,23_12303.wav,pitch_down_2,23,BirdChirping,3,True,BirdChirping,BirdChirping,False,True,0.000579899,0.0011093734,0.001660582,0.0006059955,0.0008440121,0.0012853412,0.0006389983,0.0010702201,0.0009867054,0.00334194,0.0013904007,0.0019494024,0.0018351744,0.0012365474,0.0013805631,0.0023275942,0.0013689083,0.0009431825,0.0009385794,0.0011233242,0.0014614728,0.0014697928,0.9625295,0.001437669,0.0017068574,0.0011932482,0.003584684
23_12304,23_12304.wav,pitch_down_2,23,BirdChirping,3,True,BirdChirping,BirdChirping,False,True,0.00076771906,0.001247757,0.00268167,0.00048917247,0.0011278562,0.0014515505,0.0013895835,0.001530136,0.0013414397,0.0039977017,0.0011733178,0.0017525577,0.0019800619,0.0017601085,0.001888305,0.0017515495,0.00199994,0.0007985986,0.0019394513,0.0009884966,0.003267632,0.003729918,0.95209974,0.0017310028,0.0033845778,0.001380009,0.0023500584
23_12304,23_12304.wav,pitch_up_2,23,BirdChirping,3,True,BirdChirping,BirdChirping,False,True,0.00076771906,0.001247757,0.00268167,0.00048917247,0.0011278562,0.0014515505,0.0013895835,0.001530136,0.0013414397,0.0039977017,0.0011733178,0.0017525577,0.0019800619,0.0017601085,0.001888305,0.0017515495,0.00199994,0.0007985986,0.0019394513,0.0009884966,0.003267632,0.003729918,0.95209974,0.0017310028,0.0033845778,0.001380009,0.0023500584
23_12306,23_12306.wav,pitch_down_2,23,BirdChirping,3,True,BirdChirping,BirdChirping,False,True,0.000491508,0.0012447259,0.0010626327,0.0003670034,0.00030317856,0.0006078574,0.0007628479,0.0018800343,0.001081335,0.0010324097,0.0011114745,0.0020085352,0.0014301789,0.00080217124,0.0015688459,0.00089737825,0.00095847435,0.0011367328,0.0008058665,0.0006839317,0.0014550433,0.0010591812,0.9742121,0.00058800663,0.0007523534,0.0010790617,0.0006171256
23_12307,23_12307.wav,pitch_down_2,23,BirdChirping,3,True,BirdChirping,BirdChirping,False,True,0.0005544737,0.0011845605,0.0014663817,0.0008108136,0.0005927582,0.0017065933,0.0012187236,0.0040064882,0.0013685442,0.0017702325,0.0011058095,0.0047739446,0.0024867046,0.0016516843,0.0013306321,0.0011006957,0.0017281622,0.0013877783,0.0012385234,0.0010861688,0.002595302,0.0015389187,0.9583399,0.0009808177,0.0011661361,0.0018812517,0.00092799374
23_12313,23_12313.wav,original,23,BirdChirping,3,True,BirdChirping,BirdChirping,False,True,0.0008516682,0.0007324592,0.0012127599,0.00048774632,0.0010463168,0.00046514816,0.001170236,0.001495178,0.001125962,0.0010586384,0.0012527065,0.001108151,0.0012754533,0.00090812246,0.0009177259,0.00082815654,0.0009778412,0.001088256,0.0009372758,0.0013109486,0.0014491654,0.00086534396,0.9717223,0.0011301228,0.001059136,0.0013036025,0.0022196542
23_12314,23_12314.wav,pitch_up_2,23,BirdChirping,3,True,BirdChirping,BirdChirping,False,True,0.00079713453,0.0011796633,0.00126864,0.0006424569,0.0014370484,0.00040243505,0.0012596879,0.0013026468,0.00090920966,0.0012633338,0.0014987431,0.0015250683,0.0017174891,0.0008412734,0.0012326093,0.00072728615,0.0012519537,0.0011345317,0.0009645372,0.0013460877,0.0019706616,0.0004153802,0.96775025,0.0017762659,0.0010592943,0.00086575886,0.0034605097
23_12315,23_12315.wav,pitch_up_2,23,BirdChirping,3,True,BirdChirping,BirdChirping,False,True,0.00088973576,0.0018963208,0.0015834483,0.00087832863,0.0011533274,0.0005573559,0.002545966,0.0014611445,0.0006553523,0.0010562099,0.0016358648,0.0012652879,0.0018333257,0.0008353327,0.0026137105,0.0017140427,0.0025593957,0.008479019,0.0014937235,0.0024149057,0.0029124187,0.0018866399,0.9500932,0.0029668908,0.0020782754,0.00090137793,0.0016393177
23_12318,23_12318.wav,pitch_down_2,23,BirdChirping,3,True,BirdChirping,BirdChirping,False,True,0.0006489393,0.0013138178,0.0009222874,0.00046827566,0.00050105975,0.00044746758,0.0010998788,0.0010095089,0.00082907174,0.0013558618,0.0014580097,0.0007171274,0.000836466,0.0008886982,0.0014745682,0.0006809828,0.0004992224,0.0007920117,0.0014535255,0.0008003249,0.0020213027,0.0017874227,0.9735381,0.00047386074,0.0014865972,0.000772795,0.0017228276
23_12319,23_12319.wav,pitch_up_2,23,BirdChirping,3,True,BirdChirping,BirdChirping,False,True,0.0007446607,0.0029766217,0.0014304355,0.0013939476,0.00068002444,0.0009413515,0.0010003421,0.0011584595,0.001073453,0.0013349262,0.001458966,0.0009041306,0.0019952336,0.001133902,0.0011915895,0.0007022163,0.0007631274,0.0009472275,0.0016532852,0.0014304047,0.0022190504,0.0013171606,0.9672931,0.00062532927,0.0013679456,0.0008254301,0.0014376309
23_12321,23_12321.wav,pitch_down_2,23,BirdChirping,3,True,BirdChirping,BirdChirping,False,True,0.0013889695,0.004581411,0.002345596,0.0026239336,0.0009577283,0.001893351,0.0018486483,0.0043420126,0.0018808028,0.0015531406,0.005520789,0.0056095957,0.003287009,0.0019253696,0.001415275,0.0017797648,0.0017226614,0.0018361532,0.0024790743,0.0012948735,0.010246668,0.04541895,0.8862389,0.0033884484,0.002228481,0.001726216,0.00046619424
23_12322,23_12322.wav,original,23,BirdChirping,3,True,BirdChirping,BirdChirping,False,True,0.004099767,0.0023687603,0.002075278,0.003225886,0.0021033485,0.0011245434,0.0019497633,0.0019810756,0.0023732104,0.0031127809,0.0016738762,0.00094348093,0.0022720525,0.0013364101,0.001982365,0.010142098,0.0015066402,0.0017167643,0.002174352,0.0006346618,0.02025403,0.0010552115,0.9120423,0.00947447,0.0027539742,0.0011916577,0.004431248
23_12324,23_12324.wav,pitch_down_2,23,BirdChirping,3,True,BirdChirping,BirdChirping,False,True,0.0018656091,0.0017825747,0.0013764589,0.004318528,0.0017524641,0.00083340175,0.0007163914,0.0013010037,0.0015757944,0.00078229146,0.0018464377,0.00078593177,0.0010618941,0.00107654,0.00072107144,0.00088269473,0.001977839,0.0012898458,0.0010239311,0.00068951066,0.0018903405,0.00062918704,0.9619651,0.0024017955,0.00097472034,0.0011808883,0.0032977322
23_12325,23_12325.wav,original,23,BirdChirping,3,True,BirdChirping,BirdChirping,False,True,0.0005487246,0.0007163256,0.0010774016,0.0011205722,0.00072798965,0.001269414,0.0010100836,0.0011337072,0.0009588914,0.0016945455,0.0008299506,0.000579375,0.002588081,0.000716754,0.0008130448,0.002116652,0.0011582744,0.0007024004,0.00065066275,0.0003674887,0.0018421538,0.0007927576,0.972466,0.0013258796,0.0010167294,0.0008694045,0.00090675737
23_12328,23_12328.wav,pitch_up_2,23,BirdChirping,3,True,BirdChirping,BirdChirping,False,True,0.0009138878,0.004195211,0.0020655263,0.0005692716,0.0005112703,0.0008834095,0.0010268238,0.006704806,0.0047493116,0.0017812839,0.0012582974,0.002172474,0.0025565522,0.0017667658,0.0016196904,0.0013719186,0.0012951059,0.0012983559,0.0012999779,0.0007244507,0.005837356,0.0032459842,0.9472541,0.00075964566,0.00088491634,0.0014250554,0.0018285475
23_12330,23_12330.wav,original,23,BirdChirping,3,True,BirdChirping,BirdChirping,False,True,0.0011117838,0.0011619955,0.0013222027,0.0013645439,0.0010293368,0.0022471454,0.0006762348,0.0014128044,0.0013299823,0.0011704082,0.0011029377,0.0012666006,0.0008637838,0.0010744559,0.002634193,0.002358949,0.0007518095,0.010311611,0.0013136809,0.0010831672,0.0017781788,0.0010291622,0.94733137,0.0015747952,0.00207862,0.0012479741,0.00937234
23_12332,23_12332.wav,original,23,BirdChirping,3,True,BirdChirping,BirdChirping,False,True,0.0007481985,0.0006446859,0.0011980847,0.00075761677,0.0005171741,0.0015775287,0.0006250714,0.0016989125,0.0014374257,0.0013205372,0.0011597876,0.0013886457,0.0013139591,0.0013841327,0.0014178734,0.0013073502,0.00071515184,0.0008679715,0.001008748,0.0012605083,0.003124672,0.00097115245,0.96837884,0.00088906335,0.0013052378,0.0015951,0.001386433
23_12332,23_12332.wav,pitch_down_2,23,BirdChirping,3,True,BirdChirping,BirdChirping,False,True,0.0007481985,0.0006446859,0.0011980847,0.00075761677,0.0005171741,0.0015775287,0.0006250714,0.0016989125,0.0014374257,0.0013205372,0.0011597876,0.0013886457,0.0013139591,0.0013841327,0.0014178734,0.0013073502,0.00071515184,0.0008679715,0.001008748,0.0012605083,0.003124672,0.00097115245,0.96837884,0.00088906335,0.0013052378,0.0015951,0.001386433
23_12333,23_12333.wav,pitch_down_2,23,BirdChirping,3,True,BirdChirping,BirdChirping,False,True,0.00071844645,0.0028103169,0.0014062825,0.0006529779,0.0008693381,0.0014153417,0.00053102005,0.0022672254,0.00089293934,0.0012994934,0.0011827514,0.0012407891,0.0022738576,0.0014849192,0.00116829,0.0012416866,0.00079819426,0.00064441777,0.0011841796,0.0009815263,0.0027916867,0.001207828,0.9665074,0.0009917358,0.0011197804,0.0013919104,0.0009257193
23_12337,23_12337.wav,pitch_down_2,23,BirdChirping,3,True,BirdChirping,BirdChirping,False,True,0.0005130618,0.00070814556,0.0008895912,0.0020609016,0.0016111867,0.003108421,0.0008843346,0.0011018877,0.0011971315,0.0013630033,0.00071413326,0.0011215309,0.00067373196,0.0010306846,0.001494619,0.0011808957,0.00096720696,0.0008737589,0.0015804223,0.0009817667,0.0039336164,0.0020049836,0.96367425,0.00083664915,0.001239665,0.0012643897,0.002990001
23_12339,23_12339.wav,pitch_down_2,23,BirdChirping,3,True,BirdChirping,BirdChirping,False,True,0.00081978226,0.0038449615,0.0016171808,0.0012110072,0.0008813345,0.0010581269,0.0018382386,0.0027530566,0.0013261348,0.0027522668,0.0028392393,0.00241407,0.002732994,0.002243042,0.0015446479,0.0013531175,0.0063290033,0.0011116154,0.0028706891,0.0021799717,0.0021991136,0.002863192,0.9391447,0.0033003923,0.0017021954,0.0018795676,0.0051903888
23_12339,23_12339.wav,pitch_up_2,23,BirdChirping,3,True,BirdChirping,BirdChirping,False,True,0.00081978226,0.0038449615,0.0016171808,0.0012110072,0.0008813345,0.0010581269,0.0018382386,0.0027530566,0.0013261348,0.0027522668,0.0028392393,0.00241407,0.002732994,0.002243042,0.0015446479,0.0013531175,0.0063290033,0.0011116154,0.0028706891,0.0021799717,0.0021991136,0.002863192,0.9391447,0.0033003923,0.0017021954,0.0018795676,0.0051903888
23_12340,23_12340.wav,pitch_down_2,23,BirdChirping,3,True,BirdChirping,BirdChirping,False,True,0.0005219174,0.0020351878,0.0007118637,0.00032107462,0.00086350273,0.00047451924,0.0005300482,0.00069562014,0.0006352028,0.0015480206,0.001089095,0.00075664785,0.0006868644,0.0011081075,0.0008918406,0.0008571334,0.0030703368,0.000528413,0.0013684891,0.00089742214,0.001768229,0.0010970725,0.9744999,0.00067966763,0.0008328597,0.00084174867,0.0006892337
23_12342,23_12342.wav,original,23,BirdChirping,3,True,BirdChirping,BirdChirping,False,True,0.0012804443,0.00078101945,0.0037360855,0.0007354925,0.0015490772,0.0010837972,0.0013407044,0.0011453483,0.0015225727,0.0026738613,0.0020515672,0.0024221507,0.001083644,0.0017497451,0.0018594647,0.0013211506,0.0018342893,0.00095823966,0.0033803734,0.00041783976,0.0024053578,0.0012400326,0.95158356,0.0029257762,0.0028626106,0.0015404596,0.004515324
23_12343,23_12343.wav,pitch_down_2,23,BirdChirping,3,True,BirdChirping,BirdChirping,False,True,0.00064872805,0.0007531056,0.0018817516,0.0007199263,0.0006276181,0.000912596,0.0006784936,0.0012049145,0.0009617819,0.0022806553,0.0012632752,0.0016845126,0.001006331,0.0010316132,0.0012570427,0.00094972894,0.0013738909,0.00093769206,0.0018178783,0.0007960957,0.0010538736,0.0008238396,0.9692931,0.001049326,0.0013099848,0.0011294499,0.0025528453
23_12348,23_12348.wav,pitch_up_2,23,BirdChirping,3,True,BirdChirping,BirdChirping,False,True,0.00037825215,0.0013532606,0.0011137049,0.00051176024,0.00039315957,0.0010994232,0.00060216576,0.0019532284,0.00074502296,0.0011305765,0.0008631407,0.0007971903,0.0012128478,0.00076956814,0.0015010936,0.000845609,0.0010083258,0.0007942884,0.0010482745,0.0005292108,0.0008278294,0.0009845517,0.9758563,0.00040925216,0.0006528981,0.0015133495,0.0011057344
23_12349,23_12349.wav,pitch_up_2,23,BirdChirping,3,True,BirdChirping,BirdChirping,False,True,0.0005812647,0.0014630057,0.0010972772,0.00045157238,0.0004890356,0.0015309198,0.00084774644,0.0027031275,0.0015933892,0.0010321824,0.0008699561,0.0013411947,0.0014924061,0.001148072,0.0014915526,0.000888549,0.0011401899,0.0009616514,0.0013836032,0.00071940926,0.002068858,0.0013155033,0.9685743,0.0005407879,0.00075755944,0.0018235617,0.0016933616
23_12352,23_12352.wav,pitch_down_2,23,BirdChirping,3,True,BirdChirping,BirdChirping,False,True,0.00079761486,0.0008540942,0.0012513603,0.0009266667,0.0011266399,0.00035096947,0.0011929674,0.0014846902,0.0007907644,0.0011081329,0.0013167,0.0013340516,0.0011986002,0.00087067415,0.0008072493,0.0007489054,0.0012701437,0.001176139,0.00092795445,0.0012893355,0.001348537,0.00048200367,0.97058445,0.0017484125,0.0011916758,0.001011036,0.0028101935
23_12353,23_12353.wav,original,23,BirdChirping,3,True,BirdChirping,BirdChirping,False,True,0.0008838231,0.00096065976,0.0014189602,0.0008323244,0.001400413,0.0005638436,0.0012847437,0.0015296447,0.0012091165,0.0013781902,0.0013740299,0.0013981806,0.00176539,0.00102981,0.0010721682,0.0008965673,0.0011843559,0.0012990888,0.0009859732,0.001208856,0.0016163912,0.0006084944,0.96639913,0.0016022931,0.0012193712,0.0013634274,0.0035147446
23_12353,23_12353.wav,pitch_down_2,23,BirdChirping,3,True,BirdChirping,BirdChirping,False,True,0.0008838231,0.00096065976,0.0014189602,0.0008323244,0.001400413,0.0005638436,0.0012847437,0.0015296447,0.0012091165,0.0013781902,0.0013740299,0.0013981806,0.00176539,0.00102981,0.0010721682,0.0008965673,0.0011843559,0.0012990888,0.0009859732,0.001208856,0.0016163912,0.0006084944,0.96639913,0.0016022931,0.0012193712,0.0013634274,0.0035147446
23_12355,23_12355.wav,original,23,BirdChirping,3,True,BirdChirping,BirdChirping,False,True,0.0006886591,0.0011440424,0.0010266519,0.0008566564,0.001641877,0.00037656317,0.00083065365,0.0010335435,0.0011160503,0.00091013085,0.0015463447,0.0010735021,0.0020049177,0.0009945635,0.0010144893,0.001030793,0.0007573207,0.0010140879,0.00094759866,0.0013374579,0.0020448286,0.00048544738,0.9656952,0.0007699535,0.0009509311,0.0016463135,0.0070614503
23_12358,23_12358.wav,pitch_up_2,23,BirdChirping,3,True,BirdChirping,BirdChirping,False,True,0.0007868647,0.00086164585,0.0013204692,0.0006615762,0.0020354649,0.00030872397,0.001216014,0.0012624175,0.0010014815,0.0012724726,0.0014403383,0.0013077453,0.0015168954,0.0008576482,0.0013205159,0.0006856061,0.0012923122,0.0011168396,0.0009955978,0.0010654122,0.0015187195,0.00050690275,0.96929055,0.0014084714,0.0009529561,0.00090692047,0.0030894438
23_12359,23_12359.wav,pitch_down_2,23,BirdChirping,3,True,BirdChirping,BirdChirping,False,True,0.002339551,0.00519412,0.0033743687,0.0045187403,0.001966969,0.0024075734,0.0033595145,0.0019284068,0.0017657572,0.0015468564,0.0048875636,0.005032758,0.0025938144,0.0023239031,0.0026115405,0.0016607618,0.002220982,0.0026731307,0.004451435,0.0023089622,0.0067257932,0.05495246,0.8680728,0.0032999434,0.0033064066,0.0016892944,0.0027865332
23_12359,23_12359.wav,pitch_up_2,23,BirdChirping,3,True,BirdChirping,BirdChirping,False,True,0.002339551,0.00519412,0.0033743687,0.0045187403,0.001966969,0.0024075734,0.0033595145,0.0019284068,0.0017657572,0.0015468564,0.0048875636,0.005032758,0.0025938144,0.0023239031,0.0026115405,0.0016607618,0.002220982,0.0026731307,0.004451435,0.0023089622,0.0067257932,0.05495246,0.8680728,0.0032999434,0.0033064066,0.0016892944,0.0027865332
23_12360,23_12360.wav,original,23,BirdChirping,3,True,BirdChirping,BirdChirping,False,True,0.00059434754,0.0016775358,0.0009380745,0.0005266377,0.00038281866,0.0006239977,0.000628134,0.000973943,0.0006564989,0.0008380276,0.00085150613,0.0009806236,0.001021621,0.0008254731,0.001038523,0.0008703023,0.0006706862,0.0006717844,0.001011711,0.0011397935,0.0046902397,0.0013930922,0.9735071,0.0010549487,0.0010461669,0.0006368291,0.0007495933
23_12360,23_12360.wav,pitch_down_2,23,BirdChirping,3,True,BirdChirping,BirdChirping,False,True,0.00059434754,0.0016775358,0.0009380745,0.0005266377,0.00038281866,0.0006239977,0.000628134,0.000973943,0.0006564989,0.0008380276,0.00085150613,0.0009806236,0.001021621,0.0008254731,0.001038523,0.0008703023,0.0006706862,0.0006717844,0.001011711,0.0011397935,0.0046902397,0.0013930922,0.9735071,0.0010549487,0.0010461669,0.0006368291,0.0007495933
23_12361,23_12361.wav,original,23,BirdChirping,3,True,BirdChirping,BirdChirping,False,True,0.0010989901,0.0030482346,0.0025016714,0.0038244457,0.0019072039,0.0015122852,0.0012855451,0.001320105,0.0011133511,0.0017258836,0.003908117,0.0016074274,0.0015952279,0.0014569807,0.0015421772,0.000996878,0.0011655287,0.0016901245,0.0037395153,0.0019333726,0.0011403974,0.0013506146,0.9457118,0.0017133682,0.0025634293,0.0010804203,0.007466864
23_12361,23_12361.wav,pitch_up_2,23,BirdChirping,3,True,BirdChirping,BirdChirping,False,True,0.0010989901,0.0030482346,0.0025016714,0.0038244457,0.0019072039,0.0015122852,0.0012855451,0.001320105,0.0011133511,0.0017258836,0.003908117,0.0016074274,0.0015952279,0.0014569807,0.0015421772,0.000996878,0.0011655287,0.0016901245,0.0037395153,0.0019333726,0.0011403974,0.0013506146,0.9457118,0.0017133682,0.0025634293,0.0010804203,0.007466864
23_12362,23_12362.wav,original,23,BirdChirping,3,True,BirdChirping,BirdChirping,False,True,0.0013364191,0.0011891533,0.0012765174,0.00091962545,0.00082101376,0.00049425685,0.00093159796,0.00085136347,0.0009914946,0.0013617702,0.00066252257,0.00073350826,0.0014449001,0.0006897345,0.00078153034,0.0024636264,0.0014335258,0.00086631626,0.0010259917,0.00030832915,0.0008508521,0.0006505908,0.9704432,0.0032993734,0.0008420763,0.00054102606,0.002789744
23_12363,23_12363.wav,original,23,BirdChirping,3,True,BirdChirping,BirdChirping,False,True,0.0009950026,0.001411487,0.0010606349,0.0009798213,0.00073186326,0.0013449625,0.00050793024,0.0011235903,0.0013757605,0.000796255,0.0010528701,0.00071909744,0.0017933673,0.000899436,0.000822291,0.0011609768,0.0011927905,0.0007265036,0.0009271574,0.00048625105,0.0014554803,0.0006547948,0.9715178,0.002187898,0.0007403305,0.0013255702,0.002010056
23_12368,23_12368.wav,original,23,BirdChirping,3,True,BirdChirping,BirdChirping,False,True,0.0006082019,0.0010591462,0.0011491246,0.0008565185,0.00035558696,0.002729063,0.0005203317,0.0013468143,0.001707743,0.0013599765,0.001030937,0.0010975121,0.001650665,0.001075895,0.0012731944,0.0013507257,0.00064097,0.00080948137,0.00082008104,0.00089270686,0.002746972,0.0007972596,0.9700365,0.00080878567,0.0012260386,0.0014643766,0.0005853022
23_12370,23_12370.wav,original,23,BirdChirping,3,True,BirdChirping,BirdChirping,False,True,0.00057115796,0.0025687777,0.0012998796,0.00073152146,0.0020852734,0.0021966558,0.0005870415,0.0012875502,0.0007952531,0.0012504399,0.001021576,0.0010596068,0.0020861907,0.0012058176,0.0013004317,0.0012760059,0.0005890121,0.0007760118,0.0010838631,0.0009891872,0.0012092963,0.0009787803,0.9672788,0.0014047021,0.0017302227,0.0014051188,0.0012318053
23_12370,23_12370.wav,pitch_down_2,23,BirdChirping,3,True,BirdChirping,BirdChirping,False,True,0.00057115796,0.0025687777,0.0012998796,0.00073152146,0.0020852734,0.0021966558,0.0005870415,0.0012875502,0.0007952531,0.0012504399,0.001021576,0.0010596068,0.0020861907,0.0012058176,0.0013004317,0.0012760059,0.0005890121,0.0007760118,0.0010838631,0.0009891872,0.0012092963,0.0009787803,0.9672788,0.0014047021,0.0017302227,0.0014051188,0.0012318053
23_12373,23_12373.wav,pitch_down_2,23,BirdChirping,3,True,BirdChirping,BirdChirping,False,True,0.00047648433,0.0020004564,0.0008800871,0.0006240624,0.0008142011,0.0006794706,0.00096003106,0.0010296496,0.00072553736,0.0014855809,0.0013089393,0.0015521547,0.0017841527,0.0013480672,0.0015970691,0.0009785241,0.0016685011,0.00085055205,0.001423099,0.0012787704,0.0051169745,0.0013279765,0.9638514,0.0027932813,0.0013038487,0.0009744892,0.0011666475
24_12401,24_12401.wav,pitch_down_2,24,WingFlaping,3,True,WingFlaping,WingFlaping,False,True,0.00080640806,0.0013880349,0.0011599585,0.00042842064,0.0009278509,0.001347747,0.00046979837,0.0011513301,0.0016486542,0.0004256659,0.0013073268,0.0014126352,0.00038386628,0.0005560967,0.0016504442,0.0013052482,0.00057811086,0.00052255846,0.00041804175,0.00064502034,0.00093416095,0.0009940472,0.0029581727,0.973965,0.0013271603,0.0008761815,0.00041199152
24_12403,24_12403.wav,pitch_down_2,24,WingFlaping,3,True,WingFlaping,WingFlaping,False,True,0.040091023,0.06683505,0.0019945002,0.0027533092,0.002106698,0.0017646205,0.00059768016,0.0033076154,0.0014879819,0.00092183304,0.002737303,0.0048023467,0.0058288444,0.003166016,0.0035629764,0.002372711,0.0023707917,0.002868955,0.0022428406,0.008192738,0.0011892979,0.002649803,0.0026535073,0.8248345,0.001963311,0.004231986,0.0024717145
24_12405,24_12405.wav,original,24,WingFlaping,3,True,WingFlaping,WingFlaping,False,True,0.015219434,0.0016388091,0.0020049901,0.018977432,0.0015974888,0.0030618955,0.0018089217,0.0050080395,0.0010704248,0.0009096412,0.0044901753,0.0022265806,0.002879957,0.001980625,0.0018186131,0.002609075,0.0018218043,0.0025084307,0.005396562,0.0013576417,0.003371209,0.001589301,0.0011919643,0.90923357,0.0025012793,0.0013409915,0.002385142
24_12406,24_12406.wav,original,24,WingFlaping,3,True,WingFlaping,WingFlaping,False,True,0.0048312345,0.009560588,0.0010754303,0.0014453047,0.0008187748,0.00369211,0.0012522565,0.0021060267,0.0010914711,0.00073461304,0.001111418,0.0009899291,0.0020615535,0.0035095317,0.0015499056,0.0009650321,0.0016370196,0.0033997388,0.0046420884,0.0149865635,0.00088802836,0.0016509034,0.0011696995,0.9293905,0.0016386524,0.0016218858,0.0021797135
24_12408,24_12408.wav,pitch_down_2,24,WingFlaping,3,True,WingFlaping,WingFlaping,False,True,0.0006317658,0.00047967306,0.0018838878,0.005366552,0.0011779324,0.0036249235,0.0025470976,0.00081768556,0.0008479149,0.0006883338,0.0031788424,0.003604207,0.00089436374,0.0025149467,0.0093334615,0.0014887163,0.0021233733,0.0016688438,0.0005049175,0.0017989235,0.0013200698,0.002256584,0.0019650345,0.94165903,0.0047138785,0.0016974006,0.0012115949
24_12410,24_12410.wav,pitch_up_2,24,WingFlaping,3,True,WingFlaping,WingFlaping,False,True,0.0015625106,0.001657511,0.00088833395,0.0013108946,0.00068938197,0.0010800337,0.0036906607,0.0010661656,0.0012074695,0.0015395194,0.0006715481,0.0008517291,0.0004763153,0.001700452,0.0022718871,0.0010058971,0.0009804595,0.0015196932,0.00096981245,0.0030753047,0.0010070509,0.0013340478,0.00085629773,0.96460265,0.001407689,0.0012696151,0.0013071474
24_12418,24_12418.wav,original,24,WingFlaping,3,True,WingFlaping,WingFlaping,False,True,0.0005667787,0.00054629444,0.002101574,0.00086743076,0.0017526621,0.0007436061,0.0027672404,0.0009348003,0.0012868837,0.000709661,0.000813783,0.0009805894,0.0008551415,0.0015389553,0.000931938,0.00058108225,0.0009106297,0.0010811373,0.00081742974,0.00072053523,0.00039784182,0.0011194481,0.0009050428,0.97292084,0.0013857748,0.0008953423,0.0008676254
24_12418,24_12418.wav,pitch_down_2,24,WingFlaping,3,True,WingFlaping,WingFlaping,False,True,0.0005667787,0.00054629444,0.002101574,0.00086743076,0.0017526621,0.0007436061,0.0027672404,0.0009348003,0.0012868837,0.000709661,0.000813783,0.0009805894,0.0008551415,0.0015389553,0.000931938,0.00058108225,0.0009106297,0.0010811373,0.00081742974,0.00072053523,0.00039784182,0.0011194481,0.0009050428,0.97292084,0.0013857748,0.0008953423,0.0008676254
24_12419,24_12419.wav,original,24,WingFlaping,3,True,WingFlaping,WingFlaping,False,True,0.0009091585,0.0017946631,0.0017885178,0.0005940059,0.0016681185,0.0014628911,0.0012480867,0.0014998517,0.0013336007,0.0015172041,0.0019553679,0.0012526944,0.0051963846,0.0034534028,0.0011363263,0.0009149127,0.0014355973,0.0013166462,0.024484986,0.00085099676,0.001265468,0.0017441938,0.0019789678,0.93427926,0.001976667,0.0015321154,0.0014099533
24_12419,24_12419.wav,pitch_up_2,24,WingFlaping,3,True,WingFlaping,WingFlaping,False,True,0.0009091585,0.0017946631,0.0017885178,0.0005940059,0.0016681185,0.0014628911,0.0012480867,0.0014998517,0.0013336007,0.0015172041,0.0019553679,0.0012526944,0.0051963846,0.0034534028,0.0011363263,0.0009149127,0.0014355973,0.0013166462,0.024484986,0.00085099676,0.001265468,0.0017441938,0.0019789678,0.93427926,0.001976667,0.0015321154,0.0014099533
24_12420,24_12420.wav,pitch_down_2,24,WingFlaping,3,True,WingFlaping,WingFlaping,False,True,0.0010197876,0.0038328965,0.0012746743,0.00069769187,0.00042002063,0.0011014788,0.00093909405,0.0019236015,0.0008393329,0.00039042078,0.0007566998,0.001473541,0.0011719033,0.00059306674,0.0010398355,0.00075472967,0.00084988796,0.0010707761,0.00055615767,0.0020290464,0.0008766709,0.0014402767,0.0012262303,0.97063273,0.0011688689,0.0014509378,0.00046959965
24_12424,24_12424.wav,pitch_up_2,24,WingFlaping,3,True,WingFlaping,WingFlaping,False,True,0.00073856814,0.0009436678,0.001252218,0.0009792685,0.0018621924,0.0014122528,0.0006176823,0.0010959109,0.0011952433,0.0014538532,0.00081282324,0.0010432863,0.0011651587,0.002341977,0.0019503171,0.0014080834,0.001181085,0.0013763806,0.0003676327,0.0008823346,0.00121351,0.00082059065,0.001509966,0.9648609,0.0013786753,0.0020853106,0.004051146
24_12427,24_12427.wav,pitch_up_2,24,WingFlaping,3,True,WingFlaping,WingFlaping,False,True,0.000880053,0.0016390568,0.00093737844,0.0007372873,0.000560492,0.0011986172,0.0004713137,0.0009256554,0.00077917654,0.00086789037,0.0010727152,0.0007283888,0.0014394926,0.0021062396,0.00128422,0.0005496906,0.0010767487,0.0009488995,0.00046676482,0.0042965147,0.0008201274,0.0008201261,0.0008416434,0.9714946,0.001166371,0.0011478828,0.0007426566
24_12428,24_12428.wav,original,24,WingFlaping,3,True,WingFlaping,WingFlaping,False,True,0.00035183516,0.00077684567,0.0009383426,0.00077528897,0.0006119212,0.0013601264,0.0030879416,0.0010640147,0.000929862,0.00058768183,0.0008218063,0.0011308253,0.0015028613,0.000542014,0.0013795942,0.00044329604,0.001009314,0.0010643733,0.0005392244,0.0007837147,0.000548383,0.0010610308,0.00076477526,0.97500855,0.0013383101,0.0008549104,0.00072311773
24_12432,24_12432.wav,original,24,WingFlaping,3,True,WingFlaping,WingFlaping,False,True,0.0034027798,0.009842903,0.0017185784,0.00063546456,0.0009103681,0.0018184913,0.0023869306,0.0014093275,0.0011427347,0.00086912763,0.0011084705,0.0010973085,0.0016328575,0.0032671576,0.0019996194,0.0004556085,0.0012951436,0.0029831883,0.003985585,0.002704137,0.0018620124,0.0015698519,0.0018184595,0.9447697,0.0023354767,0.0014653351,0.0015133178
24_12432,24_12432.wav,pitch_up_2,24,WingFlaping,3,True,WingFlaping,WingFlaping,False,True,0.0034027798,0.009842903,0.0017185784,0.00063546456,0.0009103681,0.0018184913,0.0023869306,0.0014093275,0.0011427347,0.00086912763,0.0011084705,0.0010973085,0.0016328575,0.0032671576,0.0019996194,0.0004556085,0.0012951436,0.0029831883,0.003985585,0.002704137,0.0018620124,0.0015698519,0.0018184595,0.9447697,0.0023354767,0.0014653351,0.0015133178
24_12435,24_12435.wav,original,24,WingFlaping,3,True,Footsteps,WingFlaping,True,True,0.06517226,0.00338985,0.0033093637,0.00371824,0.0020206827,0.0046840366,0.0024671613,0.009429912,0.006330715,0.0015338181,0.0018246329,0.0027246105,0.0015219912,0.0034914718,0.0017200605,0.0036170157,0.0026757577,0.0042101587,0.1375653,0.0009966032,0.0032528082,0.0037386643,0.0038609186,0.71459985,0.0018949007,0.003624484,0.0066247564
24_12436,24_12436.wav,pitch_up_2,24,WingFlaping,3,True,WingFlaping,WingFlaping,False,True,0.013938471,0.0017872417,0.0018378565,0.0023466207,0.0011264525,0.0011440626,0.00049893465,0.0018039929,0.0015633578,0.0010240801,0.0009586892,0.0018275334,0.008624897,0.0011568256,0.0013530372,0.001070531,0.001377324,0.001456644,0.0035948262,0.00082053355,0.0011705899,0.00096932723,0.0014091128,0.9433289,0.001298149,0.0012681432,0.0012438757
24_12437,24_12437.wav,original,24,WingFlaping,3,True,WingFlaping,WingFlaping,False,True,0.00094213197,0.001009144,0.0017472574,0.0011365243,0.0021296588,0.0019426838,0.008370244,0.00096654985,0.0015627138,0.0018875393,0.0011671107,0.001474246,0.003255781,0.001224739,0.0009078681,0.0013261857,0.0016107612,0.0013595469,0.00038074632,0.0007475245,0.000982943,0.0017123861,0.0013748318,0.9549246,0.0020434074,0.0017791562,0.0020336027
24_12437,24_12437.wav,pitch_up_2,24,WingFlaping,3,True,WingFlaping,WingFlaping,False,True,0.00094213197,0.001009144,0.0017472574,0.0011365243,0.0021296588,0.0019426838,0.008370244,0.00096654985,0.0015627138,0.0018875393,0.0011671107,0.001474246,0.003255781,0.001224739,0.0009078681,0.0013261857,0.0016107612,0.0013595469,0.00038074632,0.0007475245,0.000982943,0.0017123861,0.0013748318,0.9549246,0.0020434074,0.0017791562,0.0020336027
24_12438,24_12438.wav,original,24,WingFlaping,3,True,WingFlaping,WingFlaping,False,True,0.00093462784,0.001597687,0.0006650041,0.00030333074,0.0005499538,0.000976545,0.0039239787,0.0008211576,0.0004523761,0.0005150362,0.0010234055,0.00065051817,0.0006982161,0.0016202953,0.00073847896,0.00039928756,0.0009026597,0.00091562845,0.0007683144,0.00071343436,0.00049172604,0.0010097171,0.0007860896,0.975624,0.0005654914,0.0009010407,0.0014519435
24_12439,24_12439.wav,pitch_down_2,24,WingFlaping,3,True,WingFlaping,WingFlaping,False,True,0.00039474876,0.0014652964,0.0006972114,0.00059178396,0.00047966582,0.00073427864,0.0010638087,0.0009303882,0.0011784155,0.0011883617,0.0006151596,0.0006367531,0.00054558145,0.0010568077,0.000817752,0.0015413305,0.000898658,0.00064578303,0.0008167689,0.0007411192,0.00094901165,0.00080942176,0.0013930183,0.9775223,0.0009782608,0.0007842877,0.000524076
24_12440,24_12440.wav,pitch_down_2,24,WingFlaping,3,True,WingFlaping,WingFlaping,False,True,0.000520688,0.0012233001,0.001228943,0.0006642632,0.001419665,0.002156442,0.0012590527,0.0014061788,0.001204432,0.0005822245,0.0008187291,0.0012362645,0.002005922,0.0010623739,0.0007851567,0.0013136482,0.0011972398,0.0029935788,0.0012798213,0.0015294305,0.00059548125,0.002237126,0.000879268,0.9633128,0.0044261073,0.0010492651,0.0016125947
24_12443,24_12443.wav,pitch_down_2,24,WingFlaping,3,True,WingFlaping,WingFlaping,False,True,0.00097501115,0.0018702495,0.0006903861,0.0012751975,0.0009426934,0.0008064567,0.0040244493,0.00088054035,0.00060707465,0.00060925283,0.0019885818,0.0011115134,0.0024139707,0.0019427128,0.0013134163,0.0005456885,0.00074518804,0.0007160632,0.00078986696,0.00033523355,0.00068683486,0.0010023676,0.0013903785,0.9679129,0.0009917637,0.0010075351,0.0024247118
24_12446,24_12446.wav,pitch_down_2,24,WingFlaping,3,True,WingFlaping,WingFlaping,False,True,0.0005558753,0.0035560087,0.0012422943,0.00045260866,0.0006516738,0.0011296966,0.00037847133,0.001134727,0.00056790025,0.00065849023,0.0009574609,0.0008401782,0.0010774634,0.001971518,0.0014234086,0.0005001751,0.0009808734,0.0010666515,0.00033184726,0.0017113831,0.0008472695,0.0008480442,0.0008588899,0.9737365,0.0009797352,0.000899191,0.00064166595
24_12448,24_12448.wav,pitch_down_2,24,WingFlaping,3,True,WingFlaping,WingFlaping,False,True,0.00044192304,0.0006058814,0.0008476135,0.0010572285,0.0010161254,0.00113473,0.00055672467,0.0015229634,0.0006874462,0.00064551836,0.0022527315,0.0018738316,0.005935988,0.0007717417,0.0016385484,0.0022025995,0.0006051311,0.00085347076,0.002432325,0.0004913408,0.00076752994,0.00096711545,0.0006379369,0.9674942,0.0009445955,0.000861367,0.0007534192
24_12449,24_12449.wav,original,24,WingFlaping,3,True,WingFlaping,WingFlaping,False,True,0.0013521434,0.0006341155,0.0020832634,0.0021666086,0.0030402138,0.0016352312,0.010207281,0.0024011421,0.0017157084,0.0075668525,0.0015879689,0.0013252528,0.003210118,0.002767985,0.005899711,0.0061581307,0.0014584427,0.0025454217,0.0051746764,0.0011426772,0.0025804115,0.0021288188,0.0065120286,0.89486027,0.0035344528,0.0018169292,0.024494098
24_12450,24_12450.wav,pitch_down_2,24,WingFlaping,3,True,WingFlaping,WingFlaping,False,True,0.0008830735,0.0061511765,0.023701608,0.0012434645,0.0008989726,0.0031038753,0.0036597548,0.0020853553,0.0010712796,0.001862131,0.0014783543,0.0025340482,0.008492565,0.0035879302,0.0014051195,0.0005980648,0.0014937225,0.0012633005,0.00059606665,0.0019136112,0.0010794827,0.0018140803,0.0014542938,0.9223266,0.002008503,0.0017042644,0.0015892127
24_12452,24_12452.wav,pitch_up_2,24,WingFlaping,3,True,WingFlaping,WingFlaping,False,True,0.001228189,0.0021002898,0.0018309305,0.0059291697,0.0023352352,0.0021181793,0.001817614,0.0014254226,0.002252191,0.0012766683,0.0014430322,0.0017341776,0.0013609609,0.0014635492,0.0069019017,0.0030556603,0.001469703,0.065595865,0.0012126457,0.0017621863,0.0010999565,0.0016173444,0.00081207,0.88143235,0.002383411,0.0019063813,0.0024348975
24_12453,24_12453.wav,pitch_down_2,24,WingFlaping,3,True,WingFlaping,WingFlaping,False,True,0.0006480747,0.00072735664,0.0011101979,0.0041577597,0.0016506757,0.0016668787,0.0013504702,0.0013568654,0.0006548767,0.0007606822,0.00080484845,0.0010173869,0.00164806,0.0009380477,0.0013698143,0.0005859729,0.0010364776,0.0029350494,0.001964681,0.00031199085,0.00060100976,0.0009005962,0.0008629698,0.96516937,0.0026769408,0.00086859264,0.0022244237
24_12454,24_12454.wav,pitch_down_2,24,WingFlaping,3,True,WingFlaping,WingFlaping,False,True,0.0019915143,0.0012123816,0.0008041805,0.0007167764,0.0014679767,0.00091168843,0.00035337382,0.00082613877,0.00078484305,0.00050652353,0.00052706455,0.000783046,0.0009991316,0.00060839066,0.0009713319,0.0005761742,0.00065693754,0.0005512562,0.00059887517,0.00035452595,0.00057558913,0.00063123327,0.00045858815,0.98052454,0.0005582473,0.0006011626,0.0004484676
24_12456,24_12456.wav,pitch_down_2,24,WingFlaping,3,True,WingFlaping,WingFlaping,False,True,0.0012758799,0.00088974397,0.0015361254,0.002965287,0.0012139087,0.0017034378,0.00046185558,0.0009529337,0.00096703996,0.00053244556,0.0012100171,0.0015153172,0.0032287568,0.001131833,0.001817145,0.0029027865,0.00096741645,0.0032834727,0.00077592424,0.0006107364,0.000524702,0.00089217204,0.0007571241,0.96149045,0.0012410026,0.002108241,0.0030441908
24_12456,24_12456.wav,pitch_up_2,24,WingFlaping,3,True,WingFlaping,WingFlaping,False,True,0.0012758799,0.00088974397,0.0015361254,0.002965287,0.0012139087,0.0017034378,0.00046185558,0.0009529337,0.00096703996,0.00053244556,0.0012100171,0.0015153172,0.0032287568,0.001131833,0.001817145,0.0029027865,0.00096741645,0.0032834727,0.00077592424,0.0006107364,0.000524702,0.00089217204,0.0007571241,0.96149045,0.0012410026,0.002108241,0.0030441908
24_12457,24_12457.wav,pitch_up_2,24,WingFlaping,3,True,WingFlaping,WingFlaping,False,True,0.0010350395,0.0046301694,0.0011057671,0.0007191193,0.000671053,0.0014073215,0.0038168353,0.0047035054,0.0005509799,0.0004064527,0.0017412606,0.0013922009,0.0010765321,0.0016661178,0.001372534,0.0008382769,0.00090068864,0.0024877042,0.0030347144,0.0041840547,0.00044793487,0.0015218904,0.001233004,0.95544404,0.0013990393,0.0013544067,0.00085932674
24_12458,24_12458.wav,pitch_up_2,24,WingFlaping,3,True,WingFlaping,WingFlaping,False,True,0.0005071769,0.00093782507,0.0017833965,0.0006329412,0.0010934528,0.0012353525,0.0029233918,0.0015987,0.0010847024,0.0015384093,0.00082756387,0.00136692,0.002426312,0.0015676431,0.0010885998,0.0007398967,0.0013522715,0.0017040678,0.00045614457,0.0019433387,0.0008704819,0.0011382932,0.0012525124,0.9659658,0.0011284758,0.0014718957,0.0013644398
24_12460,24_12460.wav,pitch_up_2,24,WingFlaping,3,True,WingFlaping,WingFlaping,False,True,0.00085897074,0.0013812907,0.0008888007,0.00043613408,0.0007985127,0.001851705,0.00082699914,0.0007998096,0.0012123819,0.00093286467,0.00085531565,0.0012481891,0.0009724037,0.00086639775,0.0007269073,0.0024486405,0.0013080578,0.0010166891,0.0024640716,0.0019704604,0.0006210538,0.0008742411,0.0009325265,0.9711804,0.001022115,0.0010635162,0.00044160677
24_12461,24_12461.wav,pitch_down_2,24,WingFlaping,3,True,WingFlaping,WingFlaping,False,True,0.00055737706,0.0012480618,0.0019703715,0.00051698094,0.0013033143,0.0011528423,0.0031714113,0.001488524,0.000935674,0.0018881402,0.001541499,0.0016714269,0.0015123761,0.0028429385,0.0010457883,0.0012933478,0.001820733,0.0011154899,0.0007303897,0.0010919383,0.00078947406,0.0013794483,0.0012544455,0.96370006,0.0019884699,0.0012106923,0.00077876804
24_12463,24_12463.wav,original,24,WingFlaping,3,True,WingFlaping,WingFlaping,False,True,0.0004926981,0.0030689545,0.0008894852,0.0009305708,0.001133908,0.0021125518,0.0007039721,0.0016323387,0.011366795,0.0013838221,0.0008813524,0.0029832285,0.0010750658,0.0014227759,0.0016223503,0.0011928995,0.001760921,0.0018333411,0.0007424999,0.0031221304,0.00070959347,0.0015808074,0.0022236335,0.95073813,0.0013182993,0.0020768188,0.0010010776
24_12463,24_12463.wav,pitch_up_2,24,WingFlaping,3,True,WingFlaping,WingFlaping,False,True,0.0004926981,0.0030689545,0.0008894852,0.0009305708,0.001133908,0.0021125518,0.0007039721,0.0016323387,0.011366795,0.0013838221,0.0008813524,0.0029832285,0.0010750658,0.0014227759,0.0016223503,0.0011928995,0.001760921,0.0018333411,0.0007424999,0.0031221304,0.00070959347,0.0015808074,0.0022236335,0.95073813,0.0013182993,0.0020768188,0.0010010776
24_12464,24_12464.wav,pitch_up_2,24,WingFlaping,3,True,WingFlaping,WingFlaping,False,True,0.0006001906,0.0007493883,0.00072811195,0.00080591365,0.000621688,0.0008344585,0.0026317046,0.0009837504,0.000786837,0.00035405872,0.00088748866,0.0014229818,0.0005099165,0.00048505212,0.0012641409,0.00054783496,0.0007324384,0.0014462718,0.00027963208,0.0006962544,0.0005199769,0.0011585354,0.0010200163,0.9763257,0.0012682648,0.0010400141,0.0012994036
24_12468,24_12468.wav,pitch_up_2,24,WingFlaping,3,True,WingFlaping,WingFlaping,False,True,0.002191134,0.0015937375,0.0007888263,0.0005703031,0.00097121624,0.0011105328,0.002492686,0.0028076703,0.0008631218,0.0005105442,0.004366372,0.0024822094,0.0007749549,0.0009106949,0.0017795743,0.0006858865,0.0009105943,0.0008142556,0.00070285314,0.0014216457,0.0006772535,0.0013814252,0.0008016966,0.966003,0.00089586555,0.0009241069,0.00056782056
24_12469,24_12469.wav,pitch_down_2,24,WingFlaping,3,True,WingFlaping,WingFlaping,False,True,0.001168949,0.0019689223,0.002303174,0.00058386737,0.0009811331,0.0014003665,0.0048347246,0.0048599024,0.00067635515,0.0008380884,0.00100416,0.0013651015,0.00080481375,0.009431302,0.0022129684,0.0006691029,0.001126952,0.0012348279,0.0005181927,0.0010412837,0.0015040124,0.001966648,0.0012760699,0.9519055,0.0017800246,0.0013001877,0.0012433567
24_12472,24_12472.wav,pitch_up_2,24,WingFlaping,3,True,WingFlaping,WingFlaping,False,True,0.0035946697,0.10349905,0.0017504446,0.050030664,0.0016451981,0.005551429,0.0044698953,0.004858675,0.0020558916,0.0016383613,0.0033706212,0.006912153,0.0036665127,0.0018965746,0.0028933464,0.0015106149,0.0022446252,0.013647216,0.0053936266,0.0019364031,0.0018645726,0.00271134,0.0022712902,0.75689125,0.008566454,0.002513276,0.0026158795
24_12473,24_12473.wav,pitch_down_2,24,WingFlaping,3,True,WingFlaping,WingFlaping,False,True,0.0005766515,0.002352842,0.0010765177,0.000732402,0.0010551026,0.0012401728,0.0061164442,0.0036861922,0.00037003864,0.00049227936,0.0014774123,0.0021358908,0.0012024658,0.0022307865,0.0018943464,0.001073334,0.00092206773,0.0016854852,0.0014337784,0.0025342396,0.000633185,0.0038326755,0.002645747,0.95524025,0.00112177,0.0007068126,0.0015310616
24_12473,24_12473.wav,pitch_up_2,24,WingFlaping,3,True,WingFlaping,WingFlaping,False,True,0.0005766515,0.002352842,0.0010765177,0.000732402,0.0010551026,0.0012401728,0.0061164442,0.0036861922,0.00037003864,0.00049227936,0.0014774123,0.0021358908,0.0012024658,0.0022307865,0.0018943464,0.001073334,0.00092206773,0.0016854852,0.0014337784,0.0025342396,0.000633185,0.0038326755,0.002645747,0.95524025,0.00112177,0.0007068126,0.0015310616
25_12502,25_12502.wav,pitch_up_2,25,Lion,3,True,Lion,Lion,False,True,0.0010152915,0.0020094311,0.0012044745,0.0014218834,0.0009305917,0.001609391,0.0010859221,0.0012167479,0.001286618,0.0010776671,0.0012523913,0.0011504916,0.0009525637,0.00170711,0.0016489145,0.0009909201,0.0010350455,0.0013538123,0.0017767927,0.0019936182,0.0013709591,0.0013641835,0.0017104908,0.0013827396,0.96530515,0.0009770199,0.0011697194
25_12503,25_12503.wav,pitch_down_2,25,Lion,3,True,Lion,Lion,False,True,0.0011161128,0.001492966,0.001359901,0.0009912954,0.0013568127,0.0013709324,0.0011112018,0.0012002493,0.0010949259,0.0014591123,0.0012793924,0.0011715422,0.0009942196,0.0012849411,0.0013039446,0.0010175946,0.0009646076,0.0012217915,0.0011517685,0.0013222921,0.001253697,0.0011012028,0.0013946155,0.0014999973,0.9682664,0.0009176247,0.0013008239
25_12505,25_12505.wav,pitch_down_2,25,Lion,3,True,Lion,Lion,False,True,0.0011603491,0.0018948944,0.0014644619,0.0012379084,0.0013733943,0.0017110914,0.0012513894,0.0014094108,0.0013905197,0.0013862714,0.0013296265,0.0013261823,0.001160811,0.0014892017,0.0016500863,0.0011160978,0.0011930026,0.0024583505,0.0015580337,0.001624438,0.0015187631,0.0010903615,0.0017390689,0.001903189,0.96180326,0.0013175913,0.0014422148
25_12506,25_12506.wav,pitch_down_2,25,Lion,3,True,Lion,Lion,False,True,0.0012576999,0.0019700734,0.0015883544,0.0013761235,0.0014753855,0.001819762,0.0011303936,0.0014370823,0.001299456,0.0017999872,0.0015534243,0.0014489939,0.0013836316,0.0013651367,0.0017489326,0.0011746137,0.0012501846,0.001238996,0.001354015,0.0016795375,0.0013363016,0.0014908696,0.0013717484,0.001681592,0.96190494,0.0013449392,0.0015178135
25_12508,25_12508.wav,original,25,Lion,3,True,Lion,Lion,False,True,0.0012553786,0.0016156915,0.0013547895,0.0013825869,0.0014421536,0.0016398878,0.00114142,0.0011497814,0.0013720146,0.0014611947,0.0013264646,0.0011060258,0.0011270696,0.0012759648,0.0016111698,0.0012264187,0.0014050774,0.00076820824,0.0012600343,0.0013798609,0.0015351629,0.0017015245,0.0010089352,0.0011532618,0.9656547,0.0010131391,0.0016320393
25_12511,25_12511.wav,original,25,Lion,3,True,Lion,Lion,False,True,0.0008712262,0.0017902162,0.0024499486,0.0010668711,0.0012916578,0.0007829577,0.00088830036,0.0025657674,0.00085518067,0.0010084423,0.0018524807,0.0013848793,0.0012385483,0.0010983598,0.0012191165,0.0013104146,0.001740335,0.0010440747,0.001353709,0.0012408368,0.0013960483,0.0024314204,0.0011503975,0.0035524908,0.9618299,0.0014658362,0.0011205813
25_12514,25_12514.wav,original,25,Lion,3,True,Lion,Lion,False,True,0.0015162156,0.0019287501,0.0013981406,0.0014071834,0.001455435,0.0021465477,0.0013454501,0.0013095718,0.0012418461,0.001928562,0.0016836053,0.0013739616,0.0012470296,0.0017145168,0.0015157345,0.0015111662,0.0014291778,0.0014435019,0.0013982002,0.0017228514,0.0013692551,0.0012729053,0.001473979,0.0016484056,0.9576315,0.004506426,0.0013800743
25_12518,25_12518.wav,original,25,Lion,3,True,Lion,Lion,False,True,0.0006575556,0.0010328034,0.0012326825,0.00061829924,0.0007224223,0.0007210003,0.0011049608,0.00068265415,0.0011294163,0.00088278344,0.0010734235,0.0010970185,0.0009170954,0.0005127991,0.0011239289,0.0017314614,0.0010010833,0.0010260544,0.00058615865,0.0014088572,0.0014310338,0.0011996324,0.0009888818,0.0013944128,0.97430557,0.0005906807,0.0008274154
25_12518,25_12518.wav,pitch_up_2,25,Lion,3,True,Lion,Lion,False,True,0.0006575556,0.0010328034,0.0012326825,0.00061829924,0.0007224223,0.0007210003,0.0011049608,0.00068265415,0.0011294163,0.00088278344,0.0010734235,0.0010970185,0.0009170954,0.0005127991,0.0011239289,0.0017314614,0.0010010833,0.0010260544,0.00058615865,0.0014088572,0.0014310338,0.0011996324,0.0009888818,0.0013944128,0.97430557,0.0005906807,0.0008274154
25_12522,25_12522.wav,pitch_down_2,25,Lion,3,True,Lion,Lion,False,True,0.0011758758,0.0014800205,0.0013403468,0.0012652461,0.001360752,0.0015435294,0.0010337986,0.0011657564,0.001294943,0.0013847024,0.0012930323,0.0010560415,0.0010388802,0.0012608593,0.0016077906,0.0012460417,0.0013180395,0.00087126135,0.0014221324,0.0012380457,0.0014119181,0.0016758273,0.0012234077,0.001292945,0.9666361,0.0009397867,0.0014229178
25_12524,25_12524.wav,pitch_up_2,25,Lion,3,True,Lion,Lion,False,True,0.0012347074,0.0016146646,0.0015326897,0.0011583483,0.0012725564,0.0014320273,0.0013764519,0.0011964799,0.0013577659,0.0010868838,0.0013104299,0.0010356634,0.0014292136,0.001554681,0.001017789,0.000884244,0.00131561,0.0007920879,0.0012102643,0.0012539336,0.0017086868,0.0012513179,0.0010722905,0.0014929118,0.9677828,0.0006348254,0.0009906477
25_12526,25_12526.wav,original,25,Lion,3,True,Lion,Lion,False,True,0.0011597116,0.0016339687,0.0011983512,0.0014272087,0.0011320771,0.0015483685,0.0012459244,0.0011817525,0.0014078734,0.0013218772,0.00121438,0.0011873465,0.0011047755,0.0012128694,0.0016368963,0.0011636302,0.0011445343,0.0022532165,0.0013419421,0.0016229823,0.0017000478,0.0010711103,0.0012934408,0.0015284034,0.9647486,0.00127539,0.001243265
25_12526,25_12526.wav,pitch_up_2,25,Lion,3,True,Lion,Lion,False,True,0.0011597116,0.0016339687,0.0011983512,0.0014272087,0.0011320771,0.0015483685,0.0012459244,0.0011817525,0.0014078734,0.0013218772,0.00121438,0.0011873465,0.0011047755,0.0012128694,0.0016368963,0.0011636302,0.0011445343,0.0022532165,0.0013419421,0.0016229823,0.0017000478,0.0010711103,0.0012934408,0.0015284034,0.9647486,0.00127539,0.001243265
25_12527,25_12527.wav,original,25,Lion,3,True,Lion,Lion,False,True,0.001049268,0.0011849658,0.0016389912,0.001491059,0.0008056306,0.0012052505,0.0010774423,0.003984221,0.0032947005,0.0013622814,0.0009560778,0.0014667157,0.00095224037,0.0010055987,0.0012584223,0.0012513385,0.0015227762,0.0011129227,0.0012793979,0.0013689887,0.0012217403,0.002008229,0.0009377787,0.0015699286,0.9611377,0.0022353355,0.0016210073
25_12527,25_12527.wav,pitch_up_2,25,Lion,3,True,Lion,Lion,False,True,0.001049268,0.0011849658,0.0016389912,0.001491059,0.0008056306,0.0012052505,0.0010774423,0.003984221,0.0032947005,0.0013622814,0.0009560778,0.0014667157,0.00095224037,0.0010055987,0.0012584223,0.0012513385,0.0015227762,0.0011129227,0.0012793979,0.0013689887,0.0012217403,0.002008229,0.0009377787,0.0015699286,0.9611377,0.0022353355,0.0016210073
25_12530,25_12530.wav,pitch_down_2,25,Lion,3,True,Lion,Lion,False,True,0.0012591132,0.0012579988,0.0025553228,0.0017868383,0.0010495717,0.0013288343,0.0011924553,0.001432943,0.0019968792,0.0015582865,0.0008425294,0.0008831758,0.0008445137,0.0011657443,0.0020912348,0.0027456766,0.0016287892,0.0013356499,0.0020815574,0.00061335583,0.0013054119,0.0015210962,0.0008862479,0.0022296896,0.9619909,0.0015803914,0.00083576125
25_12530,25_12530.wav,pitch_up_2,25,Lion,3,True,Lion,Lion,False,True,0.0012591132,0.0012579988,0.0025553228,0.0017868383,0.0010495717,0.0013288343,0.0011924553,0.001432943,0.0019968792,0.0015582865,0.0008425294,0.0008831758,0.0008445137,0.0011657443,0.0020912348,0.0027456766,0.0016287892,0.0013356499,0.0020815574,0.00061335583,0.0013054119,0.0015210962,0.0008862479,0.0022296896,0.9619909,0.0015803914,0.00083576125
25_12533,25_12533.wav,pitch_up_2,25,Lion,3,True,Lion,Lion,False,True,0.0013779667,0.0018144175,0.0018954445,0.0018903948,0.0014737197,0.002439028,0.001838188,0.0027268939,0.0011363943,0.0012276792,0.0017235003,0.0011921435,0.0012425883,0.0019130063,0.0017903423,0.0017706217,0.0015286136,0.0008537259,0.0015670694,0.002094405,0.0013242825,0.0028670763,0.0013190275,0.0022530763,0.9533825,0.004085546,0.0012723383
25_12534,25_12534.wav,pitch_down_2,25,Lion,3,True,Lion,Lion,False,True,0.0011378698,0.0013194828,0.0014128122,0.0013299948,0.0009128864,0.0011942562,0.0008008969,0.0010361489,0.0014479797,0.0013042028,0.00096544303,0.0010856307,0.00083542545,0.0008168354,0.0011816329,0.0012074428,0.0012549032,0.0010555008,0.0010681805,0.00097483885,0.0011666835,0.0015323074,0.0011080407,0.0013600088,0.96996886,0.0012527617,0.00126896
25_12535,25_12535.wav,original,25,Lion,3,True,Lion,Lion,False,True,0.001118621,0.0014616315,0.0010823117,0.001135097,0.0012659329,0.0013705277,0.00080707594,0.001077749,0.0015982799,0.0013069753,0.001268091,0.0009003463,0.0008649388,0.00095268415,0.0017931467,0.0009651139,0.0011107923,0.0009546314,0.0014585791,0.0011713584,0.0012312756,0.0013963737,0.0009705744,0.0011886051,0.96894187,0.0012092231,0.001398231
25_12537,25_12537.wav,pitch_down_2,25,Lion,3,True,Lion,Lion,False,True,0.0008868077,0.001779379,0.0016528027,0.0011330863,0.0014421347,0.0018355538,0.0021206168,0.0015569633,0.0016048591,0.0012054973,0.002461777,0.0014418978,0.0019107588,0.0019286022,0.0013681432,0.0011434123,0.001672816,0.0015841676,0.0032810678,0.0018689471,0.001661451,0.0013319113,0.0013137275,0.002583942,0.9569729,0.0007860621,0.0014707198
25_12537,25_12537.wav,pitch_up_2,25,Lion,3,True,Lion,Lion,False,True,0.0008868077,0.001779379,0.0016528027,0.0011330863,0.0014421347,0.0018355538,0.0021206168,0.0015569633,0.0016048591,0.0012054973,0.002461777,0.0014418978,0.0019107588,0.0019286022,0.0013681432,0.0011434123,0.001672816,0.0015841676,0.0032810678,0.0018689471,0.001661451,0.0013319113,0.0013137275,0.002583942,0.9569729,0.0007860621,0.0014707198
25_12543,25_12543.wav,pitch_up_2,25,Lion,3,True,Lion,Lion,False,True,0.0014546453,0.0017833173,0.0021060284,0.0015021996,0.0013801093,0.0016172075,0.0040479037,0.0014724549,0.0016106273,0.0018681263,0.0021891075,0.0013870577,0.0022951104,0.00093069597,0.0016867289,0.0013937725,0.0013926857,0.002269444,0.0013714391,0.0017223343,0.0018462442,0.0015922148,0.0013512817,0.0031267758,0.95462507,0.0007873753,0.001190089
25_12547,25_12547.wav,pitch_up_2,25,Lion,3,True,Lion,Lion,False,True,0.0013479083,0.0014102693,0.0011680094,0.0009767413,0.0012588277,0.0015982752,0.00097072154,0.0010925172,0.0010904601,0.0016492633,0.0013317509,0.001145065,0.0011166288,0.0012304989,0.0016744416,0.0011898824,0.0011048736,0.0008057028,0.00106057,0.0013127495,0.0015780212,0.0012190965,0.0011438773,0.0012057413,0.9670691,0.0019582447,0.0012907799
25_12548,25_12548.wav,pitch_down_2,25,Lion,3,True,Lion,Lion,False,True,0.0012130045,0.0009814524,0.0018617865,0.0010486703,0.0011666844,0.0012167661,0.0010094424,0.0013274295,0.0010221363,0.0014088341,0.0011759456,0.0010848242,0.0010487043,0.00097552495,0.0012940468,0.0012303,0.0015496808,0.0013370087,0.0008766244,0.0012218975,0.001161646,0.0012825113,0.0009500484,0.0012640037,0.9670659,0.0026346531,0.001590482
25_12549,25_12549.wav,original,25,Lion,3,True,Lion,Lion,False,True,0.0013250484,0.0015414106,0.0008744336,0.0012343065,0.0014049727,0.001425641,0.0009950799,0.0011557245,0.00085188163,0.0011260387,0.0012944383,0.0009253218,0.0008366015,0.0010789748,0.0016640933,0.0011310481,0.0010351316,0.00061043486,0.00132582,0.0015685771,0.0014738059,0.0011532954,0.0012878306,0.0012166612,0.96828955,0.0015826289,0.0015911836
25_12550,25_12550.wav,pitch_down_2,25,Lion,3,True,Lion,Lion,False,True,0.0020210855,0.002355464,0.001120039,0.00155495,0.0020826256,0.0019955665,0.0013203701,0.0013592265,0.0011062826,0.0015475902,0.0017585066,0.0014878527,0.000994007,0.0014171406,0.0016235261,0.0011877147,0.0014498046,0.000828923,0.00159672,0.001983135,0.0022824344,0.0011460136,0.0020232827,0.0014974837,0.9543913,0.005111026,0.0027579174
25_12554,25_12554.wav,pitch_up_2,25,Lion,3,True,Lion,Lion,False,True,0.0010771188,0.001090437,0.0012865379,0.0014694141,0.00081440265,0.000938368,0.0007161062,0.00079643197,0.0021329527,0.0007948947,0.0014240793,0.0017523667,0.0005151517,0.0010750779,0.0010178838,0.0011787842,0.0006559069,0.0007619904,0.00080035144,0.00061409717,0.0005527557,0.0011165412,0.001265057,0.00090071233,0.9738501,0.000600332,0.00080213766
25_12555,25_12555.wav,original,25,Lion,3,True,Lion,Lion,False,True,0.0013607776,0.0012588961,0.001157696,0.0022573015,0.001290624,0.0016644696,0.0016156709,0.0013680817,0.0015554113,0.0012179661,0.0011601498,0.0014862163,0.0009993876,0.0011488575,0.0012417355,0.001604816,0.0013540994,0.0009894904,0.001432941,0.0013667519,0.0007890859,0.0011741839,0.00080542435,0.0013604173,0.96265215,0.0042320485,0.0014553722
25_12556,25_12556.wav,original,25,Lion,3,True,Lion,Lion,False,True,0.0012924206,0.0013028593,0.00095653697,0.000925716,0.0013422522,0.0013220686,0.00095623225,0.0010926744,0.0010224566,0.0015386832,0.0013520817,0.000948296,0.0008959937,0.001240084,0.001400841,0.0012551369,0.0008878663,0.00076110085,0.0011586127,0.0010621984,0.0012745928,0.0010506482,0.0012381744,0.0011802235,0.96857905,0.0026895457,0.0012736811
25_12557,25_12557.wav,pitch_down_2,25,Lion,3,True,Lion,Lion,False,True,0.0011701686,0.0015954812,0.0027311838,0.00093039154,0.0010445998,0.0014026348,0.0007135716,0.00131594,0.0016776827,0.00110028,0.0011477958,0.0008880645,0.0006366847,0.0017914657,0.0018113352,0.0014532107,0.0011849413,0.00059420365,0.0020547633,0.001077138,0.0015986594,0.0013226424,0.0010745281,0.0013045178,0.96696585,0.0007105875,0.0007016479
25_12558,25_12558.wav,pitch_down_2,25,Lion,3,True,Lion,Lion,False,True,0.001211116,0.0014937964,0.0013863615,0.001124201,0.0014649209,0.0014376616,0.0011503993,0.0011882939,0.0013149172,0.0014105184,0.001259068,0.0012880113,0.0010410211,0.0012024721,0.0013145249,0.0012438669,0.0011716915,0.000945772,0.0011176429,0.0012681269,0.0012066521,0.001235956,0.0011103955,0.00131637,0.96679527,0.0018929379,0.0014080353
25_12559,25_12559.wav,original,25,Lion,3,True,Lion,Lion,False,True,0.001583757,0.001697245,0.0026019278,0.0015402519,0.0016180966,0.0020130214,0.0015623876,0.0012256241,0.0017943432,0.0017605348,0.0016905534,0.0011280328,0.0011307384,0.0013108769,0.0016368668,0.0009973618,0.0011779208,0.0011179467,0.0010117142,0.0014116358,0.0014958725,0.0014407058,0.0010707154,0.0014584387,0.96224904,0.0007712915,0.0015030053
25_12561,25_12561.wav,pitch_down_2,25,Lion,3,True,Lion,Lion,False,True,0.0011223922,0.0012773693,0.0013101335,0.00096712913,0.0011755875,0.0010571541,0.00085275754,0.0011331429,0.0015655169,0.0018356327,0.0010686783,0.0007923451,0.0009893263,0.0010499092,0.0014457499,0.0014561545,0.0014640493,0.0011291854,0.001438234,0.00087309047,0.0011534002,0.0016196681,0.001001,0.0012539657,0.96842194,0.0013925374,0.0011539767
25_12561,25_12561.wav,pitch_up_2,25,Lion,3,True,Lion,Lion,False,True,0.0011223922,0.0012773693,0.0013101335,0.00096712913,0.0011755875,0.0010571541,0.00085275754,0.0011331429,0.0015655169,0.0018356327,0.0010686783,0.0007923451,0.0009893263,0.0010499092,0.0014457499,0.0014561545,0.0014640493,0.0011291854,0.001438234,0.00087309047,0.0011534002,0.0016196681,0.001001,0.0012539657,0.96842194,0.0013925374,0.0011539767
25_12562,25_12562.wav,original,25,Lion,3,True,Lion,Lion,False,True,0.0012929197,0.0014820308,0.0015960949,0.0010191442,0.0014598161,0.0014729709,0.00084131723,0.0013173426,0.001098619,0.0010418377,0.0011103904,0.00091517373,0.00085897674,0.0012978272,0.0012548184,0.0010790502,0.0012367937,0.00063592225,0.0013210769,0.0012447672,0.0011764305,0.0014272643,0.0009274894,0.0013042013,0.96927834,0.0011970672,0.0011123169
25_12562,25_12562.wav,pitch_up_2,25,Lion,3,True,Lion,Lion,False,True,0.0012929197,0.0014820308,0.0015960949,0.0010191442,0.0014598161,0.0014729709,0.00084131723,0.0013173426,0.001098619,0.0010418377,0.0011103904,0.00091517373,0.00085897674,0.0012978272,0.0012548184,0.0010790502,0.0012367937,0.00063592225,0.0013210769,0.0012447672,0.0011764305,0.0014272643,0.0009274894,0.0013042013,0.96927834,0.0011970672,0.0011123169
25_12564,25_12564.wav,original,25,Lion,3,True,Lion,Lion,False,True,0.0016526395,0.001607296,0.0018673578,0.0010757103,0.0017452156,0.0015365436,0.0011546321,0.0011115829,0.0016262598,0.0021546343,0.00133243,0.001244615,0.0016580404,0.0014018164,0.0016972659,0.0015068776,0.0015402468,0.0014657405,0.0014505759,0.0020557519,0.0015386101,0.0013465438,0.0014704289,0.00177257,0.95973754,0.0012138666,0.0020352474
25_12564,25_12564.wav,pitch_down_2,25,Lion,3,True,Lion,Lion,False,True,0.0016526395,0.001607296,0.0018673578,0.0010757103,0.0017452156,0.0015365436,0.0011546321,0.0011115829,0.0016262598,0.0021546343,0.00133243,0.001244615,0.0016580404,0.0014018164,0.0016972659,0.0015068776,0.0015402468,0.0014657405,0.0014505759,0.0020557519,0.0015386101,0.0013465438,0.0014704289,0.00177257,0.95973754,0.0012138666,0.0020352474
25_12566,25_12566.wav,original,25,Lion,3,True,Lion,Lion,False,True,0.0011181333,0.0012352766,0.0009864079,0.0010513916,0.0012461917,0.0013584468,0.0011375273,0.0007653876,0.0010368438,0.001499555,0.0013686465,0.00086091756,0.0008059633,0.0011289165,0.0014820293,0.0012611619,0.00096120615,0.0008189759,0.0009875514,0.0010329372,0.0011684033,0.0011653657,0.00147525,0.0010065314,0.9704743,0.0012726738,0.0012940043
25_12567,25_12567.wav,pitch_up_2,25,Lion,3,True,Lion,Lion,False,True,0.001346183,0.0018950398,0.0010900781,0.001561005,0.0014332257,0.0014469802,0.0011598077,0.0010272167,0.0011280081,0.0015473155,0.0012287443,0.001033124,0.0011000121,0.0010243664,0.0013156777,0.001232443,0.0011506915,0.00067456433,0.0014129737,0.0011874199,0.00148851,0.0012815301,0.0011252043,0.0010691022,0.9676432,0.0009389082,0.0014586975
25_12571,25_12571.wav,pitch_up_2,25,Lion,3,True,Lion,Lion,False,True,0.0012990927,0.0017696718,0.00112549,0.0011781784,0.0011716882,0.0012219556,0.0010930322,0.0010430765,0.0014633342,0.0012628543,0.0011400512,0.0012412815,0.0007807268,0.00090998854,0.0012495393,0.0012482262,0.0011096164,0.0019891597,0.0012093359,0.0015935614,0.0017776521,0.0010818483,0.0011628863,0.0012731516,0.96753114,0.0006973148,0.0013761407
25_12572,25_12572.wav,pitch_down_2,25,Lion,3,True,Lion,Lion,False,True,0.0011073304,0.0008549856,0.0017363057,0.0007928195,0.0012939419,0.001364165,0.0012213091,0.0010396717,0.0010855226,0.0009973374,0.0018017775,0.0013525378,0.00083367527,0.0010505022,0.0011177998,0.0011092126,0.0010390404,0.0009302953,0.00094386964,0.0011399988,0.0008708406,0.0009322581,0.0006908304,0.0010813855,0.96951056,0.0030734073,0.0010286573
25_12574,25_12574.wav,pitch_up_2,25,Lion,3,True,Lion,Lion,False,True,0.0010114132,0.0010408552,0.0008560451,0.0008883166,0.0011756917,0.0011123592,0.0009192486,0.0008912768,0.000989102,0.001030518,0.0010803771,0.0010529583,0.00083014887,0.00079618214,0.0011161905,0.000964203,0.0010979023,0.00049107365,0.00094159367,0.0009369017,0.0015054789,0.0010759424,0.0010964931,0.0009450535,0.97422284,0.00083763263,0.001094259
25_12575,25_12575.wav,original,25,Lion,3,True,Lion,Lion,False,True,0.001157544,0.0017117733,0.0013628536,0.0011084093,0.0013391302,0.001574547,0.0008934475,0.0011127371,0.001196865,0.001404387,0.0013324387,0.0012919313,0.0010866668,0.0012341252,0.001333822,0.00094142463,0.0011911847,0.0010178186,0.001065494,0.0014637552,0.0014037456,0.0012932107,0.0011134034,0.0013465602,0.9676847,0.0009588899,0.0013791183
26_12603,26_12603.wav,original,26,WolfHowl,3,True,WolfHowl,WolfHowl,False,True,0.0019567788,0.0012671766,0.0026186302,0.0014341966,0.0018386549,0.0019769997,0.0018589799,0.0016511516,0.0021295806,0.0028117197,0.0030979451,0.0026544079,0.0029272286,0.0021358982,0.0019949684,0.0025697162,0.001957786,0.00656946,0.0023459091,0.0015360983,0.0013631874,0.0013944221,0.002640681,0.002613587,0.021740468,0.92114633,0.0017680597
26_12603,26_12603.wav,pitch_down_2,26,WolfHowl,3,True,WolfHowl,WolfHowl,False,True,0.0019567788,0.0012671766,0.0026186302,0.0014341966,0.0018386549,0.0019769997,0.0018589799,0.0016511516,0.0021295806,0.0028117197,0.0030979451,0.0026544079,0.0029272286,0.0021358982,0.0019949684,0.0025697162,0.001957786,0.00656946,0.0023459091,0.0015360983,0.0013631874,0.0013944221,0.002640681,0.002613587,0.021740468,0.92114633,0.0017680597
26_12604,26_12604.wav,pitch_up_2,26,WolfHowl,3,True,WolfHowl,WolfHowl,False,True,0.001233773,0.0008947907,0.001083977,0.0011200424,0.0014755448,0.0010573362,0.0010552522,0.0016502581,0.0009059438,0.001221459,0.0008867685,0.0018057224,0.0010215497,0.001045519,0.0008644122,0.0013539401,0.0010637399,0.0017512109,0.0014466695,0.0015892802,0.00093454664,0.0013570087,0.0010690959,0.0013541165,0.0013268228,0.9683214,0.0011098116
26_12605,26_12605.wav,pitch_down_2,26,WolfHowl,3,True,WolfHowl,WolfHowl,False,True,0.0011162567,0.0010825082,0.0013783014,0.0012559338,0.0014450768,0.0011055715,0.0014286936,0.0018734246,0.001332458,0.0011725909,0.0012958674,0.0014452996,0.0012323273,0.001469266,0.00092551514,0.001394487,0.0011324878,0.0011572754,0.0014913208,0.0010306734,0.0010939973,0.0012628869,0.0011267065,0.0011864151,0.0011713483,0.9672347,0.0011586435
26_12606,26_12606.wav,pitch_down_2,26,WolfHowl,3,True,WolfHowl,WolfHowl,False,True,0.0014257241,0.0013836821,0.001720772,0.0011782454,0.0014793272,0.001405042,0.0012250949,0.0018422068,0.001301349,0.0013265178,0.001712534,0.0015798189,0.0013187282,0.0014595593,0.0015049776,0.0014607487,0.0012022484,0.001106641,0.001417533,0.0015268229,0.0013417228,0.0010729345,0.0014138739,0.0014858004,0.0012673208,0.9634488,0.0013919364
26_12609,26_12609.wav,pitch_up_2,26,WolfHowl,3,True,WolfHowl,WolfHowl,False,True,0.0015975764,0.00085304206,0.0012495605,0.00072173803,0.0009918262,0.0010382844,0.00094143435,0.0010507039,0.0009428721,0.0010783654,0.0010410046,0.0017306758,0.0010753699,0.0012026126,0.0012181319,0.0008849134,0.001789343,0.00096152787,0.0010515464,0.001123083,0.0009409836,0.0012034007,0.00082452694,0.0014468817,0.0009140083,0.9712515,0.0008751324
26_12610,26_12610.wav,original,26,WolfHowl,3,True,WolfHowl,WolfHowl,False,True,0.0016918458,0.0010530296,0.0014117962,0.0012848681,0.0014108228,0.0011951466,0.0013716943,0.001239798,0.0012886644,0.0012380071,0.0016543516,0.0010815094,0.0013646892,0.0012956889,0.0009893469,0.0010432882,0.0014595088,0.0011820876,0.0014261544,0.0012396631,0.0010169783,0.0010003111,0.001234828,0.0012585341,0.00088307547,0.96737,0.0013144021
26_12610,26_12610.wav,pitch_down_2,26,WolfHowl,3,True,WolfHowl,WolfHowl,False,True,0.0016918458,0.0010530296,0.0014117962,0.0012848681,0.0014108228,0.0011951466,0.0013716943,0.001239798,0.0012886644,0.0012380071,0.0016543516,0.0010815094,0.0013646892,0.0012956889,0.0009893469,0.0010432882,0.0014595088,0.0011820876,0.0014261544,0.0012396631,0.0010169783,0.0010003111,0.001234828,0.0012585341,0.00088307547,0.96737,0.0013144021
26_12612,26_12612.wav,pitch_up_2,26,WolfHowl,3,True,WolfHowl,WolfHowl,False,True,0.001415343,0.0009602143,0.0011345973,0.0013236483,0.0017686147,0.0012424128,0.0013306147,0.0012400815,0.0010822307,0.001288414,0.001106701,0.0017443999,0.0011155567,0.001147258,0.0012276466,0.001486881,0.0011233676,0.0011655483,0.0012292737,0.001332736,0.00091591367,0.0012277643,0.0010228404,0.0012648529,0.004678335,0.96419495,0.0012298472
26_12613,26_12613.wav,original,26,WolfHowl,3,True,WolfHowl,WolfHowl,False,True,0.0009476458,0.0007625671,0.0009949139,0.00094281946,0.0011664713,0.0012763552,0.001066564,0.0009953405,0.0010141013,0.0013065046,0.0007309191,0.001015642,0.0009959791,0.00076097745,0.00075466064,0.0011703554,0.0012232483,0.0014546647,0.001094805,0.00071422633,0.0007503429,0.0012038556,0.0009912065,0.0008609086,0.0020894993,0.9729233,0.0007921453
26_12615,26_12615.wav,original,26,WolfHowl,3,True,WolfHowl,WolfHowl,False,True,0.001063924,0.00092250266,0.0010796512,0.0011467362,0.0011223637,0.0013248042,0.0012147129,0.0013137022,0.0010623314,0.0013390789,0.00083808816,0.001113112,0.0010008023,0.0008694211,0.00076730736,0.0012062545,0.0010871692,0.0014204355,0.0012959944,0.0007044803,0.0008476653,0.001343582,0.0011086297,0.0008434509,0.0018546218,0.97133803,0.0007711184
26_12620,26_12620.wav,pitch_down_2,26,WolfHowl,3,True,WolfHowl,WolfHowl,False,True,0.000999268,0.0012370405,0.0011685815,0.0010142159,0.0014113751,0.0012973599,0.001234145,0.0014443841,0.0011858275,0.0010540114,0.0012864474,0.0013165007,0.0011377934,0.0013221976,0.001310553,0.0011417592,0.0013621988,0.0014768882,0.0014171395,0.0012624966,0.0009668763,0.0009824922,0.0010287089,0.001310536,0.0014684164,0.9678729,0.001289791
26_12621,26_12621.wav,pitch_up_2,26,WolfHowl,3,True,WolfHowl,WolfHowl,False,True,0.0012431002,0.00134628,0.0014817636,0.0012102458,0.0015348108,0.0016057816,0.001488042,0.0016752584,0.0014497264,0.0013846019,0.0014691782,0.0012283446,0.0011615438,0.0015866975,0.0014416723,0.0014159792,0.0012099479,0.0013418739,0.0014823162,0.0013417503,0.001250917,0.0010878806,0.0012142308,0.0012246283,0.0015432128,0.96410394,0.001476253
26_12623,26_12623.wav,pitch_up_2,26,WolfHowl,3,True,WolfHowl,WolfHowl,False,True,0.0012310962,0.0009503143,0.000977011,0.0015090229,0.0014093476,0.0010220981,0.0008897376,0.0008485473,0.0013483539,0.0011215657,0.00087913126,0.001072864,0.0012687786,0.00088180223,0.0010388199,0.001595432,0.0013436325,0.0012653886,0.001032375,0.000922638,0.00075917476,0.0010709128,0.0014337362,0.0017145014,0.0015342621,0.9698556,0.0010238112
26_12624,26_12624.wav,pitch_down_2,26,WolfHowl,3,True,WolfHowl,WolfHowl,False,True,0.0015605884,0.0006846268,0.0009566225,0.0017433687,0.0014192894,0.0012846985,0.0009976989,0.0008757864,0.0011953736,0.000825572,0.0011279057,0.0009349216,0.0009389623,0.001121008,0.00082928967,0.0016141849,0.0021706752,0.0014747893,0.001233839,0.0011501457,0.00087182946,0.0010376112,0.0018804139,0.0018027052,0.0010260233,0.9677376,0.0015045325
26_12624,26_12624.wav,pitch_up_2,26,WolfHowl,3,True,WolfHowl,WolfHowl,False,True,0.0015605884,0.0006846268,0.0009566225,0.0017433687,0.0014192894,0.0012846985,0.0009976989,0.0008757864,0.0011953736,0.000825572,0.0011279057,0.0009349216,0.0009389623,0.001121008,0.00082928967,0.0016141849,0.0021706752,0.0014747893,0.001233839,0.0011501457,0.00087182946,0.0010376112,0.0018804139,0.0018027052,0.0010260233,0.9677376,0.0015045325
26_12626,26_12626.wav,original,26,WolfHowl,3,True,WolfHowl,WolfHowl,False,True,0.0016268237,0.0013673225,0.0015959971,0.0014812886,0.0015562574,0.0012465367,0.0016795263,0.0015815696,0.001466896,0.0015604486,0.0014574239,0.0012202639,0.0016147281,0.001493941,0.0015191245,0.001420692,0.0012812908,0.0015449348,0.0014022527,0.0011306435,0.0014691283,0.0010814066,0.0011775388,0.0013277658,0.0012116408,0.9627686,0.0017158781
26_12627,26_12627.wav,original,26,WolfHowl,3,True,WolfHowl,WolfHowl,False,True,0.0015723999,0.0012228042,0.0015133433,0.0012717514,0.0015013363,0.0012561089,0.0014974382,0.0014776243,0.001349091,0.0013448548,0.0014989536,0.0011952078,0.0014580879,0.0014132721,0.0014693108,0.0012665157,0.0011687636,0.0012372026,0.0012696005,0.0013789303,0.0013293879,0.0011712201,0.0012822949,0.0013300317,0.0013381895,0.96451354,0.0016727365
26_12630,26_12630.wav,pitch_up_2,26,WolfHowl,3,True,WolfHowl,WolfHowl,False,True,0.0013243355,0.0012591304,0.0016468716,0.0016097213,0.0015038747,0.0013892109,0.0013490273,0.001517614,0.0012681708,0.001321638,0.001562946,0.0015086852,0.0016592005,0.0014898718,0.001315351,0.0011464445,0.0022014813,0.0012652026,0.0016051373,0.0012396937,0.0013912156,0.0011337816,0.0014047002,0.0014486659,0.0010422879,0.96244067,0.001955102
26_12631,26_12631.wav,pitch_up_2,26,WolfHowl,3,True,WolfHowl,WolfHowl,False,True,0.0014060265,0.0012563096,0.0014659156,0.0013711565,0.001394885,0.0010368855,0.0012847891,0.0011719959,0.0011853083,0.0011516032,0.0013315809,0.0013974094,0.0014981217,0.0015297543,0.0011601276,0.0010547088,0.0018652148,0.0011779816,0.0014781688,0.001087687,0.0012830589,0.0009686177,0.0013058292,0.0013193464,0.001058465,0.96598595,0.0017731419
26_12634,26_12634.wav,pitch_down_2,26,WolfHowl,3,True,WolfHowl,WolfHowl,False,True,0.0012639211,0.0012434957,0.0012840646,0.0012714216,0.00135305,0.0009363159,0.0014103687,0.0012553629,0.0011050184,0.0013893169,0.0012697569,0.0012291538,0.0013037054,0.0012185347,0.0013061976,0.0015012118,0.0011655233,0.0011270819,0.0010898608,0.0010287458,0.0012407814,0.0009653955,0.0011067452,0.0011740322,0.0011584894,0.9682481,0.0013543055
26_12637,26_12637.wav,pitch_up_2,26,WolfHowl,3,True,WolfHowl,WolfHowl,False,True,0.0013735308,0.0012383737,0.0014870333,0.0013873619,0.0012268793,0.0015040332,0.0014709639,0.0016414582,0.0013689097,0.0014600743,0.0014406461,0.0011299499,0.0012912041,0.0017248103,0.0013605322,0.0016915078,0.0011802824,0.0012972961,0.0011215857,0.0013040672,0.0012553371,0.0012505534,0.0012487369,0.0012843615,0.0009760372,0.9649616,0.0013228635
26_12640,26_12640.wav,original,26,WolfHowl,3,False,WolfHowl,WolfHowl,False,True,0.0016909036,0.0011521963,0.0013814783,0.0011008326,0.0013929778,0.001480972,0.0012680966,0.001472894,0.0014687972,0.0014585293,0.0012730717,0.0017344576,0.0013330082,0.0013373963,0.0011482037,0.0011568083,0.0012428589,0.0013884692,0.0012816548,0.0013921304,0.0013275057,0.0009825261,0.0012359248,0.001497391,0.0010010501,0.9655853,0.001214609
26_12640,26_12640.wav,pitch_down_2,26,WolfHowl,3,False,WolfHowl,WolfHowl,False,True,0.0016909036,0.0011521963,0.0013814783,0.0011008326,0.0013929778,0.001480972,0.0012680966,0.001472894,0.0014687972,0.0014585293,0.0012730717,0.0017344576,0.0013330082,0.0013373963,0.0011482037,0.0011568083,0.0012428589,0.0013884692,0.0012816548,0.0013921304,0.0013275057,0.0009825261,0.0012359248,0.001497391,0.0010010501,0.9655853,0.001214609
26_12640,26_12640.wav,pitch_up_2,26,WolfHowl,3,False,WolfHowl,WolfHowl,False,True,0.0016909036,0.0011521963,0.0013814783,0.0011008326,0.0013929778,0.001480972,0.0012680966,0.001472894,0.0014687972,0.0014585293,0.0012730717,0.0017344576,0.0013330082,0.0013373963,0.0011482037,0.0011568083,0.0012428589,0.0013884692,0.0012816548,0.0013921304,0.0013275057,0.0009825261,0.0012359248,0.001497391,0.0010010501,0.9655853,0.001214609
26_12642,26_12642.wav,original,26,WolfHowl,3,True,WolfHowl,WolfHowl,False,True,0.0015537995,0.0010924042,0.0014406923,0.0011890503,0.0015478214,0.0017540614,0.001123373,0.0012657322,0.0014922657,0.0014680467,0.0017254065,0.001480904,0.0014033207,0.0016147653,0.001444202,0.0011080587,0.0009849841,0.0012198418,0.0013545208,0.0012824805,0.0011231891,0.0011413068,0.0012868182,0.0014532111,0.0010892858,0.96512944,0.0012309466
26_12642,26_12642.wav,pitch_down_2,26,WolfHowl,3,True,WolfHowl,WolfHowl,False,True,0.0015537995,0.0010924042,0.0014406923,0.0011890503,0.0015478214,0.0017540614,0.001123373,0.0012657322,0.0014922657,0.0014680467,0.0017254065,0.001480904,0.0014033207,0.0016147653,0.001444202,0.0011080587,0.0009849841,0.0012198418,0.0013545208,0.0012824805,0.0011231891,0.0011413068,0.0012868182,0.0014532111,0.0010892858,0.96512944,0.0012309466
26_12644,26_12644.wav,original,26,WolfHowl,3,True,WolfHowl,WolfHowl,False,True,0.0012534615,0.0010854128,0.0011988505,0.0011651734,0.001530578,0.0013288752,0.0010508521,0.0013557998,0.0013478448,0.0013684956,0.0012604435,0.0015932672,0.0014044627,0.0013342757,0.0013533052,0.0011613279,0.0008073123,0.0011973229,0.0012334673,0.0012696179,0.0012489996,0.0012766867,0.0012317948,0.0014417992,0.0008671798,0.967438,0.0011954427
26_12647,26_12647.wav,pitch_up_2,26,WolfHowl,3,True,WolfHowl,WolfHowl,False,True,0.0014087498,0.0008789692,0.0017207317,0.0011515818,0.0012356605,0.0013776926,0.0012934089,0.0011009173,0.0010996382,0.00096859573,0.0014110683,0.00074900145,0.0017338415,0.0012469054,0.0013576462,0.0015914495,0.00212532,0.0017254566,0.0016177144,0.0010467375,0.0044201924,0.0011476922,0.0007600324,0.0012335558,0.0009510086,0.963209,0.0014374634
26_12648,26_12648.wav,pitch_down_2,26,WolfHowl,3,True,WolfHowl,WolfHowl,False,True,0.001069694,0.00075114594,0.0013705225,0.0010377513,0.0011782841,0.0009906738,0.000808587,0.0011653253,0.0008175737,0.0009030525,0.0011536622,0.000872283,0.0014333999,0.0009793303,0.0009577784,0.0017086101,0.0012608198,0.001047621,0.001042982,0.0009931225,0.0023984502,0.0025183605,0.0008024595,0.0008093735,0.0010687634,0.9695945,0.0012659259
26_12648,26_12648.wav,pitch_up_2,26,WolfHowl,3,True,WolfHowl,WolfHowl,False,True,0.001069694,0.00075114594,0.0013705225,0.0010377513,0.0011782841,0.0009906738,0.000808587,0.0011653253,0.0008175737,0.0009030525,0.0011536622,0.000872283,0.0014333999,0.0009793303,0.0009577784,0.0017086101,0.0012608198,0.001047621,0.001042982,0.0009931225,0.0023984502,0.0025183605,0.0008024595,0.0008093735,0.0010687634,0.9695945,0.0012659259
26_12651,26_12651.wav,original,26,WolfHowl,3,True,WolfHowl,WolfHowl,False,True,0.0019363533,0.0012412542,0.0016744258,0.0019074964,0.0028776627,0.0073359385,0.0015470646,0.0023621914,0.0039049927,0.0010136362,0.0015842286,0.0018022716,0.0013889241,0.0020514184,0.0017601941,0.0024769662,0.0017228341,0.0013234628,0.0016886509,0.0012741295,0.003028577,0.0017149369,0.004813361,0.0013188791,0.0016981311,0.9386399,0.005912112
26_12652,26_12652.wav,pitch_down_2,26,WolfHowl,3,True,WolfHowl,WolfHowl,False,True,0.0012211292,0.0010170816,0.0013528633,0.00089764775,0.0011451636,0.0010260084,0.0015285095,0.0017663826,0.001218151,0.0008548223,0.0015283861,0.0012443658,0.0022166327,0.0009342281,0.0007763682,0.0013770583,0.0010836896,0.0017908145,0.0013282201,0.002912104,0.001891919,0.0019846137,0.000929676,0.0013472416,0.0017078546,0.96351624,0.0014028616
26_12653,26_12653.wav,pitch_down_2,26,WolfHowl,3,True,WolfHowl,WolfHowl,False,True,0.0012185173,0.00095333025,0.0011388668,0.0011931532,0.0012502595,0.001315304,0.0012610218,0.001328798,0.0011472407,0.0010471452,0.0013227774,0.0013797353,0.0014155844,0.001311143,0.001240909,0.0011665673,0.0010038023,0.0014853025,0.0013932645,0.0022095635,0.0010231445,0.00115528,0.0010413344,0.0011986737,0.0015369967,0.9668515,0.0014108097
26_12658,26_12658.wav,pitch_up_2,26,WolfHowl,3,True,WolfHowl,WolfHowl,False,True,0.001480627,0.0012914507,0.0013811188,0.0010131648,0.0015361795,0.0015818997,0.0012854281,0.0015343822,0.0015983052,0.0012443756,0.0013653807,0.0014346681,0.0012361173,0.0016358746,0.0014493259,0.0010444159,0.0010288678,0.0011776694,0.001582485,0.0011925967,0.0012833509,0.0012536723,0.0012544403,0.0012534182,0.0010654621,0.96525913,0.001536166
26_12659,26_12659.wav,original,26,WolfHowl,3,True,WolfHowl,WolfHowl,False,True,0.0013582156,0.00097422325,0.0011138086,0.0007421987,0.0008597087,0.0013927218,0.0012098382,0.0014426778,0.0012482727,0.0012289471,0.0009318203,0.0014853132,0.0012695113,0.0010438148,0.000972894,0.00097145187,0.0010867995,0.0011301562,0.0010897976,0.0009545227,0.0015688945,0.0009992121,0.0010296855,0.0010244851,0.00074039446,0.97134227,0.0007883583
26_12660,26_12660.wav,pitch_up_2,26,WolfHowl,3,True,WolfHowl,WolfHowl,False,True,0.001230162,0.0010626758,0.0010924325,0.0009634203,0.0014477037,0.0013261521,0.0011032233,0.0012988994,0.0011363424,0.0010300428,0.001363,0.0010093019,0.0010516815,0.0013638986,0.0011041132,0.001106801,0.001104097,0.0009347836,0.0011737248,0.0009089019,0.0011479998,0.0009294756,0.0011138385,0.00094376644,0.0008533473,0.97119707,0.0010031858
26_12663,26_12663.wav,pitch_up_2,26,WolfHowl,3,True,WolfHowl,WolfHowl,False,True,0.001424715,0.0010914508,0.0013555557,0.0011155681,0.0017251632,0.0014375715,0.0011436384,0.0013438393,0.0013455121,0.00117243,0.0013507535,0.0009971791,0.0011976782,0.001367726,0.0012776741,0.0013167915,0.0012322607,0.0010315953,0.0013104685,0.0011809814,0.0011204313,0.0009627033,0.001419202,0.001012824,0.0011963733,0.9677241,0.0011458393
26_12664,26_12664.wav,pitch_down_2,26,WolfHowl,3,True,WolfHowl,WolfHowl,False,True,0.0016098266,0.0012927256,0.0013370839,0.0009373019,0.0013599988,0.0010657976,0.0013555415,0.0016676461,0.0013510827,0.0014176201,0.0009873706,0.0018804101,0.0017243602,0.0012676617,0.0012530028,0.0014982348,0.0010986888,0.0014011431,0.0012213057,0.0012761093,0.0013323178,0.0012915125,0.0012146385,0.0013104621,0.0008754922,0.9657128,0.0012598269
26_12666,26_12666.wav,pitch_down_2,26,WolfHowl,3,True,WolfHowl,WolfHowl,False,True,0.0014383254,0.0010766903,0.0013847766,0.0010453697,0.0014070357,0.0013320507,0.0011662988,0.0014175879,0.0012766396,0.0012907624,0.0012780573,0.0011316744,0.001360587,0.001301491,0.0013006595,0.0013156576,0.0011338618,0.0011408128,0.0012508188,0.001060954,0.0011298619,0.0010432447,0.0014060815,0.0010998439,0.0010621445,0.9679571,0.0011916057
26_12669,26_12669.wav,original,26,WolfHowl,3,True,WolfHowl,WolfHowl,False,True,0.0013206763,0.0011563232,0.0012866379,0.0010171713,0.0012251657,0.0014568245,0.0011183884,0.0015468769,0.0011687836,0.0012582116,0.0011073523,0.0012615238,0.0012332284,0.0013201804,0.0013086721,0.0011506024,0.0011528824,0.0010846577,0.0011717881,0.0010479279,0.0012287699,0.0009567076,0.0012765345,0.0011297032,0.0010642983,0.9690435,0.0009065966
26_12671,26_12671.wav,pitch_down_2,26,WolfHowl,3,True,WolfHowl,WolfHowl,False,True,0.0013427907,0.0015086591,0.0015109117,0.0013500968,0.0013654545,0.0016349377,0.0016862598,0.0019967842,0.001393396,0.0015134071,0.0019399887,0.0014733033,0.001360721,0.0017380123,0.0014684658,0.0013729449,0.0013503763,0.0010907863,0.0014462265,0.0014340449,0.0014226682,0.0012821248,0.0013013548,0.0013948429,0.0011332989,0.9620636,0.0014245361
26_12671,26_12671.wav,pitch_up_2,26,WolfHowl,3,True,WolfHowl,WolfHowl,False,True,0.0013427907,0.0015086591,0.0015109117,0.0013500968,0.0013654545,0.0016349377,0.0016862598,0.0019967842,0.001393396,0.0015134071,0.0019399887,0.0014733033,0.001360721,0.0017380123,0.0014684658,0.0013729449,0.0013503763,0.0010907863,0.0014462265,0.0014340449,0.0014226682,0.0012821248,0.0013013548,0.0013948429,0.0011332989,0.9620636,0.0014245361
26_12672,26_12672.wav,original,26,WolfHowl,3,True,WolfHowl,WolfHowl,False,True,0.001531589,0.001141986,0.001259774,0.000761525,0.0008718255,0.0025373225,0.0014061946,0.0018328917,0.0012784572,0.0013495131,0.0009365497,0.0024320825,0.0013877535,0.0012904777,0.0010387866,0.0010546223,0.001385447,0.0013501843,0.0014078462,0.0009901876,0.0018030386,0.0012329194,0.0009478947,0.0011636094,0.00077479193,0.9662228,0.00060984166
26_12673,26_12673.wav,pitch_down_2,26,WolfHowl,3,True,WolfHowl,WolfHowl,False,True,0.0016625901,0.001293843,0.0012541205,0.0011264309,0.0011070286,0.0012996882,0.00120174,0.0016773617,0.0012778784,0.001164779,0.0015052365,0.001054973,0.001210085,0.0013691584,0.0011594164,0.0010751045,0.001112863,0.0011085519,0.0013245406,0.0012634489,0.0016131266,0.0011128414,0.0013709338,0.001075043,0.0010692353,0.96758294,0.00092711014
27_12702,27_12702.wav,pitch_down_2,27,Squirrel,3,True,Squirrel,Squirrel,False,True,0.0011285568,0.0011430982,0.0010378854,0.0007294878,0.0010807648,0.00074015564,0.0009665958,0.00042645374,0.00086538267,0.0011569626,0.0010893127,0.0006133372,0.0024311182,0.0012631476,0.0014925654,0.0006315725,0.00052420766,0.0011494014,0.001324784,0.0009223341,0.00059781806,0.00062141754,0.002129688,0.0009255383,0.0012617671,0.0005676207,0.97317904
27_12705,27_12705.wav,pitch_up_2,27,Squirrel,3,True,Squirrel,Squirrel,False,True,0.0012390683,0.0014027135,0.0014440012,0.0010877529,0.0021611126,0.0009307065,0.0011614118,0.0006061467,0.0010826316,0.0009784997,0.0012337649,0.00059239345,0.0015553442,0.0012934664,0.001350515,0.00056011317,0.00056284905,0.0012134812,0.0011423134,0.0017748339,0.0006738663,0.0008830498,0.0026177831,0.000733881,0.0011400658,0.0006731979,0.96990496
27_12706,27_12706.wav,pitch_up_2,27,Squirrel,3,True,Squirrel,Squirrel,False,True,0.0026223408,0.0013949024,0.0011900407,0.0005611056,0.0009771334,0.0017669777,0.0009913326,0.0007970088,0.0016865005,0.0013848812,0.001736028,0.00078676495,0.001146204,0.0015876279,0.0028476994,0.0013381038,0.0007104186,0.0013458325,0.0011736791,0.001269917,0.0013161405,0.0007291518,0.0026202954,0.0009228387,0.0018514739,0.0009693602,0.96427625
27_12708,27_12708.wav,original,27,Squirrel,3,True,Squirrel,Squirrel,False,True,0.001479182,0.0007993574,0.00090272137,0.0009499316,0.0014690974,0.0007108124,0.0011630291,0.00088097056,0.0010585708,0.0011400747,0.0012389077,0.0007525608,0.0009201498,0.0013570794,0.0010515227,0.00030304224,0.0012309221,0.0014557656,0.0008721019,0.0015511714,0.0011193898,0.00041169193,0.0012896835,0.0009912117,0.0009579614,0.0008885469,0.9730546
27_12711,27_12711.wav,pitch_down_2,27,Squirrel,3,True,Squirrel,Squirrel,False,True,0.003073152,0.00084026455,0.0029870945,0.0011664968,0.0014324281,0.0007223892,0.0015178883,0.0021327117,0.0015908037,0.0013846016,0.0016253861,0.0010955993,0.0010081473,0.0019300455,0.0014505341,0.0004404746,0.002012642,0.0015417291,0.0011469425,0.001602253,0.0028550725,0.00065267814,0.001785135,0.0014940841,0.0013689287,0.0013826274,0.9597599
27_12712,27_12712.wav,pitch_up_2,27,Squirrel,3,True,Squirrel,Squirrel,False,True,0.003978479,0.0008862734,0.002952305,0.0014178016,0.0012905942,0.0007577515,0.0012710077,0.0017881809,0.0020429397,0.0011950573,0.0016921073,0.0012395104,0.0013951849,0.002153053,0.0016509071,0.00047357738,0.0021219922,0.0016517522,0.0012306441,0.0024273684,0.002021631,0.0007588223,0.0019170893,0.0014438442,0.0016170683,0.0012012719,0.95742375
27_12713,27_12713.wav,pitch_down_2,27,Squirrel,3,True,Squirrel,Squirrel,False,True,0.0016145669,0.000999135,0.0011304046,0.0012760265,0.0010646969,0.00086518936,0.0013591937,0.0012307296,0.0013343542,0.0014289914,0.0013884645,0.0009270127,0.0011132344,0.0014411166,0.0013593592,0.00033541178,0.001921311,0.0015418619,0.00096618617,0.0023976394,0.0023021668,0.0005820715,0.0016297299,0.0010946222,0.001254764,0.0011120058,0.96632975
27_12715,27_12715.wav,pitch_down_2,27,Squirrel,3,True,Squirrel,Squirrel,False,True,0.0006173263,0.00580542,0.0021574458,0.004674043,0.005166108,0.005592214,0.0013225875,0.0011701804,0.0018270826,0.0008787131,0.0016190574,0.0012027894,0.0034454558,0.002140924,0.0024544112,0.0015104004,0.001289281,0.0019459822,0.0017685603,0.0023147955,0.010713325,0.009609339,0.0017887155,0.0023640322,0.0020896797,0.001478102,0.923054
27_12716,27_12716.wav,original,27,Squirrel,3,True,Squirrel,Squirrel,False,True,0.0008083197,0.0004961438,0.0005216831,0.00015706,0.0033295576,0.0010373403,0.00057589106,0.00057793764,0.00044127158,0.00070309587,0.00089942355,0.0010164279,0.0005413998,0.0007615289,0.0008834614,0.000587033,0.0006244955,0.00074732426,0.0008508198,0.0005166344,0.0010681505,0.0004904474,0.0031401163,0.0005106059,0.00077891676,0.00092490134,0.97701
27_12718,27_12718.wav,pitch_up_2,27,Squirrel,3,True,Squirrel,Squirrel,False,True,0.0017502756,0.0015140963,0.0009880654,0.001797469,0.00050516933,0.0008887017,0.0014216109,0.0007513731,0.0011171541,0.00072483165,0.0006767697,0.0010969476,0.0018084506,0.0013692286,0.00072427496,0.00036017978,0.0007621846,0.0011150787,0.0014637642,0.0022047905,0.0015467429,0.0010194444,0.0004169691,0.0008170542,0.00070222776,0.0017571329,0.9707001
27_12721,27_12721.wav,original,27,Squirrel,3,True,Squirrel,Squirrel,False,True,0.0013318608,0.0012344386,0.001536386,0.00071584503,0.00021464827,0.0011622673,0.0014698248,0.0017588941,0.0012110531,0.0006987464,0.00057715183,0.0008286093,0.0012100302,0.001297963,0.00093390327,0.0005548814,0.00064062834,0.00086615235,0.0011176763,0.0033413004,0.0025525994,0.0021509135,0.0014783494,0.0011136336,0.0008596932,0.0030149303,0.96612763
27_12727,27_12727.wav,pitch_down_2,27,Squirrel,3,True,WingFlaping,Squirrel,True,True,0.0020822447,0.007503862,0.0060985996,0.016449189,0.0071217422,0.057409216,0.002166384,0.002836975,0.0045468477,0.0045809774,0.0037409004,0.003244348,0.005039858,0.0040987837,0.00681092,0.0067886435,0.0043705474,0.020152302,0.004827534,0.012761916,0.0032845037,0.003691892,0.13421191,0.17350973,0.008542564,0.005378926,0.48874867
27_12727,27_12727.wav,pitch_up_2,27,Squirrel,3,True,Squirrel,Squirrel,False,True,0.0020822447,0.007503862,0.0060985996,0.016449189,0.0071217422,0.057409216,0.002166384,0.002836975,0.0045468477,0.0045809774,0.0037409004,0.003244348,0.005039858,0.0040987837,0.00681092,0.0067886435,0.0043705474,0.020152302,0.004827534,0.012761916,0.0032845037,0.003691892,0.13421191,0.17350973,0.008542564,0.005378926,0.48874867
27_12729,27_12729.wav,pitch_up_2,27,Squirrel,3,True,Squirrel,Squirrel,False,True,0.0018310187,0.000828496,0.001848807,0.0005390632,0.0007057542,0.0035785853,0.0017658798,0.0005625144,0.0013158285,0.0011039899,0.0011280006,0.00059112674,0.0014436572,0.0012651016,0.0014649456,0.0011744915,0.0013191178,0.0017323253,0.0026534153,0.0010416253,0.003041844,0.0026198078,0.004163616,0.0016949117,0.0020380563,0.0012045284,0.9573435
27_12732,27_12732.wav,pitch_up_2,27,Squirrel,3,True,Squirrel,Squirrel,False,True,0.0009939977,0.00063197454,0.0013391562,0.0009593594,0.00079967483,0.0013233667,0.0012985704,0.0012308744,0.0012083328,0.0012292188,0.0018138179,0.0005675263,0.0014410462,0.0010881968,0.0012733914,0.00089811726,0.0011940437,0.0012983914,0.0011109704,0.0013376196,0.0025906502,0.00045611113,0.0017253227,0.0014363099,0.0014777215,0.0010226265,0.9682536
27_12733,27_12733.wav,pitch_down_2,27,Squirrel,3,True,Squirrel,Squirrel,False,True,0.0009006532,0.0005989669,0.001418752,0.00091310794,0.00089696207,0.0011159308,0.00113071,0.0011547321,0.0011823078,0.0010405072,0.0015733427,0.00053520006,0.0017562868,0.0010693407,0.0015474261,0.00082267076,0.0010613593,0.0013803346,0.0010509718,0.0013254834,0.0024138887,0.00044952522,0.0012670858,0.001541159,0.0016263798,0.00085635233,0.9693706
27_12734,27_12734.wav,original,27,Squirrel,3,True,Squirrel,Squirrel,False,True,0.0009535158,0.0009955728,0.0008108991,0.0009625642,0.0039293184,0.0017959801,0.0010764489,0.0005858965,0.0010482492,0.0007164365,0.001064753,0.0003496151,0.0008171133,0.001002668,0.0014566717,0.00055792445,0.0006348447,0.00081172894,0.0011494257,0.0011271667,0.0005586366,0.0006560867,0.0025467996,0.0005022427,0.0010151753,0.00076269236,0.97211164
27_12735,27_12735.wav,pitch_down_2,27,Squirrel,3,True,Squirrel,Squirrel,False,True,0.0016229978,0.00050480594,0.0008883902,0.001941352,0.0032010283,0.0006573209,0.0012893231,0.0013088962,0.0038304767,0.0012294898,0.0013619661,0.0046181055,0.0009126466,0.002134293,0.0013003771,0.0008071354,0.0054734778,0.004341286,0.0028593754,0.0008674366,0.0024318045,0.0005257015,0.0166191,0.0016065808,0.0015198217,0.0015389671,0.9346079
27_12737,27_12737.wav,original,27,Squirrel,3,True,Squirrel,Squirrel,False,True,0.0015524257,0.0026240114,0.00064875453,0.00044678597,0.007551821,0.0059899134,0.0013307432,0.0006860729,0.0011718791,0.0012765346,0.0021755726,0.0040186085,0.00055003405,0.0018256033,0.0022760595,0.0013322155,0.0016766823,0.0027026043,0.001822529,0.0018781511,0.0019728758,0.00042552128,0.0013301257,0.0027500635,0.0018977238,0.0026886063,0.9453981
27_12741,27_12741.wav,pitch_up_2,27,Squirrel,3,True,Squirrel,Squirrel,False,True,0.0013177231,0.0011660008,0.0013963486,0.0006035331,0.0009054237,0.0019010553,0.0013060891,0.0007494301,0.0012100546,0.0016733872,0.0011488142,0.0011678244,0.0013328111,0.0015918143,0.0012765274,0.0009764778,0.001125896,0.0010263523,0.001116973,0.0016437812,0.00080563145,0.0006828444,0.0023822538,0.0013599666,0.0013825131,0.00085844775,0.9678921
27_12743,27_12743.wav,original,27,Squirrel,3,True,Squirrel,Squirrel,False,True,0.00065828144,0.0002765354,0.00047553625,0.00037617484,0.004249684,0.00030737603,0.00068847835,0.0007047518,0.0006497496,0.0008246431,0.0004932203,0.0011738553,0.00060441374,0.0016729668,0.0006051815,0.0002665965,0.0008516112,0.00096985325,0.0007000182,0.00057413924,0.00072056404,0.00028118998,0.0010612352,0.0005106014,0.00044711717,0.00072380976,0.9791324
27_12747,27_12747.wav,pitch_down_2,27,Squirrel,3,True,Squirrel,Squirrel,False,True,0.0010067906,0.0015462451,0.001854346,0.0019658043,0.0013531985,0.0036647525,0.0019110745,0.0022987274,0.002137378,0.0018531112,0.0015405101,0.00095741375,0.0025136035,0.001401348,0.002255656,0.0011245952,0.0020325587,0.0017889548,0.0015335038,0.0018523163,0.039857928,0.0006752082,0.00783858,0.00169042,0.0013025781,0.0020245423,0.91001886
27_12748,27_12748.wav,original,27,Squirrel,3,True,Squirrel,Squirrel,False,True,0.0016801112,0.0018519267,0.0020969557,0.022868639,0.002675864,0.0016349101,0.0014613239,0.0022876726,0.0013800847,0.0011532861,0.0016837796,0.0005244789,0.0012655421,0.00279504,0.0016989186,0.0012825073,0.00174144,0.0022399921,0.0018521067,0.0043708,0.013720508,0.001270539,0.002037089,0.0015480212,0.0016944241,0.0014077799,0.91977626
27_12748,27_12748.wav,pitch_up_2,27,Squirrel,3,True,Squirrel,Squirrel,False,True,0.0016801112,0.0018519267,0.0020969557,0.022868639,0.002675864,0.0016349101,0.0014613239,0.0022876726,0.0013800847,0.0011532861,0.0016837796,0.0005244789,0.0012655421,0.00279504,0.0016989186,0.0012825073,0.00174144,0.0022399921,0.0018521067,0.0043708,0.013720508,0.001270539,0.002037089,0.0015480212,0.0016944241,0.0014077799,0.91977626
27_12749,27_12749.wav,original,27,Squirrel,3,True,Squirrel,Squirrel,False,True,0.001278973,0.001583422,0.0010574263,0.001918947,0.0032054882,0.0017591085,0.0015485263,0.0012918523,0.0018600553,0.0013033737,0.0020508089,0.00091347104,0.0006837913,0.0012238561,0.0015925228,0.00086505833,0.003189288,0.0017227045,0.0019713785,0.0011168217,0.016358305,0.001081698,0.009101903,0.004736981,0.0019328416,0.0017385017,0.9329129
27_12750,27_12750.wav,original,27,Squirrel,3,True,Squirrel,Squirrel,False,True,0.0043370794,0.0023924413,0.0019813671,0.014882202,0.012290641,0.014819582,0.0037322314,0.0072560483,0.0026784346,0.0009925672,0.004387355,0.0063986196,0.0016949297,0.0034931956,0.00289195,0.0076967627,0.0046391487,0.0029646372,0.0029631779,0.004485164,0.025746979,0.0025668775,0.008181487,0.008981385,0.004300133,0.0059388257,0.8373068
27_12750,27_12750.wav,pitch_down_2,27,Squirrel,3,True,Squirrel,Squirrel,False,True,0.0043370794,0.0023924413,0.0019813671,0.014882202,0.012290641,0.014819582,0.0037322314,0.0072560483,0.0026784346,0.0009925672,0.004387355,0.0063986196,0.0016949297,0.0034931956,0.00289195,0.0076967627,0.0046391487,0.0029646372,0.0029631779,0.004485164,0.025746979,0.0025668775,0.008181487,0.008981385,0.004300133,0.0059388257,0.8373068
27_12751,27_12751.wav,original,27,Squirrel,3,True,Squirrel,Squirrel,False,True,0.0023490181,0.005105128,0.0020049135,0.011712152,0.036297977,0.002444952,0.0020622578,0.0011891347,0.0013791834,0.0016604601,0.002699577,0.012787156,0.0065361517,0.003275334,0.0034557339,0.005588805,0.0017445261,0.0041863434,0.002189739,0.0014407855,0.0023470258,0.001125998,0.0015839958,0.0032549826,0.002150493,0.0023100018,0.8771182
27_12754,27_12754.wav,pitch_down_2,27,Squirrel,3,True,Squirrel,Squirrel,False,True,0.0016240267,0.00070543255,0.0014811399,0.0015776664,0.0013073209,0.0006101644,0.0018170358,0.0015748496,0.0017234004,0.0012222275,0.0013926002,0.0007607297,0.0016280947,0.0015717488,0.0011577418,0.000629448,0.0014532254,0.0017410527,0.0011365364,0.0021706165,0.023281915,0.0019573413,0.0019620375,0.0011092966,0.0013613934,0.0011648382,0.9418781
27_12755,27_12755.wav,pitch_down_2,27,Squirrel,3,True,Squirrel,Squirrel,False,True,0.001314656,0.0015843544,0.0017184421,0.0011827123,0.000966229,0.0012351183,0.0011768591,0.00069522037,0.0013758716,0.0024636604,0.0018303526,0.00075279904,0.002259816,0.001509488,0.0017899453,0.0011196239,0.0011012916,0.0018216106,0.0007786521,0.0015664543,0.0007948722,0.0012492104,0.003422227,0.0015099035,0.0015172748,0.0014797501,0.9617836
27_12757,27_12757.wav,original,27,Squirrel,3,True,Squirrel,Squirrel,False,True,0.0011887049,0.0008161925,0.00093248766,0.0015643429,0.002153034,0.0006618277,0.0013022072,0.0013181991,0.0010442835,0.0011382421,0.0008705024,0.0005898558,0.0013549686,0.0011560762,0.00103575,0.00042200496,0.00081027654,0.0011371054,0.0010284536,0.0032541675,0.0014967066,0.00082934677,0.0010968111,0.001178448,0.0009087143,0.00083017786,0.96988106
27_12758,27_12758.wav,pitch_down_2,27,Squirrel,3,True,Squirrel,Squirrel,False,True,0.001190904,0.0008189671,0.0009328399,0.0015921149,0.0021576667,0.0006633952,0.0013033346,0.0013190681,0.0010441665,0.0011405628,0.00086832326,0.0005889616,0.0013578545,0.001153937,0.0010352238,0.00042259452,0.00080971076,0.0011360542,0.0010285269,0.0032595291,0.0014855581,0.0008282687,0.0010921847,0.0011795368,0.000907827,0.0008304568,0.96985245
27_12762,27_12762.wav,original,27,Squirrel,3,True,Squirrel,Squirrel,False,True,0.00094176224,0.00040244896,0.00074216333,0.00026128584,0.0023596308,0.001357805,0.00069174776,0.0012693127,0.00047040926,0.000851766,0.0006652456,0.0019200513,0.000562137,0.00066971796,0.000922615,0.00046261717,0.00047511052,0.0007419393,0.00043637733,0.0006120749,0.00083349686,0.00047394945,0.010117156,0.0003629898,0.00049863005,0.00061016093,0.9702874
27_12763,27_12763.wav,original,27,Squirrel,3,False,Insect,Insect,False,False,0.005016632,0.0017610773,0.0012454771,0.0021280367,0.002057948,0.0029436916,0.002156736,0.0015931282,0.0029356575,0.0016489414,0.0007154338,0.0015690554,0.0021727348,0.0015146473,0.0031618308,0.0014139948,0.0011287214,0.0020527781,0.0014288728,0.0019529521,0.9186041,0.002528445,0.0009255659,0.00210421,0.0017024797,0.0015006723,0.032036245
27_12763,27_12763.wav,pitch_down_2,27,Squirrel,3,False,Insect,Insect,False,False,0.005016632,0.0017610773,0.0012454771,0.0021280367,0.002057948,0.0029436916,0.002156736,0.0015931282,0.0029356575,0.0016489414,0.0007154338,0.0015690554,0.0021727348,0.0015146473,0.0031618308,0.0014139948,0.0011287214,0.0020527781,0.0014288728,0.0019529521,0.9186041,0.002528445,0.0009255659,0.00210421,0.0017024797,0.0015006723,0.032036245
27_12763,27_12763.wav,pitch_up_2,27,Squirrel,3,False,Insect,Insect,False,False,0.005016632,0.0017610773,0.0012454771,0.0021280367,0.002057948,0.0029436916,0.002156736,0.0015931282,0.0029356575,0.0016489414,0.0007154338,0.0015690554,0.0021727348,0.0015146473,0.0031618308,0.0014139948,0.0011287214,0.0020527781,0.0014288728,0.0019529521,0.9186041,0.002528445,0.0009255659,0.00210421,0.0017024797,0.0015006723,0.032036245
27_12765,27_12765.wav,pitch_up_2,27,Squirrel,3,True,Squirrel,Squirrel,False,True,0.00078715064,0.0011876287,0.0014100982,0.0063385745,0.0009292096,0.0014937596,0.0020790957,0.0010291506,0.0017547404,0.0013929437,0.0011489083,0.0010927689,0.0021545456,0.0019500529,0.0014032312,0.0006600269,0.003729922,0.001441841,0.0015973453,0.0036805577,0.0003962872,0.0017637694,0.0040038303,0.0019325888,0.0015018446,0.0015292194,0.95161086
27_12766,27_12766.wav,original,27,Squirrel,3,False,Squirrel,Squirrel,False,True,0.0003353083,0.00067705795,0.0006039457,0.0005682957,0.0011912198,0.00073220796,0.0005935717,0.00030370304,0.00084331614,0.00028391354,0.0003591656,0.0004078976,0.00067452714,0.00053222186,0.00063621183,0.00022066006,0.00034222173,0.00062967424,0.0004599405,0.0007951432,0.00024458856,0.00045864284,0.0010011184,0.00100269,0.0004786294,0.00038686136,0.9852373
27_12766,27_12766.wav,pitch_down_2,27,Squirrel,3,False,Squirrel,Squirrel,False,True,0.0003353083,0.00067705795,0.0006039457,0.0005682957,0.0011912198,0.00073220796,0.0005935717,0.00030370304,0.00084331614,0.00028391354,0.0003591656,0.0004078976,0.00067452714,0.00053222186,0.00063621183,0.00022066006,0.00034222173,0.00062967424,0.0004599405,0.0007951432,0.00024458856,0.00045864284,0.0010011184,0.00100269,0.0004786294,0.00038686136,0.9852373
27_12766,27_12766.wav,pitch_up_2,27,Squirrel,3,False,Squirrel,Squirrel,False,True,0.0003353083,0.00067705795,0.0006039457,0.0005682957,0.0011912198,0.00073220796,0.0005935717,0.00030370304,0.00084331614,0.00028391354,0.0003591656,0.0004078976,0.00067452714,0.00053222186,0.00063621183,0.00022066006,0.00034222173,0.00062967424,0.0004599405,0.0007951432,0.00024458856,0.00045864284,0.0010011184,0.00100269,0.0004786294,0.00038686136,0.9852373
27_12768,27_12768.wav,pitch_down_2,27,Squirrel,3,True,Squirrel,Squirrel,False,True,0.0010558722,0.0005538731,0.0014189956,0.0014411141,0.004197804,0.0003757322,0.0007053751,0.002033305,0.001769762,0.001491574,0.0007349769,0.0024975734,0.0007050741,0.0016781557,0.0008732648,0.000938444,0.0026620522,0.0019193236,0.0019991386,0.0008619502,0.0006300165,0.0016567678,0.002924741,0.00041563847,0.0012289096,0.0008635427,0.96236706
27_12769,27_12769.wav,original,27,Squirrel,3,True,Squirrel,Squirrel,False,True,0.0026738348,0.0016996121,0.0014790357,0.00058746705,0.024525324,0.002098129,0.0028108133,0.002833468,0.0029710687,0.001745019,0.002956354,0.0149248475,0.0015878204,0.0020723569,0.0027497758,0.0015140023,0.0026048257,0.0045004124,0.002997551,0.0011902546,0.014315435,0.0037546686,0.01709953,0.0025666563,0.0023651351,0.0025388782,0.87683773
27_12769,27_12769.wav,pitch_down_2,27,Squirrel,3,True,Squirrel,Squirrel,False,True,0.0026738348,0.0016996121,0.0014790357,0.00058746705,0.024525324,0.002098129,0.0028108133,0.002833468,0.0029710687,0.001745019,0.002956354,0.0149248475,0.0015878204,0.0020723569,0.0027497758,0.0015140023,0.0026048257,0.0045004124,0.002997551,0.0011902546,0.014315435,0.0037546686,0.01709953,0.0025666563,0.0023651351,0.0025388782,0.87683773
27_12774,27_12774.wav,pitch_up_2,27,Squirrel,3,True,Squirrel,Squirrel,False,True,0.0024104428,0.001081484,0.0022722594,0.00054543227,0.0011413099,0.0016858618,0.0012765834,0.0018461103,0.0026256626,0.0015880545,0.0013389589,0.0018735575,0.0011538737,0.0017960953,0.0013797478,0.0012367979,0.0015948307,0.0018000426,0.0019079013,0.0014264242,0.0007506464,0.0010379023,0.0054606064,0.0017008045,0.0031130733,0.0010730601,0.95488256
27_12775,27_12775.wav,original,27,Squirrel,3,True,Squirrel,Squirrel,False,True,0.0013676471,0.0005765196,0.0013074895,0.001074963,0.0008033254,0.0016442017,0.0011554601,0.004842577,0.0017643344,0.00088369363,0.0006308654,0.001297484,0.00090241455,0.0016443357,0.00064719026,0.0009337494,0.0015389443,0.001076128,0.00085760845,0.0015814039,0.00043908064,0.0014393771,0.0016905237,0.0010640044,0.0010610734,0.0008219006,0.96695375
